shop_id,shop_name,category,address,longitude,latitude,tel,rating,cost,business_area,type
1,翠孃孃老火锅(春熙路老店),火锅店,永兴巷15号附1号(熊猫邮局旁50米),104.078075,30.661312,15328052249;18140097359,4.7,102.00,春熙路,餐饮服务;中餐厅;火锅店
2,皇城老妈火锅(皇城店),火锅店,二环路南三段20号,104.052475,30.621677,028-85139999,4.8,115.00,紫荆,餐饮服务;中餐厅;火锅店
3,鹏鹏妈老火锅(宽窄巷子店),火锅店,二道桥街31号1幢1楼1号(距宽窄巷子地铁口350米),104.049403,30.669748,19113904696,4.7,82.00,长顺街,餐饮服务;中餐厅;火锅店
4,天星正源火锅(海椒市店),火锅店,海椒市街10-12号,104.101907,30.638695,18180209080,4.8,99.00,海椒市,餐饮服务;中餐厅;火锅店
5,罗二火锅(小关庙店),火锅店,莹华寺街34号,104.086574,30.667985,15718033318;18466628805,4.7,98.00,红星路,餐饮服务;中餐厅;火锅店
6,岳富贵老火锅(春熙路店),餐饮相关,三倒拐街25号(距太升南路地铁站b口200米),104.079419,30.662411,19130875312,4.7,89.00,太升路,餐饮服务;餐饮相关场所;餐饮相关
7,五里关火锅(奎星楼店),火锅店,长顺中街99号,104.055896,30.667604,19113431373,4.7,110.00,长顺街,餐饮服务;中餐厅;火锅店
8,骆孃孃老火锅(春熙路店),火锅店,东大街上东大街段326号(群光广场对面),104.075441,30.653523,028-61333177,4.7,81.00,春熙路,餐饮服务;中餐厅;火锅店
9,川西坝子火锅(交子大道3.0直营店),火锅店,交子大道456号(交子大道地铁站D口步行130米),104.052216,30.582602,028-87766517,4.8,106.00,石羊场,餐饮服务;中餐厅;四川菜(川菜)|餐饮服务;中餐厅;火锅店
10,天星正源火锅(地勘路店),火锅店,地勘路1号附52号,104.121513,30.680821,17788665136;17788665139,4.8,98.00,府青路,餐饮服务;中餐厅;火锅店
11,翠孃孃老火锅(文殊院店),火锅店,顺城大街316号附4号(文殊院地铁站H口步行460米),104.071131,30.669891,14780433983;17702825393,4.6,85.00,顺城大街,餐饮服务;中餐厅;火锅店
12,龙森园火锅(琴台路店),火锅店,琴台路60号,104.045396,30.658815,19181951259,4.7,200.00,小南街,餐饮服务;中餐厅;火锅店
13,鹏鹏妈老火锅(春熙路店),火锅店,青石桥中街8-51号停车场内(距春熙路步行街200米),104.07245,30.653268,18980725730,4.7,80.00,春熙路,餐饮服务;中餐厅;火锅店
14,坎尖老火锅(春熙路店),火锅店,惜字宫南街72号,104.085705,30.659379,028-86720276,4.7,75.00,春熙路,餐饮服务;中餐厅;火锅店
15,海底捞火锅(万象城店),火锅店,双成二路98号成都万象城购物中心C馆L5层C-501号,104.115766,30.647576,028-62004266;028-67575808,4.7,120.00,万年场,餐饮服务;中餐厅;火锅店
16,天星正源火锅(高新店),火锅店,荟锦路288号,104.057099,30.588831,13551879074,4.8,103.00,石羊场,餐饮服务;中餐厅;火锅店
17,川西坝子火锅(金沙1.0直营店),四川菜(川菜),黄苑街6号(黄忠地铁站D口步行400米),104.012275,30.686754,028-87622517,4.8,109.00,黄忠村,餐饮服务;中餐厅;火锅店|餐饮服务;中餐厅;四川菜(川菜)
18,翠孃孃老火锅(春熙路分店),火锅店,纯阳观街1-42号(乘风巷内),104.078964,30.660272,18140097359,4.7,105.00,太升路,餐饮服务;中餐厅;火锅店
19,五里关火锅(牛市口店),火锅店,东大街锦东路段555号附10号1层,104.10587,30.640434,18113176352,4.7,104.00,双桥子,餐饮服务;中餐厅;火锅店
20,坎尖老火锅(宽窄巷子店),火锅店,祥和苑东南门旁,104.053195,30.673431,028-69035278,4.7,83.00,长顺街,餐饮服务;中餐厅;火锅店
21,海底捞火锅(春熙路银石广场店),火锅店,红星路三段99号银石广场1栋1单元7层1号,104.079797,30.653223,028-81255801;028-81255802,4.6,120.00,东大街,餐饮服务;中餐厅;火锅店
22,园里火锅(仁和新城店),火锅店,府城大道西段505号仁和新城C座三层,104.051214,30.58728,028-85939393;028-85980398,4.8,145.00,石羊场,餐饮服务;中餐厅;火锅店
23,川西坝子火锅(清江东路3.0直营店),四川菜(川菜),清江东路8号3栋1楼4648号,104.036074,30.668284,028-87799517,4.7,88.00,白果邻里,餐饮服务;中餐厅;火锅店|餐饮服务;中餐厅;四川菜(川菜)
24,冯校长老火锅(太古里总店),火锅店,东大街下东大街段41号,104.080162,30.651716,028-86702577;13541240135,4.6,113.00,大慈寺,餐饮服务;中餐厅;火锅店
25,五里关火锅(建设北路店),餐饮相关,八里小区双建路1号(建设北路三段口),104.115973,30.678475,19113416275,4.8,108.00,府青路,餐饮服务;餐饮相关场所;餐饮相关
26,天星正源火锅(蜀汉路店),火锅店,蜀通西街18号附20号,104.026957,30.685565,18180800536;18180800538,4.7,95.00,金沙,餐饮服务;中餐厅;火锅店
27,海底捞火锅(成华区招商花园城店),火锅店,成华大道杉板桥路669号招商花园城5楼5008-5009号,104.134397,30.671693,028-62004260;028-68785008,4.7,120.00,[],餐饮服务;中餐厅;火锅店
28,园里火锅(万科天荟店),火锅店,杉板桥路369号天荟万科城市广场1栋6单元3层,104.124959,30.667494,028-62619966;028-62619988,4.7,145.00,建设路,餐饮服务;中餐厅;火锅店
29,川西坝子火锅(万科天荟3.0直营店),四川菜(川菜),成华大道杉板桥路371号,104.124828,30.666813,028-81257517,4.7,98.00,建设路,餐饮服务;中餐厅;火锅店|餐饮服务;中餐厅;四川菜(川菜)
30,于屿城火锅(望平街店),火锅店,望平街116号天祥大厦附3-4,104.09128,30.656114,028-60717715,4.7,76.00,猛追湾,餐饮服务;中餐厅;火锅店
31,小龙坎火锅全球总店,火锅店,东大街188号时代华章2F,104.078696,30.651844,028-61999499;18980037530,4.6,98.00,春熙路,餐饮服务;中餐厅;火锅店
32,蜀镇老火锅(双楠直营店),火锅店,武侯大道双楠段209号附5号(天合酒店旁),104.018896,30.639579,028-85373151,4.8,90.00,双楠,餐饮服务;中餐厅;火锅店
33,海底捞火锅(大悦城店),火锅店,大悦路518号大悦城购物中心2栋5层1号及2栋6层1号,104.010363,30.626547,028-61111660;028-61111880,4.7,120.00,双楠,餐饮服务;中餐厅;火锅店
34,味之绝美蛙鱼火锅(科华店),中餐厅,跳伞塔街道科华北路40号附3号,104.076192,30.628663,028-87443444,4.7,59.00,跳伞塔,餐饮服务;中餐厅;中餐厅
35,正南齐北重庆老火锅(东门市井直营店),火锅店,菱窠西路9号(狮子山地铁站D口步行200米),104.125003,30.618134,17302836983;18180497685,4.7,112.00,[],餐饮服务;中餐厅;火锅店
36,川西坝子火锅(华阳2.0直营店),四川菜(川菜),正北下街115-135号,104.063823,30.515402,028-65751517,4.7,106.00,四川天府新区成都直管区,餐饮服务;中餐厅;火锅店|餐饮服务;中餐厅;四川菜(川菜)
37,萍姐火锅·公路夜市(成都总店),火锅店,玉双路100号,104.09374,30.65622,19113579968,4.7,72.00,猛追湾,餐饮服务;中餐厅;火锅店
38,曹家巷老火锅(曹家巷店),火锅店,曹家巷23号附8号(红星桥地铁站F口步行340米),104.08594,30.673786,19183990028,4.7,85.00,梁家巷,餐饮服务;中餐厅;火锅店
39,海底捞火锅(远大购物中心店),火锅店,天府大道南段255号A-L509/A-L510/A-L511号商铺,104.070921,30.530199,028-86700096;028-86700097,4.7,120.00,四川天府新区,餐饮服务;中餐厅;火锅店
40,园里火锅(高新远大店),火锅店,天府大道南段321号远大购物中心B馆三层/四层(3门上三楼),104.070936,30.528378,028-89111611;028-89111711,4.7,145.00,四川天府新区成都直管区,餐饮服务;中餐厅;火锅店
41,蜀九香火锅(百花店),火锅店,草堂街道一环路西一段160号(百花潭公园对面),104.040686,30.656261,028-87016811;15008225507,4.7,93.00,草堂,餐饮服务;中餐厅;火锅店
42,正南齐北重庆老火锅(光华村直营店),火锅店,光华村南街42号1层,104.013418,30.662782,17764983368,4.8,107.00,青羊大道,餐饮服务;中餐厅;火锅店
43,無名老火锅(动物园总店),火锅店,东丽街51号首创光和城二期,104.116261,30.709414,15281839930,4.8,70.00,青龙,餐饮服务;中餐厅;火锅店
44,言青山成都火锅(武侯祠店),火锅店,浆洗街街道通祠路39号1栋1层1号,104.05553,30.6474,19113194173,4.7,88.00,汪家拐,餐饮服务;中餐厅;火锅店
45,海底捞火锅(金牛凯德店),火锅店,交大路183号凯德广场二期5层25、26号,104.044295,30.703032,028-65520402;028-81146525,4.7,120.00,九里堤,餐饮服务;中餐厅;火锅店
46,承裕两口子原味老火锅(迎宾大道店),火锅店,迎宾大道318号1层,104.006783,30.710056,028-83350366;19950101929,4.7,88.00,金泉,餐饮服务;中餐厅;火锅店
47,荣胜和火锅(精品自助直营店),火锅店,郫都区犀池三街90-114号,103.96366,30.754426,028-87855258,4.6,70.00,犀浦,餐饮服务;中餐厅;火锅店
48,正南齊北重庆老火锅(高新直营店),火锅店,高新区天长路91号,104.076075,30.593402,19048056338,4.8,87.00,柳江,餐饮服务;中餐厅;火锅店
49,泸州酸菜豆花火锅(共和路店),火锅店,共和村8号附4号,104.084904,30.635686,13980626185,4.8,52.00,磨子桥,餐饮服务;中餐厅;火锅店
50,骆孃孃老火锅(太古里店),餐饮相关,天仙桥北路1号1栋1层2号二层(东门码头对面),104.085517,30.650325,18116594957,4.7,114.00,春熙路,餐饮服务;餐饮相关场所;餐饮相关
51,海底捞火锅(上城天街店),火锅店,成华西街299号上城天街4楼0708号商铺,104.072076,30.685338,028-81255511;028-81255522,4.6,120.00,江汉路,餐饮服务;中餐厅;火锅店
52,蜀大侠火锅(总府路全国总店),火锅店,商业街1号2层,104.078805,30.658251,15228806623;17882395382,4.6,92.00,春熙路,餐饮服务;中餐厅;火锅店
53,巴蜀大将火锅(春熙店),火锅店,城守街88号(春熙路地铁站A口步行250米),104.077943,30.65446,028-83378377,4.6,70.00,东大街,餐饮服务;中餐厅;火锅店
54,蜀九香火锅(金沙店),火锅店,金阳路125号金沙西园2期,104.003832,30.679918,028-81133330;18381069765,4.7,94.00,清江,餐饮服务;中餐厅;火锅店
55,喜福老火锅(春熙太古里店),购物相关场所,总府路1号4楼(春熙路地铁站C口步行410米),104.081198,30.657124,028-67560155,4.6,80.00,春熙路,购物服务;购物相关场所;购物相关场所
56,五里关火锅(成都小关庙店),火锅店,小关庙街45号附12号,104.083203,30.66918,19950176195,4.7,104.00,太升路,餐饮服务;中餐厅;火锅店
57,海底捞火锅(阳光新业店),火锅店,一环路东五段87号阳光新业中心6F,104.091103,30.642729,028-62508981,4.7,120.00,牛王庙,餐饮服务;中餐厅;火锅店
58,蓉城江湖老火锅(春熙路香槟店),火锅店,东大街下东大街段1号,104.079223,30.652553,19938847089,4.6,66.00,东大街,餐饮服务;中餐厅;火锅店
59,于屿城火锅(万象城店),火锅店,双成路158号附212号,104.115349,30.645729,028-82770029,4.7,82.00,万年场,餐饮服务;中餐厅;火锅店
60,六公里老火锅(人北店),火锅店,五丁路6号-地铁人民北路站步行724米,104.06581,30.683361,18080171301,4.7,70.00,江汉路,餐饮服务;中餐厅;火锅店
61,秦三老火锅(宽窄巷子直营店),火锅店,蜀华街68号1层(通惠门地铁站C口步行390米),104.051129,30.659953,18011372858,4.6,70.00,小南街,餐饮服务;中餐厅;火锅店
62,川西坝子火锅(羊犀2.0直营店),火锅店,金牛区高新技术产业园区兴科中路7号附20号、21号、22号、23号、24号,103.991318,30.717872,028-87733517,4.7,102.00,金泉,餐饮服务;中餐厅;火锅店
63,海底捞火锅(龙湖时代天街店),火锅店,合作路89号龙湖时代天街购物中心4层海底捞,103.922661,30.752091,028-81255200;028-81255201,4.7,120.00,龙湖时代天街,餐饮服务;中餐厅;火锅店
64,罗二火锅(金牛店),火锅店,子云路208号,104.032501,30.701373,13688394168;18466720727,4.7,98.00,营门口,餐饮服务;中餐厅;火锅店
65,于屿城火锅(锦华万达店),火锅店,二环路东五段132号附5号,104.095497,30.622607,028-85936637,4.7,76.00,龙舟路,餐饮服务;中餐厅;火锅店
66,吼堂老火锅(太古里总店),火锅店,东大街下东大街166号(近义学巷口、晶融汇对面),104.081594,30.650575,028-62103858,4.7,114.00,东大街,餐饮服务;中餐厅;火锅店
67,江北老灶火锅(川师大店),火锅店,静安路a1-37号万科城市花园西南2门,104.11517,30.611135,028-81022422;17323013757,4.7,103.00,四川师大站,餐饮服务;中餐厅;火锅店
68,五里关火锅(银泰城店),火锅店,吉泰六路205号,104.057547,30.539466,18161284202,4.7,103.00,四川天府新区成都直管区,餐饮服务;中餐厅;火锅店
69,海底捞火锅(凯德天府店),火锅店,天仁路388号凯德天府6层1718号,104.070101,30.602944,028-65520398;028-85312736,4.6,120.00,桂溪,餐饮服务;中餐厅;火锅店
70,蜀大侠火锅(宽窄巷子店),火锅店,井巷子46号附3号(宽窄巷子地铁站B口步行120米),104.051466,30.664129,028-69039039,4.6,88.00,长顺街,餐饮服务;中餐厅;火锅店
71,陈大满老火锅,火锅店,净居寺路363号(净居寺地铁站D口步行320米),104.107436,30.620524,13541217719,4.7,84.00,净居寺,餐饮服务;中餐厅;火锅店
72,慢搅粥底火锅(玉林店),火锅店,玉林西路109号(芳草街地铁站B口步行470米),104.054201,30.629509,028-85658299,4.7,97.00,玉林西路商圈,餐饮服务;中餐厅;火锅店
73,龙森园火锅(中国华商店),火锅店,交子大道33号中国华商金融中心T1座3楼,104.062902,30.581455,19828269484,4.7,230.00,石羊场,餐饮服务;中餐厅;火锅店
74,锦城印象火锅酒楼(彩虹店),火锅店,武侯祠大街19号附80号,104.056481,30.64735,17311324191;18081109422,4.7,125.00,[],餐饮服务;中餐厅;火锅店
75,海底捞火锅(湾悦城店),火锅店,天府大道2608号MKL生活美学中心L2层2012-2017号商铺,104.069684,30.478873,028-65520407;028-89166558,4.7,120.00,四川天府新区成都直管区,餐饮服务;中餐厅;火锅店
76,富贵原味火锅,火锅店,蜀汉路89号1单元1层107号,104.02839,30.683947,19983170778,4.6,69.00,金沙,餐饮服务;中餐厅;火锅店
77,重庆何乌鱼鲜鱼火锅(新街里总店),火锅店,禹洲山河峯荟(石羊立交地铁站C口步行230米),104.052372,30.593596,13880733943,4.7,73.00,石羊场,餐饮服务;中餐厅;火锅店
78,走川火锅饭店·中国火锅城,火锅店,三圣街66号1栋1层(三圣街东大街交叉口东南角距春熙路地铁E口200米),104.080436,30.650443,19081322975,4.7,80.00,东大街,餐饮服务;中餐厅;火锅店
79,江北老灶火锅(文殊院店),火锅店,金丝街22号附2号(文殊院地铁站K口步行280米),104.071798,30.672594,028-87468148;18123359350,4.6,89.00,德盛路,餐饮服务;中餐厅;火锅店
80,海底捞火锅(王府井店),火锅店,科华中路2号王府井购物中心4层L04009号,104.075589,30.619066,028-61111020;028-61111030,4.6,120.00,桂溪,餐饮服务;中餐厅;火锅店
81,锦城印象火锅(玉林店),火锅店,倪家桥路9号附7号,104.059144,30.624951,17311324192;18980053780,4.7,146.00,倪家桥,餐饮服务;中餐厅;火锅店
82,蜀大侠火锅(春熙路旗舰店),火锅店,上东大街6号春南商场2层(西南书城),104.076018,30.654001,028-87666679,4.6,89.00,东大街,餐饮服务;中餐厅;火锅店
83,皇城老妈火锅(琴台店),火锅店,琴台路106号(七宝楼旁边),104.045714,30.659595,028-86148510,4.7,140.00,小南街,餐饮服务;中餐厅;火锅店
84,万杰老灶火锅(春熙路店),火锅店,太升南路康庄街(太升南路地铁站C口步行270米),104.079997,30.665182,15680766018,4.6,84.00,太升路,餐饮服务;中餐厅;火锅店
85,承裕两口子原味老火锅(天廊店),火锅店,上沙河铺路60号天廊广场第S1层的SO5,104.120964,30.628814,028-80867266,4.7,76.00,五桂桥,餐饮服务;中餐厅;火锅店
86,海底捞火锅(卓锦曼购店),火锅店,枫树街2号卓锦曼购L4层0201-0202,104.136058,30.595968,028-65520403;028-68785001,4.7,120.00,成龙路,餐饮服务;中餐厅;火锅店
87,椒香城门口老火锅(中航店),火锅店,蜀锦路316号(孵化园地铁站出入口步行470米),104.06145,30.577566,028-85150178,4.6,86.00,石羊场,餐饮服务;中餐厅;火锅店
88,西妹火锅(洞子口店),火锅店,天悦中心北三环路二段588号附4号,104.056999,30.724411,17323284389,4.7,62.00,沙河源,餐饮服务;中餐厅;火锅店
89,明二天火锅(总店),火锅店,牛沙路86号,104.108275,30.627275,13540026669;13608008427,4.7,80.00,净居寺,餐饮服务;中餐厅;火锅店
90,锦燚火锅,火锅店,万象南路669号1栋3层,104.049748,30.586394,19048093949,4.7,113.00,石羊场,餐饮服务;中餐厅;火锅店
91,胖千金火锅食堂(犀浦店),餐饮相关,学园路285号1栋1层1号,103.979832,30.755505,19141379335,4.7,78.00,犀浦,餐饮服务;餐饮相关场所;餐饮相关
92,海底捞火锅(吾悦广场店),火锅店,东安街道桃都大道888号吾悦广场4楼4012室,104.239938,30.577575,028-62004269;028-68785006,4.7,120.00,天府新区,餐饮服务;中餐厅;火锅店
93,味当家鱼头火锅(紫荆店),火锅店,神仙树北路6号1栋1层c区,104.049126,30.623337,028-69636368;13550217200,4.7,147.00,紫荆,餐饮服务;中餐厅;火锅店
94,蜀大侠火锅(中坝店),火锅店,光华北三路178号附202号,103.964419,30.673288,028-86660858,4.7,87.00,中坝,餐饮服务;中餐厅;火锅店
95,海底捞火锅(鹏瑞利店),火锅店,鹏瑞利青羊广场3楼13号、14号,103.96245,30.670987,028-65778800;028-65779900,4.6,120.00,鹏瑞利青羊广场,餐饮服务;中餐厅;火锅店
96,海底捞火锅(七一国际广场店),火锅店,新都街道金光路2号附423号七一国际广场4层4008B号,104.171289,30.822146,028-65520405;028-86202292,4.7,120.00,[],餐饮服务;中餐厅;火锅店
97,海底捞火锅(新光天地店),火锅店,光华大道三段1599号新光天地A区7层07A016号,103.860092,30.684342,028-62004265;028-67560805,4.6,120.00,凤溪大道,餐饮服务;中餐厅;火锅店
98,海底捞火锅(双流城南优品道店),火锅店,东升镇白衣上街二段177号城南优品道广场2-3层B244S205B315-316号,103.911892,30.595754,028-62612118;028-62612119,4.7,120.00,四川天府新区成都直管区,餐饮服务;中餐厅;火锅店
99,海底捞火锅(华联空港店),火锅店,锦华路二段北京华联成都购物中心1栋4层1号,103.987359,30.571513,028-61050908;028-61050909,4.6,120.00,白家,餐饮服务;中餐厅;火锅店
100,归井老火锅(南门店),火锅店,天和东街81号,104.075875,30.599625,17882311677,4.7,95.00,桂溪,餐饮服务;中餐厅;火锅店
101,荣胜和鲜货火锅(傲城直营店),火锅店,犀浦街道校园路东段131号附1号2层,103.990397,30.752182,028-81379399,4.7,89.00,犀浦,餐饮服务;中餐厅;火锅店
102,井口火火锅,火锅店,双锦路4-附9-10号,104.017842,30.673182,18981977634,4.7,80.00,府南,餐饮服务;中餐厅;火锅店
103,海底捞火锅(圣沅红星城市广场店),火锅店,国宁东路919号爱琴海购物公园5楼,103.991068,30.73737,028-81255180;028-81255181,4.6,120.00,[],餐饮服务;中餐厅;火锅店
104,五里关火锅(五里墩店),火锅店,二环路西三段119号1层6号,104.036189,30.686001,17340065879,4.7,84.00,营门口,餐饮服务;中餐厅;火锅店
105,舒家大院老火锅,火锅店,雄州大道北段287号三楼,104.53252,30.425035,028-27523888;18140482612,4.7,80.00,[],餐饮服务;中餐厅;火锅店
106,东部蜀韵火锅(天府机场旗舰店),餐饮相关,石板凳街道东部新区凌腾路10号天府东方航空中心(近天府机场航站楼),104.460609,30.331824,18180556533,4.7,80.00,东部新区,餐饮服务;餐饮相关场所;餐饮相关
107,堂口原味老火锅(新街里直营店),火锅店,府城大道西段88号新街里6 F1层,104.055911,30.590823,13678053140,4.8,82.00,石羊场,餐饮服务;中餐厅;火锅店
108,飘香火锅(玉林西路店),火锅店,玉林西路34号附1号,104.055931,30.629255,028-85597330,4.7,116.00,玉林西路商圈,餐饮服务;中餐厅;火锅店
109,荣胜和鲜货火锅(云集直营店),火锅店,柳城街办政通西路299号5栋附201-202号(丽阳星座2号门东北60米),103.847589,30.685992,028-82771158,4.7,82.00,凤溪大道,餐饮服务;中餐厅;火锅店
110,街檐口火锅馆(天府广场店),火锅店,顺城大街286号,104.071042,30.66537,028-87329467,4.6,63.00,春熙路,餐饮服务;中餐厅;火锅店
111,蓉城江湖老火锅(春熙路总店),火锅店,隆兴街4号(地铁市二医院站A口),104.080257,30.661558,028-86726326;13688132023;17745021156,4.6,64.00,红星路,餐饮服务;中餐厅;火锅店
112,小龙坎火锅(春熙太古里店),火锅店,东大街下东大街段36号蓝光·郁金香花园广场2层,104.080299,30.651029,18180824198,4.6,85.00,东大街,餐饮服务;中餐厅;火锅店
113,三只耳火锅(倪家桥店),火锅店,倪家桥路10号附1号(倪家桥地铁站E口步行320米),104.060883,30.624702,028-85530188;028-85579588,4.7,97.00,倪家桥,餐饮服务;中餐厅;火锅店
114,玛歌庄园火锅(五龙山店),火锅店,三河街道叠秀路1676号,104.170096,30.761752,028-87770077;17381869903,4.7,117.00,[],餐饮服务;中餐厅;火锅店
115,巴蜀大将火锅(人民公园店),火锅店,东城根南街25号(天府广场地铁站西1北口步行370米),104.060479,30.657879,028-64795858,4.5,70.00,汪家拐,餐饮服务;中餐厅;火锅店
116,月满大江千层肚火锅(武侯祠店),火锅店,通祠路8号如家酒店1楼(近彩虹桥),104.055829,30.647059,028-85599777,4.6,96.00,小天竺,餐饮服务;中餐厅;火锅店
117,五里关火锅(麓坊店),火锅店,绵州路与邻坊路交叉口东北180米,104.056914,30.465779,19938029986,4.8,110.00,天府新区,餐饮服务;中餐厅;火锅店
118,蓉界火锅(天府新谷店),火锅店,锦晖西二街与成汉南路交叉口东180米,104.056413,30.585764,028-87653210;18080963770,4.6,110.00,石羊场,餐饮服务;中餐厅;火锅店
119,于屿城火锅(曹家巷店),餐饮相关,内曹家巷6号,104.084395,30.674469,028-83389066,4.6,79.00,[],餐饮服务;餐饮相关场所;餐饮相关
120,大龙燚火锅(太古里店),火锅店,东大街下东大街段166号二层,104.080731,30.650983,028-61190606,4.5,87.00,东大街,餐饮服务;中餐厅;火锅店
121,大龙燚火锅(科华总店),火锅店,科院路5号(川大望江校区地铁站C口步行320米),104.07182,30.625961,028-85210521,4.7,87.00,磨子桥,餐饮服务;中餐厅;火锅店
122,巴蜀大将火锅(武侯祠店),火锅店,浆洗街通祠路28号,104.054728,30.646456,028-61100066,4.6,70.00,小天竺,餐饮服务;中餐厅;火锅店
123,蜀大侠火锅(东大路店),火锅店,环球汇广场318号1栋一单元302,104.111343,30.633539,028-86667760,4.6,90.00,海椒市,餐饮服务;中餐厅;火锅店
124,六公里老火锅(光华村店),火锅店,光华村街60号地铁东坡路站710m,104.010704,30.664581,13658008818,4.7,70.00,光华,餐饮服务;中餐厅;火锅店
125,玉林巷子口火锅总店,火锅店,蓝天路26号(芳草街地铁站D口步行400米),104.056174,30.62752,13982186680,4.7,86.00,玉林,餐饮服务;中餐厅;火锅店
126,慢搅粥底火锅(莲桂西路店),火锅店,莲桂西路48-附4号(顺江路地铁站C口步行430米),104.097119,30.635165,028-81299860,4.7,92.00,莲桂路,餐饮服务;中餐厅;火锅店
127,于屿城火锅(九眼桥店),火锅店,一环路东五段与东大街锦东路段交叉口西南100米,104.092571,30.64473,18030748768,4.7,81.00,牛王庙,餐饮服务;中餐厅;火锅店
128,三圣巷老火锅(太古里店),火锅店,正科甲巷48-附21号,104.07984,30.656394,19308198758,4.5,85.00,东大街,餐饮服务;中餐厅;火锅店
129,吴铭火锅(郫都区红光店),火锅店,广场路北一段金仪商贸中心C栋2层,103.950198,30.781498,028-87986578;18628288915;18783678937,4.7,59.00,红光,餐饮服务;中餐厅;火锅店
130,老夏老火锅(西安南路总店),火锅店,西安南路63号附5号(通惠门地铁站E口步行390米),104.046621,30.664966,028-66616886;18584822247,4.7,108.00,长顺街,餐饮服务;中餐厅;火锅店
131,正南齐北重庆老火锅(优品街直营店),火锅店,优品街79号光华优尚F1层,104.002016,30.66276,19008229883,4.7,120.00,青羊大道,餐饮服务;中餐厅;火锅店
132,海底捞火锅(旭海广场店),冷饮店,河东新区雄州大道路389号旭海时代广场4层A-4-1号,104.541563,30.406643,028-27212600;028-27212800,4.7,120.00,河东新区,餐饮服务;中餐厅;火锅店|餐饮服务;冷饮店;冷饮店
133,谢红英·老成都火锅,火锅店,新鸿南路77号14栋三单元14栋3单元1号,104.107872,30.658347,13688349816,4.6,83.00,双林路,餐饮服务;中餐厅;火锅店
134,天星正源火锅(华阳店),火锅店,益州大道南段240号,104.05643,30.529524,18180800556,4.7,94.00,四川天府新区成都直管区,餐饮服务;中餐厅;火锅店
135,五里关火锅(光华店),餐饮相关,青羊大道16号(东坡路地铁站C口步行290米),104.008282,30.663913,19950262116,4.7,100.00,青羊大道,餐饮服务;餐饮相关场所;餐饮相关
136,荣胜和鲜货火锅(红光西华直营店),火锅店,广场路红光金仪商贸中心A幢2层,103.949682,30.781132,028-87986618,4.7,70.00,红光,餐饮服务;中餐厅;火锅店
137,6毛牛杂火锅(九里堤长平街总店),火锅店,九里堤长平街60号,104.043204,30.708663,13594456666;13594491923,4.7,75.00,九里堤,餐饮服务;中餐厅;火锅店
138,蜀九香火锅(玉林店),火锅店,倪家桥路11-2号,104.058516,30.624942,028-85570362;15008225572,4.7,93.00,倪家桥,餐饮服务;中餐厅;火锅店
139,六公里老火锅(玉林店),火锅店,电信南街与小天北街交叉口东北120米,104.06154,30.63534,18123295588,4.6,68.00,小天竺,餐饮服务;中餐厅;火锅店
140,宽来火锅(南站公园店),餐饮相关,成汉北路100号,104.053843,30.603843,19130813202,4.7,115.00,桐梓林,餐饮服务;餐饮相关场所;餐饮相关
141,牛市坎火锅(马鞍北路旗舰店),火锅店,驷马桥社区马鞍北路32号一楼,104.087239,30.67756,028-81516582,4.7,85.00,梁家巷,餐饮服务;中餐厅;火锅店
142,荣胜和鲜货火锅(龙城红光里直营店),火锅店,红光街道银润北二路156号,103.94183,30.769188,028-81057886,4.6,86.00,红光,餐饮服务;中餐厅;火锅店
143,蜀镇老火锅(新北直营店),火锅店,创业路215号、217号、219号1层,104.036534,30.609145,028-85188668,4.7,104.00,[],餐饮服务;中餐厅;火锅店
144,荣胜和鲜货火锅(西郡英华直营店),火锅店,红光街道港华路553号,103.941549,30.789311,028-87856966,4.6,79.00,红光,餐饮服务;中餐厅;火锅店
145,园里火锅(天府大悦城店),火锅店,天府新区正兴街道兴康三街505号天府大悦城A馆L7层ll7-A-04、L7-a-05,104.08943,30.433474,028-81189588;028-81189688,4.7,145.00,四川天府新区成都直管区,餐饮服务;中餐厅;火锅店
146,喜临门火锅(春熙路店),火锅店,提督街48号,104.075297,30.659459,028-68362817;13730670342;15520744646,4.6,57.00,太升路,餐饮服务;中餐厅;火锅店
147,潮棠火锅(铁像寺水街店),火锅店,盛华北路116号铁像寺水街二期2栋5-6单元3层5-6号,104.051206,30.558287,028-87688988,4.7,114.00,天府新区,餐饮服务;中餐厅;火锅店
148,冯校长老火锅(天祥街直营二店),火锅店,天祥街26号,104.09253,30.657629,19108095129,4.7,105.00,猛追湾,餐饮服务;中餐厅;火锅店
149,三国义府火锅(武侯祠总店),火锅店,武侯祠大街113号附1号,104.052175,30.645753,028-85578798,4.7,110.00,[],餐饮服务;中餐厅;火锅店
150,曹家巷老火锅(芳草店),火锅店,超洋路13号(衣冠庙地铁站A口步行340米),104.04972,30.634098,19158822153,4.6,85.00,肖家河,餐饮服务;中餐厅;火锅店
151,龙幺妹老火锅(锦华万达店),火锅店,二环路东五段126号(东光地铁站A1口步行470米),104.096388,30.623442,028-84537337;18090819787,4.7,70.00,龙舟路,餐饮服务;中餐厅;火锅店
152,侃姐重庆火锅(宽窄巷子店),火锅店,西安南路111号附2号,104.048217,30.667587,15828202008,4.6,86.00,永陵路,餐饮服务;中餐厅;火锅店
153,蜀九香火锅(新会展Art店),火锅店,新会展中心世纪城路166号西蜀廊桥3栋(近洲际大酒店),104.073184,30.559844,028-85330080;15882492271,4.7,128.00,四川天府新区成都直管区,餐饮服务;中餐厅;火锅店
154,魏大侠鲜菜火锅(总店),火锅店,天久北巷42号,104.077007,30.593236,028-61687768,4.7,94.00,桂溪,餐饮服务;中餐厅;火锅店
155,椒香城门口老火锅(长寿路店),火锅店,长寿路6号附1号,104.073513,30.612155,028-85234689,4.7,70.00,桂溪,餐饮服务;中餐厅;火锅店
156,啥子老火锅(西门罗家碾店),火锅店,罗家碾街2号附9号(草堂北路地铁站D口步行430米),104.027388,30.672773,18111626776,4.7,91.00,府南,餐饮服务;中餐厅;火锅店
157,正南齐北重庆老火锅(南湖直营店),火锅店,万顺路一段327号,104.024918,30.491907,19308011807,4.7,105.00,四川天府新区成都直管区,餐饮服务;中餐厅;火锅店
158,慢搅粥底火锅(太古里店),火锅店,油篓街48号(东门大桥地铁站D2口步行400米),104.0845,30.650917,028-86662585,4.7,71.00,春熙路,餐饮服务;中餐厅;火锅店
159,星鸿社重庆老火锅(菽香里一巷),火锅店,菽香里一巷36号(新鸿路地铁站D口步行230米),104.104486,30.664483,13618063002,4.7,95.00,新鸿路,餐饮服务;中餐厅;火锅店
160,蓉城江湖老火锅(春熙路熊猫邮局店),火锅店,暑袜北二街67号,104.076651,30.660403,19113277727,4.6,64.00,太升路,餐饮服务;中餐厅;火锅店
161,火耀局火锅(净居寺店),餐饮相关,北顺街6号-附8(净居寺地铁站A口步行370米),104.101316,30.623555,13355913619;13628090825,4.6,84.00,东光,餐饮服务;餐饮相关场所;餐饮相关
162,李雪火锅食府(宽窄巷子总店),火锅店,下同仁路72号(宽窄巷子地铁站B口步行60米),104.051885,30.664985,15397628901,4.6,121.00,长顺街,餐饮服务;中餐厅;火锅店
163,蜀大侠火锅(西玉龙创始店),火锅店,西玉龙街18号(骡马市地铁站F口步行170米),104.068412,30.667288,028-86678858,4.6,81.00,人民中路,餐饮服务;中餐厅;火锅店
164,宽来火锅(成都悠方购物中心店),火锅店,交子大道300号悠方购物中心6F层,104.057888,30.583125,028-86947006;19980794292,4.6,115.00,金融城央双地铁全业态商业街区,餐饮服务;中餐厅;火锅店
165,豆芽·老火锅(成都总店),火锅店,梓潼桥正街45号附2号,104.081157,30.660035,028-86622961;13228112181,4.7,95.00,春熙路,餐饮服务;中餐厅;火锅店
166,大虎老火锅(成都店),火锅店,天府国际一层(牛王庙地铁站G口步行270米),104.091146,30.641398,19141977815,4.7,80.00,牛王庙,餐饮服务;中餐厅;火锅店
167,椒香城门口老火锅(春熙路店),综合酒楼,西御河街道三桂前街103号附2号2层,104.073924,30.662743,028-62670277,4.6,76.00,太升路,餐饮服务;中餐厅;火锅店|餐饮服务;中餐厅;综合酒楼
168,围炉火锅(优品道店),火锅店,东坡路42号,104.003645,30.661575,028-61500888;17711373851,4.7,115.00,光华,餐饮服务;中餐厅;火锅店
169,五里关火锅(九眼桥店),餐饮相关,青和里南段64号(牛王庙地铁站G口步行190米),104.090577,30.6424,18123254948,4.7,87.00,东大街,餐饮服务;餐饮相关场所;餐饮相关
170,天星正源火锅(麓湖店),汽车维修,绵州路522号(麓湖云邸酒店对面),104.05431,30.463478,15196692179,4.7,86.00,四川天府新区成都直管区,汽车维修;汽车维修;汽车维修
171,东部蜀韵火锅(天府机场总店),火锅店,草池镇安顺街628号,104.407093,30.319757,028-68339595;15928662833,4.7,88.00,[],餐饮服务;中餐厅;火锅店
172,辣满贯老火锅(曹家巷店),火锅店,马鞍南街7号附一号(红星桥地铁站C口步行290米),104.088575,30.673208,028-62711433,4.7,76.00,红星路,餐饮服务;中餐厅;火锅店
173,蜀大侠火锅(红牌楼店),火锅店,佳灵路6号1楼附2号(红牌楼地铁站C口步行180米),104.027935,30.634078,19182153262,4.6,86.00,永盛,餐饮服务;中餐厅;火锅店
174,蜀大侠火锅(龙泉店),火锅店,燃灯寺南路路398号东域龙湾二期8栋1单元1号,104.262634,30.544391,028-61433666,4.7,72.00,四川天府新区成都直管区,餐饮服务;中餐厅;火锅店
175,西妹火锅(高新店),火锅店,荟锦路204号,104.055776,30.590355,19108227740,4.7,75.00,石羊场,餐饮服务;中餐厅;火锅店
176,白李记兔火锅,中餐厅,解放路二段4-3号,104.079567,30.677382,13982212281,4.7,69.00,城隍庙,餐饮服务;中餐厅;中餐厅
177,罗二火锅(建设路店),火锅店,建设北路三段167号,104.115091,30.677733,13668129931,4.7,98.00,二仙桥,餐饮服务;中餐厅;火锅店
178,蜀镇老火锅(金楠天街店),火锅店,武晋路1488号12栋附104号、105号,103.995334,30.647472,028-62733885,4.7,90.00,双楠,餐饮服务;中餐厅;火锅店
179,小龙坎火锅(世纪城店),火锅店,天府大道中段500号世纪城地铁B出口南行150米东方希望天祥广场5幢1-2楼,104.068221,30.552726,028-87786100,4.6,98.00,大源,餐饮服务;中餐厅;火锅店
180,圆胖子老火锅(宽窄巷子店),火锅店,长顺上街18号(人民公园地铁站D口步行250米),104.056977,30.661891,[],4.6,82.00,长顺街,餐饮服务;中餐厅;火锅店
181,天府里火锅,火锅店,吉祥路39号,104.052286,30.669779,028-60160555;13608201605,4.6,86.00,长顺街,餐饮服务;中餐厅;火锅店
182,巴蜀大将火锅(九眼桥店),火锅店,宏济上路56号(九眼桥地铁站D1口步行330米),104.090771,30.640476,028-64661168,4.6,70.00,牛王庙,餐饮服务;中餐厅;火锅店
183,万发火锅(九眼桥店),火锅店,宏顺路44号1层,104.094601,30.640537,13228221992,4.6,80.00,海椒市,餐饮服务;中餐厅;火锅店
184,荣胜和鲜货火锅(春天广场直营店),火锅店,涌泉街道鹏程路86号附201号,103.871699,30.675353,028-61708890,4.6,80.00,涌泉,餐饮服务;中餐厅;火锅店
185,大妙火锅(宽窄店),火锅店,窄巷子11号(东广场入口50米),104.054522,30.662799,028-86251111,4.6,120.00,长顺街,餐饮服务;中餐厅;火锅店
186,罗二火锅(UPARK公园店),火锅店,富华北路666号2栋205号,104.039615,30.555202,17821536810;19113256631,4.7,98.00,四川天府新区,餐饮服务;中餐厅;火锅店
187,巴蜀大将火锅(宽窄巷子店),火锅店,少城路11号建材大厦1楼,104.058404,30.658656,028-60159044,4.5,70.00,长顺街,餐饮服务;中餐厅;火锅店
188,七星椒火锅•四川餐饮名店(中铁店),茶艺馆,天佑路418号,104.09443,30.768514,19108239830,4.6,82.00,天回,餐饮服务;中餐厅;火锅店|餐饮服务;茶艺馆;茶艺馆
189,宽来火锅(来福士广场店),火锅店,人民南路四段3号成都来福士塔4三楼,104.068441,30.631659,13558783141,4.6,115.00,跳伞塔,餐饮服务;中餐厅;火锅店
190,码头故事火锅(黄金路店),火锅店,西三环羊犀立交外黄金东一路222号万裕生活广场1-2楼,103.992974,30.709239,028-87628755,4.6,67.00,金泉,餐饮服务;中餐厅;火锅店
191,熹堂火锅(科华北路总店),火锅店,科华北路34号附8号,104.076125,30.629925,18080990520,4.6,110.00,跳伞塔,餐饮服务;中餐厅;火锅店
192,黄场火锅,火锅店,双清南路6号(久居茶府楼下),104.017694,30.673171,13258241297,4.7,86.00,清江,餐饮服务;中餐厅;火锅店
193,七星椒火锅(达令港店),餐饮相关,詹家湾路55号(方营路555号),104.067337,30.764099,028-83970606,4.7,80.00,大丰,餐饮服务;餐饮相关场所;餐饮相关
194,龙火锅,火锅店,华阳街道嘉州路168号3栋1单元221、222、223、224、225号,104.058173,30.464684,028-83333655;15655656557,4.7,110.00,四川天府新区成都直管区,餐饮服务;中餐厅;火锅店
195,蜀九香火锅(迎宾店),火锅店,迎宾大道8号院街1栋1层1号商,104.008791,30.710924,028-89993163,4.6,118.00,金泉,餐饮服务;中餐厅;火锅店
196,赤里火锅(月牙湖店),火锅店,吉瑞一路200号航天城上城二期4栋1层,104.060049,30.557623,028-61111633;17821536815,4.6,86.00,四川天府新区成都直管区,餐饮服务;中餐厅;火锅店
197,大仅火锅(五里墩店),火锅店,茶店子五里墩中街37号,104.032993,30.689988,13401004084,4.7,85.00,营门口,餐饮服务;中餐厅;火锅店
198,牛市坎火锅(建设路店),火锅店,建设路建设巷14号附8号,104.103451,30.671551,028-87800116;15528143684;17311329527,4.6,72.00,[],餐饮服务;中餐厅;火锅店
199,重庆邓毛肚火锅(大源店),火锅店,天府二街1336号,104.032095,30.551386,028-85145677;13880492680;17821536390,4.7,58.00,四川天府新区成都直管区,餐饮服务;中餐厅;火锅店
200,于屿城火锅(建设路店),餐饮相关,建和路1号附14号2层二环东二段7号,104.110555,30.671652,028-61111877,4.6,69.00,建设路,餐饮服务;餐饮相关场所;餐饮相关
201,华丰火锅(东大街店),餐饮相关,东大街紫东路段128号附2号一楼商铺,104.090015,30.646718,028-86057712;13980823315;17796486847,4.6,87.00,东大街,餐饮服务;餐饮相关场所;餐饮相关
202,成门老火锅,火锅店,保和街道锦绣大道5535号1层(魔方广场2栋1层商铺),104.138942,30.634131,15340471895,4.6,76.00,保和,餐饮服务;中餐厅;火锅店
203,毛孃孃老火锅(春熙路店),火锅店,东大街下东大街段21号附18号(香槟广场二楼),104.079411,30.652489,15523165989;18848293860,4.5,60.00,大慈寺,餐饮服务;中餐厅;火锅店
204,海底捞火锅(印象城店),火锅店,中国///建设北路二段133号1栋4层06/07/08/20号,104.107473,30.674729,028-67579780;028-67579790,4.5,120.00,建设路,餐饮服务;中餐厅;火锅店
205,重庆邓毛肚火锅(华府店),火锅店,顺兴路264号,104.026859,30.494519,18109099922,4.7,58.00,四川天府新区成都直管区,餐饮服务;中餐厅;火锅店
206,巴蜀大宅门火锅(子云路店),餐饮相关,子云路9号3栋2层附234号,104.029465,30.69948,19272858848,4.6,89.00,营门口,餐饮服务;餐饮相关场所;餐饮相关
207,贵场火锅(环贸ICD店),火锅店,古雅坡路15号3层(东大路地铁站E口步行140米),104.116099,30.631258,028-83386899;15884582898,4.6,181.00,净居寺,餐饮服务;中餐厅;火锅店
208,大妙火锅(东湖公园店),火锅店,二环路国信路口8号(东湖公园大门对面),104.088732,30.62131,028-84538888;028-85270211,4.7,130.00,龙舟路,餐饮服务;中餐厅;火锅店
209,黔夺夺贵州酸汤火锅(太古里店),火锅店,龙王庙正街21号(春熙路地铁站E2口步行420米),104.077168,30.649711,18382430500,4.6,70.00,春熙路,餐饮服务;中餐厅;火锅店
210,巴蜀大将火锅(新南门店),火锅店,新南路8号附2号1楼(新南门地铁站D口步行70米),104.074997,30.643152,028-85179033,4.5,70.00,小天竺,餐饮服务;中餐厅;火锅店
211,市井边边自助旋转小火锅(九眼桥店),火锅店,一环路南一段2号好望角广场F1层,104.086405,30.637591,13060074253;18382111451,4.6,39.00,红瓦寺,餐饮服务;中餐厅;火锅店
212,蜀锦云老火锅(桐梓林店),火锅店,新希望路4号2栋1单元1楼20号,104.072441,30.614912,19308188643,4.6,100.00,桂溪,餐饮服务;中餐厅;火锅店
213,小龙老火锅,火锅店,营康路82号,104.038007,30.684839,19828520129,4.6,72.00,抚琴,餐饮服务;中餐厅;火锅店
214,小龙坎火锅(ifs hot店),火锅店,东大街下东大段21号附29号蓝光·香槟广场F2,104.079207,30.652578,[],4.4,99.00,大慈寺,餐饮服务;中餐厅;火锅店
215,大味火锅(武青店),火锅店,武青北路76号8栋1层一号(培风地铁站A口步行90米),103.97807,30.660043,028-66661988;028-86263333,4.6,81.00,机投桥/机投,餐饮服务;中餐厅;火锅店
216,巴蜀大宅门火锅(新华公园店),火锅店,新鸿南路75号,104.106285,30.658951,028-84346222,4.7,83.00,新鸿路,餐饮服务;中餐厅;火锅店
217,万杰老灶火锅(八里二店),火锅店,双建路378号,104.111583,30.683969,028-83288369,4.7,81.00,二仙桥,餐饮服务;中餐厅;火锅店
218,程记私房火锅兔(锦西人家二期店),火锅店,子云路412号,104.034477,30.702743,19980797939,4.6,61.00,营门口,餐饮服务;中餐厅;火锅店
219,驿火锅,火锅店,驿泉路149号151号,104.248049,30.56614,028-89117799;19102879697,4.6,50.00,四川天府新区成都直管区,餐饮服务;中餐厅;火锅店
220,市井土火锅(学府路店),火锅店,蒲阳河南路16号,103.634845,30.998483,15881033378;17711234345,4.6,39.00,幸福大道,餐饮服务;中餐厅;火锅店
221,龙户人家串串香火锅(春熙路店),中餐厅,红星路四段265号附1号,104.077761,30.6511,18123356772,4.7,73.00,东大街,餐饮服务;中餐厅;中餐厅
222,玉林串串香(总店),火锅店,玉林街26号附23号(倪家桥地铁站E口步行350米),104.062106,30.626662,028-85580723,4.7,75.00,玉林,餐饮服务;中餐厅;火锅店
223,叁角叁串串香,餐饮相关,三多里84号附5号,104.071484,30.665211,17781840120,4.7,50.00,太升路,餐饮服务;餐饮相关场所;餐饮相关
224,水碾河刘老大串串香(水碾河路店),火锅店,水碾河路26号(近蜀都大道),104.101413,30.647131,028-84447788;13281248634;13981755345,4.7,80.00,双桥子,餐饮服务;中餐厅;火锅店
225,胡记串串香(星辉路店),火锅店,星辉中路3号,104.084176,30.674058,028-83385685;17844704142,4.7,58.00,[],餐饮服务;中餐厅;火锅店
226,串根香草本串串(总店),火锅店,正北中街158号,104.06128,30.512319,028-85621459;15828458825,4.7,64.00,四川天府新区成都直管区,餐饮服务;中餐厅;火锅店
227,龙户人家串串香火锅(成都新街里店),火锅店,荟锦路166号2楼,104.055386,30.591022,15678422140;19108030634,4.9,82.00,石羊场,餐饮服务;中餐厅;火锅店
228,玉林串串香(春熙店),火锅店,茂业百货出入口西北120米,104.078166,30.658524,028-86661092;18108267547,4.6,75.00,梓潼,餐饮服务;中餐厅;火锅店
229,街边边串串香(东郊记忆店),火锅店,东郊记忆路271号(东郊记忆地铁站A口步行170米),104.128752,30.669997,15281030043;17844718959,4.6,50.00,跳蹬河,餐饮服务;中餐厅;火锅店
230,海椒市串串香(总店),火锅店,茶店子南街2号(茶店子地铁站D2口步行310米),104.027125,30.6976,028-89992830;19183972830,4.7,84.00,茶店子,餐饮服务;中餐厅;火锅店
231,老街小牛牛肉串串香店,特色/地方风味餐厅,清江东路8号附24号,104.036873,30.667832,17721870807,4.7,59.00,白果邻里,餐饮服务;中餐厅;特色/地方风味餐厅
232,蜀四少集市串串(玉林肖家河店),火锅店,肖家河街63-65号(永丰地铁站B口步行450米),104.044668,30.630818,17761317518,4.6,58.00,肖家河,餐饮服务;中餐厅;火锅店
233,龙户人家串串香店(建设路店),火锅店,建设南新路77号附6号(新鸿路地铁站D口步行320米),104.105558,30.664824,13666145265,4.8,64.00,新鸿路,餐饮服务;中餐厅;火锅店
234,成都瓜串串(总店),火锅店,金房苑东路29号(花照壁地铁站A2口步行230米),104.039872,30.694821,18980867192,4.7,62.00,营门口,餐饮服务;中餐厅;火锅店
235,盘子哥盘子串串香(万兴街店),火锅店,联合小区万兴街6号附14号,104.121888,30.652543,13558866976;18980660408,4.7,45.00,万年场,餐饮服务;中餐厅;火锅店
236,庾记厕所串串(总店),火锅店,沙湾东一路10号附31号(沙湾地铁站E口步行460米),104.054904,30.689668,13551384890,4.7,58.00,九里堤,餐饮服务;中餐厅;火锅店
237,牛签签串串香(IFS店),四川菜(川菜),小科甲巷1号一栋3楼(IFS对面),104.080167,30.655367,13699616527,4.6,64.00,东大街,餐饮服务;中餐厅;四川菜(川菜)
238,马路边边串串香(玉林店),中餐厅,玉洁西街2号附2号(倪家桥地铁站E口步行430米),104.062215,30.622527,028-86335429;19223285523,4.6,60.00,倪家桥,餐饮服务;中餐厅;中餐厅
239,龙户人家串串香(奎星楼店),餐饮相关,吉祥苑39号附一号,104.052201,30.669821,15882089419;18190875578,4.8,85.00,长顺街,餐饮服务;餐饮相关场所;餐饮相关
240,小龙桥口口香串串(新华社区北区店),火锅店,新鸿南路77号新华社区33栋(新龙苑对面),104.109432,30.659705,13558715109;15982132811,4.7,80.00,新鸿路,餐饮服务;中餐厅;火锅店
241,屋头串串香(贝森店),火锅店,双新南路50号,103.998318,30.668041,028-86114849,4.7,64.00,东坡,餐饮服务;中餐厅;火锅店
242,山城风串串王(建设路总店),火锅店,建设路建设巷14号附25号,104.103115,30.671455,18980044984,4.6,53.00,[],餐饮服务;中餐厅;特色/地方风味餐厅|餐饮服务;中餐厅;火锅店
243,结子串串香(华润旗舰店),餐饮相关,双福二路万象润街双成三路15号附188号2楼,104.116856,30.644962,13438282397;13568886865,4.7,89.00,万年场,餐饮服务;餐饮相关场所;餐饮相关
244,胡记串串香(万象城店),火锅店,双林北横路109号附2号,104.110967,30.653027,17882086930,4.7,72.00,万年场,餐饮服务;中餐厅;火锅店
245,龙户人家串串香火锅(华府大道店),生活服务场所,天府新区华府大道4号附1.2号,104.067165,30.527246,17302879708,4.8,73.00,四川天府新区成都直管区,生活服务;生活服务场所;生活服务场所
246,刘记团圆串串香(总店),火锅店,西货站路391号,103.974937,30.681324,18384222100,4.7,50.00,黄田坝,餐饮服务;中餐厅;火锅店
247,芳草街花串串(玉林芳草街16号店),火锅店,芳草街16号(芳草街地铁站B口步行450米),104.05353,30.629724,13551317114,4.6,49.00,玉林西路商圈,餐饮服务;中餐厅;火锅店
248,马路边边串串香(万象城店),火锅店,双成二路158号华润置地悦玺(双桥路地铁站G口旁),104.114175,30.646132,028-62314040,4.6,60.00,万年场,餐饮服务;中餐厅;火锅店
249,598老兵串串香(收录21年好店),火锅店,为民路新124号,104.044523,30.690106,15881036488;18121818880,4.7,43.00,营门口,餐饮服务;中餐厅;火锅店
250,康二姐串串(中道街店),火锅店,中道街99号附32号,104.090377,30.660199,13018231143,4.7,67.00,望平街,餐饮服务;中餐厅;火锅店
251,龙户人家串串香(九眼桥店),火锅店,宏济新路5号(天府国际背后良品铺子对面),104.092318,30.641266,18482349108,4.8,86.00,海椒市,餐饮服务;中餐厅;火锅店
252,郑签万富得牛油串串(文殊院店),餐饮相关,北东街1号4栋,104.077241,30.671416,028-60721283,4.6,74.00,德盛路,餐饮服务;餐饮相关场所;餐饮相关
253,屋头串串(临江路店),火锅店,临江路爱家天地A区2幢168号,103.840549,30.705238,028-82661129,4.7,60.00,柳城,餐饮服务;中餐厅;火锅店
254,马路边边串串香(天府四街店),中餐厅,天府四街1082-1090号,104.044287,30.54253,028-86118690,4.6,60.00,大源,餐饮服务;中餐厅;中餐厅
255,鑫源碟串串香(亚光宿舍店),火锅店,建设南二路1号附60号,104.108883,30.665688,15002803337,4.7,62.00,新鸿路,餐饮服务;中餐厅;火锅店
256,春熙路素芬掌中宝串串香(太古里店),服装鞋帽皮具店,三圣街33号附5号(春熙路地铁站E2口步行340米),104.079698,30.650254,028-85922269,4.6,65.00,春熙路,购物服务;服装鞋帽皮具店;服装鞋帽皮具店
257,龙户人家串串香(外双楠总店),火锅店,双安东巷1号附4、5号,104.01773,30.643317,19113213472,4.8,90.00,双楠,餐饮服务;中餐厅;火锅店
258,大成醉串串(东郊记忆店),中餐厅,建设南路160号附6号,104.124637,30.671075,028-84562094;17844717727;19180857010,4.7,56.00,圣灯,餐饮服务;中餐厅;中餐厅
259,袁记串串香(新华公园店),火锅店,双桥路184号附1-附4号,104.103119,30.651498,18228453677,4.6,57.00,双林路,餐饮服务;中餐厅;火锅店
260,马路边边串串香(金沙店),中餐厅,金沙街道清江西路79号(地铁4号线清江西路站A出口),103.997784,30.676588,028-81702030,4.6,60.00,金沙,餐饮服务;中餐厅;中餐厅
261,杨六孃串串香·麻辣烫(成都总店),餐饮相关,科华北路56号附7号(离地铁8号川大望江校区D口20米),104.076473,30.625787,18513797345;19983160756,4.6,70.00,跳伞塔,餐饮服务;餐饮相关场所;餐饮相关
262,曾群串串香(锦成苑店),中餐厅,水碾河南二街36号6-8号,104.098127,30.648391,13408692398;13730630642,4.6,67.00,双桥子,餐饮服务;中餐厅;中餐厅
263,龙户人家串串香(万象城店),中餐厅,双桥路6号(双桥路地铁站D口步行110米),104.112166,30.647307,13438970240,4.7,86.00,万年场,餐饮服务;中餐厅;中餐厅
264,王嘉龍的串串香(华宇总店),中餐厅,静康路769号华宇广场一栋附131号,104.121774,30.622853,19136210950,4.6,65.00,净居寺,餐饮服务;中餐厅;中餐厅
265,袁记串串香(新南门店),火锅店,南台路8号附7-9号(新南门地铁站D口步行180米),104.073718,30.642882,[],4.6,64.00,小天竺,餐饮服务;中餐厅;火锅店
266,马路边边串串香(建设路直营店),快餐厅,建设支巷1号附17-19号(佳州·星城小区门面房),104.104626,30.67163,028-68769093,4.6,60.00,建设路,餐饮服务;快餐厅;快餐厅
267,六年二班串串(武侯总店),特色/地方风味餐厅,顺和街8号附6号(中华名园小区中国银行对面),104.001052,30.632576,028-86157165;15908174177,4.6,47.00,[],餐饮服务;中餐厅;特色/地方风味餐厅
268,大掌柜串串香(高升桥总店),餐饮相关,一环路南四段19号1栋附126-127号,104.042175,30.639915,15723393352,4.4,54.00,高升桥,餐饮服务;餐饮相关场所;餐饮相关
269,龙户人家串串香(中和店),火锅店,中和二街54、56号,104.090503,30.546948,19308075006,4.7,70.00,四川天府新区成都直管区,餐饮服务;中餐厅;火锅店
270,徐妹串串香(春熙店),火锅店,市新街后巷子14号,104.076856,30.656938,15928437517,4.4,60.00,东大街,餐饮服务;中餐厅;火锅店
271,毛三姐鲜货串串(太古里总店),火锅店,三圣街11号(春熙路地铁站E2口步行400米),104.079494,30.649661,19196859362,4.5,52.00,东大街,餐饮服务;中餐厅;火锅店
272,岳月红手提串串(城南美地店),餐饮相关,机场路近都段333号城南美地15栋附54号,103.995288,30.573302,15828685523;17761301144,4.6,59.00,四川天府新区成都直管区,餐饮服务;餐饮相关场所;餐饮相关
273,海椒市3角9社区串串香(电视塔店),火锅店,猛追湾滨河路猛追湾街94号,104.093321,30.661357,028-89991668;19980751017,4.6,89.00,双林路,餐饮服务;中餐厅;火锅店
274,刘婆串串香(望平街),火锅店,望平街76号四川嘉陵电力有限公司宿舍,104.090809,30.655116,13880073538,4.6,46.00,猛追湾,餐饮服务;中餐厅;火锅店
275,龙户人家串串香(麓湖店),火锅店,正兴街道绵州路670号远达麓湖云邸18栋4单元1层67号,104.053973,30.463096,15208276753,4.8,90.00,四川天府新区成都直管区,餐饮服务;中餐厅;火锅店
276,阿贵串串香,特色/地方风味餐厅,天仁北二街1号院和平瑞苑2栋3单元1号,104.075721,30.603944,18080838663,4.6,57.00,桂溪,餐饮服务;中餐厅;特色/地方风味餐厅
277,花花串串总店(玉林南路店),特色/地方风味餐厅,玉林南路56号,104.057758,30.623918,18508230907;19382183198,4.6,50.00,玉林,餐饮服务;中餐厅;火锅店|餐饮服务;中餐厅;特色/地方风味餐厅
278,天天曾记串串香(天府江南店),火锅店,浣纱路24号天海商业广场F1,104.122456,30.767521,028-83577553;15982122368,4.6,55.00,天回,餐饮服务;中餐厅;火锅店
279,袁记串串香(宽窄巷子店),火锅店,袁记串串香宽窄巷子西安南路170号,104.048691,30.667786,028-68082665;028-81432278,4.5,49.00,长顺街,餐饮服务;中餐厅;火锅店
280,小林串串香(猛追湾街),火锅店,猛追湾街道6号附15号,104.098267,30.664934,13550034935,4.6,46.00,新鸿路,餐饮服务;中餐厅;火锅店
281,龙户人家串串香(武侯大道店),火锅店,武侯大道双楠段29号,104.022573,30.642124,17708163323,4.8,72.00,双楠,餐饮服务;中餐厅;火锅店
282,马路边边串串香(中和店),火锅店,中和大道三段99号,104.090786,30.549792,13541215109,4.4,60.00,中和,餐饮服务;中餐厅;火锅店
283,钢好二公里·串串香(红牌楼总店),火锅店,董家湾北街与长益路交叉口东北100米,104.027586,30.627961,028-60208910,4.6,56.00,红牌楼,餐饮服务;中餐厅;火锅店
284,满口香串串牛杂火锅(万科城市花园广场店),火锅店,花园街55号(近万科城市花园),104.114129,30.61659,13340967616,4.6,73.00,四川师大站,餐饮服务;中餐厅;火锅店
285,袁记串串香(梁家巷店),火锅店,一环路北三段100号1幢2层2号,104.082306,30.682287,028-83413968;13882261401;18384178196,4.6,59.00,梁家巷,餐饮服务;中餐厅;火锅店
286,幺妹串串香(万兴街总店),火锅店,万兴街6号附7号,104.121647,30.652523,13551272386,4.6,50.00,跳蹬河,餐饮服务;中餐厅;火锅店
287,龙户人家串串香(西南交大店),火锅店,长庆东一路1号附2号(星河地铁站A口步行490米),104.03942,30.701816,18980812138,4.8,84.00,九里堤,餐饮服务;中餐厅;火锅店
288,郑红玉现卤串串(金牛万达店),中餐厅,一环路北三段1号1栋1层1号万达广场室外步行街w11号,104.075834,30.686502,19982065245,4.6,76.00,金牛万达广场,餐饮服务;中餐厅;中餐厅
289,满江红串串香(七道堰店),火锅店,七道堰街11号附5-附6号,104.038244,30.643094,13540867869;15388115409;17882968131,4.5,60.00,高升桥,餐饮服务;中餐厅;火锅店
290,马路边边串串香(优品道店),餐饮相关,中环路青羊大道段99-附15号,104.006993,30.662458,028-61331123,4.4,60.00,青羊大道,餐饮服务;餐饮相关场所;餐饮相关
291,晓味天成串串香(吉福苑店),火锅店,四季苑(西北桥东街)1-8号,104.06492,30.689123,15756661997,4.6,65.00,五块石,餐饮服务;中餐厅;火锅店
292,喳哇牛油串串(春熙路总店),中餐厅,西龙须巷7号(省政府正对面),104.074866,30.650245,028-61326343;17308076161,4.5,76.00,春熙路,餐饮服务;中餐厅;中餐厅
293,龙户人家串串香(中坝店),火锅店,光华东二路98号(9栋二楼202号),103.963353,30.672935,18180656114,4.7,63.00,中坝,餐饮服务;中餐厅;火锅店
294,蜀三毛-成都老牌串串香(琉璃场店),生活服务场所,经天路1号(琉三路地铁站D口步行250米),104.098891,30.603092,17318903536,4.6,54.00,柳江,生活服务;生活服务场所;生活服务场所
295,签言签语火锅串串(总店),火锅店,双清北路1号,104.020272,30.679598,19180536585,4.6,46.00,府南,餐饮服务;中餐厅;火锅店
296,邹村姑鲜牛肉串串香(保利百合郡店),火锅店,保利公园198紫桐路12-18号,104.149,30.752685,18200444015,4.5,59.00,[],餐饮服务;中餐厅;火锅店
297,舌尖味道菜市场成都串串,火锅店,中国天顺路256号,104.07133,30.594828,028-85109568,4.6,65.00,桂溪,餐饮服务;中餐厅;火锅店
298,玉林串串香(九号天地店),火锅店,交子大道547号(交子大道地铁站B口步行200米),104.048484,30.581482,028-85464949;13618084178,4.6,65.00,石羊场,餐饮服务;中餐厅;火锅店
299,牛鲜鲜串串香,火锅店,二环路南四段48号附6号,104.034368,30.633507,15828057398;18980811067,4.6,68.00,肖家河,餐饮服务;中餐厅;火锅店
300,黑哥串串香(中海·新华府店),火锅店,云邸1号门西100米,104.111322,30.658347,028-83531966,4.6,72.00,万年场,餐饮服务;中餐厅;火锅店
301,香当怪火锅串串(总店),火锅店,东山大道一段复地御香山70栋1号(广福地铁站B口旁),104.069978,30.476645,028-68783944,4.6,62.00,天府新区,餐饮服务;中餐厅;火锅店
302,老灶门串串香(奥园店),火锅店,奥园广场3期6栋1068-1067,104.134952,30.657559,13880438662,4.5,50.00,保和,餐饮服务;中餐厅;火锅店
303,曾记莲桂南路串串香(万科城市花园广场店),餐饮相关,花园街45号,104.113781,30.616604,15882329447;18190949703,4.7,63.00,[],餐饮服务;餐饮相关场所;餐饮相关
304,龙户人家串串香(武侯万达店),火锅店,聚荟街322号1楼附20号,103.998302,30.623579,17760515683,4.8,88.00,武侯万达,餐饮服务;中餐厅;火锅店
305,钢管厂五区小郡肝串串香(东门市井店),生活服务场所,菱窠西路9号(狮子山地铁站D口步行190米),104.125506,30.61806,028-87067725,4.6,60.00,[],生活服务;生活服务场所;生活服务场所
306,巴蜀签串串火锅(宽窄巷子店),火锅店,支机石街28-1(宽窄巷子地铁站B口步行190米),104.052367,30.665438,028-86699028;18200471727,4.4,48.00,长顺街,餐饮服务;中餐厅;火锅店
307,余一手串串香(营门口店),火锅店,二环路西三段营康路4号(金港湾大酒店旁),104.036223,30.685933,028-87777840;13699020266,4.6,57.00,营门口,餐饮服务;中餐厅;火锅店
308,串串门清油火锅(蓝润东悦荟店),火锅店,蓝润东悦荟,104.135609,30.62625,[],4.4,55.00,五桂桥,餐饮服务;中餐厅;火锅店
309,大成醉串串(八里庄店),火锅店,双建路81号附8号(双建路60号院东北门旁),104.114812,30.680019,028-87786992;17882953094;19940506642,4.5,54.00,建设路,餐饮服务;中餐厅;火锅店
310,秦大将串串香(花土店),火锅店,共和路8号(宁和苑),103.873088,30.668358,18740805941,4.6,62.00,涌泉,餐饮服务;中餐厅;火锅店
311,钢管厂五区小郡肝串串香(宽窄巷子直营店),特色/地方风味餐厅,西安中路3号钢管厂五区,104.04765,30.666712,17764984256,4.4,56.00,永陵路,餐饮服务;中餐厅;火锅店|餐饮服务;中餐厅;特色/地方风味餐厅
312,签万富翁串串香(航空港总店),火锅店,临港路一段149号,103.978803,30.565632,19141940173,4.5,60.00,天府新区,餐饮服务;中餐厅;火锅店
313,周记手提串串香(东光店),火锅店,东光街4号附35号(东光地铁站G口步行310米),104.100555,30.616905,13551824460,4.6,59.00,东光,餐饮服务;中餐厅;火锅店
314,两角签串串香(航空港店),火锅店,临港路一段25号附3号,103.978514,30.565431,15183720001,4.5,55.00,四川天府新区成都直管区,餐饮服务;中餐厅;火锅店
315,洪美串串香,火锅店,犀浦街道江西街211号,103.967746,30.749779,15883715741,4.5,56.00,犀浦,餐饮服务;中餐厅;火锅店
316,周记串串香(东篱路店),火锅店,东篱路161号(万象城)(万年路地铁站D口旁),104.116021,30.655539,18228000355,4.6,56.00,万年场,餐饮服务;中餐厅;火锅店
317,串香客小郡肝串串香(龙湖·滨江天街店),火锅店,成华大道杉板桥路266号龙湖·滨江天街1层,104.127421,30.665894,13688464543,4.1,51.00,跳蹬河,餐饮服务;中餐厅;火锅店
318,叁角叁串串香(顺城大街店),生活服务场所,顺城大街274号2栋1楼1号(本地人30年老味道),104.071019,30.665055,17390565666,4.4,45.00,太升路,生活服务;生活服务场所;生活服务场所
319,千海罐罐串串香(青龙横街37号院店),中餐厅,青龙横街37号附44号一楼铺面,104.088672,30.643792,13730660331,4.5,55.00,东大街,餐饮服务;中餐厅;中餐厅
320,斗起来串串(吉祥店),特色/地方风味餐厅,吉祥街33号附7-8,104.053534,30.669093,13880160632,4.4,49.00,长顺街,餐饮服务;中餐厅;特色/地方风味餐厅
321,跟斗九串串香(一环路东五段店),火锅店,锦官驿街道一环路东五段58号附1号(牛王庙地铁站H1口旁),104.092495,30.643702,19302878587,4.5,58.00,海椒市,餐饮服务;中餐厅;火锅店
322,周记竹签串串(平福路店),火锅店,平福路143号,104.090132,30.682962,18881874258,4.5,34.00,[],餐饮服务;中餐厅;火锅店
323,小院串串(成都青羊区),火锅店,通锦桥路70号附10号,104.058375,30.676825,13666109398,4.5,77.00,新华西路,餐饮服务;中餐厅;火锅店
324,橙子串串香(永兴巷16号院店),火锅店,暑袜北一街26号附一(太升南路地铁站B口步行450米),104.077657,30.661289,15802858826,4.6,49.00,梓潼,餐饮服务;中餐厅;火锅店
325,雷火火老成都串串,生活服务场所,玉泉街与铜丝街交叉口西40米,104.078091,30.669677,13880084004;18782100721,4.5,68.00,德盛路,生活服务;生活服务场所;生活服务场所
326,食尚冷锅串串(爱家馨城店),火锅店,永盛南街11号爱家馨城(红牌楼地铁站C口步行280米),104.02826,30.636877,18702828838,4.6,58.00,双楠,餐饮服务;中餐厅;火锅店
327,醉佳串串香(滨江和城店),火锅店,梓州大道7565号滨江和城·一期翠屿,104.082815,30.49044,15610070001,4.5,58.00,四川天府新区,餐饮服务;中餐厅;火锅店
328,兔子疯了老成都火锅串串香(春熙华兴路店),火锅店,华兴东街55号(雨田饭店旁),104.081549,30.658471,028-88889595;18113039119,4.5,50.00,红星路,餐饮服务;中餐厅;火锅店
329,宽窄里火锅串串(宽窄巷子店),火锅店,泡桐树街19号1楼附6-14号,104.052102,30.66601,028-61523398;15683961401,4.5,56.00,长顺街,餐饮服务;中餐厅;火锅店
330,袁记串串香(东珠市街店),特色/地方风味餐厅,北大街107号四川书市大楼F1层,104.077582,30.673529,028-86915713,4.5,62.00,德盛路,餐饮服务;中餐厅;火锅店|餐饮服务;中餐厅;特色/地方风味餐厅
331,老灶门串串香中环一号店,火锅店,迎晖路99号负1楼11(迎晖路地铁站C口步行220米),104.140846,30.638594,15882303447;19223287806,4.4,54.00,保和,餐饮服务;中餐厅;火锅店
332,怒火签签全牛串串,火锅店,龙湖时代天街28栋1楼,103.919235,30.752953,028-87547678;13198122283,4.5,55.00,龙湖时代天街,餐饮服务;中餐厅;火锅店
333,疯狂串串香,火锅店,二环路南四段48号,104.03441,30.633457,13438218676,4.6,64.00,肖家河,餐饮服务;中餐厅;火锅店
334,奇味甜不辣串串香(水碾河路北社区二街店),中餐厅,水碾河北二街13栋3单元2号,104.099405,30.649856,13558816703,4.5,33.00,双桥子,餐饮服务;中餐厅;中餐厅
335,康二哥串串香(大面店),火锅店,大面铺青台山路泰华锦城二期12栋一层,104.203892,30.572463,15228880421,4.6,50.00,四川天府新区成都直管区,餐饮服务;中餐厅;火锅店
336,歪串串(玉林东路店),火锅店,玉林东路16号,104.059776,30.62963,15928785311,4.5,46.00,玉林,餐饮服务;中餐厅;火锅店
337,钢管厂五区小郡肝串串香(龙都店),特色/地方风味餐厅,龙都南路268号(距地铁2号线龙泉驿站3号通道西口步行770米),104.262294,30.564694,028-84860970,4.5,71.00,天府新区,餐饮服务;中餐厅;特色/地方风味餐厅
338,九香串串香(成都成华区),火锅店,二仙桥南一路5号,104.118722,30.679506,15528090399,4.6,78.00,二仙桥,餐饮服务;中餐厅;火锅店
339,夜猫串串,火锅店,东风路北二巷3号(玉双路地铁站F2口步行270米),104.096514,30.651328,13666192370,4.5,50.00,望平街,餐饮服务;中餐厅;火锅店
340,老井串串香店,餐饮相关,井福街45号,103.618659,30.998821,13540389252;13618002108,4.3,50.00,灌口,餐饮服务;餐饮相关场所;餐饮相关
341,胡记串串香(燃灯寺路店),快餐厅,燃灯寺路308号,104.270224,30.54869,028-88465858;17780083793,4.5,21.00,航天北路,餐饮服务;快餐厅;快餐厅
342,厕所串串(上道西城店),火锅店,洪锦名都(培风地铁站A口步行100米),103.978099,30.659718,13618026991;18884031947,4.5,59.00,东坡,餐饮服务;中餐厅;火锅店
343,康二哥串串香(龙泉店),火锅店,燃灯寺路103-117号附近,104.272695,30.552601,028-64846539;17828092508;18982175648,4.7,52.00,龙泉,餐饮服务;中餐厅;火锅店
344,欧师串串香,中餐厅,海椒市街15号钢管厂五区59幢1楼(近牛市),104.10198,30.63369,13668139012,4.6,82.00,海椒市,餐饮服务;中餐厅;中餐厅
345,小竹签老串串香(锦西名宅·天鑫花园西区店),特色/地方风味餐厅,银河路1号附14号(花照壁地铁站B口步行370米),104.044089,30.698388,15196021686;15902898286,4.6,84.00,营门口,餐饮服务;中餐厅;特色/地方风味餐厅
346,口口香串串(东光街37号院南),火锅店,东光街64号(近万达广场),104.105403,30.616585,15828372237,4.6,65.00,东光,餐饮服务;中餐厅;火锅店
347,玉林串串香(高新店),茶艺馆,兴蓉街54号,104.045025,30.63328,13547920223,4.4,52.00,肖家河,餐饮服务;中餐厅;火锅店|餐饮服务;茶艺馆;茶艺馆
348,毛叔串串香(保利·爱尚里店),火锅店,诚信路456号保利·爱尚里,104.078576,30.755581,18583658885,4.6,64.00,[],餐饮服务;中餐厅;火锅店
349,康二哥串串香(西安路枣子巷社区店),特色/地方风味餐厅,青羊北路2号附7号,104.042181,30.670876,18228015023,4.5,49.00,永陵路,餐饮服务;中餐厅;特色/地方风味餐厅
350,老沈串串香总店,火锅店,广福桥街30号院内4栋3单元1号,104.036213,30.637788,18100837282,4.5,53.00,高升桥,餐饮服务;中餐厅;火锅店
351,老重庆金三角串串香,火锅店,西丁字街1号附2-3号,104.068816,30.651221,18980054806,4.5,59.00,大业路,餐饮服务;中餐厅;火锅店
352,周记串串(天和东街店),中餐厅,天和东街99号(人居锦尚天华底商),104.076028,30.59978,15908118148;18215566629,4.4,60.00,桂溪,餐饮服务;中餐厅;中餐厅
353,好又香串串(石人南路100号院店),中餐厅,石人南路100号石人南路100号院4栋,104.028612,30.674638,13981706380,4.5,26.00,抚琴,餐饮服务;中餐厅;中餐厅
354,焱如签串串香,火锅店,犀浦校园路东段82号附103号,103.988419,30.75253,13982012122,4.6,54.00,犀浦,餐饮服务;中餐厅;火锅店
355,梓潼桥王梅串串香(福兴街店),火锅店,福兴街40-44号(群艺大厦西北门旁),104.08042,30.658384,028-86788725;028-86924947,4.5,79.00,红星路,餐饮服务;中餐厅;火锅店
356,李芊金集市串串香(东安湖天街店),火锅店,安逸街300号6栋附113-115号,104.251217,30.576254,19508173171,4.5,58.00,四川天府新区成都直管区,餐饮服务;中餐厅;火锅店
357,喜辣烫串串香(红牌楼店),生活服务场所,二环路南四段61号3幢1层1号,104.031651,30.632409,[],4.6,49.00,红牌楼,生活服务;生活服务场所;生活服务场所
358,牛签签串串香(三河场店),中餐厅,天海路118号(金华寺东路地铁站D口步行390米),104.123046,30.767543,13880082086,4.4,44.00,天回,餐饮服务;中餐厅;中餐厅
359,小郡肝串串香(交大林湾店),火锅店,犀安路1114-1116号(交大南门正对面),103.993306,30.760314,13540412327;13635479360,4.3,43.00,犀浦,餐饮服务;中餐厅;火锅店
360,飞辣串串香(双桥社区店),特色/地方风味餐厅,双桥社区南一街14栋附3号,104.109692,30.645437,13308007231,4.5,56.00,万年场,餐饮服务;中餐厅;特色/地方风味餐厅
361,姐妹串串(仁和南街店),特色/地方风味餐厅,仁和南街76号(三元地铁站F口步行360米),104.030209,30.581786,15198252368,4.6,46.00,石羊场,餐饮服务;中餐厅;特色/地方风味餐厅
362,方脑壳串串香(同善桥店),快餐厅,同善桥南街9号(近欧尚超市),104.02394,30.681958,15982843154,4.6,40.00,府南,餐饮服务;快餐厅;快餐厅
363,玉临串串香(外北街2号小区店),火锅店,灌口镇建设路276号,103.622363,31.001555,[],4.3,44.00,灌口,餐饮服务;中餐厅;火锅店
364,张姐串串香(营通街2号院店),火锅店,营通街2-附3-4号,104.034563,30.679881,15208332082,4.5,38.00,抚琴,餐饮服务;中餐厅;火锅店
365,花串串(川师店),火锅店,佳宏路13号2栋1层1号,104.12612,30.617697,13198510940;13982243398,4.5,57.00,[],餐饮服务;中餐厅;火锅店
366,兔头串串(满座店),中餐厅,东升镇一杆旗北街25号,103.913641,30.574754,13551840135;18502810831,4.5,50.00,东升,餐饮服务;中餐厅;中餐厅
367,厕所串串(桂王桥店),火锅店,桂王桥北街4号(近玉沙路),104.083735,30.663601,18215516215,4.5,44.00,红星路,餐饮服务;中餐厅;火锅店
368,袁记串串香(339店),火锅店,猛追湾南街21号(电信苑西南门旁),104.095086,30.661185,028-84374098,4.4,79.00,新鸿路,餐饮服务;中餐厅;火锅店
369,李嘉龙串串香(双流总店),火锅店,东升镇丛桂路72号(东升地铁站C口步行320米),103.925213,30.573648,028-86122668,4.5,43.00,东升,餐饮服务;中餐厅;火锅店
370,徐妹串串香(春熙一店),火锅店,新街后巷子12号,104.076862,30.657061,18280203118,4.5,58.00,东大街,餐饮服务;中餐厅;火锅店
371,夜串串(新街里店),餐饮相关,高新区荟锦路221号,104.055807,30.591109,13551329759,4.5,59.00,石羊场,餐饮服务;餐饮相关场所;餐饮相关
372,波波砂锅串串香 老店,特色/地方风味餐厅,东升镇长顺路二段32号,103.932383,30.567696,15390066408,4.6,68.00,东升,餐饮服务;中餐厅;特色/地方风味餐厅
373,黄记创味冷锅串串香(营通店),火锅店,营通街16号旁(近机关二幼),104.035685,30.68281,13730686788,4.5,44.00,营门口,餐饮服务;中餐厅;火锅店
374,花串串(蜀汉路店),火锅店,蜀明东巷11号附5号附6号,104.015144,30.6941,13551365837,4.5,45.00,金沙,餐饮服务;中餐厅;火锅店
375,文姐串串香(金象店),火锅店,晨辉东路金象花园三期步行街116号(农科院对面),104.100418,30.609198,13551000408,4.5,57.00,柳江,餐饮服务;中餐厅;火锅店
376,天天串串(新桥逸景A区店),火锅店,新泉路180附48号(新桥地铁站C口步行370米),104.044423,30.714218,13982055118,4.5,60.00,九里堤,餐饮服务;中餐厅;火锅店
377,鑫源碟串串香(静康路店),餐饮相关,静康路3号附9号附10号,104.11108,30.621098,13540043402,4.4,63.00,净居寺,餐饮服务;餐饮相关场所;餐饮相关
378,厕所串串(文殊院店),火锅店,人民中路三段25号附3号(文殊院地铁站K口旁),104.06941,30.673793,13880832515;13882166978,4.3,56.00,德盛路,餐饮服务;中餐厅;火锅店
379,西川红太阳串串香(总店),火锅店,江安路32-36号(物资局家属区北门旁),103.620318,30.988524,028-87127210;13980610196;15802808439,4.5,59.00,幸福,餐饮服务;中餐厅;火锅店
380,金祥串串,餐饮相关,建设路56号新东方(建设北路地铁站B口步行150米),104.098234,30.669725,13666243227;13666423227,4.4,53.00,建设路,餐饮服务;餐饮相关场所;餐饮相关
381,七婆串串香火锅(温江总店),火锅店,柳春路13号,103.83227,30.702098,13398179384,4.5,55.00,柳城,餐饮服务;中餐厅;火锅店
382,老灶门串串香(龙光店),火锅店,成华大道十里店213号2栋一单元附108-109,104.144342,30.681404,18382230636,4.5,43.00,二仙桥,餐饮服务;中餐厅;火锅店
383,七婆串串香(双流总店),火锅店,花月中街49号,103.915291,30.577563,13808011859;13982282497,4.5,78.00,东升,餐饮服务;中餐厅;火锅店
384,邱氏成都串串香(油篓街店),四川菜(川菜),油篓街39号(近东大街),104.083725,30.650675,13408616373,4.3,78.00,东大街,餐饮服务;中餐厅;火锅店|餐饮服务;中餐厅;四川菜(川菜)
385,江湖串串香(石人店),火锅店,磨底河沿街清溪东路2号附32号,104.03055,30.677479,13608171826,4.6,75.00,抚琴,餐饮服务;中餐厅;火锅店
386,歪串串(营兴店),火锅店,抚琴街道营兴街78号,104.036404,30.68293,18380306520,4.6,40.00,金沙,餐饮服务;中餐厅;火锅店
387,张三哥串串香(总店),火锅店,大源西街97-101,104.032471,30.554956,18602830081,4.5,61.00,四川天府新区成都直管区,餐饮服务;中餐厅;火锅店
388,撸辣串串香冷锅兔,火锅店,二环路东五段130号附4号,104.09601,30.623005,18030551553,4.3,62.00,龙舟路,餐饮服务;中餐厅;火锅店
389,周记串串(化成社区店),火锅店,五里墩中街67号,104.031537,30.689279,13547122737;18682697134,4.4,39.00,营门口,餐饮服务;中餐厅;火锅店
390,马路边边串串香(总店),中餐厅,新桥小区东北门西北60米,104.078479,30.642993,028-81705448;18512838486,4.5,60.00,小天竺,餐饮服务;中餐厅;中餐厅
391,莎莎串串香(簇桥店),中餐厅,龙井南街61号.63号,103.998368,30.601455,13558713500,4.5,51.00,簇桥,餐饮服务;中餐厅;中餐厅
392,醉串串(万峰城D区·峰景里店),火锅店,蜀阳路419.421-423号,104.52958,30.42354,17882953350;18284565882,4.6,59.00,[],餐饮服务;中餐厅;火锅店
393,陶李串串香(太升北路总店),特色/地方风味餐厅,太升北路29号,104.082297,30.671081,028-60175105;15902827863,4.1,42.00,太升路,餐饮服务;中餐厅;特色/地方风味餐厅
394,煌记市井串串香(广都店),火锅店,区高新区雅和南一路17号广都地铁站A出口,104.073925,30.509808,028-86282638;18280578286,4.4,72.00,天府新区,餐饮服务;中餐厅;火锅店
395,蓉城丽姐砂锅串串店(蜀新天街店),火锅店,成都市郫都区四川省成都市邦都区郭筒街道创智东一路9号附225号2层,103.90063,30.790232,18081150903,4.2,69.00,郫筒,餐饮服务;中餐厅;火锅店
396,雅芳串串香(三元大道店),中餐厅,皇花街121-123号,104.052092,30.760598,13666195235,4.6,63.00,大丰,餐饮服务;中餐厅;中餐厅
397,周记串串(蜀龙路店),火锅店,蜀龙大道中段970号,104.177827,30.81808,15756356787,4.3,34.00,静安路,餐饮服务;中餐厅;火锅店
398,小郡肝串串香(保利城店),火锅店,大丰镇莆家一路东段729号,104.08934,30.756425,13880780104,4.4,45.00,天回,餐饮服务;中餐厅;火锅店
399,花串串(林荫街店),火锅店,林荫街6号附16-17号(华西大厦B座北门旁),104.068385,30.637502,[],4.3,36.00,跳伞塔,餐饮服务;中餐厅;火锅店
400,十八号成都串串香(万安店),生活服务场所,天府新区万安街道丹石南二路500号,104.110451,30.484206,[],4.4,50.00,四川天府新区,生活服务;生活服务场所;生活服务场所
401,刘婆串串香(成华大道新鸿路店),火锅店,新鸿路130号(新鸿路地铁站B1口步行210米),104.100161,30.661834,13880914439,4.6,40.00,猛追湾,餐饮服务;中餐厅;火锅店
402,小米辣串串香,火锅店,华阳富顺街8号,104.056501,30.513501,18672191939,4.5,40.00,四川天府新区成都直管区,餐饮服务;中餐厅;特色/地方风味餐厅|餐饮服务;中餐厅;火锅店
403,拐枣巷串串(昭觉寺店),火锅店,羊子山路343号(昭觉寺南路地铁站C口步行330米),104.096095,30.705568,13709016842;13880685083,4.5,53.00,驷马桥,餐饮服务;中餐厅;火锅店
404,痴串串(交大店),火锅店,圃园北路1号附18号19号,104.0551,30.694292,18382322319,4.5,43.00,九里堤,餐饮服务;中餐厅;火锅店
405,老幺串串(总店),火锅店,东升镇白依下街110号老幺串串,103.914725,30.578175,13708187884;13980517262,4.5,66.00,天府新区,餐饮服务;中餐厅;火锅店
406,太婆串串香(和平欣苑店),中餐厅,天仁北二街和平小区四期二号院31栋1单元1号,104.075959,30.604763,13880297263;13880927263,4.2,60.00,桂溪,餐饮服务;中餐厅;中餐厅
407,四姐串串香(静园店),特色/地方风味餐厅,营通街16号附9号,104.035092,30.682104,18781943278,4.4,60.00,营门口,餐饮服务;中餐厅;特色/地方风味餐厅
408,江湖标签串串香,火锅店,大悦路763号,104.005028,30.629406,19136279327;19141999929,4.5,59.00,中粮大悦城,餐饮服务;中餐厅;火锅店
409,花串串(龙安街店),火锅店,外双楠龙安街5号附17号(龙益苑南门旁),104.009672,30.649859,18349245363,4.4,45.00,双楠,餐饮服务;中餐厅;火锅店
410,花串串(簇桥店),中餐厅,金履三路8号附5号1层(簇桥地铁站D2口步行100米),103.988836,30.607878,18615713771,4.4,50.00,簇桥,餐饮服务;中餐厅;中餐厅
411,温馨串串(建设巷小吃街店),中餐厅,建设支巷80号,104.103644,30.67173,18030612928,4.4,37.00,建设路,餐饮服务;中餐厅;中餐厅
412,叫火锅串串香(太古里店),火锅店,东大街下东大街段36号1栋1单元1楼113号,104.079908,30.650968,17796419838,4.3,18.00,三圣,餐饮服务;中餐厅;火锅店
413,周记串串(世茂城店),火锅店,天鹅西湖南路409号,104.187419,30.576375,13160972320;18200385727,4.3,46.00,天府新区,餐饮服务;中餐厅;火锅店
414,周姑娘串串香(新都清源路店),中餐厅,清源路513号(金香领邸南区南门东南110米),104.171365,30.816233,13198520626,4.4,42.00,新都体育森林公园,餐饮服务;中餐厅;中餐厅
415,波波砂锅串串香总店,火锅店,东升街道金河路六段639号三里荟1号楼1楼,103.912625,30.551674,18780584581,4.6,78.00,四川天府新区,餐饮服务;中餐厅;火锅店
416,巴蜀香串串(华兴商寓店),火锅店,海椒市13号附2号,104.102257,30.638533,18080128848,4.4,35.00,海椒市,餐饮服务;中餐厅;四川菜(川菜)|餐饮服务;中餐厅;火锅店
417,虹橋张记冷锅串串香(宽窄巷子店),餐饮相关,西二道街(西大街地铁站F1口步行200米),104.055657,30.672778,13438068371,4.3,37.00,长顺街,餐饮服务;餐饮相关场所;餐饮相关
418,花串串(泰和二街店),中餐厅,高新区泰和二街369号1层,104.051315,30.601002,18328645958;18428037348,4.4,74.00,[],餐饮服务;中餐厅;中餐厅
419,痴串串北城店(北成8号店),餐饮相关,万担仓路2-附12号,104.070695,30.681484,17386719525,4.2,55.00,江汉路,餐饮服务;餐饮相关场所;餐饮相关
420,森森冷锅串串香(战旗社区店),餐饮相关,双锦路2号附11号(西南财大地铁站D口步行390米),104.018652,30.673011,13540239703;18284567760,4.4,61.00,清江,餐饮服务;餐饮相关场所;餐饮相关
421,马旺子·川小馆(成都太古里店),四川菜(川菜),东糠市街1号(春熙路地铁站B口步行430米),104.083972,30.651319,028-64231923,4.7,133.00,东大街,餐饮服务;中餐厅;四川菜(川菜)
422,太平张醪糟·非物质文化遗产(都江堰总店),中餐厅,建设路178号,103.624198,30.999799,13438337957;18980781230,4.7,35.00,灌口,餐饮服务;中餐厅;中餐厅
423,西月城谭豆花(春熙路店),中餐厅,春熙路街道暑袜北二街56号1号,104.076475,30.659703,17844717803,4.7,19.00,春熙路,餐饮服务;中餐厅;中餐厅
424,魏斯理汉堡(成都金牛万达广场店),快餐厅,一环路北三段3号万达广场成都金牛店1层,104.075772,30.685571,028-84349936,4.7,51.00,金牛万达广场,餐饮服务;快餐厅;快餐厅
425,无名蹄花(成都总店),四川菜(川菜),青石桥北街18号,104.072583,30.654068,19938907065,4.6,42.00,春熙路,餐饮服务;中餐厅;四川菜(川菜)
426,王妈手撕烤兔(玉林一巷二巷玉林小吃街店),特色/地方风味餐厅,玉林横街8-10号(倪家桥地铁站E口步行380米),104.061956,30.626687,028-85554035,4.7,73.00,玉林,餐饮服务;中餐厅;特色/地方风味餐厅
427,老成都逸城鲜三样面,四川菜(川菜),过街楼街46号附6号、附8号(芙蓉饭店正对面),104.058999,30.669753,028-87320715,4.7,20.00,长顺街,餐饮服务;中餐厅;四川菜(川菜)
428,叶婆婆钵钵鸡(汇锦广场店),中餐厅,盛邦街98号汇锦广场步行街8栋1号附1号,104.05389,30.556581,19381901686,4.7,56.00,天府新区,餐饮服务;中餐厅;中餐厅
429,成都美食街(建设巷店),餐饮相关,猛追湾街道建设巷12号,104.102816,30.671142,13102213178,4.7,46.00,[],购物服务;特色商业街;特色商业街|餐饮服务;餐饮相关场所;餐饮相关
430,比格比萨自助(成都春熙路群光广场店),快餐厅,春熙路南段8号群光广场9层,104.076764,30.654124,028-86026832,4.6,71.00,春熙路,餐饮服务;快餐厅;快餐厅
431,柳浪湾临时小吃摊区,特色商业街,柳城街道西南财经大学东门柳浪湾北一街199号,103.827035,30.683176,[],4.8,48.00,柳城,购物服务;特色商业街;特色商业街
432,蒋六孃钵钵鸡四川小吃集合铺,特色/地方风味餐厅,步行街108号,104.079178,30.652521,18919572963;18980991178,4.5,30.00,大慈寺,餐饮服务;中餐厅;特色/地方风味餐厅
433,姜胖胖首尔自助烤肉·街头小吃大排档(科华店),外国餐厅,锦绣路36号2层附2(川大望江校区地铁站B口旁),104.074575,30.625325,028-84736833,4.7,77.00,磨子桥,餐饮服务;外国餐厅;外国餐厅
434,魏斯理汉堡(成都北城龙湖天街店),快餐厅,五块石西路1号龙湖成都北城天街(五块石地铁站D口旁),104.06481,30.70851,028-87775626,4.6,33.00,五块石,餐饮服务;快餐厅;快餐厅
435,小饕荟雅安贡椒鱼鲜馆(广福桥店),海鲜酒楼,广福路5号附34号,104.031571,30.642489,14708074796,4.7,84.00,高升桥,餐饮服务;中餐厅;海鲜酒楼
436,方中山胡辣汤(成都高新店),中餐厅,剑南大道中段1575号(民乐地铁站D口步行160米),104.046799,30.542952,18028458268,4.6,21.00,四川天府新区成都直管区,餐饮服务;中餐厅;中餐厅
437,钟晓敏老成都冒烤鸭(总店),中餐厅,内姜街50号附6号(太升南路地铁站B口),104.075584,30.663227,15882377290,4.6,37.00,顺城大街,餐饮服务;中餐厅;中餐厅
438,麦当劳(成都提督街餐厅),麦当劳,提督街99号1层1001号(恒大广场F1层),104.073845,30.660677,028-65036680,4.3,28.00,顺城大街,餐饮服务;快餐厅;麦当劳
439,姜胖胖首尔自助烤肉·街头小吃大排档(航空港店),韩国料理,西航港街道临港路四段1栋2楼48号,104.004446,30.57154,028-85803626,4.6,71.00,四川天府新区成都直管区,餐饮服务;外国餐厅;韩国料理
440,油篓街素椒杂酱面(春熙路太古里步行街店),中餐厅,油篓街41号(东门大桥地铁站D2口步行420米),104.083782,30.650739,15882333354,4.6,15.00,春熙路,餐饮服务;中餐厅;中餐厅
441,川堂火冒菜(春熙路店),中餐厅,中新街49号锦贸大厦B座F1层,104.075828,30.656865,13808092185,4.5,29.00,东大街,餐饮服务;中餐厅;中餐厅
442,达美乐比萨(成都万象城店),快餐厅,双庆路8号万象城A馆B126号,104.115341,30.650138,4001597597,4.3,75.00,万年场,餐饮服务;快餐厅;快餐厅
443,牛无名冒菜(春熙路总店),餐饮相关,走马街55号附2号,104.075483,30.653248,13488922887;4000175077,4.6,45.00,春熙路,餐饮服务;餐饮相关场所;餐饮相关
444,犟人張醪糟·四川名小吃(春熙路店),餐饮相关,永兴巷16-附1号,104.078328,30.661045,18109059390,4.5,18.00,太升路,餐饮服务;餐饮相关场所;餐饮相关
445,锦里小吃街,步行街,武侯祠大街231号附1号锦里内,104.049895,30.646875,028-85538914,4.6,41.00,高升桥,购物服务;特色商业街;步行街
446,麦当劳(成都麦当劳洗面桥街餐厅),麦当劳,玉林街道洗面桥街20号国贸时尚汇F1层,104.055653,30.638756,028-62277086,4.4,35.00,小天竺,餐饮服务;快餐厅;麦当劳
447,姜胖胖首尔自助烤肉·街头小吃大排档(超线公园店),中餐厅,学院路东段198号超线公园3栋2楼201.202.217.218号,104.170373,30.806151,18466673156,4.6,64.00,蜀龙大道中段,餐饮服务;中餐厅;中餐厅
448,婉泰老挝咖啡傣味小吃,云贵菜,锦官驿街道水井街16号附32-37,104.086532,30.645432,13438186568;13982069204;17882953400,4.6,79.00,东门大桥,餐饮服务;中餐厅;云贵菜
449,汉堡王(成都龙湖时代天街餐厅),快餐厅,合作路89号龙湖·成都时代天街B馆-1F14a号房屋,103.92274,30.753024,13823617701,4.4,27.00,龙湖时代天街,餐饮服务;快餐厅;快餐厅
450,甘食记成都肥肠粉(春熙路店),四川菜(川菜),蓝光·香槟广场西南门旁(春熙路地铁站E2口旁),104.079331,30.65223,15928517922;19150131309,4.4,24.00,春熙路,餐饮服务;中餐厅;四川菜(川菜)
451,三圣面(春熙路店),中餐厅,三圣街70号(春熙路地铁站E2口步行290米),104.080329,30.650532,028-61326087;028-86715761;13550029886,4.5,20.00,三圣,餐饮服务;中餐厅;中餐厅
452,小米粑粑(玉锦苑店),快餐厅,武成大街20号附1号(市二医院地铁站C口步行410米),104.089917,30.65809,15390077091,4.5,9.00,春熙路,餐饮服务;快餐厅;快餐厅
453,麦当劳(成都麦当劳二环路东一段餐厅),麦当劳,踏水桥北街60号,104.105307,30.679774,028-67573371,4.6,21.00,府青路,餐饮服务;快餐厅;麦当劳
454,甩记小吃店,中餐厅,东城根街小学c区南门旁,104.081413,30.668189,13880339701,4.6,35.00,太升路,餐饮服务;中餐厅;中餐厅
455,姜胖胖首尔自助烤肉·街头小吃大排档(龙泉世茂广场店),韩国料理,大面街道金风路833号世茂广场4楼18号姜胖胖首尔自助烤肉,104.189192,30.58197,13677686162,4.6,69.00,四川天府新区成都直管区,餐饮服务;外国餐厅;韩国料理
456,甘食记成都肥肠粉(太古里店),四川菜(川菜),南糠市街62号(春熙路地铁站B口步行280米),104.082563,30.652024,18215604753,4.3,19.00,春熙路,餐饮服务;中餐厅;四川菜(川菜)
457,Shake Shack(成都太古里店),快餐厅,中纱帽街8号(成都太古里)23栋第一层1302号,104.084313,30.653607,028-67871210,4.6,59.00,东大街,餐饮服务;快餐厅;快餐厅
458,我家台湾小吃,特色/地方风味餐厅,广场路北一段2号附24号(下沉广场负一楼),103.94874,30.777566,028-81050101;18628073076,4.6,52.00,红光,餐饮服务;中餐厅;特色/地方风味餐厅
459,源源小吃店(锦华路一段店),中餐厅,锦华路一段275号1栋附5号,104.098967,30.617365,15108363682,4.6,13.00,东光,餐饮服务;中餐厅;中餐厅
460,玉笼轩(春熙路店),中餐厅,走马街55号友谊广场(春熙路地铁站E1口步行360米),104.075492,30.653494,17323025217,4.4,24.00,春熙路,餐饮服务;中餐厅;中餐厅
461,汉堡王(成都锦江区华熙),快餐厅,雨树巷25号L1层401/402/404A,104.144717,30.591497,028-86252096,4.4,27.00,成龙路,餐饮服务;快餐厅;快餐厅
462,姜胖胖首尔自助烤肉·街头小吃大排档(合生汇店),韩国料理,光华大道三段1588号1栋合生汇3层3-4号,103.86334,30.685402,[],4.4,69.00,凤溪大道,餐饮服务;外国餐厅;韩国料理
463,龙帮风干牛肉(太古里店),购物相关场所,东糠市街3-附13号(春熙路地铁站B口步行370米),104.083417,30.651632,18160018689,4.4,50.00,春熙路,购物服务;购物相关场所;购物相关场所
464,太婆面庄·成都小吃,餐饮相关,建设南路163号附106.108号万科魔方街(东郊记忆旁),104.126592,30.669052,13072891961,4.5,17.00,跳蹬河,餐饮服务;餐饮相关场所;餐饮相关
465,麦当劳(成都国际商贸城店),麦当劳,天回镇街道北新干道与聚虹路交界处,104.077627,30.797374,028-84427890,4.6,29.00,[],餐饮服务;快餐厅;麦当劳
466,古堰名小吃文庙面馆,中餐厅,书院街60号,103.61917,31.001193,13350876479,4.2,15.00,灌口,餐饮服务;中餐厅;中餐厅
467,潮州小吃(解放西路11号院店),特色/地方风味餐厅,解放西路11号附8号,104.081101,30.688255,028-83375065;18030575065,4.6,15.00,梁家巷,餐饮服务;中餐厅;特色/地方风味餐厅
468,矮子馅饼(成都总店),餐饮相关,一环路西二段43号附3号(近四川省人民医院),104.04095,30.664488,13281089840;13438012996,4.3,15.00,白果林,餐饮服务;餐饮相关场所;餐饮相关
469,汉堡王(成都花样年红唐),快餐厅,天府大道中段1388号红唐L137L139号商铺,104.064798,30.53568,028-85062018,4.3,27.00,四川天府新区成都直管区,餐饮服务;快餐厅;快餐厅
470,许仙三和面(蝶飞路店),中餐厅,蝶飞路156号附近面馆成都特色面馆推荐特色面店好吃的面馆去成都必吃的面馆接地气口味好街边小吃适合外地人本地人的面馆,103.960787,30.688444,18683612898,4.6,10.00,文家,餐饮服务;中餐厅;中餐厅
471,钟晓敏老成都冒烤鸭(东门大桥店),餐饮相关,较场坝东五街1号(东门大桥地铁站C口步行230米),104.090143,30.647991,18782953747,4.4,42.00,牛王庙,餐饮服务;餐饮相关场所;餐饮相关
472,甘食记成都肥肠粉(天府广场店),中餐厅,天府广场负一楼今站特色小吃街(天府广场地铁站E口旁),104.066743,30.657125,[],4.2,15.00,人民中路,餐饮服务;中餐厅;中餐厅
473,塔斯汀中国汉堡(成都市合景摩方店),餐饮相关,交子大道500号B1层MJ-B147号负一楼塔斯汀中国汉堡合景摩方店,104.051102,30.582727,19130829982,4.1,20.00,金融城央双地铁全业态商业街区,餐饮服务;餐饮相关场所;餐饮相关
474,铜井巷成都名小吃店,餐饮相关,牛王庙巷91号附1号(东门大桥地铁站C口步行430米),104.0914,30.64878,028-65751888,4.6,25.00,东大街,餐饮服务;餐饮相关场所;餐饮相关
475,姜胖胖首尔自助烤肉.街头小吃大排挡(龙湖时代天街店),韩国料理,合作路89号16栋A馆4F-01号,103.921623,30.750833,13550356184,4.3,66.00,龙湖时代天街,餐饮服务;外国餐厅;韩国料理
476,大湾小吃街(柳浪湾街148号院店),特色商业街,柳浪湾街柳浪湾街-148号院,103.828836,30.683145,[],4.8,37.00,凤溪大道,购物服务;特色商业街;特色商业街
477,汉堡王(四川成都金牛区欢乐谷),快餐厅,西华大道16号成都华侨城公园广场内一层B3103A005A006A007A008号商铺,104.033497,30.718515,028-87516237,4.1,27.00,欢乐谷,餐饮服务;快餐厅;快餐厅
478,吉野家(成都印象城店),吉野家,猛追湾街道建设北路二段133号1栋负1楼9号,104.106706,30.674223,028-61391017;028-61398205,4.0,28.00,建设路,餐饮服务;快餐厅;吉野家
479,留焕·昆明非遗小吃品牌,中餐厅,花照壁西顺街399号A馆B1-20号(肯德基对面),104.031775,30.698275,19138919163,4.5,33.00,营门口,餐饮服务;中餐厅;中餐厅
480,甘食记成都肥肠粉(成都鹏瑞利东站广场店),餐饮相关,中环路锦绣大道段5333号成都鹏瑞利健康城B2层,104.139126,30.632026,[],4.3,19.00,五桂桥,餐饮服务;餐饮相关场所;餐饮相关
481,赛百味(成都北星集店),快餐厅,大丰街道甫家一路148号4栋附101、附102号,104.07362,30.755468,19145611556,4.5,25.00,[],餐饮服务;快餐厅;快餐厅
482,刘二姐凉糕休闲小吃店,餐饮相关,小东街130号,103.675664,30.626575,19182100313,4.4,15.00,上南街,餐饮服务;餐饮相关场所;餐饮相关
483,豆相识·乐山小吃(武侯祠店),中餐厅,武侯祠大街259号附9号(高升桥地铁站J口旁),104.043685,30.642984,15680808015,4.3,25.00,高升桥,餐饮服务;中餐厅;中餐厅
484,冯四孃跷脚牛肉(成都锦城万达广场店),中餐厅,锦城大道666号成都锦城万达广场西区B1层,104.061622,30.576377,[],4.1,33.00,石羊场,餐饮服务;中餐厅;中餐厅
485,汉堡王(成都)餐饮管理有限公司顺城大街分公司,快餐厅,顺城大街289号成都富力广场购物中心一楼1019-B号,104.070084,30.665018,028-86582382;4008988788,4.2,27.00,春熙路,餐饮服务;快餐厅;快餐厅
486,海林小吃抄手水饺面(百花小区店),餐饮相关,大石南路198号百花小区,104.036695,30.648936,13699071179,4.5,15.00,双楠,餐饮服务;餐饮相关场所;餐饮相关
487,董董董老字号特色小吃店,快餐厅,白果巷39号,103.621896,30.998497,19981228378,4.3,34.00,灌口,餐饮服务;快餐厅;快餐厅
488,一醒·手工面·西北传统小吃(悠方购物中心店),餐饮相关,交子大道300号成都悠方购物中心B1层B05F号,104.058148,30.583033,18381646891,4.1,30.00,石羊场,餐饮服务;餐饮相关场所;餐饮相关
489,利生小吃,中餐厅,五里墩支路184号(近奥林体育馆中后门),104.032622,30.690978,13688123487,4.5,18.00,营门口,餐饮服务;中餐厅;中餐厅
490,王春春鸡汤饭(成都环贸ICD店),中餐厅,东大路577号(东大路公交车站)成都环贸ICDB2层,104.114716,30.632936,18681355104,4.0,27.00,净居寺,餐饮服务;中餐厅;中餐厅
491,汉堡王(成都浆洗街店),快餐厅,浆洗街15号汉堡王,104.058276,30.644795,028-60801168,4.4,27.00,小天竺,餐饮服务;快餐厅;快餐厅
492,到家张醪糟·民俗小吃馆(天府三街店),中餐厅,吉泰五路118号天合凯旋广场2栋1层,104.0652,30.544982,028-85321402;13693458891,4.1,17.00,天府新区,餐饮服务;中餐厅;中餐厅
493,粒上皇(成都武侯保利店),果品市场,荣华南路358号商铺,104.043872,30.545583,13541630000,4.2,25.00,天府新区,购物服务;综合市场;果品市场
494,汉堡王(成都锦城万达店),餐饮相关,锦城大道666号锦城万达广场西区1楼123-1、124-1、125号商铺,104.062007,30.576345,028-85320192,4.2,27.00,石羊场,餐饮服务;餐饮相关场所;餐饮相关
495,塔斯汀中国汉堡(成都市锦华广场店),快餐厅,新港湾(北顺西巷)8号13.14.15号,104.099647,30.622852,13275905775,4.2,20.00,东光,地名地址信息;普通地名;村庄级地名|餐饮服务;快餐厅;快餐厅
496,朱小小螺蛳粉(金牛万达店),中餐厅,一环路北三段1号万达广场(成都金牛店)B1层,104.074358,30.686615,18090958003,3.9,11.00,金牛万达广场,餐饮服务;中餐厅;中餐厅
497,闽南风味小吃(解放西路),特色/地方风味餐厅,解放西路11号附9号,104.081079,30.688268,[],4.5,47.00,解放路,餐饮服务;中餐厅;特色/地方风味餐厅
498,汉堡王(成都天府和悦店),快餐厅,天府新区万安街道麓山大道二段199号天府和悦广场A馆-2F-17号,104.083991,30.486749,18565690301,4.1,27.00,万安,餐饮服务;快餐厅;快餐厅
499,姜胖胖首尔自助烤肉·街头小吃大排档(温江旭辉Cmall店),特色/地方风味餐厅,旭辉广场五楼5015(万盛地铁站出入口旁),103.818352,30.67396,19950163447,4.3,77.00,成都师范学院温江校区,餐饮服务;中餐厅;特色/地方风味餐厅
500,堰上凉凉小小吃(和谐家园西区店),中餐厅,中山北路19号和谐家园西区,103.641297,30.992749,18628001093;19180787097,4.5,18.00,幸福大道,餐饮服务;中餐厅;中餐厅
501,汉堡王(成都龙泉驿都汇),餐饮相关,驿都中路898号驿都汇一层5号,104.235201,30.568778,028-61318804;028-62058804;4008988788,4.5,27.00,四川天府新区成都直管区,餐饮服务;餐饮相关场所;餐饮相关
502,汉堡王(成都华宇餐厅),快餐厅,上沙河铺街789号9号楼华宇广场购物中心LG-012、LG-013、LG-016、LG-017号商铺,104.122775,30.622125,028-84797676,4.4,27.00,[],餐饮服务;快餐厅;快餐厅
503,汉堡王(成都沙湾印象汇店),快餐厅,二环路北一段10号,104.046129,30.692786,028-87696626,4.3,27.00,九里堤,餐饮服务;快餐厅;快餐厅
504,塔斯汀中国汉堡(成都市保利大都汇店),快餐厅,大丰街道大天路700号6栋附119号,104.074374,30.757419,17780681128,4.1,20.00,[],餐饮服务;快餐厅;快餐厅
505,汉堡王(成都西派浣花店),快餐厅,清江东路63号附15号附17号,104.024476,30.669288,028-61451223,4.3,27.00,光华,餐饮服务;快餐厅;快餐厅
506,汉堡王(成都永辉国色天香店),快餐厅,江宁南路447号永辉超市国色天乡店B,103.827079,30.719345,028-87870402,4.2,27.00,万春,餐饮服务;快餐厅;快餐厅
507,塔斯汀中国汉堡(成都市武侯神仙树缤纷广场店),餐饮相关,新义西街96号神仙树·缤纷,104.038807,30.607389,18190856741,4.1,20.00,[],餐饮服务;餐饮相关场所;餐饮相关
508,汉堡王(成都兴隆湖),快餐厅,天府新区兴隆街道湖畔路西段123号天府新经济产业园D区A5座1层106-110号,104.074142,30.396212,028-85646969,4.5,27.00,天府新区,餐饮服务;快餐厅;快餐厅
509,赛百味(华熙528店),快餐厅,雨树巷27号附2136号,104.145325,30.592325,19121300219,4.2,25.00,成龙路,餐饮服务;快餐厅;快餐厅
510,塔斯汀中国汉堡(成都市锦江琉璃一街店),餐饮相关,琉璃一街23号(琉三路地铁站A口步行230米),104.097458,30.602521,18048572762,4.0,20.00,柳江,餐饮服务;餐饮相关场所;餐饮相关
511,袁记云饺(成都市都江堰市大融城店),中餐厅,都江堰大道106号1号楼L4-16,103.634725,30.989575,18982121160,3.9,23.00,幸福大道,餐饮服务;中餐厅;中餐厅
512,粒上皇(成都成华望平街店),购物相关场所,望平街171号附3号,104.091435,30.656958,18502840620,4.3,19.00,望平街,购物服务;购物相关场所;购物相关场所
513,叶记干绍面广都小吃(平安苑店),中餐厅,富民路二段210号平安苑,104.064433,30.507709,17380144106,4.6,17.00,四川天府新区成都直管区,餐饮服务;中餐厅;中餐厅
514,樊薯薯麻辣小吃中式甜品(东光店),甜品店,东光北顺街6号附39号(东光地铁站H口步行370米),104.100027,30.622979,18108055848,4.5,22.00,东光,餐饮服务;甜品店;甜品店
515,柳螺香螺蛳粉(成都保利中心旗舰店),中餐厅,锦绣路1号附62号(川大望江校区地铁站C口步行80米),104.073135,30.624796,19980835794,4.2,20.00,倪家桥,餐饮服务;中餐厅;中餐厅
516,雪英小吃(西安路枣子巷社区店),中餐厅,西安路枣子巷社区东南门东北100米,104.045812,30.669718,18982306877,4.4,34.00,永陵路,餐饮服务;中餐厅;中餐厅
517,乐北鼻手工粉小吃集(成都首店),福建菜,二郎山路73号cosmo天廊3栋106号,104.121452,30.628755,19102871562,4.2,26.00,五桂桥,餐饮服务;中餐厅;福建菜
518,胡记小吃店(建设路54号住宅小区店),快餐厅,一环路东一段建设路54号小区7栋3单元1层,104.098229,30.669197,028-84328050;19940601128,4.6,15.00,猛追湾,餐饮服务;快餐厅;快餐厅
519,永生集肆川派小吃,中餐厅,二环路西一段1号一栋(红牌楼地铁站B口步行110米),104.02968,30.635556,18181956771,4.5,49.00,双楠,餐饮服务;中餐厅;中餐厅
520,名小吃(玉林综合市场店),餐饮相关,玉林西街12号玉林综合市场A57,104.059611,30.626304,15982211681,4.1,3.00,倪家桥,餐饮服务;餐饮相关场所;餐饮相关
521,皇城坝小吃(锦华万达店),特色/地方风味餐厅,"锦华路一段68号万达广场(成都锦华店)3F层(2号门进入直行40m,扶梯上到3F可见)",104.097152,30.621134,028-84191518,4.0,28.00,东光,餐饮服务;中餐厅;特色/地方风味餐厅
522,一枝花云南风味米线小吃(瑞鑫时代店),中餐厅,剑南大道中段716号1栋附107号,104.044844,30.557388,18884623853,4.0,35.00,大源,餐饮服务;中餐厅;中餐厅
523,chuchu韩式小吃(都市公寓店),快餐厅,耿家巷26号,104.079213,30.648503,19827475764,4.2,47.00,东大街,餐饮服务;快餐厅;快餐厅
524,粒上皇(成都青羊清江西路店),果品市场,清江西路130号(清江西路地铁站E口旁),103.998106,30.677086,19359805166,4.1,40.00,金沙,购物服务;综合市场;果品市场
525,粒上皇(成都锦江华润路店),购物相关场所,华润路94号,104.092853,30.613527,13670517946,4.2,19.00,东光,购物服务;购物相关场所;购物相关场所
526,张贝贝米凉虾达州传统小吃,餐饮相关,万源路272号,104.261383,30.553823,17323060622,4.4,11.00,龙泉,餐饮服务;餐饮相关场所;餐饮相关
527,一醒·手工面·西北传统小吃(龙湖滨江天街店),餐饮相关,成华大道杉板桥路266号龙湖·滨江天街B1层,104.125234,30.66555,18080072184,3.9,21.00,跳蹬河,餐饮服务;餐饮相关场所;餐饮相关
528,小雨点快餐(成都武侯区),快餐厅,高新区芳草东街105号(芳草街地铁站D口步行70米),104.053729,30.625847,13709056168;15882138649,4.5,15.00,芳草,餐饮服务;快餐厅;快餐厅
529,李姐小吃(文庙巷61号院店),中餐厅,郫筒街道南大街大达巷42号,103.885026,30.807117,13882221550;13908205088,4.3,13.00,郫筒,餐饮服务;中餐厅;中餐厅
530,玖加一·小吃(卧龙晓城店),中餐厅,青羊大道288号附23号(文化宫地铁站通道口1旁),104.010978,30.672724,18780488703,4.3,16.00,青羊大道,餐饮服务;中餐厅;中餐厅
531,一醒·手工面·西北传统小吃(高新伊藤店),中餐厅,天府二街999号伊藤洋华堂(高新店)B1层,104.044175,30.549946,13739477225,4.0,21.00,天府新区,餐饮服务;中餐厅;中餐厅
532,大学城小吃街(创业街店),餐饮相关,柳南七路24号(杨柳河地铁站C口步行440米),103.82749,30.683143,[],4.7,31.00,凤溪大道,餐饮服务;餐饮相关场所;餐饮相关
533,龙帮风干牛肉(成都武侯吾悦广场店),购物相关场所,武科东一路9号吾悦广场1楼,103.988256,30.626835,19828401431,4.3,39.00,保利花园,购物服务;购物相关场所;购物相关场所
534,静妹儿鲜豆浆馍馍(郫都区小吃店),快餐厅,郫县西大街149号,103.884485,30.811171,18227696300;18280123003,4.4,9.00,郫筒,餐饮服务;快餐厅;快餐厅
535,乐北鼻手工粉小吃集(太古里店),餐饮相关,青莲上街92号(东门大桥地铁站D2口步行480米),104.083388,30.64697,17342522329,4.3,27.00,东门大桥,餐饮服务;餐饮相关场所;餐饮相关
536,姜胖胖首尔自助烤肉·街头小吃大排档(成都金堂万达广场店),韩国料理,万泰街6号金堂万达广场4F层(万达影城对面),104.416775,30.853375,[],4.0,58.00,金堂万达广场,餐饮服务;外国餐厅;韩国料理
537,牦牛道米线(成都都江堰五桂桥店),中餐厅,五桂桥街65号(川都客栈北门旁),103.622645,30.997456,[],3.5,20.00,灌口,餐饮服务;中餐厅;中餐厅
538,管与楠鸡公煲(环贸ICD店),中餐厅,东大路577号B1层4109号B2层小吃街,104.114475,30.632875,17760571278,3.5,23.00,净居寺,餐饮服务;中餐厅;中餐厅
539,张老三小吃店(石羊总店),中餐厅,仁和街15-17号,104.033567,30.580895,15982390748,4.5,12.00,石羊场,餐饮服务;中餐厅;中餐厅
540,留焕昆明非遗小吃,中餐厅,府城大道西段505号仁禾市集B1层,104.054025,30.587975,17711512008,4.2,26.00,石羊场,餐饮服务;中餐厅;中餐厅
541,磨当家肠粉小吃(龙潭寺店),餐饮相关,成泰路2号附16号1楼,104.165561,30.6968,19115966363,4.3,6.00,龙潭寺,餐饮服务;餐饮相关场所;餐饮相关
542,一醒·手工面·西北传统小吃(天府环宇坊店),餐饮相关,祥鹤三街398号中海天府环宇坊B1层,104.036975,30.477225,17726475960;18202834845,4.4,32.00,四川天府新区成都直管区,餐饮服务;餐饮相关场所;餐饮相关
543,乐在壹碗·峨眉小吃,中餐厅,微醺食研所 B1-101-06,104.051017,30.543588,17208297558,4.0,19.00,大源,餐饮服务;中餐厅;中餐厅
544,67号自选快餐(文庙前街店),中餐厅,上池北街与文庙前街交叉口西50米,104.060087,30.65035,18919563657,4.2,22.00,汪家拐,餐饮服务;中餐厅;中餐厅
545,凤鸣小吃(千禧公寓B区店),中餐厅,西安路一段58号千禧公寓B区,103.920436,30.574418,13982210204,4.4,25.00,天府新区,餐饮服务;中餐厅;中餐厅
546,皇城坝小吃(科华成都王府井购物中心店),中餐厅,"科华中路9号成都王府井购物中心(科华店)4F层(北1门进入向左前方走40m,扶梯上到4F可见)",104.075775,30.61929,028-85573867;18228430160,4.0,35.00,桂溪,餐饮服务;中餐厅;中餐厅
547,酥大侠川派小吃集(文殊院店),快餐厅,西珠市街2号,104.076825,30.673914,[],4.1,21.00,德盛路,餐饮服务;快餐厅;快餐厅
548,彭州市米香酥语小吃店,中餐厅,天彭镇老马市街30号,103.944456,30.990191,18287996520,4.6,14.00,天彭,餐饮服务;中餐厅;中餐厅
549,王小黔贵州小吃,餐饮相关,智星二路928号附30号(成都轨道城市·寓见双凤桥1店),103.97528,30.6132,[],4.5,30.00,[],餐饮服务;餐饮相关场所;餐饮相关
550,射洪名小吃美味春卷(校园广场店),中餐厅,成龙大道静安路7号校园广场F1层,104.118974,30.606451,15928721021,4.4,13.00,四川师大站,餐饮服务;中餐厅;中餐厅
551,劲道重庆小面(万达店),快餐厅,永安路399号,104.269003,30.565163,13980064695,4.1,18.00,四川天府新区,餐饮服务;快餐厅;快餐厅
552,旧城小院老成都传统小吃(华润.LaVie峰锦店),中餐厅,通锦桥路88-90号,104.057758,30.677152,[],4.4,36.00,新华西路,餐饮服务;中餐厅;中餐厅
553,酥大侠川派小吃集(西南交大店),餐饮相关,抚琴街道圃园北路1号锦西国际4号楼附26号,104.054915,30.694191,18284060061,4.1,18.00,九里堤,餐饮服务;餐饮相关场所;餐饮相关
554,凉浸浸潮汕主食小吃集合店,中餐厅,石羊街道天府三街1168号,104.045179,30.547856,[],4.4,33.00,四川天府新区成都直管区,餐饮服务;中餐厅;中餐厅
555,一醒·手工面·西北传统小吃(东安天街店),中餐厅,桃都大道中段666号龙湖成都东安天街B1层,104.24854,30.573924,15983962499,4.1,24.00,四川天府新区成都直管区,餐饮服务;中餐厅;中餐厅
556,八二万元小吃(猛追湾店),餐饮相关,猛追湾街60号附11号,104.097801,30.665259,[],4.4,13.00,新鸿路,餐饮服务;餐饮相关场所;餐饮相关
557,TACOtalk墨西哥小吃(磨子桥店),餐饮相关,一环路南二段1号附15号1层,104.075508,30.63392,18980771671,4.0,26.00,磨子桥,餐饮服务;餐饮相关场所;餐饮相关
558,浙里小吃(后花园爱琴海店),中餐厅,犀浦街道国宁东路919号1栋1单元1楼66号,103.992925,30.737175,15208433768,4.0,14.00,[],餐饮服务;中餐厅;中餐厅
559,悦享小吃,中餐厅,石板凳街道云悦路1号天府空港云享酒店GTC交通中心二楼靠T1航站楼侧,104.443975,30.312075,028-86909980;15008238534,4.0,36.00,东部新区,餐饮服务;中餐厅;中餐厅
560,酥大侠川派小吃集(泛悦广场店),中餐厅,仁爱路158号泛悦城市广场,104.098375,30.703425,13219296272,3.8,12.00,驷马桥,餐饮服务;中餐厅;中餐厅
561,闽食小吃店,中餐厅,龙腾二路73号(蜀新大道地铁站C1口步行330米),103.904689,30.793394,17608099307,4.4,17.00,郫筒,餐饮服务;中餐厅;中餐厅
562,罐言·云南小吃集合(万科天荟店),中餐厅,杉板桥路369号1栋7单元1层东郊记忆一巷8号,104.124575,30.667225,[],4.0,28.00,东郊记忆,餐饮服务;中餐厅;中餐厅
563,四季小吃脆皮炸串(成华街店),餐饮相关,成都工业职业技术学院公交校区北门旁,104.073638,30.682104,18628107068,4.2,28.00,城隍庙,餐饮服务;餐饮相关场所;餐饮相关
564,广元特色小吃蒸米凉面(九里堤店),快餐厅,九里堤中路307号(近西南交大九里校区东门),104.055813,30.7038,15928450195,4.5,10.00,九里堤,餐饮服务;快餐厅;快餐厅
565,粒上皇(成都武侯簇桥店),果品市场,金履三路21.23号1层(簇桥地铁站D2口步行70米),103.988687,30.607488,13095411339,4.1,27.00,簇桥,购物服务;综合市场;果品市场
566,王豆花小吃店(中林路店),中餐厅,中林路162号,104.123086,30.281852,13518116576,4.5,16.00,四川天府新区成都直管区,餐饮服务;中餐厅;中餐厅
567,沙县小吃(银泰城店),特色/地方风味餐厅,益州大道中段1999号成都银泰城F1层,104.059525,30.540199,15960958288;18190757367,4.0,18.00,天府新区,餐饮服务;中餐厅;特色/地方风味餐厅
568,刘牙签小吃店(安仁总店),中餐厅,安仁镇川湘路92-96(千禧广场旁),103.621324,30.511817,13666215609;13980675041,4.5,23.00,安仁古镇,餐饮服务;中餐厅;中餐厅
569,磨当家肠粉小吃(温江旭辉Cmall店),餐饮相关,学府路南段8号成都温江旭辉CmallF1层,103.817975,30.672675,13688155976,4.1,13.00,成都师范学院温江校区,餐饮服务;餐饮相关场所;餐饮相关
570,筷食南北·豌杂面(成都东安天街店),中餐厅,东安街道安逸街300号11栋附131号,104.249673,30.575193,[],4.4,13.00,四川天府新区成都直管区,餐饮服务;中餐厅;中餐厅
571,煎茶邓血旺(万红小吃店),餐饮相关,煎茶溪下街49号,104.052206,30.375564,13688499870,4.4,28.00,四川天府新区成都直管区,餐饮服务;餐饮相关场所;餐饮相关
572,一醒·手工面·西北传统小吃(成都合生汇店),中餐厅,光华大道3段1588号成都合生汇B1层,103.863325,30.685475,13541267621,3.9,25.00,凤溪大道,餐饮服务;中餐厅;中餐厅
573,筱方家的牛肉粉-贵州风味·小吃集(南湖店),中餐厅,美岸路二段191号,104.042904,30.488367,13076077676,4.4,14.00,四川天府新区成都直管区,餐饮服务;中餐厅;中餐厅
574,望江小吃店(川大店),中餐厅,共和路2号4栋附1号,104.084691,30.634014,15388107917,4.3,12.00,磨子桥,餐饮服务;中餐厅;中餐厅
575,原醪糟民俗小吃(新津店),餐饮相关,正西后街与花源大道交叉口西40米,103.886115,30.482571,15308170992,4.5,24.00,花源街道,餐饮服务;餐饮相关场所;餐饮相关
576,粒上皇(成都武侯兆景路店),果品市场,兆景路570号1楼(武青南路地铁站F口步行240米),103.98746,30.620815,18535052945,4.3,23.00,保利花园,购物服务;综合市场;果品市场
577,沙县小吃(新康家园店),特色/地方风味餐厅,一环路南三段芳草街3号新康家园,104.054511,30.631844,19828219864,4.1,19.00,玉林,餐饮服务;中餐厅;特色/地方风味餐厅
578,闻味良米自选快餐(蜀西盛大店),快餐厅,蜀西路46号盛大国际8栋101号,103.990002,30.716165,028-87530989,4.0,17.00,金泉,餐饮服务;快餐厅;快餐厅
579,酥大侠川派小吃集(富力广场店),快餐厅,顺城大街289号-1层-B-1025号,104.06917,30.666245,13693405763,3.8,16.00,顺城街,餐饮服务;快餐厅;快餐厅
580,美味油条-(原无名小吃)青城山店,中餐厅,青城山镇青正街171号(青景苑南门东230米),103.592363,30.899334,13709079592,4.3,4.00,[],餐饮服务;中餐厅;中餐厅
581,小爱特色小吃馆.煎饼.豆腐脑.臭豆腐.油茶(融创·南湖逸家店),餐饮相关,剑和路一段388号,104.023275,30.489425,19130610661,4.2,15.00,四川天府新区成都直管区,餐饮服务;餐饮相关场所;餐饮相关
582,一醒·手工面·西北传统小吃(龙湖北城天街店),中餐厅,五块石路龙湖滨江天街A馆B1层91b号,104.064825,30.708775,18215594576,4.0,24.00,五块石,餐饮服务;中餐厅;中餐厅
583,乐山名小吃张砂锅米线(郫县店),中餐厅,郫都区一环路东南段198号,103.884695,30.80681,13708217960,4.4,13.00,郫筒,餐饮服务;中餐厅;中餐厅
584,乐山名小吃钵钵鸡(百花西街店),中餐厅,百花西街16-18号,104.032777,30.65005,13881911959;15882455939,4.3,31.00,双楠,餐饮服务;中餐厅;中餐厅
585,陈记鲜味小吃店(迎春路四段店),中餐厅,迎春路四段119号,103.913871,30.579625,13438844430,4.5,11.00,东升,餐饮服务;中餐厅;中餐厅
586,粒上皇(成都郫都蜀都万达广场店),快餐厅,郫都区四川省成都市郫都区蜀都万达广场商业街1层367附146号铺,103.908636,30.806293,15856874743,4.1,19.00,郫筒,餐饮服务;快餐厅;快餐厅
587,西蜀小吃集,中餐厅,七星街60号,103.454478,30.410331,13540604005;15982012136,4.4,29.00,临邛,餐饮服务;中餐厅;中餐厅
588,酒城小笼包(马王庙店),中餐厅,马王庙街23号(太升南路地铁站D口步行380米),104.076723,30.667077,18121984852,3.8,13.00,太升路,餐饮服务;中餐厅;中餐厅
589,七妹小吃店(人民南路店),中餐厅,人民南路三段24号附72号,104.064132,30.638424,18980854537,4.4,11.00,小天竺,餐饮服务;中餐厅;中餐厅
590,蜀城小吃(三中店),中餐厅,唐安路北三巷与爱民街交叉口南20米,103.676896,30.635863,13458663437,4.5,15.00,中心广场,餐饮服务;中餐厅;中餐厅
591,蒋记小吃妈妈醪糟(双钟街店),中餐厅,青城山镇双钟街50号(雅乐苑西北门西南50米),103.592922,30.897997,13668254928;15683215386,4.3,16.00,[],餐饮服务;中餐厅;中餐厅
592,粒上皇(成都青羊金沙城店),快餐厅,百仁三路130号,103.999367,30.69677,15756279926,4.0,24.00,金泉,餐饮服务;快餐厅;快餐厅
593,锦里小吃一条街,特色商业街,武侯祠大街123号附22号御手国医馆二楼,104.050293,30.644898,028-85538914,4.3,40.00,[],购物服务;特色商业街;特色商业街
594,沙县小吃(春熙路太古里步行街店),中餐厅,红星路三段10号第一城B座F1层,104.079694,30.655785,18583698191,3.7,21.00,东大街,餐饮服务;中餐厅;中餐厅
595,陈妹小吃(繁江中路店),特色/地方风味餐厅,金桂路70号金桂苑小区,104.018356,30.872654,13458545672;13688499224,4.5,13.00,新繁,餐饮服务;中餐厅;特色/地方风味餐厅
596,一醒·手工面·西北传统小吃(财富又一城店),中餐厅,府青路二段2号财富又一城购物中心B1层,104.094775,30.678275,18284028044,3.7,25.00,府青路,餐饮服务;中餐厅;中餐厅
597,绝味鸭脖(蜀汉路店),餐饮相关,蜀汉路402号(一品天下地铁站E口步行70米),104.020345,30.68822,13730818489;4009995917,3.8,28.00,金沙,餐饮服务;餐饮相关场所;餐饮相关
598,闲胖胖小吃(中国都江堰水街店),餐饮相关,灌口街道太平社区太平街68号,103.62365,30.992836,13568907541,3.9,24.00,江安路,餐饮服务;餐饮相关场所;餐饮相关
599,川北特色小吃(沃尔玛店),中餐厅,双流一区东升镇棠湖东路二段134号银通综合楼正门旁,103.92367,30.570841,15883975270,4.5,11.00,天府新区,餐饮服务;中餐厅;中餐厅
600,酱园小吃,中餐厅,五岳宫街28号2幢,104.074408,30.673732,18081778055,3.9,27.00,德盛路,餐饮服务;中餐厅;中餐厅
601,周记古镇名小吃,中餐厅,城厢镇横秋玉巷100号,104.322193,30.855629,15348183118,4.1,12.00,[],餐饮服务;中餐厅;中餐厅
602,甜水面·成都名小吃集合店(建设路店),中餐厅,建设中路15号国光九街坊15幢,104.101089,30.67065,4008323278,3.8,13.00,[],餐饮服务;中餐厅;中餐厅
603,磨当家肠粉小吃店(川大店),餐饮相关,科华街6号附17号14栋A12号1层,104.078572,30.623921,18708128161,4.2,14.00,磨子桥,餐饮服务;餐饮相关场所;餐饮相关
604,绝味鸭脖(成都市天府新区广福2店),餐饮相关,复地·御香山73栋1-109,104.068464,30.476606,18570809738;4009995917,4.1,28.00,四川天府新区成都直管区,餐饮服务;餐饮相关场所;餐饮相关
605,幺舅小吃,中餐厅,晋原镇大南街85号,103.522099,30.584274,18100838350;18111298229,4.5,28.00,晋原,餐饮服务;中餐厅;中餐厅
606,张运刚小吃店,中餐厅,天彭街道办事处南门东60米,103.963801,30.983864,13189633106,4.5,14.00,天彭,餐饮服务;中餐厅;中餐厅
607,李锅魁温江传统名小吃,餐饮相关,柳城幼儿园东门旁,103.839133,30.702879,18140221265,4.4,8.00,万春,餐饮服务;餐饮相关场所;餐饮相关
608,闽南小吃面线糊·海鲜粥(城北橡树林店),餐饮相关,解放路一段88号瑞升城北橡树林22号,104.085175,30.686525,17300992742;17502850595,4.3,35.00,解放路,餐饮服务;餐饮相关场所;餐饮相关
609,川蜀说·老成都火锅冒菜(春熙店),火锅店,石马巷6-附7号,104.084312,30.667878,18828292869,4.2,18.00,太升路,餐饮服务;中餐厅;火锅店
610,嘉绒独特风味小吃,中餐厅,抚琴街道西北街社区东北门西北50米,104.042573,30.681181,15281516800,4.4,51.00,营门口,餐饮服务;中餐厅;中餐厅
611,沙县小吃(成华奥园广场店),中餐厅,崔家店南路100号,104.133416,30.657488,18596819595,3.9,17.00,保和,餐饮服务;中餐厅;中餐厅
612,郑三炮名小吃(公馆老街店),特色/地方风味餐厅,安仁镇裕民街2527号(安仁戏院西门旁),103.618723,30.509823,15528283600,3.4,15.00,安仁古镇,餐饮服务;中餐厅;特色/地方风味餐厅
613,毛哥小吃(营兴店),中餐厅,营通街63-65号,104.035168,30.68252,15882162123,4.3,25.00,营门口,餐饮服务;中餐厅;中餐厅
614,老成都小吃集·乐山钵钵鸡(春熙路太古里店),中餐厅,三圣街33号附1-2-3号,104.083325,30.651683,17780697918,3.6,34.00,东大街,餐饮服务;中餐厅;中餐厅
615,沙县小吃(邑品天都店),特色/地方风味餐厅,同心路与大学路交叉口东南40米,104.187133,30.821707,15005052598;15528006808,3.7,17.00,西南石油大学,餐饮服务;中餐厅;特色/地方风味餐厅
616,港哥中餐小吃城(海棠名居店),中餐厅,海棠名居西北1门旁(杉板桥地铁站B口步行450米),104.114188,30.662361,18788962717,4.3,18.00,新鸿路,餐饮服务;中餐厅;中餐厅
617,小林小吃店(鱼凫路店),中餐厅,鱼凫路56号,103.836149,30.703027,13699433866,4.4,13.00,柳城,餐饮服务;中餐厅;中餐厅
618,一醒·手工面·西北传统小吃(银泰城店),西北菜,益州大道1999号银泰城B1层B1029-4号,104.059175,30.541025,15982407481,4.0,29.00,四川天府新区,餐饮服务;中餐厅;西北菜
619,陈担担小吃店(永安小区店),中餐厅,永安路235-237号,104.265692,30.563587,15828606595;18908092811,4.5,13.00,四川天府新区成都直管区,餐饮服务;中餐厅;中餐厅
620,巴蜀桃源民间川菜成都小吃(双楠伊藤店),四川菜(川菜),红牌楼街道逸都路6号伊藤洋华堂(双楠店)5层YT26号,104.021196,30.646253,028-85593585,3.6,43.00,双楠,餐饮服务;中餐厅;四川菜(川菜)
621,嘉恒小吃铺,餐饮相关,灌口街道灌县古城区北街21号,103.621436,31.001036,13881759229,3.9,14.00,灌口,餐饮服务;餐饮相关场所;餐饮相关
622,沙县小吃(邛崃山路店),特色/地方风味餐厅,邛崃山路68号附11号,104.146664,30.631083,13541600870,3.9,16.00,洪河,餐饮服务;中餐厅;特色/地方风味餐厅
623,陶德砂锅(太古里店),中餐厅,香槟广场1栎2层(春熙路地铁站E2口步行80米),104.079724,30.652052,028-81996669,4.7,64.00,春熙路,餐饮服务;中餐厅;中餐厅
624,乔一乔怪味餐厅(东升店),中餐厅,东升街道金河路四段76号艺术公园D座,103.906674,30.573293,19181768153;19183963134,4.9,83.00,四川天府新区成都直管区,餐饮服务;中餐厅;中餐厅
625,饕林餐厅(春熙路店),四川菜(川菜),学道街81号中电大厦F1层,104.073433,30.65267,17360015857,4.7,65.00,春熙路,餐饮服务;中餐厅;四川菜(川菜)
626,烤匠麻辣烤鱼(春熙路店),特色/地方风味餐厅,东大街下东大街段21号蓝光香槟广场F3层,104.079385,30.652455,028-87779787,4.7,90.00,东大街,餐饮服务;中餐厅;特色/地方风味餐厅
627,情妹耙泥鳅·江湖川菜(科华店),四川菜(川菜),科华北路107号(川大望江校区地铁站A口步行220米),104.07674,30.62796,028-85241696;18048550840,4.7,66.00,磨子桥,餐饮服务;中餐厅;四川菜(川菜)
628,陈麻婆豆腐(旗舰店),四川菜(川菜),青华路10号附10-12号,104.03418,30.662743,028-87317216;18980968690,4.7,71.00,草堂,餐饮服务;中餐厅;四川菜(川菜)
629,陶德砂锅(营门口店),四川菜(川菜),一环路西三段279号附2号,104.044106,30.681212,028-83359998,4.7,60.00,营门口,餐饮服务;中餐厅;四川菜(川菜)
630,永乐饭店,中餐厅,肖家河中街32号,104.043627,30.630838,028-85123321,4.7,64.00,肖家河,餐饮服务;中餐厅;中餐厅
631,新蓉庭.新派融合川菜(天府店),四川菜(川菜),高新区益州大道2555号,104.057637,30.535707,028-85311122;028-85311177,4.7,100.00,四川天府新区成都直管区,餐饮服务;中餐厅;四川菜(川菜)
632,烤匠麻辣烤鱼(春熙路群光广场店),中餐厅,春熙路南段8号群光广场9楼,104.076843,30.653952,028-65000166,4.6,85.00,春熙路,餐饮服务;中餐厅;中餐厅
633,耍山老火锅(春熙路店),火锅店,春熙路街道东大街上东大街段116号1层57号,104.072675,30.654925,028-86269822,4.6,70.00,春熙路,餐饮服务;中餐厅;火锅店
634,蜀宴赋 · 成都,中餐厅,建设南支路4号27栋(东郊记忆南大门),104.123075,30.667574,028-85215550,4.8,536.00,东郊记忆,餐饮服务;中餐厅;中餐厅
635,陶德砂锅(建设路店),中餐厅,二环路东二段7-附16号,104.110802,30.671135,028-61988889,4.7,58.00,建设路,餐饮服务;中餐厅;中餐厅
636,蓉和妈妈菜·巴山蜀水,中餐厅,东升街道航鹰东路86-96100-104-108-112号,103.930468,30.582291,028-85696688,4.7,58.00,东升,餐饮服务;中餐厅;中餐厅
637,双流老妈兔头(总店),中餐厅,清泰路一段43号,103.92964,30.574303,028-85825978,4.7,76.00,四川天府新区,餐饮服务;中餐厅;中餐厅
638,烤匠麻辣烤鱼(IFS店),特色/地方风味餐厅,红星路三段1号IFS国际金融中心7楼,104.080877,30.654508,028-86980167,4.6,93.00,大慈寺,餐饮服务;中餐厅;特色/地方风味餐厅
639,回水镇·江湖川菜(春熙路泰华店),四川菜(川菜),东大街泰华大厦1层,104.072697,30.654706,028-61528288,4.6,76.00,春熙路,餐饮服务;中餐厅;四川菜(川菜)
640,悦百味·品质川菜(优品道店),四川菜(川菜),东坡路20-26号(东坡路地铁站C口步行370米),104.004945,30.66149,028-83680522;028-83680533,4.7,140.00,青羊大道,餐饮服务;中餐厅;四川菜(川菜)
641,饕林餐厅(武侯祠店),超市,浆洗街15号-附5号浆西荟2楼(汉堡王楼上),104.058466,30.64468,19108207757,4.7,65.00,小天竺,购物服务;超级市场;超市
642,将军府鸡毛店(人民公园店),综合酒楼,将军街1号(天府广场地铁站西1北口步行450米),104.060393,30.65915,17828145188,4.7,64.00,长顺街,餐饮服务;中餐厅;综合酒楼
643,情妹妹干锅·江湖川菜(西安中路店),四川菜(川菜),西安中路41-43号(宽窄巷子地铁站D口步行380米),104.048247,30.667637,028-89993885,4.7,56.00,长顺街,餐饮服务;中餐厅;特色/地方风味餐厅|餐饮服务;中餐厅;四川菜(川菜)
644,明婷饭店,四川菜(川菜),外曹家巷26号附15号(红星桥地铁站C口步行400米),104.08726,30.673283,028-83315978,4.7,72.00,红星路,餐饮服务;中餐厅;四川菜(川菜)
645,悦百味·品质川菜(成都环贸ICD店),四川菜(川菜),东大路577号环贸ICD乐活里2栋L1-L2层(不在商场里),104.116041,30.631529,15828398413;18116664190,4.7,140.00,净居寺,餐饮服务;中餐厅;四川菜(川菜)
646,打牙祭·成都人的苍蝇馆子(八里小区店),中餐厅,八里小区文德路58号宝泰家园门口附近,104.114942,30.685133,028-84343789;18224435689,4.8,48.00,府青路,餐饮服务;中餐厅;中餐厅
647,烤匠麻辣烤鱼(万象城店),餐饮相关,双庆路8号万象城A馆3楼351号,104.114814,30.648765,028-86306610,4.6,84.00,万年场,餐饮服务;餐饮相关场所;餐饮相关
648,许家菜(望江店),中餐厅,望江路1号格林威治广场8幢附1号(近望江公园),104.090055,30.637468,028-85291388;13982129130;13990017944,4.7,456.00,莲桂路,餐饮服务;中餐厅;中餐厅
649,卢记正街饭店(蓉城总店),四川菜(川菜),玉洁巷1号附17-20号,104.060282,30.623518,028-85533966;15928875587,4.7,95.00,倪家桥,餐饮服务;中餐厅;四川菜(川菜)
650,饕林餐厅(总府路店),中餐厅,总府路31号2栋二层(自编号L-202号),104.07744,30.65883,17340196751,4.6,65.00,春熙路,餐饮服务;中餐厅;中餐厅
651,观锦餐厅(天府新谷店),中餐厅,成汉南路19号天府新谷5号楼4层,104.054739,30.587564,028-84313737,4.7,136.00,石羊场,餐饮服务;中餐厅;中餐厅
652,新蓉庭.新派融合川菜(锦城店),四川菜(川菜),锦城大道517号盈创动力科技金融大厦,104.063318,30.575163,028-85329977;028-85980077,4.7,150.00,交子商圈,餐饮服务;中餐厅;四川菜(川菜)
653,组织向南川菜馆,四川菜(川菜),万象南路669号象南里1栋2楼212-213,104.049601,30.58646,13281128182,4.7,96.00,石羊场,餐饮服务;中餐厅;四川菜(川菜)
654,红杏酒家(中坝店),四川菜(川菜),光华东二路98号中铁西城·新天地F1层(北2门附近),103.963238,30.674335,028-81726688,4.7,55.00,黄田坝,餐饮服务;中餐厅;四川菜(川菜)
655,烤匠麻辣烤鱼(太古里店),四川菜(川菜),平安金融中心西南门南90米,104.081115,30.650613,028-85005860,4.6,99.00,东大街,餐饮服务;中餐厅;四川菜(川菜)
656,年丰饭店·川菜,餐饮相关,年丰巷55-附2号(牛王庙地铁站A口步行170米),104.092404,30.644871,028-86692665,4.7,111.00,牛王庙,餐饮服务;餐饮相关场所;餐饮相关
657,陈麻婆豆腐(总店),四川菜(川菜),东华门街51号(骡马市地铁站E口步行440米),104.069202,30.664435,028-86743889,4.7,63.00,顺城大街,餐饮服务;中餐厅;综合酒楼|餐饮服务;中餐厅;四川菜(川菜)
658,芙蓉凰花园酒楼,综合酒楼,光华村街66号附7号3-4层,104.009996,30.66457,028-87346868;028-87362665,4.6,99.00,光华,餐饮服务;中餐厅;综合酒楼
659,悦百味·品质川菜(悠方店),四川菜(川菜),交子大道300号悠方购物中心6楼620,104.058812,30.583277,19182017167;19182018607,4.7,160.00,金融城央双地铁全业态商业街区,餐饮服务;中餐厅;四川菜(川菜)
660,田园印象-成都土菜院子,四川菜(川菜),华阳镇戛纳湾降龙5号,104.050979,30.52181,028-60669595;028-85765222;19136113963,4.7,59.00,四川天府新区成都直管区,餐饮服务;中餐厅;四川菜(川菜)
661,蓉庭.新派融合川菜(塔子山精品店),四川菜(川菜),上沙河铺街66号(塔子山公园地铁站出入口步行280米),104.120446,30.627816,028-86132277;028-86152277,4.7,100.00,塔子山公园,餐饮服务;中餐厅;四川菜(川菜)
662,骆老妈蹄花总店·正宗川菜(香槟广场店),四川菜(川菜),东大街下东大街段21号2楼附7号(香槟广场二楼),104.07935,30.652137,17381865907,4.6,38.00,东大街,餐饮服务;中餐厅;四川菜(川菜)
663,鸡毛店·川菜(东郊记忆店),中餐厅,建设南路93号附1号东郊记忆北大门公交站处,104.122819,30.669898,13540182201,4.7,76.00,建设路,餐饮服务;中餐厅;中餐厅
664,饕林餐厅(太古里天仙桥店),中餐厅,大慈寺天仙桥北路3号SOHO公寓1楼(近东大街),104.085445,30.650201,19938017249,4.7,65.00,大慈寺,餐饮服务;中餐厅;中餐厅
665,悦百味·品质川菜(大魔方店),四川菜(川菜),天府大道东成都大魔方招商花园城b馆5楼,104.069355,30.573059,028-86113699;028-86117199;19381928435,4.7,140.00,交子商圈,餐饮服务;中餐厅;四川菜(川菜)
666,南堂馆川菜文化餐厅(天府店),四川菜(川菜),天顺路151号(金融城北地铁站C口步行480米),104.070684,30.592656,028-65358899,4.7,348.00,天府长城,餐饮服务;中餐厅;四川菜(川菜)
667,老厨子酒楼,综合酒楼,致民路54号,104.079758,30.642454,028-85435999;13550138275;18482037898,4.7,81.00,小天竺,餐饮服务;中餐厅;综合酒楼
668,烤匠麻辣烤鱼(环球中心店),特色/地方风味餐厅,天府大道北段1700号新世纪环球中心4层,104.064356,30.570396,028-86037209,4.6,85.00,交子商圈,餐饮服务;中餐厅;特色/地方风味餐厅
669,南堂小馆·地道成都味(德商国际店),综合酒楼,天府大道北段1480号孵化园8号楼1层停车场内,104.061137,30.574177,028-89992119;18962353760,4.7,84.00,石羊场,餐饮服务;中餐厅;综合酒楼
670,观锦餐厅(天廊店),中餐厅,大凉山路4号天廊广场D102号,104.120458,30.628581,19150231337,4.8,120.00,净居寺,餐饮服务;中餐厅;中餐厅
671,鸡毛店•川菜(文殊院店),四川菜(川菜),北大街121号(城隍庙地铁站A1口步行470米),104.078502,30.674754,19381918858,4.7,71.00,德盛路,餐饮服务;中餐厅;四川菜(川菜)
672,红杏酒家(一品天下店),四川菜(川菜),一品天下大街13号(地铁2号7号线G出口),104.021295,30.689695,028-87534630,4.7,61.00,黄忠村,餐饮服务;中餐厅;四川菜(川菜)
673,观锦餐厅(德商国际店),中餐厅,天府大道北段1480号德商国际,104.061213,30.574855,17311259589,4.7,147.00,石羊场,餐饮服务;中餐厅;中餐厅
674,许家菜樽宴(大魔方店),中餐厅,石羊街道天府大道北段招商大魔方中国太平金融大厦10号楼3层,104.06945,30.572933,028-81266392;13699089144,4.6,510.00,交子商圈,餐饮服务;中餐厅;中餐厅
675,悦百味·品质川菜(橄榄郡店),四川菜(川菜),新都街道天香西路315号,104.18484,30.815304,028-83662233;19113128901,4.7,83.00,静安路,餐饮服务;中餐厅;四川菜(川菜)
676,蜀上肴(科华北路店),中餐厅,郭家桥北街5号附17号,104.08333,30.625554,028-85028660,4.7,57.00,磨子桥,餐饮服务;中餐厅;中餐厅
677,红杏酒家(锦华万达店),四川菜(川菜),锦华路一段90号(锦华万达1号门旁),104.097678,30.621035,028-82000860,4.7,64.00,东光,餐饮服务;中餐厅;四川菜(川菜)
678,三缺一·成都味川菜(神仙树店),四川菜(川菜),新义西街56号,104.039784,30.608946,028-85174321;18483657955,4.7,105.00,[],餐饮服务;中餐厅;四川菜(川菜)
679,赵美丽重庆火锅(玉林店),火锅店,兴蓉东巷8号(衣冠庙地铁站A口旁),104.050096,30.633272,17760999866,4.7,78.00,衣冠庙,餐饮服务;中餐厅;火锅店
680,德胜小河帮自贡火爆(枫桥晓月电梯公寓店),四川菜(川菜),花牌坊8号1栋1单元1层121,104.047992,30.677862,15982498178,4.7,80.00,永陵路,餐饮服务;中餐厅;四川菜(川菜)
681,烤匠麻辣烤鱼(成都大悦城店),特色/地方风味餐厅,大悦路518号成都大悦城4层004号,104.010521,30.626971,028-87660833,4.6,85.00,双楠,餐饮服务;中餐厅;特色/地方风味餐厅
682,老方桌烂蹄花(全国总店),中餐厅,迎宾大道96号,103.636907,30.983132,17740966190,4.7,38.00,幸福,餐饮服务;中餐厅;中餐厅
683,南堂馆·新川菜(万象城店),四川菜(川菜),双庆路6号万象城C馆L1层C-J113,104.11531,30.646426,028-87770899,4.7,197.00,万年场,餐饮服务;中餐厅;四川菜(川菜)
684,云不知·小院川菜(骡马市店),四川菜(川菜),西玉龙街与同福巷交叉口东北40米,104.069877,30.667327,19382240975,4.6,73.00,德盛路,餐饮服务;中餐厅;四川菜(川菜)
685,悦百味·品质川菜(UPARK公园店),四川菜(川菜),桂溪街道富华北路666号,104.039398,30.555254,028-83663344;028-83666868,4.7,140.00,四川天府新区成都直管区,餐饮服务;中餐厅;四川菜(川菜)
686,将军府鸡毛店(春熙路店),四川菜(川菜),蜀都大道总府路1号2层春熙路地铁站C口步行430米,104.081234,30.657112,17702877109,4.6,49.00,春熙路,餐饮服务;中餐厅;四川菜(川菜)
687,回水镇·江湖川菜(太古里店),四川菜(川菜),武成大街7-9号(市二医院地铁站C口步行430米),104.089759,30.657726,028-61691118;19934609897,4.6,80.00,春熙路,餐饮服务;中餐厅;四川菜(川菜)
688,孔干饭(清江东路店),中餐厅,清江东路59号附9号(草堂北路地铁站D口步行210米),104.025998,30.669238,028-87593125,4.7,50.00,草堂,餐饮服务;中餐厅;中餐厅
689,香肥婆饭铺(太古里店),四川菜(川菜),东大街下东大街段66号崇德里,104.081598,30.650492,028-87318757,4.6,42.00,三圣,餐饮服务;中餐厅;四川菜(川菜)
690,骆老妈蹄花·正宗川菜(春熙路潮流广场店),四川菜(川菜),东大街上东大街段269号附4号,104.074438,30.654587,18980012168,4.6,38.00,东大街,餐饮服务;中餐厅;四川菜(川菜)
691,院8里少城记忆老川菜(宽窄巷子店),四川菜(川菜),黄瓦街53号-1号,104.057002,30.666664,17308066180,4.7,80.00,长顺街,餐饮服务;中餐厅;四川菜(川菜)
692,孔干饭(东郊记忆店),中餐厅,SM广场4号门建设南路1号,104.112957,30.66751,028-83551822,4.7,50.00,建设路,餐饮服务;中餐厅;中餐厅
693,情妹妹干锅·江湖川菜(建设路店),四川菜(川菜),二环路东二段7号(踏水桥地铁站B口步行380米),104.1104,30.671688,028-83515431,4.7,71.00,建设路,餐饮服务;中餐厅;四川菜(川菜)
694,三禾-江湖川菜(汇龙湾生活广场店),四川菜(川菜),沙湾路1号附20(汇龙湾广场店),104.052292,30.685867,19950157896,4.7,59.00,九里堤,餐饮服务;中餐厅;四川菜(川菜)
695,有红鸡毛店·川菜(财富又一城店),综合酒楼,华油路6号(前锋路地铁站B口步行420米),104.095403,30.680034,028-87769876,4.7,67.00,府青路,餐饮服务;中餐厅;综合酒楼
696,兔来乐江湖六绝·江湖菜·老妈兔头·鲜货烧烤,中餐厅,华甸路与龙港路交叉口西南40米,104.164265,30.699264,15397751543,4.7,64.00,龙潭寺,餐饮服务;中餐厅;中餐厅
697,三缺一·成都味川菜(簇桥店),四川菜(川菜),簇锦横街209号附2号(近龙井体育中心),103.990818,30.604138,028-89994321;18466720754,4.7,105.00,簇桥,餐饮服务;中餐厅;四川菜(川菜)
698,宋宴•艺术餐厅,中餐厅,世纪城路198号附5966号,104.075294,30.556791,18884726151,4.7,247.00,四川天府新区,餐饮服务;中餐厅;中餐厅
699,三禾江湖川菜(万科金色家园店),四川菜(川菜),前锋街1号附69号(前锋路地铁站D口步行80米),104.092301,30.678593,15388184499,4.7,51.00,府青路,餐饮服务;中餐厅;四川菜(川菜)
700,大蓉和(一品天下旗舰店),综合酒楼,一品天下大街277号,104.026123,30.693845,028-87564477;028-87576677,4.7,120.00,[],餐饮服务;中餐厅;综合酒楼
701,悦百味·品质川菜(武侯欢肆店),四川菜(川菜),来凤五路56号龙湖武侯欢肆A馆1F,103.984621,30.621066,028-86758499,4.7,140.00,保利花园,餐饮服务;中餐厅;四川菜(川菜)
702,鸡毛店·川菜(春熙路店),餐饮相关,走马街55号友谊广场A座3层附1号(原西南书城),104.075387,30.653291,[],4.6,73.00,春熙路,餐饮服务;餐饮相关场所;餐饮相关
703,回水镇·江湖川菜(建设路店),四川菜(川菜),建设路53号附13号,104.100422,30.66792,028-60105505;18284452548,4.6,66.00,建设路,餐饮服务;中餐厅;四川菜(川菜)
704,古巴热浪城堡·特色川菜&红酒馆,四川菜(川菜),人民南路四段48号附5号1层,104.06591,30.613731,028-87053256;19136076772,4.7,274.00,桐梓林,餐饮服务;中餐厅;四川菜(川菜)
705,炊太婆老妈蹄花·老牌川菜(总府路总店),四川菜(川菜),总府路58号(20年老店),104.072321,30.65829,18664737687,4.5,41.00,东大街,餐饮服务;中餐厅;四川菜(川菜)
706,梓楠·川菜(桐梓林),四川菜(川菜),桐梓林南路8号附1号,104.060073,30.611942,028-85149999,4.7,329.00,桐梓林,餐饮服务;中餐厅;四川菜(川菜)
707,悦百味·品质川菜(大丰店),四川菜(川菜),大丰街道石犀路111号,104.059565,30.764969,028-83627755,4.7,86.00,大丰,餐饮服务;中餐厅;四川菜(川菜)
708,聚川·精致川菜,四川菜(川菜),自由贸易试验区成都高新区盛华北路116号7栋附103、104、201、204号,104.050856,30.557965,028-85562828;18228010090;18466674377,4.6,124.00,四川天府新区成都直管区,餐饮服务;中餐厅;四川菜(川菜)
709,蓉城李庄·宜宾川菜·家宴·生日聚会(建设路店),中餐厅,建和路4号朗fun1层(踏水桥地铁站B口步行490米),104.111972,30.673236,028-83283996;17844718969,4.7,59.00,SM广场,餐饮服务;中餐厅;中餐厅
710,回水镇·江湖川菜(武侯祠店),四川菜(川菜),武侯祠大街37号附19号1层附21号附25号附27号附29号附31号附33号附35号通祠路16号,104.055075,30.64658,028-87657188,4.6,63.00,小天竺,餐饮服务;中餐厅;四川菜(川菜)
711,壹宴.新派川菜,四川菜(川菜),天府三街大源国际中心1栋5层,104.066055,30.547732,028-85152088;19113250209,4.7,95.00,四川天府新区成都直管区,餐饮服务;中餐厅;四川菜(川菜)
712,情妹妹干锅·江湖川菜(高升桥店),四川菜(川菜),一环路南四段26号附11号(高升桥苏宁广场斜对门),104.044874,30.63831,028-85565497,4.7,68.00,高升桥,餐饮服务;中餐厅;四川菜(川菜)
713,鸡毛店·川菜(宽窄巷子店),餐饮相关,通惠门路69号1层2号(嘎嘎鸭脑壳对面),104.049076,30.665476,19980819116,4.6,59.00,长顺街,餐饮服务;餐饮相关场所;餐饮相关
714,伟伟鸭脑壳·虾蟹爆炒·烧烤·自贡大排档(广都中街店),中餐厅,广都中街140号,104.065643,30.508234,18708455097,4.7,79.00,四川天府新区成都直管区,餐饮服务;中餐厅;中餐厅
715,三缺一·成都味川菜(科华路店),四川菜(川菜),一环路南二段第一生活区16号附97号,104.069461,30.632885,17821536508;18302878633,4.7,105.00,跳伞塔,餐饮服务;中餐厅;四川菜(川菜)
716,悦百味·品质川菜(远大店),四川菜(川菜),天府大道南段远大购物中心B馆2楼,104.07103,30.528346,028-83623363;18683436780;19108030045,4.7,92.00,天府新区,餐饮服务;中餐厅;四川菜(川菜)
717,福联财·川味院子(温江店),四川菜(川菜),永宁街道天王社区15组188号,103.920752,30.738932,18280409344;18884517773,4.7,50.00,电子科大科创谷园区,餐饮服务;中餐厅;四川菜(川菜)
718,老鼎万春卤菜(五代传承创始老店),特色/地方风味餐厅,春江南路1088号,103.834944,30.723452,028-82717993;19828650685,4.6,65.00,鱼凫村片区,餐饮服务;中餐厅;特色/地方风味餐厅
719,龙潭喜客·四川非遗客家菜,中餐厅,成康路东区83号附9号,104.177691,30.694058,028-81132232;13438916573,4.7,57.00,龙潭寺,餐饮服务;中餐厅;中餐厅
720,祥侬国鸡宴非遗川菜馆(都江堰店),四川菜(川菜),赵公路139号,103.599854,30.974788,18086853627,4.7,50.00,[],餐饮服务;中餐厅;四川菜(川菜)
721,鼎味家宴·融合川菜,四川菜(川菜),观东一街666号4栋1单元209-210-211号,104.089771,30.52918,19130836657,4.7,68.00,四川天府新区成都直管区,餐饮服务;中餐厅;四川菜(川菜)
722,炊太婆老妈蹄花·老牌川菜总店(人民北路店),四川菜(川菜),一环路北二段9号7栋附128号,104.067769,30.686248,13880330413,4.6,46.00,人民北路,餐饮服务;中餐厅;四川菜(川菜)
723,鸡毛店·川菜(天府三街店),四川菜(川菜),天府三街218号中建投峰汇中心2号楼2层220-224,104.061873,30.547228,19938016952,4.5,57.00,四川天府新区成都直管区,餐饮服务;中餐厅;四川菜(川菜)
724,文武赋·川菜餐厅(金融城店),餐饮相关,交子大道255号,104.05702,30.581929,028-81663456,4.7,124.00,金融城央双地铁全业态商业街区,餐饮服务;餐饮相关场所;餐饮相关
725,悦百味·品质川菜(青白江店),综合酒楼,凤凰西二路1号(海布斯卡旁),104.271597,30.887878,028-83695678;18190968298;18980821880,4.6,102.00,大弯,餐饮服务;中餐厅;综合酒楼
726,游氏跷脚牛肉·非物质文化遗产(宽窄巷子店),综合酒楼,西安中路一巷35号附9号,104.048209,30.665889,18010504849;18908216662,4.6,45.00,永陵路,餐饮服务;中餐厅;综合酒楼
727,蜀府宴,四川菜(川菜),盛华北路116号7栋附301-304号,104.050697,30.557705,028-83331821,4.6,468.00,大源,餐饮服务;中餐厅;四川菜(川菜)
728,云不知小院川菜(宽窄巷子店),中餐厅,浣花北路2号2楼,104.03754,30.667132,19381929299,4.6,88.00,白果邻里,餐饮服务;中餐厅;中餐厅
729,饕然.民间川菜(茶店子店),四川菜(川菜),茶店子南街7号附2号,104.026396,30.696778,17311368776,4.6,61.00,茶店子,餐饮服务;中餐厅;四川菜(川菜)
730,写庭·鱼鲜川菜(铁像寺水街店),综合酒楼,天府一街808号,104.050577,30.56065,028-83316986,4.7,149.00,四川天府新区成都直管区,餐饮服务;中餐厅;综合酒楼
731,尽膳·鱼鲜川菜·宴会(锦城大道店),综合酒楼,锦城大道959号(锦城大道地铁站B口步行390米),104.054236,30.575014,028-85939797;028-86039797,4.6,251.00,石羊场,餐饮服务;中餐厅;四川菜(川菜)|餐饮服务;中餐厅;综合酒楼
732,骆老妈蹄花.正宗川菜(雄飞中心店),中餐厅,暑袜北二街69号(熊猫邮局旁),104.076677,30.660453,18081090248,4.6,41.00,春熙路,餐饮服务;中餐厅;中餐厅
733,Silverpot·银锅现代川菜(悠方店),中餐厅,交子大道300号悠方IPC写字楼M6座5层532号,104.058972,30.583422,028-65777598;13678134397,4.6,619.00,金融城央双地铁全业态商业街区,餐饮服务;中餐厅;中餐厅
734,熹旺.渔鲜川菜(鸡毛店升级品牌),中餐厅,紫薇东路7678号(神仙树地铁站F出口东南200米),104.049436,30.611118,15184355322,4.6,55.00,紫荆,餐饮服务;中餐厅;中餐厅
735,悦百味·品质川菜(西宸天街店),四川菜(川菜),花照壁西顺街348号西宸天街二楼,104.033147,30.698177,15388215361,4.6,105.00,营门口,餐饮服务;中餐厅;四川菜(川菜)
736,全聚苑融合川菜炭火烧烤,综合酒楼,成都市高新区吉泰一街升华路108号1栋1层112-115号,104.066772,30.549424,15528153253,4.6,95.00,大源商圈,餐饮服务;中餐厅;综合酒楼
737,鸡毛店·川菜(李家沱店),四川菜(川菜),二环路北四段9号高车一路汇融名城D区,104.095955,30.691129,18121866618,4.7,63.00,驷马桥,餐饮服务;中餐厅;四川菜(川菜)
738,大蓉和(光华店),餐饮相关,光华村街66-附23号(东坡路地铁站C口步行410米),104.008771,30.664613,17882118819,4.7,92.00,青羊大道,餐饮服务;餐饮相关场所;餐饮相关
739,炊太婆老妈蹄花·老牌川菜(春熙路总店),四川菜(川菜),中新街34号,104.076089,30.656993,13340606477,4.5,30.00,东大街,餐饮服务;中餐厅;四川菜(川菜)
740,印象李庄凤亭·品质川菜(保利店),中餐厅,领事馆路7号保利中心南塔3楼,104.069712,30.624548,028-84444545;17313221607,4.6,78.00,跳伞塔,餐饮服务;中餐厅;中餐厅
741,大厨小味·民间川菜(蜀汉羊犀店),中餐厅,蜀汉路353号附1号(羊犀立交地铁站C口步行60米),104.011949,30.695217,028-61110089;18190893973;19382169089,4.6,64.00,茶店子,餐饮服务;中餐厅;中餐厅
742,游血旺(安仁古镇老店),四川菜(川菜),迎宾路二段314-320号,103.619077,30.506054,13018238963,4.5,48.00,安仁古镇,餐饮服务;中餐厅;火锅店|餐饮服务;中餐厅;四川菜(川菜)
743,悦百味·品质川菜(银泰in99店),四川菜(川菜),in99银泰中心7楼,104.0695,30.58542,19138981359,4.6,94.00,交子商圈,餐饮服务;中餐厅;四川菜(川菜)
744,天府悦·臻选川菜(摩方店),四川菜(川菜),交子大道500号摩方购物中心3层,104.052879,30.583107,028-83667577;028-83667588,4.7,296.00,石羊场,餐饮服务;中餐厅;四川菜(川菜)
745,青城·四季鲜休闲农家乐,四川菜(川菜),玉堂街道永胜社区3组133号,103.620034,30.934565,028-60960953;13648005001,4.6,68.00,[],餐饮服务;中餐厅;四川菜(川菜)
746,炊太婆老妈蹄花·老牌川菜(天府广场店),四川菜(川菜),东御街55号海发商厦,104.069426,30.656772,18349311778,4.6,48.00,顺城大街,餐饮服务;中餐厅;四川菜(川菜)
747,二宝公馆·鱼鲜川菜餐厅(宽窄店),四川菜(川菜),栅子街28号,104.054643,30.667067,028-60732288;13438272854,4.6,98.00,长顺街,餐饮服务;中餐厅;四川菜(川菜)
748,晶泽竹菴文化院子(宽窄巷子店),餐饮相关,三道街50号(地铁17号线西大街站F2出口步行500米),104.054372,30.67296,13551066877,4.6,248.00,长顺街,餐饮服务;餐饮相关场所;餐饮相关
749,宋·川菜(成都太古里店),四川菜(川菜),中纱帽街8号成都太古里23栋整栋,104.08406,30.65326,18828053945,4.6,193.00,春熙路,餐饮服务;中餐厅;四川菜(川菜)
750,许家菜·蟹轩(成都双子塔店),海鲜酒楼,天府大道北段966号天府金融国际中心北塔11号楼4层,104.06508,30.582851,028-86266918;15283791223,4.7,220.00,交子商圈,餐饮服务;中餐厅;海鲜酒楼
751,云不知•1912川菜(金仙桥店),餐饮相关,金仙桥路12号附6号居意酒店5楼,104.054158,30.677483,13696263232;18108033062,4.6,112.00,新华西路,餐饮服务;餐饮相关场所;餐饮相关
752,拾香记品质川菜·生态活鲜(凡米里店),中餐厅,万兴路477号1F35AB室金隅·凡米里(希尔顿欢鹏酒店旁),103.995197,30.620708,028-85005653;17302801368,4.7,69.00,武侯万达,餐饮服务;中餐厅;中餐厅
753,回水镇·江湖川菜(宽窄巷子西安北路店),四川菜(川菜),西安北路95号一楼(三洞桥旁),104.047936,30.67181,028-81669788,4.6,65.00,永陵路,餐饮服务;中餐厅;四川菜(川菜)
754,庄子村·流香川菜(成都鹏程大厦店),四川菜(川菜),三友路158号鹏程大厦1层,104.091386,30.683672,028-83331508,4.7,71.00,[],餐饮服务;中餐厅;四川菜(川菜)
755,三缺一·成都味川菜(春熙路店),四川菜(川菜),纯阳观街1-41号1-2层,104.079206,30.660402,028-87764321;17882921720,4.6,105.00,梓潼,餐饮服务;中餐厅;四川菜(川菜)
756,里院传家菜·小庭院川菜,四川菜(川菜),十二中街4号(新南门地铁站A口步行450米),104.079659,30.642136,028-85440249;13060015339,4.6,87.00,小天竺,餐饮服务;中餐厅;四川菜(川菜)
757,王婆婆老妈蹄花.川菜馆 (太古里二店),餐饮相关,东糠市街17号,104.082972,30.651935,028-62526211;17502822010,4.4,58.00,大慈寺,餐饮服务;餐饮相关场所;餐饮相关
758,菇菇宴梧桐川菜馆·宴会(南湖公园店),四川菜(川菜),府河路一段236号,104.056578,30.498764,028-85961676;19113531249;19113534149;19182067395;19828316998,4.7,154.00,四川天府新区成都直管区,餐饮服务;中餐厅;四川菜(川菜)
759,蓉庭食府.匠心川菜.精品家宴.商务宴请,中餐厅,提督街1号B栋1层林恩国际酒店5、6层,104.075472,30.660502,19308208770,4.6,97.00,太升路,餐饮服务;中餐厅;中餐厅
760,饕然·民间川菜(天府二街店),四川菜(川菜),天府二街1316号,104.034325,30.551375,19308007719,4.7,51.00,四川天府新区成都直管区,餐饮服务;中餐厅;四川菜(川菜)
761,饕然.民间川菜(龙泉店),四川菜(川菜),龙泉街道北泉路439、411号,104.247991,30.568775,19141223689,4.6,60.00,龙泉,餐饮服务;中餐厅;四川菜(川菜)
762,蓉城李庄·宜宾川菜·非遗白肉(王府井店),餐饮相关,永立星城都2栋101,104.099421,30.689467,028-83267199,4.7,74.00,驷马桥,餐饮服务;餐饮相关场所;餐饮相关
763,回水镇·江湖川菜(汇锦城店),四川菜(川菜),盛华北路189号1层附1号,104.053177,30.557158,028-61817788,4.6,71.00,天府新区,餐饮服务;中餐厅;四川菜(川菜)
764,蓉和炉意院子川菜(蜀都万达店),四川菜(川菜),郫筒街道凉水井东路199号2楼3楼,103.910434,30.802882,19138925875,4.7,72.00,郫筒,餐饮服务;中餐厅;四川菜(川菜)
765,百姓百味民间拿手川菜(锦门店),四川菜(川菜),承顺街17号,104.131536,30.779571,028-83663311;028-83663377;18280234877,4.6,74.00,三河,餐饮服务;中餐厅;四川菜(川菜)
766,蓉城李庄·宜宾川菜·非遗白肉(新都店),综合酒楼,凌波西路732-738号(缤纷翠微湖旁),104.166523,30.796297,028-86652227;028-86653339,4.7,58.00,[],餐饮服务;中餐厅;综合酒楼
767,双流林皓老妈兔头·江湖川菜·烧烤大排档(大丰黑金好店),海鲜酒楼,詹家湾路达令港55号附2号,104.067366,30.764067,15982311090,4.7,73.00,大丰,餐饮服务;中餐厅;海鲜酒楼
768,李豆汤川菜饭庄,中餐厅,下东大街328号东方时代商城附近,104.084855,30.648975,028-62505655;028-86315225;18011500316,4.6,57.00,春熙路,餐饮服务;中餐厅;中餐厅
769,和锦花园·新川菜,四川菜(川菜),龙泉街道公园路一段258号附73号,104.286018,30.566918,028-84863888;028-84883666,4.7,88.00,龙泉,餐饮服务;中餐厅;四川菜(川菜)
770,缘起缘庭院川菜(中坝店),四川菜(川菜),三路238号2栋附1033号1034号1042号.1043号1044号1045号,103.966209,30.674188,19008199872,4.7,93.00,黄田坝,餐饮服务;中餐厅;四川菜(川菜)
771,回水镇·江湖川菜(双楠鹭岛店),四川菜(川菜),置信路57号附66-70号(雍麻府楼下),104.013964,30.646986,028-65222588,4.6,69.00,双楠,餐饮服务;中餐厅;四川菜(川菜)
772,有云·鹿洄天府1911中国川菜体验中心,四川菜(川菜),有云-1911中国川菜体验中心,104.118238,30.413916,[],4.7,586.00,四川天府新区成都直管区,餐饮服务;中餐厅;四川菜(川菜)
773,随和画眉餐厅(Upark公园店),中餐厅,成都高新区富华北路666号2栋附215号,104.038939,30.555195,028-85938536,4.6,167.00,天府新区,餐饮服务;中餐厅;中餐厅
774,海未海鲜餐厅川菜粤点(白家店),综合酒楼,成白路98号,104.020025,30.564025,028-85885977,4.7,161.00,四川天府新区成都直管区,餐饮服务;中餐厅;海鲜酒楼|餐饮服务;中餐厅;综合酒楼
775,炊太婆老妈蹄花·老牌川菜(锦里店),四川菜(川菜),武侯祠大街113号附12号,104.052572,30.645865,13666280718,4.6,51.00,耍都,餐饮服务;中餐厅;四川菜(川菜)
776,晶泽雅厨·鱼鲜川菜(草堂店),四川菜(川菜),青华路59号1楼妇女干部学校(地铁13号线光华村站G口),104.022185,30.661388,028-62656258;13438490849,4.6,107.00,光华,餐饮服务;中餐厅;四川菜(川菜)
777,炊太婆老妈蹄花·老牌川菜(总店),四川菜(川菜),银海中心商场(梁家巷地铁站B2口步行390米),104.086171,30.680006,13088041876,4.6,42.00,梁家巷,餐饮服务;中餐厅;四川菜(川菜)
778,钟太婆川菜老妈蹄花(浣花溪公园店),四川菜(川菜),青华路10号附18号,104.033792,30.662778,13408599603,4.5,42.00,草堂,餐饮服务;中餐厅;四川菜(川菜)
779,有红鸡毛店·川菜(金沙遗址店),四川菜(川菜),双清南路7号附1号,104.017568,30.674784,028-87700966;19950263735,4.7,55.00,金沙,餐饮服务;中餐厅;四川菜(川菜)
780,南堂馆·新川菜(IFS国金店),中餐厅,IFS,104.081941,30.655686,028-87779955,4.7,274.00,大慈寺,餐饮服务;中餐厅;中餐厅
781,大厨小味·民间川菜(西体店),四川菜(川菜),西体路2号西体奥林花园,104.056785,30.679754,028-62068623;18081990284,4.6,55.00,新华西路,餐饮服务;中餐厅;四川菜(川菜)
782,大厨小味·民间川菜(玉林东福大厦店),四川菜(川菜),玉林北路3号东福大厦,104.058734,30.632372,028-83386155;19980789101,4.6,61.00,玉林,餐饮服务;中餐厅;四川菜(川菜)
783,沈老四红烧兔总店,中餐厅,红牌楼北街23号汇茗苑,104.036665,30.633473,19934525810,4.7,66.00,肖家河,餐饮服务;中餐厅;中餐厅
784,锦拈家宴·融合川菜(驷马桥黑金冠好店),四川菜(川菜),西林二街48号,104.099706,30.699077,028-61388816;18181904423,4.7,55.00,驷马桥,餐饮服务;中餐厅;四川菜(川菜)
785,大厨小味·民间川菜(468店),四川菜(川菜),航天立交桥三环外红豆树街359号人居·锦尚春天B区,104.140638,30.60871,028-86660119;19960395778,4.7,60.00,成龙路,餐饮服务;中餐厅;四川菜(川菜)
786,饕然.民间川菜(梁家巷店),四川菜(川菜),泰宏路9号1栋1楼,104.087614,30.683842,19141326889,4.6,54.00,梁家巷,餐饮服务;中餐厅;四川菜(川菜)
787,舌尖上的鸭脑壳·江湖川菜(中海国际店),中餐厅,高新区交子大道553号,104.048241,30.581483,028-85333085,4.6,66.00,石羊场,餐饮服务;中餐厅;中餐厅
788,炊太婆老妈蹄花·老牌川菜(宽窄巷子店),四川菜(川菜),永陵路9号附11-12号,104.045844,30.673596,18628369985,4.5,42.00,永陵路,餐饮服务;中餐厅;四川菜(川菜)
789,檀馨苑创新川菜(交子大道店),四川菜(川菜),交子大道360号(交子大道地铁站D口步行210米),104.052337,30.582953,028-85287778;18161228798,4.6,89.00,石羊场,餐饮服务;中餐厅;四川菜(川菜)
790,老方桌烂蹄花·川味馆子(成都总店),四川菜(川菜),人民南路四段17-附9号-13号,104.06806,30.62524,028-60734595,4.5,44.00,跳伞塔,餐饮服务;中餐厅;四川菜(川菜)
791,有红鸡毛店·川菜(华阳店),中餐厅,华阳街道协和下街230号,104.043409,30.514715,028-83132330;18190770738,4.7,53.00,四川天府新区成都直管区,餐饮服务;中餐厅;中餐厅
792,晶泽雅厨·鱼鲜川菜(川大店),四川菜(川菜),"南台路8号二楼(地铁3号线,13号线新南门站地出口步行600米)",104.07384,30.642883,028-83338886;15328013020,4.6,106.00,小天竺,餐饮服务;中餐厅;四川菜(川菜)
793,厨和传家菜(水乡茗居西区店),中餐厅,成宏路25号附14-16,104.177083,30.694016,028-81681988;18381303624,4.6,76.00,龙潭寺,餐饮服务;中餐厅;中餐厅
794,回水镇·江湖川菜(温江国色天乡店),四川菜(川菜),天乡路二段888号14栋,103.822082,30.716297,028-82765988,4.6,78.00,万春,餐饮服务;中餐厅;四川菜(川菜)
795,蓉城李庄·宜宾川菜(三河场店),四川菜(川菜),绕城大道南二段海峡茶城对面巷岸3号楼,104.147383,30.783062,028-81133668;028-83983959,4.7,66.00,三河,餐饮服务;中餐厅;四川菜(川菜)
796,尽膳·鱼鲜川菜(宽窄巷子景区店),海鲜酒楼,窄巷子4号(近长顺上街),104.054744,30.662912,028-86263535,4.4,218.00,长顺街,餐饮服务;中餐厅;四川菜(川菜)|餐饮服务;中餐厅;海鲜酒楼
797,蓉城李庄•宜宾川菜•非遗白肉,四川菜(川菜),万兴路475号(一楼),103.995561,30.620934,028-85442211;18161187091,4.7,67.00,保利花园,餐饮服务;中餐厅;四川菜(川菜)
798,南院·新派川菜(北辰·南湖香麓店),四川菜(川菜),美岸路二段与钟灵路交叉口西180米,104.044621,30.488346,19308032534,4.7,210.00,天府新区,餐饮服务;中餐厅;四川菜(川菜)
799,晶泽雅厨(广邻坊店),中餐厅,怡心街道顺心路281号2层F2005F2008-1,104.027365,30.494692,028-89161718;18384246980,4.7,87.00,四川天府新区成都直管区,餐饮服务;中餐厅;中餐厅
800,九天银杏妙厨新川菜·花园餐厅,中餐厅,迎晖路222号,104.121425,30.636079,028-85858877,4.6,129.00,五桂桥,餐饮服务;中餐厅;中餐厅
801,炊太婆老妈蹄花•老牌川菜(文殊院店),四川菜(川菜),人民中路三段1号附4号(文殊院地铁站H口步行60米),104.068912,30.672303,17723896565,4.5,50.00,人民中路,餐饮服务;中餐厅;四川菜(川菜)
802,回水镇·江湖川菜(凤溪河店),四川菜(川菜),南江路476号2栋1层1号,103.846214,30.684676,028-82759188,4.6,65.00,凤溪大道,餐饮服务;中餐厅;四川菜(川菜)
803,非常粥道.品质川菜(鱼凫店),特色/地方风味餐厅,鱼凫路355号1-2层,103.832635,30.708611,028-82727156;18084823022,4.7,80.00,柳城,餐饮服务;中餐厅;特色/地方风味餐厅
804,玥然宴·艺创新川菜商务宴生日宴(中和店),中餐厅,高新区朝阳路520号合生广场6层,104.10086,30.563357,028-82271888,4.7,125.00,中和,餐饮服务;中餐厅;中餐厅
805,清真.牛比得.地道川菜,四川菜(川菜),槐树街51号附8号(国家税务总局成都市税务局东门旁),104.052079,30.670032,028-85226278;18000552362,4.6,77.00,长顺街,餐饮服务;中餐厅;四川菜(川菜)
806,百年神厨·地道川菜(都江堰店),中餐厅,泰和巷46号(观景苑底商),103.632388,30.987687,028-87282727,4.6,49.00,江安路,餐饮服务;中餐厅;中餐厅
807,隐庐·古法川菜(高新店),餐饮相关,盛兴街57号隐庐酒店1层,104.050714,30.561538,028-65777137;17828189475,4.6,275.00,四川天府新区成都直管区,餐饮服务;餐饮相关场所;餐饮相关
808,回水镇·江湖川菜(青白江店),四川菜(川菜),学苑路大夫村10组10号(鑫朋康复医院对面),104.275961,30.874345,028-83601288,4.6,74.00,大弯,餐饮服务;中餐厅;四川菜(川菜)
809,悠翠·川菜小馆(科华路店),珠宝首饰工艺品,桂溪路三瓦窑街362号2-1,104.081172,30.605466,028-86922899,4.6,77.00,桂溪,购物服务;专卖店;珠宝首饰工艺品
810,大蓉和(锦江店),中餐厅,锦江大道368号创意山商业中心3层,104.145502,30.60338,028-86650969;028-86670929,4.6,85.00,成龙路,餐饮服务;中餐厅;中餐厅
811,施嬢嬢九斗碗·川菜家宴馆·棋牌,四川菜(川菜),皇花园路25号(5号线皇花园站B2出口),104.059343,30.751037,19382296791,4.6,43.00,大丰,餐饮服务;中餐厅;四川菜(川菜)
812,印象泰和园(龙湖蜀新天街店),四川菜(川菜),蜀新大道龙湖蜀新天街A馆5楼-19-20号,103.903173,30.790451,028-87882839;028-87888509,4.6,68.00,郫筒,餐饮服务;中餐厅;四川菜(川菜)
813,大厨小味·民间川菜(滨江和城店),四川菜(川菜),海伦天麓三四区南门西200米,104.086521,30.489486,028-89518777;17381958625,4.6,62.00,天府新区,餐饮服务;中餐厅;四川菜(川菜)
814,九谷·兴川菜(大丰店),综合酒楼,华美东街186(大丰地铁站D口步行440米),104.067225,30.767775,028-87719199,4.7,80.00,大丰,餐饮服务;中餐厅;综合酒楼
815,鸡毛店•川菜(温江杨柳西路店),四川菜(川菜),柳河西路中段10-12号,103.828453,30.689159,18190780888,4.7,64.00,凤溪大道,餐饮服务;中餐厅;四川菜(川菜)
816,非常粥道•品质川菜(海天店),综合酒楼,永兴路143号,103.851784,30.683962,028-82775566,4.6,66.00,凤溪大道,餐饮服务;中餐厅;四川菜(川菜)|餐饮服务;中餐厅;综合酒楼
817,而绘空中花园·川味西餐(春熙路10年老店),体育休闲服务场所,总府路15号9层L09001号王府井影院9层,104.079096,30.65824,17313212759,4.5,89.00,春熙路,体育休闲服务;体育休闲服务场所;体育休闲服务场所
818,回水镇·江湖川菜(新都泥巴坨店),中餐厅,三河街道育英路南段734号736号738号740号,104.170283,30.782579,028-83991588,4.6,71.00,[],餐饮服务;中餐厅;中餐厅
819,王刚水煮鱼(置信逸都花园天乐苑店),购物相关场所,云影路2号附9号,104.018748,30.646575,13689011191,4.7,77.00,双楠,购物服务;购物相关场所;购物相关场所
820,霖蓉汇·融合川菜,四川菜(川菜),武侯大道顺江段3号迈空间国际中心F2层,104.002915,30.631896,028-85550585;18161299549,4.6,76.00,[],餐饮服务;中餐厅;四川菜(川菜)
821,鸡毛店·川菜(牛市口店),四川菜(川菜),水碾河路10号1栋1层1号,104.10536,30.64526,13608192948,4.5,60.00,双桥子,餐饮服务;中餐厅;四川菜(川菜)
822,鑫宽合川菜·家宴·商务·聚会(成飞大道),四川菜(川菜),黄田坝经一路5号,103.964838,30.691182,028-68338778;19828521751,4.6,59.00,黄田坝,餐饮服务;中餐厅;四川菜(川菜)
823,郭鸡肉 · 非遗餐厅(安仁古镇店),中餐厅,迎宾路二段598号,103.62595,30.503483,028-88204318;13882008972,4.6,67.00,安仁古镇,餐饮服务;中餐厅;中餐厅
824,云不知•1912川菜(太升南路店),中餐厅,梓潼街37号(太升南路地铁站C口步行390米),104.075384,30.667063,18123381045,4.6,151.00,太升路,餐饮服务;中餐厅;中餐厅
825,盐饌·盐帮川菜(桐梓林店),中餐厅,紫薇东路62号(神仙树地铁站200米),104.050151,30.611087,028-83331338;17358693220,4.5,79.00,紫荆,餐饮服务;中餐厅;中餐厅
826,禾杏酒楼·川菜·宴会,四川菜(川菜),桂蕊街53号,104.059504,30.774039,028-83911888;18080979498,4.6,113.00,大丰,餐饮服务;中餐厅;综合酒楼|餐饮服务;中餐厅;四川菜(川菜)
827,回水镇·江湖川菜(万象城店),四川菜(川菜),万象城B馆4楼B馆尽头BC馆连廊处,104.116272,30.648677,028-83331257,4.5,77.00,万年场,餐饮服务;中餐厅;四川菜(川菜)
828,苏帮主三样菜·江湖川菜(高新店),中餐厅,梓州大道4507号,104.082116,30.531181,028-83351088;13008179609,4.6,59.00,四川天府新区成都直管区,餐饮服务;中餐厅;中餐厅
829,鸡毛店·川菜(双流广场店),四川菜(川菜),藏卫路南二段257号怡家酒店旁,103.918622,30.560626,19982188599,4.6,57.00,四川天府新区成都直管区,餐饮服务;中餐厅;四川菜(川菜)
830,狮子楼-精品火锅-川菜酒楼(天顺路店),四川菜(川菜),天顺路2号(金融城北地铁站C口步行100米),104.07125,30.589298,028-86690999,4.6,291.00,天府长城,餐饮服务;中餐厅;四川菜(川菜)
831,锦烩缘鸡毛店川菜(中和店),四川菜(川菜),观东三街899号10幢2层25号,104.087646,30.528686,13668233671,4.6,61.00,四川天府新区,餐饮服务;中餐厅;四川菜(川菜)
832,鸡毛店•川菜(天府红购物中心店),四川菜(川菜),东御街18号天府红购物中心F7层,104.066615,30.655987,18583232838,4.5,64.00,春熙路,餐饮服务;中餐厅;四川菜(川菜)
833,民间粮仓.川菜馆(全国总店),四川菜(川菜),东大街上东大街6号1栋春南商场2楼,104.076014,30.654005,13730716201,4.6,80.00,东大街,餐饮服务;中餐厅;四川菜(川菜)
834,大厨小味·民间川菜(友谊路店),四川菜(川菜),友谊路121-131号,104.182472,30.656833,028-83181788;17612817925,4.6,65.00,[],餐饮服务;中餐厅;四川菜(川菜)
835,回水镇·江湖川菜(英国小镇店),四川菜(川菜),文光路80号一楼(英国小镇玫瑰园对面),103.963083,30.689651,028-81667988,4.6,72.00,黄田坝,餐饮服务;中餐厅;四川菜(川菜)
836,蜀上肴(净居寺路店),中餐厅,净居寺路22号(绿野天城)二层1-5号,104.107732,30.621566,[],4.6,51.00,净居寺,餐饮服务;中餐厅;中餐厅
837,超级姜胖胖韩式自助烤肉(环球中心),餐饮相关,天府大道北段1700号环球购物中心E5门负一层B1c26,104.064752,30.571208,028-61683223,4.6,67.00,交子商圈,餐饮服务;餐饮相关场所;餐饮相关
838,南北征赞·野核桃东北烤肉(环球中心店),中餐厅,天府大道北段1753号,104.064368,30.570494,18845798941,4.4,102.00,交子商圈,餐饮服务;中餐厅;中餐厅
839,韩坊韩国料理(成都锦城万达广场店),韩国料理,锦城大道666号锦城万达广场4层4015号,104.063544,30.57635,028-87058586,4.5,73.00,交子商圈,餐饮服务;外国餐厅;韩国料理
840,Fashi发拾烧烤.牛肉串(招商大魔方店),中餐厅,高新区天府大道北段1777号招商大魔方花园城附1046号,104.070729,30.57329,028-85092880;18584876494,4.5,92.00,交子商圈,餐饮服务;中餐厅;中餐厅
841,久藏·横膈膜烧肉(环球中心店),餐饮相关,天府大道北段1700号环球中心4F层,104.064725,30.568297,028-85322088,4.4,131.00,交子商圈,餐饮服务;餐饮相关场所;餐饮相关
842,崇涛.和牛烧肉店,日本料理,天府大道北段1777号A馆6004号,104.070922,30.574093,028-83166836,4.5,287.00,交子商圈,餐饮服务;外国餐厅;日本料理
843,炙景台烧肉居酒屋(成都大魔方招商花园城店),日本料理,高新区天府大道北段1777号招商大魔方6楼L6026-6027,104.071284,30.573957,15882080198;18284577158,4.3,79.00,交子商圈,餐饮服务;外国餐厅;日本料理
844,韩叨叨首尔自助烤肉(锦城万达店),韩国料理,锦城大道666号万达广场4F4019号,104.062976,30.576706,028-60707280;15902892932,4.3,62.00,交子商圈,餐饮服务;外国餐厅;韩国料理
845,柳真真云贵山岭烤肉(环球中心),中餐厅,石羊街道天府大道北段1700号环球中心B馆4楼A06铺位,104.064793,30.567419,15216828211,4.5,88.00,交子商圈,餐饮服务;中餐厅;中餐厅
846,双子大阪烧肉X关西寿喜烧(SKP店),日本料理,天府大道北段2001号成都SKP F1层,104.071275,30.568875,15208401320,4.4,286.00,交子商圈,餐饮服务;外国餐厅;日本料理
847,聚缘火焰山西昌火盆烧烤(成都高新科技孵化园9号园区店),特色/地方风味餐厅,天府大道北段1480号4栋1层孵化园食堂楼下,104.060212,30.572917,13212212122;13602169069,4.3,81.00,交子商圈,餐饮服务;中餐厅;特色/地方风味餐厅
848,米啦星际城海鲜·烤肉火锅自助·电玩(环球中心店),海鲜酒楼,天府大道北段1780号B馆负一楼,104.064625,30.567125,[],4.6,99.00,交子商圈,餐饮服务;中餐厅;海鲜酒楼
849,小贵腹鲜肉烧烤(华商店),特色/地方风味餐厅,益州东二路22号(金融城地铁站B口步行250米),104.06313,30.580614,13880314475;19381986329,4.6,90.00,石羊场,餐饮服务;中餐厅;特色/地方风味餐厅
850,刘记原味烧烤(金融岛店),中餐厅,环岛路1288号2栋一层附106-109,104.075536,30.572452,18010542969,4.5,78.00,交子商圈,餐饮服务;中餐厅;中餐厅
851,炎鳥日式烧鸟(招商大魔方店),日本料理,天府大道北段1777号招商玺荟2栋2层附212号,104.071775,30.575475,17711040068,4.3,87.00,交子商圈,餐饮服务;外国餐厅;日本料理
852,300杯·和牛烧肉店(中国华商金融中心店),餐饮相关,交子大道33号华商金融中心4-402(金融城地铁站B口步行60米),104.063125,30.581125,028-60650590;17208263731,4.6,340.00,交子商圈,餐饮服务;餐饮相关场所;餐饮相关
853,MUSE·烧烤·酒场,餐饮相关,交子大道33号中国华商金融中心南门VIP客梯5层504室(新荣记对面),104.063253,30.580825,17381962338,4.5,207.00,金融城央双地铁全业态商业街区,餐饮服务;餐饮相关场所;餐饮相关
854,老马家资格烤羊肉(成都大魔方招商花园城店),清真菜馆,天府大道北段1777号-1层6号,104.072677,30.575104,18298506375,4.3,78.00,交子商圈,餐饮服务;中餐厅;清真菜馆
855,武士的牛·和牛烧肉料理(银泰in99店),中餐厅,天府大道北段1199号L3层314号,104.069328,30.585049,19141323160,4.7,515.00,交子商圈,餐饮服务;中餐厅;中餐厅
856,he‘s何师烧烤(交子大道店),特色/地方风味餐厅,交子大道417号中海华府天地1层,104.051839,30.581541,18161209704;19308200951,4.7,78.00,石羊场,餐饮服务;中餐厅;特色/地方风味餐厅
857,饷起烧肉(中海·华府天地店),中餐厅,交子大道417号,104.052548,30.581242,19102665696,4.7,80.00,石羊场,餐饮服务;中餐厅;中餐厅
858,周丹丹原味烧烤(银泰中心in99店),综合酒楼,天府大道1199号成都银泰中心in99L8层,104.070364,30.584819,028-83183428;17602819836,4.6,108.00,交子商圈,餐饮服务;中餐厅;综合酒楼
859,炎鸟日式烧鸟(金融岛店),餐饮相关,环岛路1288号湾流锦宫旁扶梯上二楼,104.075625,30.572775,17373796547,4.4,109.00,交子商圈,餐饮服务;餐饮相关场所;餐饮相关
860,清真古老风味新疆烤羊肉串(中航店),综合酒楼,交子南二路13-1号清真古老风味新疆烤羊肉串,104.062091,30.578002,[],4.0,110.00,石羊场,餐饮服务;中餐厅;清真菜馆|餐饮服务;中餐厅;综合酒楼
861,姐的烤肉·炭火烧肉(悠方购物中心店),特色/地方风味餐厅,交子大道300号悠方购物中心L5层525B、L526号,104.057957,30.58344,028-61527992,4.5,99.00,金融城央双地铁全业态商业街区,餐饮服务;中餐厅;特色/地方风味餐厅
862,焱铁烧(成都银泰中心in99店),日本料理,天府大道1199号银泰中心7层720铺,104.068974,30.584773,028-85332202,4.5,267.00,交子商圈,餐饮服务;外国餐厅;日本料理
863,金夜烧烤(交子大道总店),餐饮相关,高新区交子大道419号,104.051793,30.581591,19054071203;19108197698,4.6,48.00,石羊场,餐饮服务;餐饮相关场所;餐饮相关
864,武士的牛·和牛烧肉料理(摩方店),中餐厅,交子大道500号合景摩方购物中心L3,104.053438,30.582986,028-65236653;19150301709,4.7,447.00,金融城央双地铁全业态商业街区,餐饮服务;中餐厅;中餐厅
865,双子大阪烧肉(成都银泰中心in99店),日本料理,天府大道北段1199号成都银泰中心in99F8层808A,104.070382,30.584956,028-60115700,4.5,222.00,交子商圈,餐饮服务;外国餐厅;日本料理
866,岚山·和牛烤肉料理(摩方黑金店),日本料理,交子大道500号合景摩方购物中心4层408号,104.053272,30.583046,028-86260288,4.5,228.00,石羊场,餐饮服务;外国餐厅;日本料理
867,打川川x破店冒肚烧烤小酒馆(交子大道店),中餐厅,交子大道与万象南路交叉口东南180米中海·华府天地1F层,104.052378,30.581225,18084861236,4.6,85.00,石羊场,餐饮服务;中餐厅;中餐厅
868,山葵烤肉byWASABIBBQ(时光里店),中餐厅,石羊街道吉瑞二路99号保利时光里购物中心北里2层2037号,104.062937,30.556596,028-87793315,4.6,129.00,四川天府新区成都直管区,餐饮服务;中餐厅;中餐厅
869,铭牛和牛烧肉料理(高新月牙湖店),日本料理,吉瑞一路200号航天城上城二期八栋1层,104.059891,30.55662,18280283852,4.7,212.00,大源,餐饮服务;外国餐厅;日本料理
870,石棉火上飘(高新店),火锅店,武侯区高新区荟锦路286号,104.057135,30.589142,18180487448,4.6,85.00,石羊场,餐饮服务;中餐厅;火锅店
871,烧肉下町·大眾酒場(成都首店),日本料理,吉瑞二路99号成都保利时光里1F层1007,104.063751,30.557143,19382162357,4.6,161.00,四川天府新区,餐饮服务;外国餐厅;日本料理
872,老马资格烤羊肉(金融城店),中餐厅,交子北二路118号(金融城地铁站A口步行310米),104.062117,30.583736,19993003319,4.4,83.00,石羊场,餐饮服务;中餐厅;中餐厅
873,干杯烧鸟(宇宙摩方店),中餐厅,交子大道500号摩方购物中心L1层125号,104.053052,30.583309,[],4.5,126.00,石羊场,餐饮服务;中餐厅;中餐厅
874,岚叔烧烤·香辣蟹(保利时光里店),特色/地方风味餐厅,吉瑞二路99号成都保利时光里1F层,104.062318,30.557161,028-60806688,4.6,72.00,大源,餐饮服务;中餐厅;特色/地方风味餐厅
875,肉室堂· 獨食烤肉(天府一街店),特色/地方风味餐厅,吉瑞一路200号,104.060219,30.556764,13308224190,4.6,58.00,大源,餐饮服务;中餐厅;特色/地方风味餐厅
876,廖达达吊龙烧烤(高新店),特色/地方风味餐厅,武侯区高新区吉瑞一路200号6栋附19号内街,104.060048,30.556775,15928044946,4.6,103.00,大源,餐饮服务;中餐厅;特色/地方风味餐厅
877,he's何师烧烤(月牙湖店),特色/地方风味餐厅,吉瑞一路200号9栋1层,104.059882,30.556289,18123220865;19308200951,4.5,80.00,大源,餐饮服务;中餐厅;特色/地方风味餐厅
878,打铁匠自助烤肉(汇锦城店),餐饮相关,盛华北路209号1层9-7-2号,104.053367,30.556667,13688422097,4.7,68.00,四川天府新区,餐饮服务;餐饮相关场所;餐饮相关
879,火夫烤肉(新街里店),中餐厅,石羊街道荟锦路278号,104.05716,30.589203,18582562353,4.6,75.00,石羊场,餐饮服务;中餐厅;中餐厅
880,68烧烤(新街里店),特色/地方风味餐厅,荟锦路299号(益州大道地铁站B2口步行440米),104.057206,30.589854,19113205787,4.6,59.00,石羊场,餐饮服务;中餐厅;特色/地方风味餐厅
881,萌东来涮烤牛羊(额尔敦旗下铁像寺水街店),火锅店,益州大道中段588号智地哥谭F1层,104.055735,30.557814,028-83596366,4.6,118.00,大源,餐饮服务;中餐厅;火锅店
882,破店肥哈·东北烧烤(成都首店),特色/地方风味餐厅,盛华北路171号-173号1层,104.052503,30.557245,18884560189,4.7,90.00,大源,餐饮服务;中餐厅;特色/地方风味餐厅
883,西塔老太太泥炉烤肉(仁和新城店),中餐厅,府城大道西段505号仁和新城购物中心5F楼,104.052976,30.587531,028-88867788;13730878740,4.6,133.00,石羊场,餐饮服务;中餐厅;中餐厅
884,竹涟烧肉(仁和新城店),日本料理,仁和新城购物中心6楼,104.052155,30.587445,[],4.6,101.00,石羊场,餐饮服务;外国餐厅;日本料理
885,幸福小串·地摊小炉子(新街里店),中餐厅,荟锦路238号1楼,104.056485,30.589892,19302897252,4.6,82.00,石羊场,餐饮服务;中餐厅;中餐厅
886,清真西北正宗烤羊肉(布鲁明顿广场店),清真菜馆,交子北二街70号布鲁明顿广场F1层,104.062085,30.585103,13993043900,4.4,73.00,石羊场,餐饮服务;中餐厅;清真菜馆
887,吃西昌(交子大道),中餐厅,交子大道与万象南路交叉口东南180米中海华府天地1F层,104.051542,30.581535,13193189214;17345097963;18030693124,4.3,149.00,石羊场,餐饮服务;中餐厅;中餐厅
888,木屋烧烤(高新汇锦城店),中餐厅,盛华北路203号附1号汇锦步行街1层,104.052796,30.556545,028-85556559,4.6,82.00,四川天府新区,餐饮服务;中餐厅;中餐厅
889,西塔老太太泥炉烤肉(天合·汇锦城店),中餐厅,盛华北路汇锦城10栋10-1-2号底商,104.052533,30.557084,028-88850266;028-88850299,4.6,132.00,天府新区,餐饮服务;中餐厅;中餐厅
890,巴依来普·传统新疆菜烧烤(铁像寺路店),清真菜馆,铁像寺街185号附201号峰度天下(春秋茶坊旁),104.047915,30.559662,15680903327,4.6,67.00,四川天府新区成都直管区,餐饮服务;中餐厅;清真菜馆
891,幸福小串·地摊小炉子(汇锦城店),中餐厅,盛华北路195号1楼,104.053607,30.557121,19048058616,4.6,82.00,四川天府新区成都直管区,餐饮服务;中餐厅;中餐厅
892,安又胖韩国烤肉(成都仁和新城店),韩国料理,府城大道西段505号成都仁和新城6楼611号,104.052292,30.587491,17628078083,4.3,98.00,石羊场,餐饮服务;外国餐厅;韩国料理
893,桂溪兔火锅,中餐厅,高新区桂溪街道吉瑞一路200号2栋1层附5号、附6号,104.060166,30.558144,13688287867,4.2,64.00,大源,餐饮服务;中餐厅;中餐厅
894,岚山·炭火烤肉料理(世纪城店),餐饮相关,桂溪街道天府大道中段530号d5东方希望天祥广场二楼岚山烤肉,104.067908,30.552875,028-83315288;19136327692,4.5,137.00,四川天府新区成都直管区,餐饮服务;餐饮相关场所;餐饮相关
895,何腾香·峨眉烧烤大排档(新街里店),特色/地方风味餐厅,荟锦路190号1楼,104.05568,30.590511,13881300038,4.4,87.00,石羊场,餐饮服务;中餐厅;特色/地方风味餐厅
896,老扇子烧烤江湖菜酒馆(新街里店),中餐厅,荟锦路283号,104.056913,30.59006,13518195166,4.6,78.00,石羊场,餐饮服务;中餐厅;中餐厅
897,忠华西昌烧烤,特色/地方风味餐厅,吉庆二路航天城上城二期5栋附20号,104.06056,30.557303,19983536558,4.4,72.00,四川天府新区成都直管区,餐饮服务;中餐厅;特色/地方风味餐厅
898,笑熬江湖云南小炒·烧烤·夜酒馆(铁像寺店),中餐厅,盛华北路116号,104.049883,30.55961,19382015561,4.6,87.00,四川天府新区成都直管区,餐饮服务;中餐厅;中餐厅
899,乌苏烧烤·大乌苏小烧烤(月牙湖第9分店),特色/地方风味餐厅,桂溪街道吉瑞一路200号9栋一层附4.5号,104.059887,30.555942,13547786760,4.5,74.00,四川天府新区成都直管区,餐饮服务;中餐厅;特色/地方风味餐厅
900,李随意宜宾炭烤(交子大道店),特色/地方风味餐厅,交子大道399号附129号1层晨光豆花旁,104.051482,30.581164,13438385279,4.5,81.00,石羊场,餐饮服务;中餐厅;特色/地方风味餐厅
901,憨表嫂纸上烤鱼鲜货烧烤,餐饮相关,吉瑞一路200号6栋附35号,104.060121,30.557379,18030554862,4.3,59.00,大源,餐饮服务;餐饮相关场所;餐饮相关
902,赤焰狐韩式炭火烤肉,韩国料理,和盛东街285-287号,104.05505,30.591103,16764471234,4.6,103.00,石羊场,餐饮服务;外国餐厅;韩国料理
903,炭山烧肉,餐饮相关,天星正源火锅对面(益州大道地铁站B2口步行330米),104.057812,30.589137,13928493158;18780134670,4.3,86.00,石羊场,餐饮服务;餐饮相关场所;餐饮相关
904,李有财鲜烤小串(中海国际中心店),餐饮相关,中海九号天地555号附117号,104.048242,30.5811,15502858883,4.5,114.00,石羊场,餐饮服务;餐饮相关场所;餐饮相关
905,马师资格烤羊肉(布鲁明顿店),清真菜馆,桂溪街道交子北二路64号布鲁明顿广场,104.062083,30.585162,13919091470,4.0,79.00,石羊场,餐饮服务;中餐厅;清真菜馆
906,火芯人烧烤(智地哥谭店),购物相关场所,益州大道中段588号智地哥谭广场,104.056003,30.557203,13086683635,4.5,92.00,天府新区,购物服务;购物相关场所;购物相关场所
907,老马资格烤羊肉,中餐厅,成都高新区交子大道411号1层,104.052057,30.581526,15680696312;19980561731,4.2,67.00,石羊场,餐饮服务;中餐厅;中餐厅
908,刘明记乐山烧烤(天府长城店),特色/地方风味餐厅,天府长城天久南巷178号,104.074658,30.592421,028-87797759,4.5,69.00,天府长城,餐饮服务;中餐厅;特色/地方风味餐厅
909,周丹丹原味烧烤(峰度天下店),特色/地方风味餐厅,剑南大道中段555号附113号,104.046885,30.558569,028-85312005;19115979687,4.7,107.00,天府新区,餐饮服务;中餐厅;特色/地方风味餐厅
910,锦一味东北锦州烧烤(新街里店),特色/地方风味餐厅,府城大道西段88号新街里6,104.056875,30.590075,13308023527,4.5,82.00,石羊场,餐饮服务;中餐厅;特色/地方风味餐厅
911,核桃碳烤肉馆(新会展中心店),餐饮相关,世纪城路1046号(世纪城地铁站C口步行370米),104.072422,30.551785,028-67199392,4.5,72.00,四川天府新区成都直管区,餐饮服务;餐饮相关场所;餐饮相关
912,兵马炙烤串酒庄,中餐厅,万象南路669号,104.048857,30.585989,17882451739,4.6,108.00,石羊场,餐饮服务;中餐厅;中餐厅
913,永宏自助西昌火盆烧烤(新街里店),特色/地方风味餐厅,成汉中路185号B1层19,104.05497,30.592208,18009022622,4.5,61.00,石羊场,餐饮服务;中餐厅;特色/地方风味餐厅
914,小贵腹(新街里店),餐饮相关,和盛东街281号,104.055254,30.590947,19828352885,4.5,75.00,石羊场,餐饮服务;餐饮相关场所;餐饮相关
915,秋木烤肉(天鹅湖花园店),外国餐厅,世纪城路1010号一层(世纪城地铁站C口步行440米),104.073144,30.55187,028-62038921;13183856332;17882953350,4.6,111.00,四川天府新区成都直管区,餐饮服务;外国餐厅;外国餐厅
916,炭火匠人烧烤龙虾江湖菜(天府店),中餐厅,高新区吉瑞一路200号4栋一层15号,104.060188,30.557769,15828065548,3.9,53.00,天府新区,餐饮服务;中餐厅;中餐厅
917,烟巷子烧烤(新街里店),餐饮相关,和盛东街283号,104.055166,30.591001,15802811802,4.6,89.00,石羊场,餐饮服务;餐饮相关场所;餐饮相关
918,禾源甲·龙虾·麻辣烤鱼·烧烤(新街里店),火锅店,荟锦路127号,104.055913,30.592733,15378716261,4.5,85.00,石羊场,餐饮服务;中餐厅;火锅店
919,李有福炭火烧烤·贵州鲜烤鸡,中餐厅,高新区吉瑞三路308号,104.060494,30.556302,15196627768,4.4,63.00,大源,餐饮服务;中餐厅;中餐厅
920,巴斯遇见简阳羊肉汤烤羊腿,餐饮相关,吉瑞一路200号2栋附11号,104.060254,30.558279,[],4.0,59.00,四川天府新区成都直管区,餐饮服务;餐饮相关场所;餐饮相关
921,邓瓦烤宜宾烧烤(天府长城店),餐饮相关,天顺路215号,104.070689,30.593756,18708113830,4.5,75.00,桂溪,餐饮服务;餐饮相关场所;餐饮相关
922,厚档市井烧烤·精酿啤酒(新街里店),特色/地方风味餐厅,荟锦路242号(益州大道地铁站B2口步行480米),104.056657,30.589802,[],4.5,51.00,石羊场,餐饮服务;中餐厅;特色/地方风味餐厅
923,大元西 西双版纳傣味烧烤,餐饮相关,成汉中路185号-1层21号,104.054967,30.592232,17781488814,4.4,65.00,石羊场,餐饮服务;餐饮相关场所;餐饮相关
924,夏记烤场,特色/地方风味餐厅,铁像寺二期1栋125号,104.049783,30.559646,19938137882,4.4,64.00,四川天府新区成都直管区,餐饮服务;中餐厅;特色/地方风味餐厅
925,宵兽·云南烧烤街头菜(新街里店),中餐厅,成汉南路185号(新街里二街)负一楼7号,104.055122,30.592835,13368803897,4.6,83.00,石羊场,餐饮服务;中餐厅;中餐厅
926,成都第一家资格烤羊肉(中海·九号公馆店),餐饮相关,石羊街道锦尚西二路514号附101号,104.046957,30.57878,[],4.2,74.00,石羊场,餐饮服务;餐饮相关场所;餐饮相关
927,羊万春地摊烧烤(天久北巷店),餐饮相关,天久北巷110号,104.076019,30.593104,18502829973,4.7,69.00,桂溪,餐饮服务;餐饮相关场所;餐饮相关
928,碳膳月·烧鸟·烤肉(新街里店),餐饮相关,府城大道88号西段附103号,104.057825,30.589125,18780134670,4.3,85.00,石羊场,餐饮服务;餐饮相关场所;餐饮相关
929,蒙羔羊碳火烤羊腿.和牛烧烤(高新区月牙湖店),外国餐厅,吉庆二路与吉瑞三路交叉口西北60米,104.060275,30.556275,19136281667,4.3,71.00,大源,餐饮服务;外国餐厅;外国餐厅
930,清真中和烤牛肉串(公济桥路店),中餐厅,中和街道中和镇公济桥路157号,104.085298,30.561055,18894110086,4.4,83.00,四川天府新区,餐饮服务;中餐厅;中餐厅
931,森材烧烤·大排档(两江国际店)(暂停营业),特色/地方风味餐厅,吉庆一路728号两江国际F1层,104.059067,30.559921,13980888909;18208158046,4.5,93.00,四川天府新区成都直管区,餐饮服务;中餐厅;特色/地方风味餐厅
932,鳗火.烧鸟放题.炭烤一人食(暂停营业),中餐厅,交子大道500号誉峰里133号(浩南家旁),104.051969,30.58338,17716859273,4.5,83.00,石羊场,餐饮服务;中餐厅;中餐厅
933,霸道小龙虾(金融城店)(暂停营业),中餐厅,荟锦路与府城大道西段交叉口北140米,104.056837,30.589696,028-65221833,4.6,111.00,石羊场,餐饮服务;中餐厅;中餐厅
934,胖妹石锅肥肠鱼芋儿鸡烧烤(天鹅湖花园南区店),中餐厅,世纪城路1084号(世纪城地铁站C口步行330米),104.071793,30.551787,15828655633,4.5,92.00,天府新区,餐饮服务;中餐厅;中餐厅
935,新疆古老风味烤羊肉串(航天城上城店),中餐厅,航天城上城639号,104.057155,30.556394,13993054492,4.0,65.00,天府新区,餐饮服务;中餐厅;中餐厅
936,曾百万小炉小串(清凤时代城店),中餐厅,剑南大道中段716号清凤时代城商业3栋2层附220-224号,104.045861,30.556786,[],4.7,67.00,大源,餐饮服务;中餐厅;中餐厅
937,天后烧肉和牛料理,日本料理,天久南巷388号天府长城南熙里2期F1层,104.07301,30.592847,19150279989,4.3,125.00,[],餐饮服务;外国餐厅;日本料理
938,乐山刘记烧烤(新街里店),特色/地方风味餐厅,南城都汇新街里二街B1层3号(中国建行对面),104.05495,30.59355,18708140932,4.3,85.00,石羊场,餐饮服务;中餐厅;特色/地方风味餐厅
939,丹·烧烤厨房(峰度天下店),特色/地方风味餐厅,成都市高新区盛安街380-382号1层,104.047388,30.558144,17358605621,4.6,335.00,天府新区,餐饮服务;中餐厅;特色/地方风味餐厅
940,草屋烧烤(天府长城·南熙里店),中餐厅,天久北巷139-附21号,104.074475,30.592575,13309094841,4.4,58.00,天府长城,餐饮服务;中餐厅;中餐厅
941,新疆麦麦提大盘鸡烧烤店,清真菜馆,成都高新区荟锦路269号,104.056612,30.590235,[],4.4,40.00,石羊场,餐饮服务;中餐厅;清真菜馆
942,"亿兴烧烤•自贡江湖菜•烤鱼(20年好店,黑金店)",餐饮相关,天益街78号附13号(高新地铁站B口步行240米),104.061216,30.594483,13618031886,4.5,52.00,石羊场,餐饮服务;餐饮相关场所;餐饮相关
943,新疆金宫烤肉店(缤纷天地店),特色/地方风味餐厅,天久北巷88号缤纷天地F1层,104.077368,30.593391,18016986662;18111238898,4.5,84.00,桂溪,餐饮服务;中餐厅;特色/地方风味餐厅
944,阿星爆汁烧烤,特色/地方风味餐厅,吉庆一街288号润莱金座2栋1层附103号,104.059246,30.553413,19382244872,4.1,63.00,四川天府新区成都直管区,餐饮服务;中餐厅;特色/地方风味餐厅
945,无名肥肠·江湖菜·烧烤,中餐厅,天府二街269号恒大珺临阁29栋111号,104.062659,30.550245,19980783416,4.5,73.00,天府新区,餐饮服务;中餐厅;中餐厅
946,李姐塞上羊府(新街里第二街店),中餐厅,成汉中路185号新街里美食街负一楼,104.054956,30.593478,18190868788,4.6,103.00,石羊场,餐饮服务;中餐厅;中餐厅
947,杰哥烧烤(新街里店),特色/地方风味餐厅,成汉中路139号新街里2街,104.054652,30.593169,18279055630,4.5,52.00,石羊场,餐饮服务;中餐厅;特色/地方风味餐厅
948,乌苏烧烤·大乌苏小烧烤(天府长城第61分店),中餐厅,缤纷天地天久北巷62号,104.076654,30.593095,13350897595,4.5,72.00,柳江,餐饮服务;中餐厅;中餐厅
949,飞岔岔·西昌串烧(新街里金街店),中餐厅,万象北路222号新街里金街负一层57号,104.053122,30.593585,18502877197,4.5,59.00,石羊场,餐饮服务;中餐厅;中餐厅
950,撸个串,中餐厅,石羊街道荟锦路265号附106号,104.056579,30.590712,17708169653,3.7,34.00,石羊场,餐饮服务;中餐厅;中餐厅
951,宜宾烤五花江湖菜,中餐厅,天府二街269号恒大珺临阁F1层,104.061939,30.550963,15882219577,4.1,78.00,大源,餐饮服务;中餐厅;中餐厅
952,盐坝.鲜货烧烤(高新凤凰城店),特色/地方风味餐厅,盛华北路367号,104.054658,30.553012,19302868486,4.4,82.00,大源,餐饮服务;中餐厅;特色/地方风味餐厅
953,夏哥火爆自贡菜(蜀都中心店),中餐厅,吉瑞四路340号附23号,104.064475,30.553225,[],4.0,37.00,大源,餐饮服务;中餐厅;中餐厅
954,草原第一家资格烤羊肉(中和总店),清真菜馆,中和油炸房街21号,104.085738,30.560224,13993053497,4.1,59.00,中和,餐饮服务;中餐厅;清真菜馆
955,乐山鲜货烧烤大排档,餐饮相关,世纪城路972号乐山鲜货烧烤,104.073156,30.551837,18208111577,4.5,89.00,天府新区,餐饮服务;餐饮相关场所;餐饮相关
956,醉小侠鲜货烧烤(高新区8年好店),特色/地方风味餐厅,成都高新区剑南大道中段716号3栋附106号,104.045858,30.556422,17780650657,4.6,60.00,四川天府新区成都直管区,餐饮服务;中餐厅;特色/地方风味餐厅
957,生火火·地毯小炉子烧烤(清凤时代店),中餐厅,"成都高新区剑南大道中段716号3栋2层附228,229,230号",104.045871,30.55665,18980718086,4.6,79.00,大源,餐饮服务;中餐厅;中餐厅
958,68烧烤铁板冷淡杯(油榨房街店),特色/地方风味餐厅,高新区中和街道油炸房间40号,104.085143,30.559643,13730607291;13880413101,4.1,49.00,中和,餐饮服务;中餐厅;特色/地方风味餐厅
959,广东扇贝王(世纪城店),海鲜酒楼,世纪城路1055号(会展中心南门对面),104.073667,30.55109,17844706949,4.4,71.00,四川天府新区成都直管区,餐饮服务;中餐厅;海鲜酒楼
960,破瓦房大排档鲜货烧烤,餐饮相关,世纪城路1062号(世纪城地铁站C口步行340米),104.072103,30.55174,19938476687,4.3,77.00,四川天府新区成都直管区,餐饮服务;餐饮相关场所;餐饮相关
961,乐山烤地,中餐厅,城乡建设研究院东北门旁,104.041332,30.58001,13547988838,4.3,57.00,石羊场,餐饮服务;中餐厅;中餐厅
962,夏都第一家资格烤羊肉(新街里店),中餐厅,成汉中路185号-负1楼34号,104.054975,30.593425,17697154715,4.3,60.00,石羊场,餐饮服务;中餐厅;中餐厅
963,赵二巡味鲜货烧烤,特色/地方风味餐厅,天府二街恒大珺临阁269号附104号,104.061725,30.550925,15583415996,4.2,53.00,四川天府新区成都直管区,餐饮服务;中餐厅;特色/地方风味餐厅
964,蓉城江湖菜·烤鱼·鲜货烧烤(天益街店),中餐厅,天益街78号附8号(高新地铁站B口步行210米),104.061382,30.594524,18113159139,3.9,75.00,石羊场,餐饮服务;中餐厅;中餐厅
965,小冤家炭火烧烤自贡爆炒江湖菜,中餐厅,剑南大道中段716号3栋附105号,104.045909,30.556247,18781012460,4.3,69.00,四川天府新区成都直管区,餐饮服务;中餐厅;中餐厅
966,老马资格烤羊肉(天府二街店),中餐厅,高新区天府二街269号恒大君临阁老马资格烤肉店,104.062175,30.550775,19282821550,4.0,40.00,大源,餐饮服务;中餐厅;中餐厅
967,西北烧烤美食城,餐饮相关,成都市高新区世纪城路996号,104.073275,30.551768,13408630169;17693300169,4.3,68.00,四川天府新区,餐饮服务;餐饮相关场所;餐饮相关
968,烤火巷·烤羊腿·东北烧烤(高新店),餐饮相关,盛邦街538号,104.044686,30.555937,[],4.5,97.00,天府新区,餐饮服务;餐饮相关场所;餐饮相关
969,南门虾大侠盱眙龙虾·乐山烧烤(天府三街店),特色/地方风味餐厅,桂溪街道吉泰二路256号,104.061504,30.548382,18180633306,4.4,54.00,四川天府新区成都直管区,餐饮服务;中餐厅;特色/地方风味餐厅
970,猪一旦凉山烤小猪(新街里店)(暂停营业),餐饮相关,万象北路222号新街里金街负1层,104.052725,30.593775,17313007208,4.2,66.00,石羊场,餐饮服务;餐饮相关场所;餐饮相关
971,蜀滋坊宜宾烤五花江湖菜(中和店),四川菜(川菜),中和镇公济路47号,104.089683,30.561455,15928327888,4.3,69.00,天府新区,餐饮服务;中餐厅;四川菜(川菜)
972,新疆碳烤羊肉串,中餐厅,成都高新区成汉中路185号负一楼,104.054875,30.593475,17697154715,3.8,64.00,石羊场,餐饮服务;中餐厅;中餐厅
973,楼高高宜宾鲜货烧烤,特色/地方风味餐厅,剑南大道中段718号,104.045855,30.556903,13330772614,4.3,71.00,大源,餐饮服务;中餐厅;特色/地方风味餐厅
974,玖里东北烧烤(禹洲山河峯荟店),特色/地方风味餐厅,石羊街道万象北路222号负一楼14号,104.052532,30.59343,13836006539;15328030337,4.0,88.00,石羊场,餐饮服务;中餐厅;特色/地方风味餐厅
975,屯李任齐齐哈尔烤右(天府三街店),外国餐厅,天府三街288号迈普大厦F1层,104.059386,30.547365,028-60707278;19950199238,4.6,83.00,大源,餐饮服务;外国餐厅;外国餐厅
976,老马家资格烤羊肉(清凤时代城店),清真菜馆,剑南大道中段清凤时代城720号,104.045899,30.556938,18108244453;18584895538,4.0,51.00,四川天府新区成都直管区,餐饮服务;中餐厅;清真菜馆
977,木屋烧烤(高新天府三街店),中餐厅,天府三街峰汇中心2栋210号,104.06189,30.547101,028-62050369,4.5,99.00,天府新区,餐饮服务;中餐厅;中餐厅
978,破摊儿烧烤,餐饮相关,昆和路88号附112号,104.044222,30.589954,15528213632;18582874801,4.5,79.00,石羊场,餐饮服务;餐饮相关场所;餐饮相关
979,烤无双(苕皮豆干小吃烧烤串串·清风时代城店),中餐厅,盛邦街510号,104.045598,30.55616,19938041837,3.7,20.00,四川天府新区成都直管区,餐饮服务;中餐厅;中餐厅
980,阿吉烧烤铺(高新店),特色/地方风味餐厅,成都市高新区荣华北路76号1栋附114号,104.043912,30.556178,18123278741,4.4,76.00,大源,餐饮服务;中餐厅;特色/地方风味餐厅
981,汉巴味德(成都银泰城店),特色/地方风味餐厅,益州大道1999号大源银泰城商场4层,104.059183,30.541504,028-65047676,4.7,83.00,四川天府新区,餐饮服务;中餐厅;特色/地方风味餐厅
982,拾贰月·下午茶·烧烤烤肉(新会展中心店),咖啡厅,世纪城路777号附47号江滩公园内,104.082805,30.552386,15828188636,4.1,49.00,四川天府新区成都直管区,餐饮服务;咖啡厅;咖啡厅
983,排烧鲜货烧烤(梓州大道店),特色/地方风味餐厅,梓州大道234号,104.086283,30.552492,[],4.6,93.00,四川天府新区成都直管区,餐饮服务;中餐厅;特色/地方风味餐厅
984,he's何师烧烤(Upark公园店),中餐厅,富华北路666号1栋附201号,104.039822,30.554841,13378102295;17844551736,4.6,80.00,天府新区,餐饮服务;中餐厅;中餐厅
985,屯李任齐齐哈尔烤右(鹭洲里店),中餐厅,天府二街1033号鹭洲里A区F2层2042号,104.042107,30.550787,028-62695186,4.6,100.00,四川天府新区成都直管区,餐饮服务;中餐厅;中餐厅
986,姜胖胖无限自助烤肉(凯德天府店),餐饮相关,天仁路388号凯德天府L6层,104.069854,30.602744,028-62034779,4.5,65.00,桂溪,餐饮服务;餐饮相关场所;餐饮相关
987,洞岛主烧肉放题专门店(鹭洲里店),日本料理,天府二街1033号建发鹭洲里6栋1楼165号-166号-167号店铺,104.042841,30.549577,16628031349,4.6,134.00,大源,餐饮服务;外国餐厅;日本料理
988,俊熙家点餐式自助烤肉(武侯区凯德天府店),中餐厅,天仁路388号凯德天府购物中心5楼(溜冰场对面),104.068697,30.602984,17781710040,4.5,89.00,桂溪,餐饮服务;中餐厅;中餐厅
989,韩吉烧自助烤肉铺(苏宁城市奥莱店),外国餐厅,高新区苏宁广场城市奥特莱斯5层510A,104.066164,30.601486,028-83382368,4.3,62.00,桐梓林,餐饮服务;外国餐厅;外国餐厅
990,干休烤肥排(中和店),餐饮相关,中柏路58号(中和派出所),104.092693,30.557265,13880595030,4.5,57.00,中和,餐饮服务;餐饮相关场所;餐饮相关
991,和牧吉市·烤活鳗·精选自助烤肉(凯德新南店),中餐厅,盛和一路99号凯德广场(新南店)北门四楼守柴炉烤鸭旁,104.063115,30.602452,028-60707176;19938905528,4.6,86.00,桐梓林,餐饮服务;中餐厅;中餐厅
992,马老四资格烤羊肉串,餐饮相关,仁和南街63号(三元地铁站F口步行400米),104.029832,30.581437,13321343393,4.6,63.00,石羊场,餐饮服务;餐饮相关场所;餐饮相关
993,竹涟烧肉(世豪翡丽店),日本料理,剑南大道中段1198号世豪荟2楼,104.045983,30.54743,[],4.6,100.00,天府新区,餐饮服务;外国餐厅;日本料理
994,探烤碳火烤肉自助,餐饮相关,天府大道北段8号苏宁广场F5层,104.066071,30.601967,19115935903,4.5,70.00,桐梓林,餐饮服务;餐饮相关场所;餐饮相关
995,东大荒路边摊烤串(鹭洲里店),餐饮相关,"天府二街1033号6栋附3071、3072、3073、3074、3075、3091,3092、3093",104.042805,30.550385,15882258128,4.5,52.00,四川天府新区成都直管区,餐饮服务;餐饮相关场所;餐饮相关
996,和匠烤肉(世豪广场店),中餐厅,剑南大道中段998号世豪广场五楼(海底捞旁),104.045797,30.549312,028-64007123,4.4,115.00,大源,餐饮服务;中餐厅;中餐厅
997,熏牛美式烤肉(鹭洲里店),餐饮相关,荣华南路543号(大源地铁站B1口步行420米),104.043023,30.549819,19138989695,4.6,92.00,大源,餐饮服务;餐饮相关场所;餐饮相关
998,老马家资格烤羊肉(南延新苑店),中餐厅,成都市高新区天和路12、20号1层13号,104.074414,30.598649,19983194527,4.3,49.00,桂溪,餐饮服务;中餐厅;中餐厅
999,竹涟烧肉(银泰城店),日本料理,益州大道1999号银泰城购物中心4楼(商场内),104.058697,30.541453,[],4.6,108.00,四川天府新区,餐饮服务;外国餐厅;日本料理
1000,秦牌牌.榴莲烤串自助(高新合生广场店),中餐厅,中和街道朝阳路520号高新合生广场五层511号,104.100659,30.562978,17780716351,4.6,57.00,中和,餐饮服务;中餐厅;中餐厅
1001,阿亲家.韩式无限烤肉(银泰城店),中餐厅,吉泰六路37号,104.059798,30.539889,19158808054,4.6,70.00,大源,餐饮服务;中餐厅;中餐厅
1002,山葵说·首尔自助烤肉(世豪广场店),韩国料理,天府二街998号世豪广场5F层(大源地铁站出入口旁),104.04439,30.550404,19013216872,4.3,84.00,大源,餐饮服务;外国餐厅;韩国料理
1003,盐味人家盐帮菜•烧烤,中餐厅,剑南大道中段1370号1层,104.045822,30.546305,028-85555290;19302865768,4.6,50.00,四川天府新区成都直管区,餐饮服务;中餐厅;中餐厅
1004,稽炙牛现切烤肉自助专门店(成都银泰城店),中餐厅,益州大道1999号成都银泰城L5层L5015,104.058884,30.541093,13146224258,4.5,89.00,四川天府新区成都直管区,餐饮服务;中餐厅;中餐厅
1005,添福烙·贵州食集烙锅烤肉(鹭洲里店),中餐厅,荣华南路543号(大源地铁站B2口步行420米),104.042518,30.549557,18683720022,4.5,65.00,大源,餐饮服务;中餐厅;中餐厅
1006,本武藏炭花·日式烧肉(凯德天府店),日本料理,天仁路388号凯德天府5层k08号,104.069487,30.602739,028-89106461,4.4,88.00,桂溪,餐饮服务;外国餐厅;日本料理
1007,好野烧烤摊(中柏路店),综合酒楼,高新区中柏路251号,104.095264,30.55397,17358502419;17882953370,4.6,119.00,中和,餐饮服务;中餐厅;综合酒楼
1008,太婆烧烤(蓝色钻石店),特色/地方风味餐厅,中和街道巢础巷33号蓝色钻石北区西南侧,104.091628,30.558444,13440011983,4.0,69.00,中和,餐饮服务;中餐厅;特色/地方风味餐厅
1009,失野荟·日料酒肆(世豪荟店),日本料理,剑南大道中段998号世豪翡丽,104.045675,30.547275,19160367867,4.4,135.00,大源,餐饮服务;外国餐厅;日本料理
1010,李不管把把烧(火车南站店),特色/地方风味餐厅,人民南路四段58号附3号1层,104.065834,30.608995,13408696768,4.7,85.00,桐梓林,餐饮服务;中餐厅;特色/地方风味餐厅
1011,也好烧烤,特色/地方风味餐厅,仁和社区居委会西南门旁,104.09517,30.554047,17358502419,4.5,77.00,天府新区,餐饮服务;中餐厅;特色/地方风味餐厅
1012,寻羊羊烤全羊·柴火鸡(南门金融城店),餐饮相关,新园南二路9号,104.042625,30.591175,18880405978,4.6,90.00,石羊场,餐饮服务;餐饮相关场所;餐饮相关
1013,太婆烧烤总店(普得·先锋国际店),餐饮相关,梓州大道200号普得·先锋国际,104.086718,30.552151,15828695336,4.4,66.00,中和,餐饮服务;餐饮相关场所;餐饮相关
1014,龙山烧肉(银泰城店),日本料理,天香北门东90米,104.059851,30.539918,028-89160966,4.5,89.00,大源,餐饮服务;外国餐厅;日本料理
1015,围满停车场烧烤(盛源街店),餐饮相关,盛源街295号,104.044721,30.544505,18884889913,4.5,70.00,四川天府新区成都直管区,餐饮服务;餐饮相关场所;餐饮相关
1016,破店肥哈·东北烧烤(天府三街店),特色/地方风味餐厅,成都高新区盛源街283号1层,104.045065,30.544463,028-60707066,4.6,69.00,大源,餐饮服务;中餐厅;特色/地方风味餐厅
1017,马哥鲜货烧烤.大排档·小龙虾(自贡爆炒高新店),特色/地方风味餐厅,南华路1485-1487号,104.036653,30.549711,15882213481,4.6,55.00,大源,餐饮服务;中餐厅;特色/地方风味餐厅
1018,文社长自助烤肉食堂(银泰城店),中餐厅,银泰城4层,104.058285,30.541784,028-67044830,4.4,72.00,大源商圈,餐饮服务;中餐厅;中餐厅
1019,翠姐烧烤,特色/地方风味餐厅,广和一街232号(火车南站地铁站E口步行390米),104.061226,30.605394,13438365550,4.6,77.00,桐梓林,餐饮服务;中餐厅;特色/地方风味餐厅
1020,北木南烤肉和酒·无限自助烤肉(中和店),中餐厅,中柏路216号,104.094479,30.554648,13504200452,4.3,60.00,天府新区,餐饮服务;中餐厅;中餐厅
1021,乐山刘记烧烤(天府四街店),中餐厅,盛源街807号2栋附101号,104.048227,30.543472,18208161991,4.4,70.00,四川天府新区成都直管区,餐饮服务;中餐厅;中餐厅
1022,白记一把盐宁夏滩羊烧烤(银泰城店),特色/地方风味餐厅,吉泰六路190号1层,104.057886,30.539764,13980006030,4.6,82.00,四川天府新区,餐饮服务;中餐厅;清真菜馆|餐饮服务;中餐厅;特色/地方风味餐厅
1023,锅盖烤肉(大源店),中餐厅,南华路1469号,104.036662,30.549415,18382226905,4.6,65.00,天府新区,餐饮服务;中餐厅;中餐厅
1024,金屋烧肉(银泰城店),日本料理,桂溪街道银泰城5楼,104.058475,30.541779,18180173281,4.5,103.00,四川天府新区成都直管区,餐饮服务;外国餐厅;日本料理
1025,乐山王烧烤(天和西一街总店),特色/地方风味餐厅,火车南站街道天和西一街210号,104.072271,30.602461,15982184438,4.5,87.00,桂溪,餐饮服务;中餐厅;特色/地方风味餐厅
1026,李不管把把烧(天府三街店),餐饮相关,天府三街1390-1398号,104.04107,30.546859,18783164047,4.6,80.00,四川天府新区成都直管区,餐饮服务;餐饮相关场所;餐饮相关
1027,醉西昌火盆烧烤(银泰城店),中餐厅,桂溪街道益州大道1999号10栋附210(二楼),104.058561,30.539907,18280313522,4.5,78.00,四川天府新区成都直管区,餐饮服务;中餐厅;中餐厅
1028,韩小悦牛排烤肉无限续(高新合生广场店),餐饮相关,中和街道高新合生广场5楼506号,104.100527,30.563022,028-68335928,4.1,60.00,天府新区,餐饮服务;餐饮相关场所;餐饮相关
1029,山形炭火烧肉,日本料理,吉泰六路162号(银泰城悦坊11号楼山形日料旁),104.058603,30.539851,028-62035666,4.5,133.00,四川天府新区成都直管区,餐饮服务;外国餐厅;日本料理
1030,杨老头鲜货烧烤(保利星荟店),特色/地方风味餐厅,盛源街277号保利星荟106.107号,104.044976,30.543806,18161181594,4.6,73.00,四川天府新区成都直管区,餐饮服务;中餐厅;特色/地方风味餐厅
1031,大福食堂·山葵烤肉料理(世豪广场店),韩国料理,剑南大道中段998号5层C513号,104.045212,30.550299,19182123579,4.1,76.00,大源商圈,餐饮服务;外国餐厅;韩国料理
1032,秋木烤肉(天府三街店),韩国料理,区盛源街277号5栋2层附217号,104.044929,30.544314,17311489978,4.5,125.00,大源,餐饮服务;外国餐厅;韩国料理
1033,星巴克(成都SKP店),星巴克咖啡,天府大道北段2001成都SKP北馆2层D2104之1号星巴克专柜,104.070175,30.571025,028-67871820,4.3,30.00,交子商圈,餐饮服务;咖啡厅;星巴克咖啡
1034,LAVAZZA拉瓦萨咖啡(成都招商大魔方店),咖啡厅,天府大道北段1777号大魔方招商花园城B馆1层第L1029号商铺,104.070869,30.573701,19108026201,4.2,32.00,交子商圈,餐饮服务;咖啡厅;咖啡厅
1035,瑞幸咖啡(拉德方斯大厦店),咖啡厅,天府大道北段1480号拉德方斯大厦西楼一层大堂,104.064525,30.574675,4000100100,4.0,13.00,石羊场,餐饮服务;咖啡厅;咖啡厅
1036,猫屎咖啡(环球中心旗舰店),咖啡厅,天府大道北段1700号环球中心四楼,104.064095,30.569004,15002879717,4.2,27.00,交子商圈,餐饮服务;咖啡厅;咖啡厅
1037,MStand(成都SKP店),购物相关场所,天府大道北段2001号成都SKP商场D1104-1号,104.070093,30.568368,18616396457,4.3,28.00,交子商圈,购物服务;购物相关场所;购物相关场所
1038,% Arabica阿拉比卡咖啡(SKP店),餐饮相关,天府大道北段2001号成都SKP F1层,104.070504,30.56817,19946253547,4.3,42.00,四川天府新区,餐饮服务;餐饮相关场所;餐饮相关
1039,星巴克(成都环球中心II店),星巴克咖啡,"天府大道北段1700号环球中心2F层(东2门进入直行40m,扶梯上到2F可见)",104.064854,30.569118,028-65199827,4.3,30.00,交子商圈,餐饮服务;咖啡厅;星巴克咖啡
1040,海德林咖啡餐厅,咖啡厅,天府大道北段1777号成都大魔方招商花园城A馆5楼5009,104.071059,30.57431,028-86055993,4.5,87.00,交子商圈,餐饮服务;咖啡厅;咖啡厅
1041,瑞幸咖啡(环球中心E3店),咖啡厅,桂溪街道锦悦西路147号新世纪环球购物中心E3一层大堂,104.064626,30.569831,4000100100,4.0,13.00,交子商圈,餐饮服务;咖啡厅;咖啡厅
1042,Manner Coffee(成都SKP店),咖啡厅,桂溪街道天府大道北段2001号成都SKP F1层,104.070445,30.56836,16621025363,4.3,21.00,交子商圈,餐饮服务;咖啡厅;咖啡厅
1043,库迪咖啡(成都环球中心E2店),餐饮相关,桂溪街道天府大道北段1700号环球中心E2大厅,104.065193,30.568119,18228059864,3.9,9.00,交子商圈,餐饮服务;餐饮相关场所;餐饮相关
1044,野鸽子咖啡(中航店),咖啡厅,益州大道北段777号中航·国际交流中心F1层,104.061,30.577805,028-60109296,4.5,32.00,石羊场,餐饮服务;咖啡厅;咖啡厅
1045,星巴克(环球中心店一店),星巴克咖啡,天府大道1700号新世纪环球中心购物中心1FB20,104.064724,30.570345,028-68730823,4.3,25.00,交子商圈,餐饮服务;咖啡厅;星巴克咖啡
1046,瑞幸咖啡(西南设计院总部店),咖啡厅,天府大道北段1777号中国太平金融大厦一层大堂,104.069545,30.57261,4000100100,4.0,13.00,交子商圈,餐饮服务;咖啡厅;咖啡厅
1047,库迪咖啡(成都招商大魔方店),咖啡厅,科华南路1366号附1081号(招商大魔方A馆9号门外斜对面),104.071694,30.573995,17318614819,3.9,9.00,交子商圈,餐饮服务;咖啡厅;咖啡厅
1048,止薯咖啡,咖啡厅,桂溪街道天府大道北段1777号成都大魔方招商花园城A馆负一楼,104.070825,30.575425,[],4.1,18.00,交子商圈,餐饮服务;咖啡厅;咖啡厅
1049,星巴克(成都大魔方招商花园城店),星巴克咖啡,天府大道北段1777号(心岛地铁站出入口步行250米)成都大魔方招商花园城L1层(A馆1号门附近),104.070926,30.574948,028-65177206,4.4,30.00,交子商圈,餐饮服务;咖啡厅;星巴克咖啡
1050,幸运咖(招商大魔方店),咖啡厅,高新区科华南路1366号附1078号,104.071978,30.574222,18676110563,3.8,10.00,交子商圈,餐饮服务;咖啡厅;咖啡厅
1051,瑞幸咖啡(环球中心N1店),咖啡厅,锦悦西路147号新世纪环球购物中心N1一层大堂,104.064485,30.570944,4000100100,3.8,13.00,交子商圈,餐饮服务;咖啡厅;咖啡厅
1052,春莱·泰式奶茶·老挝冰咖啡(环球购物中心店),冷饮店,环球购物中心B馆负一楼B1L10(煎饼道隔壁),104.064775,30.567675,18479702047,3.9,17.00,交子商圈,餐饮服务;冷饮店;冷饮店
1053,库迪咖啡(成都锦城万达店),餐饮相关,锦城大道666号锦城万达1F集市内,104.062175,30.576275,15928541160,3.9,9.00,交子商圈,餐饮服务;餐饮相关场所;餐饮相关
1054,Manner Coffee(成都锦城万达广场店),咖啡厅,桂溪街道锦城大道666号成都锦城万达广场西区一楼YX-CX-PCD-118号,104.062011,30.576753,[],3.9,20.00,交子商圈,餐饮服务;咖啡厅;咖啡厅
1055,星巴克臻选成都锦城万达广场店,星巴克咖啡,锦城大道666号奥克斯广场4栋一层附13-2号,104.060878,30.575857,028-85189974,4.6,30.00,石羊场,餐饮服务;咖啡厅;星巴克咖啡
1056,西西弗书店&矢量咖啡(成都大魔方招商花园城店),汽车销售,天府大道北段1777号成都大魔方招商花园城LG1层LG1063-1商铺,104.071277,30.574399,[],4.3,[],交子商圈,汽车销售;汽车销售;汽车销售
1057,瑞幸咖啡(奥克斯广场A座店),咖啡厅,锦城大道666号奥克斯广场A座一层大堂,104.062827,30.575915,4000100100,4.2,13.00,石羊场,餐饮服务;咖啡厅;咖啡厅
1058,Peet's皮爷咖啡(成都交子大道店),咖啡厅,交子大道193号,104.057791,30.582083,19150324536,4.6,39.00,石羊场,餐饮服务;咖啡厅;咖啡厅
1059,库迪咖啡(成都德商国际A座店),餐饮相关,桂溪街道天府大道北段1480号德商国际A座大堂,104.060725,30.574775,19150351719,3.9,9.00,交子商圈,餐饮服务;餐饮相关场所;餐饮相关
1060,M Stand(中国华商金融中心店),餐饮相关,交子大道33号中国华商金融中心1F层130-1号,104.063436,30.581686,16621681070,4.4,28.00,交子商圈,餐饮服务;餐饮相关场所;餐饮相关
1061,星巴克(成都金融城店),星巴克咖啡,天府大道北段996号8号楼天府国际金融中心2层,104.066794,30.580773,028-63296806,4.3,30.00,石羊场,餐饮服务;咖啡厅;星巴克咖啡
1062,LEMIEL COFFEE(中海国际中心店),咖啡厅,交子大道333号中海国际中心E座F1层,104.055432,30.581664,028-87799888,4.7,75.00,石羊场,餐饮服务;中餐厅;中餐厅|餐饮服务;咖啡厅;咖啡厅
1063,瑞幸咖啡(环球中心E5店),咖啡厅,天府大道北段1656号环球中心E5一层大堂,104.064783,30.570644,4000100100,3.8,13.00,交子商圈,餐饮服务;咖啡厅;咖啡厅
1064,Manner Coffee(成都银泰中心in99店),咖啡厅,天府大道1199号成都银泰中心L1层,104.070755,30.584753,[],4.5,20.00,交子商圈,餐饮服务;咖啡厅;咖啡厅
1065,库迪咖啡(楚峰国际中心店),咖啡厅,桂溪街道蜀锦路88号楚峰国际美食街1楼,104.063313,30.578448,19934051901,3.9,9.00,石羊场,餐饮服务;咖啡厅;咖啡厅
1066,M Stand(悠方购物中心店),服装鞋帽皮具店,交子大道悠方购物中心外部N3-1号(玻璃房子),104.058328,30.583109,18521076040,4.4,37.00,石羊场,餐饮服务;咖啡厅;咖啡厅|购物服务;服装鞋帽皮具店;服装鞋帽皮具店
1067,星巴克臻选(悠方购物中心店),星巴克咖啡,交子大道300号悠方购物中心1楼,104.058792,30.5833,028-87610413,4.6,30.00,金融城央双地铁全业态商业街区,餐饮服务;咖啡厅;星巴克咖啡
1068,Ora Coffee 成都银泰中心店,咖啡厅,成都银泰中心in99L101e号(近商场2号门Wagas旁),104.069067,30.585537,17360275028,4.5,24.00,交子商圈,餐饮服务;咖啡厅;咖啡厅
1069,瑞幸咖啡(国创中心店),餐饮相关,招商大魔方国创中心写字楼,104.070618,30.57267,4000100100,4.2,13.00,交子商圈,餐饮服务;餐饮相关场所;餐饮相关
1070,马尾咖啡(成都保利时光里店),咖啡厅,吉瑞二路99号成都保利时光里1F层1020,104.062609,30.557121,028-86335431,4.6,43.00,四川天府新区成都直管区,餐饮服务;咖啡厅;咖啡厅
1071,库迪咖啡(成都中航国际交流中心店),咖啡厅,益州大道北段777号中航·国际交流中心F1层,104.061007,30.577739,18008026487,3.9,9.00,石羊场,餐饮服务;咖啡厅;咖啡厅
1072,JR.Cafe&Bar(交子节奏咖啡餐酒吧),咖啡厅,锦尚大桥与科华南路交叉口东南40米,104.077818,30.578925,18080880790,4.6,38.00,交子商圈,餐饮服务;咖啡厅;咖啡厅
1073,星巴克咖啡(成都银泰中心7F店),星巴克咖啡,天府大道北段99号,104.070022,30.584978,028-65170857,4.6,30.00,交子商圈,餐饮服务;咖啡厅;星巴克咖啡
1074,VivienneWestwood(成都银泰in99店),品牌服装店,桂溪街道天府大道银泰中心IN99一楼L111,104.070056,30.58486,028-61505485,4.4,[],交子商圈,购物服务;服装鞋帽皮具店;品牌服装店
1075,瑞幸咖啡(德商国际店),咖啡厅,益州大道北段1408号德商国际B座1层大厅,104.06032,30.574311,4000100100,3.9,13.00,石羊场,餐饮服务;咖啡厅;咖啡厅
1076,良木缘咖啡西餐·约会主题店(仁和新城店),餐饮相关,成汉南路仁和新城A座二层219号,104.053961,30.587364,19981228550,4.7,90.00,石羊场,餐饮服务;餐饮相关场所;餐饮相关
1077,库迪咖啡(嘉煜金融科技中心店),餐饮相关,桂溪街道名都路166号嘉煜金融科技中心大堂,104.072464,30.578614,15928568179,4.2,9.00,交子商圈,餐饮服务;餐饮相关场所;餐饮相关
1078,Tims天好咖啡(银泰中心in99店),咖啡厅,天府大道1199号成都银泰中心IN99B122号商铺,104.070634,30.585229,13679048056,4.1,28.00,交子商圈,餐饮服务;咖啡厅;咖啡厅
1079,星巴克(成都中海环宇荟店),星巴克咖啡,交子大道233号,104.056103,30.581669,028-85352440,4.5,30.00,石羊场,餐饮服务;咖啡厅;星巴克咖啡
1080,三立方(双子塔店),餐饮相关,双子塔B1层(金融城地铁站D口步行130米),104.064972,30.582594,[],4.0,12.00,石羊场,餐饮服务;餐饮相关场所;餐饮相关
1081,瑞幸咖啡(楚峰国际店),咖啡厅,蜀锦路88号楚峰国际一层大堂,104.063801,30.578428,4000100100,4.1,13.00,石羊场,餐饮服务;咖啡厅;咖啡厅
1082,MERHABA Coffee(交子大道店),咖啡厅,中国自由贸易试验区高新区交子大道333号附1号(中海国际中心E座),104.055136,30.581929,18602831173,4.6,36.00,金融城央双地铁全业态商业街区,餐饮服务;咖啡厅;咖啡厅
1083,库迪咖啡(天府国际金融城店),咖啡厅,天府国际金融中心8号楼1层,104.066953,30.58091,18982199961,4.0,9.00,交子商圈,餐饮服务;咖啡厅;咖啡厅
1084,Manner Coffee(成都华商店),咖啡厅,交子南二路与交子大道交叉口东南120米,104.062759,30.581556,[],4.0,20.00,石羊场,餐饮服务;咖啡厅;咖啡厅
1085,星巴克(成都银泰中心7F店),星巴克咖啡,高新区天府大道北段1199号银泰中心1F,104.070012,30.585571,028-86051422,4.3,30.00,交子商圈,餐饮服务;咖啡厅;星巴克咖啡
1086,Grid Coffee(银泰in99店),咖啡厅,桂溪街道天府大道北段1199号成都银泰中心in99一层L132b号铺位,104.070368,30.585364,17813657205,4.4,32.00,交子商圈,餐饮服务;咖啡厅;咖啡厅
1087,瑞幸咖啡(泰达时代中心店),咖啡厅,天府大道北段1288号泰达时代中心F1层,104.066866,30.577069,4000100100,4.2,13.00,石羊场,餐饮服务;咖啡厅;咖啡厅
1088,首座万豪酒店·大堂吧,五星级宾馆,天府大道北段999号万豪酒店1楼,104.069413,30.586965,028-80647758,4.5,[],交子商圈,住宿服务;宾馆酒店;五星级宾馆
1089,羿庭·大堂吧(华尔道夫酒店),餐饮相关,天府大道北段1199号华尔道夫酒店49楼(近银泰中心in99),104.06893,30.584515,028-68706051,4.2,218.00,交子商圈,餐饮服务;餐饮相关场所;餐饮相关
1090,成都世纪城天堂洲际大饭店·廊桥咖啡厅·海鲜自助餐厅,餐饮相关,世纪城路88号世纪城天堂洲际大饭店1楼,104.072159,30.559715,028-85380530,4.2,179.00,四川天府新区,餐饮服务;餐饮相关场所;餐饮相关
1091,星巴克臻选(成都招商花园城店),星巴克咖啡,府城大道中段88号中航城市广场一层L123和L125单元,104.065455,30.589258,028-63296826,4.5,30.00,石羊场,餐饮服务;咖啡厅;星巴克咖啡
1092,LAVAZZA拉瓦萨咖啡(成都银泰中心店),咖啡厅,天府大道1199号成都银泰中心B1层,104.070475,30.585275,19938075982,3.9,25.00,交子商圈,餐饮服务;咖啡厅;咖啡厅
1093,瑞幸咖啡(盈创动力科技金融大厦店),餐饮相关,锦城大道539号盈创动力科技金融大厦F1层,104.063237,30.575164,4000100100,3.8,13.00,交子商圈,餐饮服务;餐饮相关场所;餐饮相关
1094,13+MiNiBUS Cafe(成都交子大道店),咖啡厅,东方希望中心一楼(金融城地铁站B口步行360米),104.060934,30.581875,15276228999,4.4,23.00,石羊场,餐饮服务;咖啡厅;咖啡厅
1095,慢餐-煎饼咖啡豆浆,餐饮相关,成汉南路366号中海城南华府2栋附102号,104.054043,30.58075,16602635622,4.1,24.00,石羊场,餐饮服务;餐饮相关场所;餐饮相关
1096,星巴克(世纪城新会展店),星巴克咖啡,天府大道中段1号世纪城新会展,104.074875,30.559275,028-65161011,4.6,30.00,四川天府新区成都直管区,餐饮服务;咖啡厅;星巴克咖啡
1097,良木缘咖啡西餐(高新九方店),咖啡厅,天晖南街179号招商花园城北区F1层,104.065442,30.590636,18190908218,4.5,90.00,石羊场,餐饮服务;咖啡厅;咖啡厅
1098,瑞幸咖啡(成都科技财富中心B座店),咖啡厅,锦悦西路16号科技财富中心B座7号楼一层大堂,104.06181,30.572863,4000100100,4.0,13.00,交子商圈,餐饮服务;咖啡厅;咖啡厅
1099,M Stand(高新创合中心店),咖啡厅,吉瑞二路188号附103-105 高新创合中心1栋1楼商铺,104.061149,30.557651,16621090291,4.6,35.00,四川天府新区,餐饮服务;咖啡厅;咖啡厅
1100,Spirit Coffee精神良钥(双子塔店),咖啡厅,桂溪街道天府大道北段194号双子塔北塔1楼大厅,104.064722,30.58282,17358690773,4.3,24.00,石羊场,餐饮服务;咖啡厅;咖啡厅
1101,Manner Coffee(中海国际中心店),咖啡厅,石羊街道交子大道177号中海国际中心A座1层103单元,104.058832,30.581389,16621025398,4.0,20.00,石羊场,餐饮服务;咖啡厅;咖啡厅
1102,星巴克臻选(成都城南仁和新城店),星巴克咖啡,府城大道西段505号仁和新城购物中心一楼117号(1号门旁),104.053384,30.587606,028-65188364,4.6,30.00,石羊场,餐饮服务;咖啡厅;星巴克咖啡
1103,Grid Coffee(摩方店),餐饮相关,石羊街道石羊场街道交子大道500号摩方购物中心一层L01,104.053629,30.582881,18428366347,4.5,27.00,石羊场,餐饮服务;餐饮相关场所;餐饮相关
1104,瑞幸咖啡(环球中心N3店),咖啡厅,桂溪街道锦悦西路147号新世纪环球购物中心N3一层大堂,104.062059,30.571232,4000100100,4.1,13.00,交子商圈,餐饮服务;咖啡厅;咖啡厅
1105,常识咖啡common sense(摩方店),咖啡厅,万象南路誉峰遇见A座(交子大道地铁站D口步行60米),104.050848,30.583303,19382139470,4.5,34.00,石羊场,餐饮服务;咖啡厅;咖啡厅
1106,贝瑞咖啡(双子塔店),咖啡厅,成都双子塔南塔一楼(金融城地铁站C口步行90米),104.064802,30.58234,13880479644,4.0,18.00,石羊场,餐饮服务;咖啡厅;咖啡厅
1107,肯悦咖啡银泰in99店,咖啡厅,天府大道北段1199号(成都)银泰中心B1层(铺位号B137),104.070735,30.584862,028-82660289,3.9,15.00,交子商圈,餐饮服务;咖啡厅;咖啡厅
1108,瑞幸咖啡(环球中心N2店),餐饮相关,高新区锦悦西路147号新世纪环球购物中心N2一层大堂,104.063004,30.57111,4000100100,3.7,13.00,交子商圈,餐饮服务;餐饮相关场所;餐饮相关
1109,瑞幸咖啡(环球中心N5店),咖啡厅,桂溪街道天府大道北段1700号环球中心N5栋1312号,104.060915,30.571087,4000100100,3.9,13.00,交子商圈,餐饮服务;咖啡厅;咖啡厅
1110,瑞幸咖啡(锦城万达广场西区店),咖啡厅,锦城大道704号,104.061247,30.575809,4000100100,4.3,13.00,石羊场,餐饮服务;咖啡厅;咖啡厅
1111,瑞幸咖啡(嘉润国金中心店),休闲餐饮场所,交子南一路17号嘉润国金中心1层大堂,104.063825,30.576525,4000100100,3.8,13.00,石羊场,餐饮服务;休闲餐饮场所;休闲餐饮场所
1112,瑞幸咖啡(孵化园美食城店),咖啡厅,益州大道北段1599号孵化园9号园区E座底商,104.060185,30.57309,4000100100,3.5,13.00,石羊场,餐饮服务;咖啡厅;咖啡厅
1113,瑞幸咖啡(四川农商联合银行大厦店),休闲餐饮场所,锦城大道鑫信合中心1层食堂内部,104.072625,30.575075,4000100100,3.7,13.00,交子商圈,餐饮服务;休闲餐饮场所;休闲餐饮场所
1114,瑞幸咖啡(环球中心S2店),餐饮相关,锦悦西路147号新世纪环球购物中心S2一层大堂,104.062175,30.566675,4000100100,3.9,13.00,交子商圈,餐饮服务;餐饮相关场所;餐饮相关
1115,瑞幸咖啡(环球购物中心A馆4F店),休闲餐饮场所,天府大道北段1700号环球购物中心东区4层B01B,104.061581,30.566729,4000100100,3.5,13.00,四川天府新区,餐饮服务;休闲餐饮场所;休闲餐饮场所
1116,瑞幸咖啡(环球中心S1店),咖啡厅,益州大道北段1745号,104.061595,30.567238,4000100100,4.0,13.00,交子商圈,餐饮服务;咖啡厅;咖啡厅
1117,瑞幸咖啡(嘉煜国际新丽美医院店),咖啡厅,名都路166号新丽美医疗美容医院一层大堂,104.072275,30.578225,4000100100,4.1,13.00,交子商圈,餐饮服务;咖啡厅;咖啡厅
1118,瑞幸咖啡(天府国际金融中心店),咖啡厅,天府大道北段966号天府国际金融中心写字楼4号楼一层大堂,104.065262,30.581495,4000100100,4.1,13.00,交子商圈,餐饮服务;咖啡厅;咖啡厅
1119,瑞幸咖啡(中航国际交流中心店),咖啡厅,益州大道北段777号中航国际交流中心一层大堂,104.060566,30.577988,4000100100,4.0,13.00,石羊场,餐饮服务;咖啡厅;咖啡厅
1120,瑞幸咖啡(伊藤洋华堂金融城店),咖啡厅,交子大道33号华商金融贸易中心负一层122号,104.063218,30.581176,4000100100,3.7,13.00,金融城央双地铁全业态商业街区,餐饮服务;咖啡厅;咖啡厅
1121,瑞幸咖啡(布鲁明顿广场店),咖啡厅,益州大道北段布鲁明顿广场A座1栋2单元一层北交金科大堂,104.060635,30.584978,4000100100,4.1,13.00,石羊场,餐饮服务;咖啡厅;咖啡厅
1122,瑞幸咖啡(东方希望中心店),咖啡厅,益州大道北段333号东方希望中心一层大堂,104.061239,30.581662,4000100100,3.9,13.00,石羊场,餐饮服务;咖啡厅;咖啡厅
1123,瑞幸咖啡(成都银泰中心店),咖啡厅,桂溪街道天府大道北段1199号银泰中心B1层B131B号,104.070476,30.585146,4000100100,4.0,13.00,交子商圈,餐饮服务;咖啡厅;咖啡厅
1124,瑞幸咖啡(复地金融岛店),咖啡厅,环岛路1200号复地金融岛3栋一层101号,104.076993,30.572709,4000100100,4.1,13.00,交子商圈,餐饮服务;咖啡厅;咖啡厅
1125,瑞幸咖啡(中海CD座环宇荟店),咖啡厅,交子大道443号c座环宇荟一楼大堂左边,104.057725,30.581375,4000100100,4.0,13.00,金融城央双地铁全业态商业街区,餐饮服务;咖啡厅;咖啡厅
1126,瑞幸咖啡(枫丹国际店),咖啡厅,交子北一路76号(金融城地铁站A口步行260米),104.063731,30.584975,4000100100,4.0,13.00,交子商圈,餐饮服务;咖啡厅;咖啡厅
1127,瑞幸咖啡(天府新谷店),咖啡厅,府城大道西段399号天府新谷7栋一层105号,104.056524,30.58667,4000100100,4.1,13.00,石羊场,餐饮服务;咖啡厅;咖啡厅
1128,luckin coffee 瑞幸咖啡(悠方购物中心店),咖啡厅,交子大道300号成都悠方购物中心B1层B32号,104.055171,30.583021,4000100100,3.9,13.00,石羊场,餐饮服务;咖啡厅;咖啡厅
1129,瑞幸咖啡(中航AFC店),咖啡厅,交子大道2号中航AFC城市广场A栋一层A111号,104.060981,30.583417,4000100100,4.0,13.00,交子商圈,餐饮服务;咖啡厅;咖啡厅
1130,NOVO咖啡,咖啡厅,锦云西一巷成都交易所大厦一楼,104.071615,30.58422,[],4.2,25.00,交子商圈,餐饮服务;咖啡厅;咖啡厅
1131,星巴克(天府新谷店),星巴克咖啡,府城大道西段399号天府新谷6号楼1F,104.055166,30.586657,028-86522856,4.3,30.00,石羊场,餐饮服务;咖啡厅;星巴克咖啡
1132,肯悦咖啡枫丹国际店,咖啡厅,交子北一路88号附102号,104.06301,30.584541,028-81028315,4.2,12.00,交子商圈,餐饮服务;咖啡厅;咖啡厅
1133,LAVAZZA拉瓦萨咖啡(成都天府新谷店),咖啡厅,石羊街道府城大道西段399号天府新谷10栋1楼10-1-111号,104.056393,30.586098,17761165329,3.9,21.00,石羊场,餐饮服务;咖啡厅;咖啡厅
1134,库迪咖啡(成都天府新谷店),咖啡厅,天府新谷7栋1层底商,104.056368,30.586131,18030508961,3.9,9.00,石羊场,餐饮服务;咖啡厅;咖啡厅
1135,INVISI Coffee Shop,生活服务场所,吉瑞二路99号保利时光里南里广场KS002,104.062842,30.557379,19141023114,4.4,29.00,大源,餐饮服务;咖啡厅;咖啡厅|生活服务;生活服务场所;生活服务场所
1136,Manner Coffee(高新创合中心店),咖啡厅,吉瑞二路188号高新创合中心1F-004号,104.061575,30.558375,[],4.3,17.00,大源,餐饮服务;咖啡厅;咖啡厅
1137,瑞幸咖啡(两江国际店),咖啡厅,吉瑞一路9号,104.057547,30.559406,4000100100,4.0,13.00,大源,餐饮服务;咖啡厅;咖啡厅
1138,库迪咖啡(成都中海环宇荟店),咖啡厅,交子大道233号中海环宇荟BC座3号门,104.058008,30.581291,15328283194,3.6,9.00,石羊场,餐饮服务;咖啡厅;咖啡厅
1139,星巴克(成都象南里店),星巴克咖啡,高新区万象南路669号象南里,104.050059,30.586019,028-87744934,4.6,30.00,石羊场,餐饮服务;咖啡厅;星巴克咖啡
1140,Manner Coffee(成都摩方购物中心店),咖啡厅,交子大道500号成都摩方购物中心F1层,104.053553,30.583052,[],4.3,20.00,金融城央双地铁全业态商业街区,餐饮服务;咖啡厅;咖啡厅
1141,星巴克(天府水街店),星巴克咖啡,天府一街699号铁像寺水街一期2区7栋2-5-2及8栋2-5-5单元,104.049561,30.558295,028-65292833,4.6,30.00,四川天府新区成都直管区,餐饮服务;咖啡厅;星巴克咖啡
1142,星巴克成都天府之家惠邻中心店,快餐厅,锦尚西二路333号锦城社区综合体1楼-附001号,104.052062,30.578266,028-60805058,4.3,30.00,石羊场,餐饮服务;快餐厅;快餐厅
1143,星巴克(成都保利时光里店),星巴克咖啡,吉瑞二路99号成都保利时光里1F层1089,104.064104,30.554521,028-60805051,4.5,30.00,四川天府新区成都直管区,餐饮服务;咖啡厅;星巴克咖啡
1144,米兰咖啡(铁像寺水街店),咖啡厅,高新区天府一街699号2-2号2-3号,104.049275,30.558975,028-83319951,4.7,91.00,天府新区,餐饮服务;咖啡厅;咖啡厅
1145,M Stand(成都高新花园城购物中心店),餐饮相关,武侯区高新区府城大道中段88号成都高新招商花园城的L118商铺,104.065475,30.590675,16628715279,4.4,[],石羊场,餐饮服务;餐饮相关场所;餐饮相关
1146,瑞幸咖啡(IMC国际广场店),咖啡厅,吉庆三路205号IMC国际广场2单元底商,104.06333,30.557753,4000100100,4.4,13.00,四川天府新区成都直管区,餐饮服务;咖啡厅;咖啡厅
1147,青松咖·美式专卖店(成都高新创合店),咖啡厅,高新创合中心2栋负1楼20号,104.061725,30.557825,17882138021,4.4,16.00,四川天府新区,餐饮服务;咖啡厅;咖啡厅
1148,瑞幸咖啡(中海国际中心G座店),咖啡厅,交子大道383号中海国际中心G座一层,104.053004,30.58139,4000100100,4.1,13.00,石羊场,餐饮服务;咖啡厅;咖啡厅
1149,JPG coffee(成都保利时光里店),咖啡厅,吉瑞二路99号成都保利时光里1F层,104.063617,30.554533,18081948689,4.5,22.00,四川天府新区成都直管区,餐饮服务;咖啡厅;咖啡厅
1150,有叁cafe(铁像寺店),咖啡厅,盛华北路87号,104.051803,30.558864,18710088913,4.5,31.00,四川天府新区,餐饮服务;咖啡厅;咖啡厅
1151,瑞幸咖啡(世纪城宜尚酒店店),咖啡厅,世纪城路198号101-1-6号宜尚酒店一层大堂,104.075437,30.559204,4000100100,4.0,13.00,四川天府新区成都直管区,餐饮服务;咖啡厅;咖啡厅
1152,瑞幸咖啡(九方购物中心店),咖啡厅,天晖南街169号中航城市广场F6层,104.065347,30.589291,4000100100,4.3,13.00,石羊场,餐饮服务;咖啡厅;咖啡厅
1153,BeanStar比星咖啡(成都中海国际G座店),餐饮相关,中国(四川)自由贸易试验区成都高新区交子大道383号附103号1层,104.053068,30.581201,15756272400,3.8,16.00,石羊场,餐饮服务;餐饮相关场所;餐饮相关
1154,冰尖茶与咖啡(蜀都中心店),冷饮店,吉庆三路333号一号楼4单元一楼711便利店旁,104.063118,30.553507,028-85223003,4.6,9.00,大源,餐饮服务;冷饮店;冷饮店
1155,HIYA!驾咖啡(交子大道店),咖啡厅,交子大道177号中海国际中心F1层,104.050951,30.580992,[],4.5,20.00,石羊场,餐饮服务;咖啡厅;咖啡厅
1156,库迪咖啡(IMC国际广场店),咖啡厅,吉庆四路143号1层底商,104.064765,30.558315,18881455295,4.2,9.00,大源,餐饮服务;咖啡厅;咖啡厅
1157,LAVAZZA拉瓦萨咖啡(成都中海国际F座店),咖啡厅,交子大道365号中海国际中心F座F1层,104.053727,30.581404,18113099804,3.8,23.00,石羊场,餐饮服务;咖啡厅;咖啡厅
1158,梦咖啡(金融麦田店),咖啡厅,高新区锦云东三巷1号1栋1单元1楼125号,104.077484,30.58127,13981950357,4.4,27.00,交子商圈,餐饮服务;咖啡厅;咖啡厅
1159,库迪咖啡(成都心海里店),咖啡厅,顺江段3号迈空间国际中心1栋1层底商,104.057975,30.581375,18848297780,3.7,9.00,石羊场,餐饮服务;咖啡厅;咖啡厅
1160,Peet's皮爷咖啡(铁像寺水街店),咖啡厅,盛华北路116号铁像寺水街7栋108,104.051121,30.557795,19180703950,4.5,39.00,大源,餐饮服务;咖啡厅;咖啡厅
1161,库迪咖啡(成都两江国际B座店),咖啡厅,桂溪街道天府一街369号两江国际B座大堂入口,104.058188,30.559231,19108206542,4.0,9.00,大源,餐饮服务;咖啡厅;咖啡厅
1162,ACROSS COFFEE(中海·城南华府店),咖啡厅,成汉南路366号3栋附123号,104.052003,30.58078,19950208536,4.2,48.00,石羊场,餐饮服务;咖啡厅;咖啡厅
1163,瑞幸咖啡(合景摩方木莲庄酒店店),咖啡厅,交子大道500号合景摩方3栋B1层143-145号,104.051766,30.582907,4000100100,4.0,13.00,石羊场,餐饮服务;咖啡厅;咖啡厅
1164,BeanStar比星咖啡(成都IMC国际广场店)(暂停营业),咖啡厅,成都市高新区吉庆三路157号IMC国际广场一层比星咖啡,104.063075,30.558525,18782060080,4.1,16.00,大源,餐饮服务;咖啡厅;咖啡厅
1165,豪生咖啡厅(成都高新豪生大酒店),咖啡厅,天泰路338号成都高新豪生大酒店4层,104.069014,30.590652,[],4.0,131.00,天府长城,餐饮服务;咖啡厅;咖啡厅
1166,NOMO咖啡(会展中心店),咖啡厅,世纪城路198-96,104.075622,30.55956,13679675555;14702833455,4.5,27.00,中和,餐饮服务;咖啡厅;咖啡厅
1167,星巴克(成都南熙里分店),星巴克咖啡,高新区天府长城天久南巷388号,104.072676,30.592391,028-86921783,4.6,30.00,[],餐饮服务;咖啡厅;星巴克咖啡
1168,三立方咖啡银泰中心in99店,咖啡厅,天府大道北段1199号银泰中心in99 B1层北下沉广场中庭(汉堡王旁),104.070779,30.585317,17793173600,3.9,11.00,交子商圈,餐饮服务;咖啡厅;咖啡厅
1169,瑞幸咖啡(数字经济大厦店),咖啡厅,天府大道北段869号旺旺商业广场数字经济大厦一层大堂,104.068928,30.58792,4000100100,3.8,13.00,交子商圈,餐饮服务;咖啡厅;咖啡厅
1170,库迪咖啡(布鲁明顿广场A座店),咖啡厅,锦晖西路一99号成都布鲁明顿广场A座1栋大堂,104.060667,30.58508,[],4.0,12.00,交子商圈,餐饮服务;咖啡厅;咖啡厅
1171,星巴克(成都乐家广场店),星巴克咖啡,益州大道中段699号1栋附101号,104.057628,30.555522,028-60193862,4.5,30.00,天府新区,餐饮服务;咖啡厅;星巴克咖啡
1172,宁德时代新能源生活广场(IMC国际广场店),汽车销售,吉庆四路Mic国际广场166号宁德时代新能源生活广场,104.063937,30.557629,15198105805,4.6,12.00,大源,汽车销售;汽车销售;汽车销售
1173,瑞幸咖啡(中海国际J座店),咖啡厅,高新区交子大道533号附136号中海国际中心底商,104.047578,30.580722,4000100100,4.2,13.00,石羊场,餐饮服务;咖啡厅;咖啡厅
1174,库迪咖啡(成都悠方购物中心店),咖啡厅,交子大道300号悠方购物中心B1层,104.057925,30.583075,13683455495,3.7,9.00,石羊场,餐饮服务;咖啡厅;咖啡厅
1175,FILL COFFEE满杯咖啡(中海国际中心G座店),咖啡厅,交子大道383号中海国际G座101商铺FILLCOFFEE满杯咖啡,104.05332,30.581323,028-85218273;15952815302,4.2,18.00,石羊场,餐饮服务;咖啡厅;咖啡厅
1176,瑞幸咖啡(世纪城上闲里店),咖啡厅,天府大道中段396号1栋负一层101号世纪城地铁站B出口,104.068175,30.554675,4000100100,4.1,13.00,四川天府新区成都直管区,餐饮服务;咖啡厅;咖啡厅
1177,库迪咖啡(成都交易所大厦店),咖啡厅,锦云西一巷交易所高楼大厦背面1-1-3,104.071964,30.584045,19141098850,3.9,9.00,交子商圈,餐饮服务;咖啡厅;咖啡厅
1178,库迪咖啡(誉峰遇见A座店),咖啡厅,交子大道500号附37号1层,104.050983,30.583306,13708074763,4.2,9.00,石羊场,餐饮服务;咖啡厅;咖啡厅
1179,瑞幸咖啡(茂业中心AB座店),咖啡厅,天府大道北段道28号茂业中心AB座一层大堂,104.066575,30.590675,4000100100,4.1,13.00,石羊场,餐饮服务;咖啡厅;咖啡厅
1180,星巴克(汇锦广场店),星巴克咖啡,盛安街133号汇锦城A座1层,104.052569,30.557689,028-65168798,4.4,30.00,四川天府新区成都直管区,餐饮服务;咖啡厅;星巴克咖啡
1181,星巴克(成都里格177店),星巴克咖啡,桂溪街道天府大道中段177-附600号,104.070858,30.555541,028-84165603,4.3,30.00,天府新区,餐饮服务;咖啡厅;星巴克咖啡
1182,Botany博塔尼咖啡(锦城湖店),咖啡厅,锦城大道1333号锦城湖公园二号湖北门入口50米右侧,104.043171,30.574837,13730893138,4.5,40.00,石羊场,餐饮服务;咖啡厅;咖啡厅
1183,瑞幸咖啡(成都仁和新城购物中心4F店),咖啡厅,府城大道西段505号仁和新城四层474号,104.053529,30.587692,4000100100,4.1,13.00,石羊场,餐饮服务;咖啡厅;咖啡厅
1184,MINI-CO小咖咖啡(成都高新招商花园城店),餐饮相关,府城大道中段88号成都高新招商花园城F1层,104.065575,30.590375,[],3.9,12.00,石羊场,餐饮服务;餐饮相关场所;餐饮相关
1185,M Stand(成都仁和新城店),咖啡厅,府城大道西段505号仁和新城1F层195号(仁和新城3号门旁),104.05168,30.587824,18521041906,4.4,31.00,石羊场,餐饮服务;咖啡厅;咖啡厅
1186,Manner Coffee(仁和新城店),咖啡厅,府城大道西段505号1层164号(许家艺创菜旁),104.053565,30.587485,[],4.3,20.00,石羊场,餐饮服务;咖啡厅;咖啡厅
1187,瑞幸咖啡(智地哥谭大厦店),咖啡厅,益州大道中段588号智地哥谭大厦一层大堂,104.056075,30.557775,4000100100,4.2,13.00,大源,餐饮服务;咖啡厅;咖啡厅
1188,瑞幸咖啡(成都中海国际中心店),咖啡厅,交子大道533号附136号中海国际中心底商,104.053117,30.581224,4000100100,3.8,13.00,石羊场,餐饮服务;咖啡厅;咖啡厅
1189,BuyGo more,服装鞋帽皮具店,吉庆一路388号附7-8号,104.05936,30.554873,[],4.5,28.00,大源,购物服务;服装鞋帽皮具店;服装鞋帽皮具店
1190,库迪咖啡(成都茂业中心店),咖啡厅,在集刻便利店内,104.066475,30.590475,18328033208,3.8,9.00,石羊场,餐饮服务;咖啡厅;咖啡厅
1191,星巴克咖啡(成都曙光国际店),星巴克咖啡,天晖中街56号曙光国际(高新地铁站C口步行170米),104.06475,30.593577,028-85194169,4.6,30.00,石羊场,餐饮服务;咖啡厅;星巴克咖啡
1192,Manner Coffee(茂业中心店),咖啡厅,天府大道北段28号茂业中心C座F1层,104.066725,30.589825,[],4.1,20.00,石羊场,餐饮服务;咖啡厅;咖啡厅
1193,星巴克臻选(成都东方新希望天祥店),星巴克咖啡,天府大道中段500号东方希望天祥广场B座,104.067936,30.551844,028-85939157,4.5,30.00,天府新区,餐饮服务;咖啡厅;星巴克咖啡
1194,星巴克(成都市博瑞创意成都店),星巴克咖啡,三色路38号,104.08518,30.587789,028-65957559,4.6,30.00,柳江,餐饮服务;咖啡厅;星巴克咖啡
1195,肯悦咖啡新会展店,咖啡厅,天府大道中段1号,104.074805,30.558835,028-85194907,3.6,11.00,中和,餐饮服务;咖啡厅;咖啡厅
1196,好好咖啡(成都保利时光里店)(暂停营业),咖啡厅,吉瑞四路99号保利时光里B1-B1065,104.063375,30.554775,18280015410,4.2,15.00,大源,餐饮服务;咖啡厅;咖啡厅
1197,Grid Coffee(天祥广场店),咖啡厅,天府大道中段500号D5天祥广场一层D栋L1-53号商铺,104.067243,30.55302,17882007545,4.3,32.00,四川天府新区成都直管区,餐饮服务;咖啡厅;咖啡厅
1198,瑞幸咖啡(中环岛广场店),咖啡厅,盛安街186号中环岛广场A座一层大堂,104.052028,30.559764,4000100100,3.9,13.00,大源,餐饮服务;咖啡厅;咖啡厅
1199,Tims天好咖啡(D5天祥广场捷枫店),咖啡厅,天府大道中段500号(世纪城地铁站B口步行140米),104.068235,30.553143,13679048056,4.2,23.00,大源,餐饮服务;咖啡厅;咖啡厅
1200,SHAKE'S OFFICE·哆嗦咖啡店,咖啡厅,铁像寺水街二期7栋10号,104.051251,30.557658,028-62077044,4.5,128.00,大源,餐饮服务;咖啡厅;咖啡厅
1201,113咖啡(仁和新城店),咖啡厅,府城大道西段505号仁和新城A座11楼113咖啡,104.053788,30.587653,17318621757,3.7,18.00,石羊场,餐饮服务;咖啡厅;咖啡厅
1202,瑞幸咖啡(世纪城天鹅湖店),咖啡厅,天府大道中段163号世纪城天鹅湖,104.070896,30.555372,4000100100,3.9,13.00,四川天府新区成都直管区,餐饮服务;咖啡厅;咖啡厅
1203,方外咖啡(新街里店),咖啡厅,荟锦路249号新街里6C区3006&3007,104.056319,30.590471,15228999400,4.5,26.00,石羊场,餐饮服务;咖啡厅;咖啡厅
1204,MINI-CO小咖咖啡(成都天府新谷店),餐饮相关,天府新谷西门6-1-101-02-02,104.054757,30.586988,[],4.1,12.00,石羊场,餐饮服务;餐饮相关场所;餐饮相关
1205,海岩咖啡·轻食(IMC国际广场店),咖啡厅,吉庆四路188号大厅内,104.0644,30.558341,[],3.8,14.00,天府新区,餐饮服务;咖啡厅;咖啡厅
1206,库迪咖啡(中日会馆新城国际店),咖啡厅,石羊街道天府一街796号1楼1号(自编号),104.052339,30.560678,17708036528,3.9,9.00,四川天府新区成都直管区,餐饮服务;咖啡厅;咖啡厅
1207,luckin coffee 瑞幸咖啡(棕榈泉国际中心店),餐饮相关,天府大道中段199号棕榈泉国际中心F1层,104.069583,30.555156,4000100100,3.9,13.00,四川天府新区成都直管区,餐饮服务;餐饮相关场所;餐饮相关
1208,瑞幸咖啡(成都航天城上城店),咖啡厅,益州大道中段599号航天城上城1层大堂,104.057425,30.556075,4000100100,3.6,13.00,大源,餐饮服务;咖啡厅;咖啡厅
1209,瑞幸咖啡(汇锦广场C座店),咖啡厅,盛邦街88号汇锦广场C座一层大堂,104.053968,30.556343,4000100100,4.0,13.00,四川天府新区成都直管区,餐饮服务;咖啡厅;咖啡厅
1210,库迪咖啡(成都中海国际J座店),餐饮相关,交子大道575号中海国际中心J座1层附104号底商,104.047406,30.581385,17380033650,4.0,9.00,石羊场,餐饮服务;餐饮相关场所;餐饮相关
1211,瑞幸咖啡(世纪城国际会展中心店),咖啡厅,世纪城路与世纪城南路交叉口北340米,104.07512,30.554533,4000100100,4.2,13.00,天府新区,餐饮服务;咖啡厅;咖啡厅
1212,猫泡泡国际精品猫舍,宠物用品店,高新区盛华北路116号2栋1层4号,104.050666,30.559199,19138918486,4.4,[],大源,购物服务;专卖店;宠物用品店
1213,WHAT咖啡(仁和新城购物中心店),咖啡厅,府城大道西段仁和新城1层附120号(近商场4号电梯厅),104.052625,30.587625,13550220788,3.5,24.00,石羊场,餐饮服务;咖啡厅;咖啡厅
1214,瑞幸咖啡(乐家保利广场店),咖啡厅,益州大道中段699号乐家广场1065号底商,104.057831,30.555534,4000100100,4.1,13.00,四川天府新区成都直管区,餐饮服务;咖啡厅;咖啡厅
1215,象南咖啡,咖啡厅,万象南路355号(交子大道地铁站D口步行480米),104.049863,30.584231,028-86786868,4.5,46.00,石羊场,餐饮服务;咖啡厅;咖啡厅
1216,交子咖啡,咖啡厅,泰治路与国华街交叉口南140米,104.080933,30.582088,18000597214,4.2,23.00,交子商圈,餐饮服务;咖啡厅;咖啡厅
1217,瑞幸咖啡(雄川金融中心店),咖啡厅,天府二街138号蜀都中心北区1期1号楼一层大堂,104.064975,30.551975,4000100100,4.3,13.00,四川天府新区成都直管区,餐饮服务;咖啡厅;咖啡厅
1218,瑞幸咖啡(绿地之窗店),咖啡厅,天府二街368号绿地之窗2号楼1层大堂,104.05941,30.552534,4000100100,4.0,13.00,四川天府新区成都直管区,餐饮服务;咖啡厅;咖啡厅
1219,Loud面包·咖啡·晒太阳,糕饼店,天久南巷330号,104.073351,30.592393,19983184168,4.2,19.00,天府长城,餐饮服务;糕饼店;糕饼店
1220,开面馆·宜宾传统面,中餐厅,盛华北路116号11栋2单元102号,104.051973,30.55686,18180985007,4.5,16.00,大源,餐饮服务;中餐厅;中餐厅
1221,瑞幸咖啡(明宇大厦店),咖啡厅,科华南路339号明宇大厦一层大堂,104.078375,30.590625,4000100100,4.3,13.00,柳江,餐饮服务;咖啡厅;咖啡厅
1222,瑞幸咖啡(蜀都中心二期店),咖啡厅,吉庆三路333号蜀都中心二期1号楼6楼,104.063381,30.553555,4000100100,4.1,13.00,大源,餐饮服务;咖啡厅;咖啡厅
1223,瑞幸咖啡(环球时代中心C座店),咖啡厅,吉瑞三路99号皇庭国际中心C座一层大堂,104.064947,30.554597,4000100100,4.0,13.00,四川天府新区成都直管区,餐饮服务;咖啡厅;咖啡厅
1224,nowwa挪瓦咖啡(见福成都誉峰店),咖啡厅,武侯区石羊场街道交子大道500号2栋1层103号,104.051598,30.583051,18781562702,3.6,12.00,石羊场,餐饮服务;咖啡厅;咖啡厅
1225,库迪咖啡(成都蜀都中心一期店),餐饮相关,天府二街138号蜀都中心一期3号楼底商(阳光便利店内),104.066375,30.552275,18180808650,3.8,9.00,大源,餐饮服务;餐饮相关场所;餐饮相关
1226,星巴克(新街里店),星巴克咖啡,成汉中路123号新街里,104.054758,30.593896,028-63046278,4.6,30.00,石羊场,餐饮服务;咖啡厅;星巴克咖啡
1227,瑞幸咖啡(星宸国际店),餐饮相关,益州大道中段555号星宸国际写字楼1层大堂,104.057265,30.557909,4000100100,3.8,13.00,四川天府新区成都直管区,餐饮服务;餐饮相关场所;餐饮相关
1228,Cafe racer机车酒咖(怡丰花园店),咖啡厅,府滨北路124号,104.080809,30.562655,18113191335;18280484722,4.5,22.00,中和,餐饮服务;咖啡厅;咖啡厅
1229,肯悦咖啡象南里店,咖啡厅,石羊街道万象南路669号象南里F1层,104.049394,30.586198,028-86668638,3.9,13.00,石羊场,餐饮服务;咖啡厅;咖啡厅
1230,星巴克(天府金融大厦店),星巴克咖啡,天府二街99号天府金融大厦1楼大堂,104.066628,30.551149,028-65188551,4.4,30.00,四川天府新区成都直管区,餐饮服务;咖啡厅;星巴克咖啡
1231,Black Rose买手店&咖啡,咖啡厅,铁像寺水街二期2栋4单元一层19-20号,104.050671,30.558176,[],3.8,36.00,四川天府新区,餐饮服务;咖啡厅;咖啡厅
1232,星巴克(成都市第一人民医院店),星巴克咖啡,高新区万象北路18号中西医结合医院综合楼第一住院部地上一层大厅内咖啡厅商铺,104.052475,30.590645,028-62977936,4.0,30.00,石羊场,餐饮服务;咖啡厅;星巴克咖啡
1233,三样子(望平街店),甜品店,望平街25号附16号香香巷里面,104.089737,30.653848,18512851895,4.6,25.00,望平街,餐饮服务;甜品店;甜品店
1234,拾光甜品自助·意面小食(建设路店),甜品店,建设中路62号,104.100853,30.671015,028-65969825,4.5,33.00,建设路,餐饮服务;甜品店;甜品店
1235,野人先生现做冰淇淋(成都IFS店),餐饮相关,成都IFS国际金融中心,104.080435,30.654814,13466697827,4.4,36.00,东大街,餐饮服务;餐饮相关场所;餐饮相关
1236,UH祐禾(成都群光广场店),糕饼店,春熙路南段8号群光广场负一层,104.07672,30.654066,17364818446,4.4,34.00,春熙路,餐饮服务;中餐厅;中餐厅|餐饮服务;糕饼店;糕饼店
1237,三样子(玉林店),餐饮相关,蓝草路4号(芳草街地铁站B口步行350米),104.053507,30.627826,13548156008,4.6,20.00,玉林,餐饮服务;餐饮相关场所;餐饮相关
1238,DQ·蛋糕·冰淇淋(成都春熙路店),餐饮相关,春熙路街道联升巷9号L1010号铺(龙抄手对面),104.077547,30.654052,13550083607,4.3,28.00,东大街,餐饮服务;餐饮相关场所;餐饮相关
1239,如思台北甜品(玉林店),甜品店,白云街2号附8号,104.055931,30.629223,13028190208;18602831121,4.6,33.00,玉林西路商圈,餐饮服务;甜品店;甜品店
1240,奈雪的茶(成都天府和悦广场店),冷饮店,天府新区万安街道麓山大道二段199号天府和悦广场A馆-1F-27,104.084994,30.486334,[],4.5,20.00,四川天府新区成都直管区,餐饮服务;冷饮店;冷饮店
1241,DUFF·LANGE杜夫朗格·生日蛋糕·甜品(武侯店),糕饼店,万兴路477号3号楼2层19号,103.996244,30.619871,18123376351,4.6,124.00,武侯万达,餐饮服务;糕饼店;糕饼店
1242,UH祐禾(成都万象城店),购物相关场所,双成二路98号华润万象城C馆B1层C-134N,104.114672,30.647122,17360299560,4.4,34.00,万年场,购物服务;购物相关场所;购物相关场所
1243,盒子家·甜品蛋糕(玉林店),甜品店,瑞升北街1号(芳草街地铁站C2口旁),104.050915,30.626117,19934363532,4.6,26.00,玉林,餐饮服务;甜品店;甜品店
1244,DQ·蛋糕·冰淇淋(成都万象城店),美容美发店,双成二路98号成都万象城KB113号商铺,104.115311,30.646927,028-83152831,4.3,28.00,万年场,餐饮服务;冷饮店;冷饮店|生活服务;美容美发店;美容美发店
1245,王財記传统糖水铺(玉林店),甜品店,芳草东街29号(芳草街地铁站D口步行320米),104.056655,30.624816,15828530098,4.6,18.00,玉林,餐饮服务;甜品店;甜品店
1246,奈雪的茶(成都铁像寺二期店),冷饮店,成都高新区盛华北路116号7栋3单元1层9号,104.051268,30.557852,4006033888,4.6,20.00,四川天府新区成都直管区,餐饮服务;冷饮店;冷饮店
1247,塔塔Tart Tart(玉洁巷店),冷饮店,玉洁巷8号附22号,104.060079,30.623538,19899723272,4.6,29.00,倪家桥,餐饮服务;冷饮店;冷饮店
1248,UH祐禾(成都天府广场店),品牌服装店,地铁天府广场负一楼博物馆路3号附2号B36-4,104.065984,30.657281,17711098840,4.2,34.00,人民中路,购物服务;服装鞋帽皮具店;品牌服装店
1249,万庆庆甜品豆花(太古里店总店),甜品店,东大街36号郁金香广场一楼,104.079999,30.650866,15608010003,4.4,16.00,东大街,餐饮服务;甜品店;甜品店
1250,果树甜品(环球汇蔚然),甜品店,通宝街219号2-204,104.109616,30.634182,18780017300,4.6,34.00,海椒市,餐饮服务;甜品店;甜品店
1251,广信牛奶甜品世家(玉林店),甜品店,华姿路8号沁芳苑(芳草街地铁站D口步行50米),104.054035,30.625387,15583415298,4.6,19.00,玉林,餐饮服务;甜品店;甜品店
1252,奈雪的茶(成都九方购物中心店),冷饮店,府城大道中段88号1层L07A号,104.065539,30.590123,[],4.5,20.00,石羊场,餐饮服务;冷饮店;冷饮店
1253,雪多冰台湾甜品(高升店),甜品店,高升桥南街2号附42号,104.041252,30.634402,18011311838,4.6,33.00,高升桥,餐饮服务;甜品店;甜品店
1254,UH祐禾(成都龙湖东安天街店),糕饼店,666号龙湖·成都东安天街A馆-1F-21号,104.249625,30.574425,19382062356,4.4,34.00,四川天府新区成都直管区,餐饮服务;糕饼店;糕饼店
1255,刘冰粉(双楠店),餐饮相关,双楠路215号,104.027431,30.644775,18883250862,4.5,10.00,双楠,餐饮服务;餐饮相关场所;餐饮相关
1256,i探脑袋·面包·甜品·生日蛋糕(红牌楼店),糕饼店,武侯大道双楠段58号附39号1层,104.016902,30.636109,18180683482,4.5,16.00,双楠,餐饮服务;糕饼店;糕饼店
1257,舒艾甜品咖啡屋Chouettebrunchbar,甜品店,镋钯街35号附1号,104.081716,30.648073,19802855584,4.4,38.00,东大街,餐饮服务;甜品店;甜品店
1258,奈雪的茶(成都魅力城店),冷饮店,科路9号凯德广场魅力城L1层08A号,104.152654,30.626632,4006033888,4.2,20.00,洪河,餐饮服务;冷饮店;冷饮店
1259,无他甜品(抚琴西路55号院店),甜品店,抚琴西路55号附4号(抚琴地铁站B1口步行190米),104.039489,30.676993,13258149131,4.5,13.00,抚琴,餐饮服务;甜品店;甜品店
1260,UH祐禾(成都温江伊藤店),糕饼店,天宝东街33号77号B1F-YT-25-15,103.863949,30.685844,17318927690,4.3,34.00,公平,餐饮服务;糕饼店;糕饼店
1261,满记甜品(华侨城店),甜品店,西华大道16号成都华侨城公园广场内GB3103附1号商铺,104.036722,30.719465,[],4.2,32.00,欢乐谷,餐饮服务;甜品店;甜品店
1262,i探脑袋·面包·甜品·生日·蛋糕(高新店),糕饼店,荣华南路390号附11号,104.043647,30.547825,18702862003,4.2,16.00,四川天府新区,餐饮服务;糕饼店;糕饼店
1263,了了来·茶空间·围炉煮茶.咖啡.甜品(武侯祠锦里店),餐饮相关,武侯祠大街244号一层,104.047992,30.643858,18280295648;19196578680,4.2,30.00,高升桥,餐饮服务;餐饮相关场所;餐饮相关
1264,奈雪的茶(成都文华广场PRO店),冷饮店,东大路16号泰和财富国际中心1栋一层1110号,104.107591,30.636628,[],4.2,20.00,牛市口,餐饮服务;冷饮店;冷饮店
1265,万庆庆甜品豆花(抚琴路店),餐饮相关,抚琴西南街8号附6号(抚琴地铁站B1口步行440米),104.038776,30.678414,18613203121,4.2,17.00,抚琴,餐饮服务;餐饮相关场所;餐饮相关
1266,如思台北(宽窄巷子店),甜品店,吉祥街14号附7号,104.053754,30.668781,18123230632,4.4,32.00,长顺街,餐饮服务;甜品店;甜品店
1267,老广州甜品磊德甜品坊(抚琴西南街45号院店),餐饮相关,抚琴中街44号(抚琴地铁站A口步行480米),104.038532,30.680049,13711440608,4.5,9.00,抚琴,餐饮服务;餐饮相关场所;餐饮相关
1268,KFC甜品站(龙湖·西宸天街店),肯德基,营门口街道办事处茶店子村5组花照村4组龙湖西宸天街铺位号B1层12,104.031501,30.698016,028-62398763;028-87505907;4009200715,4.3,32.00,营门口,餐饮服务;快餐厅;肯德基
1269,i探脑袋·面包甜品研究所,糕饼店,西安北路二巷35号(芙蓉宅院西北门旁),104.047912,30.670879,19382127307,4.4,18.00,长顺街,餐饮服务;糕饼店;糕饼店
1270,赵记传承·中式甜品(成都天府广场店),甜品店,地铁天府广场站负一楼图书馆路21号附二号B71号,104.065208,30.657447,18065154461,4.0,20.00,人民中路,餐饮服务;甜品店;甜品店
1271,万庆庆甜品豆花(玉林店),甜品店,玉林东路3号旁,104.063043,30.629117,13980677847,4.3,17.00,玉林,餐饮服务;甜品店;甜品店
1272,伍饼二鱼甜品店,甜品店,玉林西路50号,104.055089,30.629294,18611014777,4.5,30.00,玉林西路商圈,餐饮服务;甜品店;甜品店
1273,奈雪的茶(成都武侯吾悦广场PRO店),餐饮相关,簇锦街道武侯大道顺江段77号1栋1层38号1006号,103.989336,30.625971,[],4.2,24.00,保利花园,餐饮服务;餐饮相关场所;餐饮相关
1274,茉柑橘甜品工作室(文思巷),甜品店,小南街109号附13(文思巷内),104.052777,30.656396,19150282340,4.4,52.00,小南街,餐饮服务;甜品店;甜品店
1275,i探脑袋面包甜品研究所(郫都总店),糕饼店,东大街696-698号,103.896415,30.800147,19308004557,4.4,18.00,郫筒,餐饮服务;糕饼店;糕饼店
1276,满记甜品(银石广场店),甜品店,银石广场三楼(春熙路地铁站A口旁),104.07947,30.653229,[],4.1,32.00,大慈寺,餐饮服务;甜品店;甜品店
1277,赵记传承·中式甜品(成都蜀新天街店),餐饮相关,郫都区龙湖蜀新天街负一楼A馆-B1-07a,103.901989,30.790909,18040354539,4.0,20.00,郫筒,餐饮服务;餐饮相关场所;餐饮相关
1278,樊薯薯剪刀土豆中式甜品,中餐厅,柳浪湾北二街229号,103.826859,30.68365,13541107073;18108055848,4.5,31.00,凤溪大道,餐饮服务;中餐厅;中餐厅
1279,奈雪的茶(成都蓝润摩里中心店),冷饮店,二环路西二段12号附15号1层L110号(蓝润摩里中心F1层),104.022301,30.667818,[],4.2,24.00,光华,餐饮服务;冷饮店;冷饮店
1280,万庆庆甜品豆花(双楠店),甜品店,二环路西一段84号附16号一层,104.027232,30.64093,19802840744,4.3,17.00,高升桥,餐饮服务;甜品店;甜品店
1281,亮亮家咖啡甜品,购物相关场所,桃源路61号附22号,103.876691,30.813857,17761261460,4.5,22.00,郫筒,购物服务;购物相关场所;购物相关场所
1282,晴朗甜品蛋糕,甜品店,花照壁西顺街318号(茶店子地铁站C口步行260米)1栋2单元804号首开·龙湖紫宸香颂,104.030611,30.698147,13668104258,4.3,40.00,营门口,餐饮服务;甜品店;甜品店
1283,满记甜品(成都银泰城三店),甜品店,益州大道中段1999号3号门二楼,104.057604,30.54154,[],4.1,32.00,四川天府新区,餐饮服务;甜品店;甜品店
1284,觅豆豆花甜品店,甜品店,奎星楼街18号附4号,104.052629,30.669043,028-87074793;13558652655,4.2,31.00,长顺街,餐饮服务;甜品店;甜品店
1285,LUNA咖啡甜品,餐饮相关,芳华街24-附3-5号(芳草街地铁站D口步行400米),104.056146,30.623329,[],4.6,30.00,玉林,餐饮服务;餐饮相关场所;餐饮相关
1286,玛得莲法式甜品(鲁能城2区店),餐饮相关,槐树店二路228号鲁能城二期12栋附303号,104.134848,30.644474,19160304510,4.1,152.00,保和,餐饮服务;餐饮相关场所;餐饮相关
1287,凉浸浸港式甜品(世豪广场店),甜品店,剑南大道辅路世豪翡丽1号楼,104.045131,30.548356,15625351119,4.5,34.00,大源,餐饮服务;甜品店;甜品店
1288,万庆庆甜品豆花(龙湖·滨江天街店),餐饮相关,成华大道杉板桥路266号龙湖·滨江天街F1层,104.127184,30.665949,13458180985,4.1,15.00,跳蹬河,餐饮服务;餐饮相关场所;餐饮相关
1289,满记甜品(成都龙湖滨江天街店),餐饮相关,成华大道杉板桥路266号龙湖·滨江天街F2层,104.126502,30.666688,[],4.1,32.00,跳蹬河,餐饮服务;餐饮相关场所;餐饮相关
1290,La Dessert Bar甜品bar,酒吧,怡飞大道二段与怡畅路交叉口北140米,104.026648,30.476771,028-89765666,4.5,47.00,天府新区,体育休闲服务;娱乐场所;酒吧
1291,奈雪的茶(成都卓锦曼购中心PRO店),冷饮店,枫树街2号卓锦曼购中心1楼-1901,104.136575,30.596325,[],4.1,24.00,成龙路,餐饮服务;甜品店;甜品店|餐饮服务;冷饮店;冷饮店
1292,麦当劳甜品站(环球中心店),冷饮店,桂溪街道天府大道北段1700号环球中心B1层,104.064559,30.570859,[],4.1,31.00,交子商圈,餐饮服务;快餐厅;麦当劳|餐饮服务;冷饮店;冷饮店
1293,拾光甜品自助·意面小食(犀浦店),餐饮相关,园林路68号附3号(犀浦地铁站B入口步行450米),103.974313,30.759608,17713581229,4.1,39.00,犀浦,餐饮服务;餐饮相关场所;餐饮相关
1294,满记甜品(凯德天府店),甜品店,天仁路388号凯德天府2层,104.06931,30.603061,[],4.3,32.00,桂溪,餐饮服务;甜品店;甜品店
1295,有你甜品店,甜品店,滨江路二段151.153号,104.406148,30.858072,13699438995;19938048995,4.5,19.00,[],餐饮服务;甜品店;甜品店
1296,串妹花式冰粉(广都店),冷饮店,悦和二街181号一层,104.076992,30.506435,15228944575,4.3,15.00,四川天府新区成都直管区,餐饮服务;冷饮店;冷饮店
1297,i探脑袋~面包店甜品生日蛋糕(驷马桥店),糕饼店,羊子山路88号附6号,104.095989,30.704948,[],4.3,18.00,驷马桥,餐饮服务;糕饼店;糕饼店
1298,凉浸浸潮汕主食甜品(仁和新城店),甜品店,府城大道西段505号仁和新城F3层,104.053307,30.587809,15625351119,4.4,36.00,石羊场,餐饮服务;甜品店;甜品店
1299,拾光甜品自助·意面小食(太古里店),甜品店,东大街下东大街段21号附2号香槟广场202-203号(春熙路地铁口E1),104.079648,30.652247,028-86636619,4.1,36.00,大慈寺,餐饮服务;甜品店;甜品店
1300,满记甜品(环球中心店),甜品店,天府大道北段1700号环球中心4FZ04,104.064256,30.568836,[],4.0,32.00,交子商圈,餐饮服务;甜品店;甜品店
1301,蔻蕾甜品(7322创意园店),甜品店,高远一路15号7322创意园区B11号,104.085283,30.613667,028-85439433,4.1,55.00,桂溪,餐饮服务;甜品店;甜品店
1302,Passion 5•甜品•咖啡,咖啡厅,望福街15号,104.088235,30.655394,18382336877,4.4,37.00,大慈寺,餐饮服务;咖啡厅;咖啡厅
1303,半勺糖甜品芋泥饼&麻糍,餐饮相关,交桂路98号,104.046967,30.70223,17380079541,4.4,15.00,九里堤,餐饮服务;餐饮相关场所;餐饮相关
1304,广信牛奶甜品世家,快餐厅,西部文化产业中心东门旁,104.081268,30.659658,18030756785,4.2,18.00,梓潼,餐饮服务;快餐厅;快餐厅
1305,弗叶甜品(feuille patisserie),餐饮相关,成都郫都区顺河路236号,103.887561,30.792943,18782414951,4.5,96.00,郫筒,餐饮服务;餐饮相关场所;餐饮相关
1306,满记甜品(成都王府井二店),甜品店,"科华中路9号成都王府井购物中心(科华店)2F层L02005(东1门进入直行20m,扶梯上到2F可见)",104.076151,30.619196,[],4.1,32.00,桂溪,餐饮服务;甜品店;甜品店
1307,Ci vedremo甜品店,甜品店,锦江区点将台街59号(东门大桥地铁站C口步行390米),104.090625,30.650075,[],4.4,52.00,东门大桥,餐饮服务;甜品店;甜品店
1308,九间甜品花艺NINEN'SGARDEN(香香巷店),酒吧,望平街18号(近农业银行),104.090442,30.654197,[],3.9,38.00,猛追湾,体育休闲服务;娱乐场所;酒吧
1309,西关二少甜食(双楠店),甜品店,广福桥正街21号附43号(双楠花园东南门旁),104.032249,30.640825,17302856373,4.3,16.00,高升桥,餐饮服务;甜品店;甜品店
1310,奂山市集咖啡甜品(桐林苑小院店),餐饮相关,泡桐树街14号桐林苑小院,104.054065,30.66543,15882088434,4.5,37.00,长顺街,餐饮服务;餐饮相关场所;餐饮相关
1311,GM+兔子爱吃甜(法式甜品店),甜品店,剑南大道中段1198号世豪荟高新店一层1-1-3,104.045361,30.548362,[],4.4,44.00,天府新区,餐饮服务;甜品店;甜品店
1312,满记甜品(成都金牛万达广场店),甜品店,荷花池街道一环路北三段1号1栋1层1号附1020号,104.074402,30.687586,[],4.0,32.00,金牛万达广场,餐饮服务;甜品店;甜品店
1313,如花甜品,甜品店,蜀南东路654号,103.69039,30.618091,15982077809,4.6,50.00,唐人街,餐饮服务;甜品店;甜品店
1314,潮甘露·潮汕甜汤(成都首店),中餐厅,东大路577号成都环贸ICDF负二楼,104.114825,30.632825,19102620903,3.8,20.00,净居寺,餐饮服务;中餐厅;中餐厅
1315,i探脑袋面包甜品蛋糕(广福店),甜品店,复地御香山三期3号门(广福地铁站B口),104.069623,30.476652,13568833031,4.4,69.00,四川天府新区成都直管区,餐饮服务;甜品店;甜品店
1316,豆福福甜品,甜品店,观东二街178号1层,104.08407,30.528689,15281972520;17761212886,4.1,18.00,四川天府新区成都直管区,餐饮服务;甜品店;甜品店
1317,妙糖甜品(中和店),甜品店,迎江路112号,104.085326,30.545318,028-60107187;13881978702,4.4,36.00,四川天府新区成都直管区,餐饮服务;甜品店;甜品店
1318,满记甜品(龙湖成都东安天街店),甜品店,桃都大道中段666号龙湖成都东安天街F2层,104.249725,30.574275,[],3.9,32.00,四川天府新区成都直管区,餐饮服务;甜品店;甜品店
1319,漫山白雪豆花甜品(中海国际购物公园店),甜品店,成都市高新西区蜀西路399号中海国际购物公园F1,103.978805,30.722819,18581851022,4.0,21.00,中海国际,餐饮服务;甜品店;甜品店
1320,熊猫叮咚·会跳舞的生日蛋糕(东郊记忆店),糕饼店,崔家店横一街56号5栋2层附214号,104.127902,30.661239,18183276450,4.3,210.00,跳蹬河,餐饮服务;糕饼店;糕饼店
1321,今喜甜·SurpriseCake甜品蛋糕(简阳店),甜品店,"蜀阳路755号,757号",104.529495,30.424777,[],4.5,30.00,[],餐饮服务;甜品店;甜品店
1322,恭喜发甜DIY蛋糕·甜品屋(春熙路店),餐饮相关,春熙路小科甲巷A座9楼909号(ifs熊猫对面),104.079553,30.656364,18380448717,3.9,48.00,东大街,餐饮服务;餐饮相关场所;餐饮相关
1323,粮磨缘肠粉·简餐甜品(聚福路店),中餐厅,聚福路834号,103.990428,30.623025,[],4.3,16.00,保利花园,餐饮服务;中餐厅;中餐厅
1324,Bliss Petal恰逢甜品融合餐厅(蜀都万达),甜品店,望丛东路347号万达华府,103.906962,30.805779,19338099882,4.1,57.00,郫筒,餐饮服务;甜品店;甜品店
1325,巧八角冰甜品(成都新都店),甜品店,学院路东段与蜀龙大道中段辅路交叉口西200米,104.169925,30.806275,15680543520,4.2,19.00,蜀龙大道中段,餐饮服务;甜品店;甜品店
1326,King's Blue钴蓝甜品(青和里南段98号院店),甜品店,青和里南段98号院3幢附7号(牛王庙地铁站G口步行340米),104.089737,30.642168,17313090791,4.2,73.00,东门大桥,餐饮服务;甜品店;甜品店
1327,笑尔玛私房甜品(壹街区店),生活服务场所,拜水西路144号,103.656035,31.013192,028-62165295;028-89741657;13550062977,4.3,23.00,幸福大道,餐饮服务;糕饼店;糕饼店|餐饮服务;甜品店;甜品店|生活服务;生活服务场所;生活服务场所
1328,圆芋良品(正通顺街店),甜品店,正通顺街12号,104.080148,30.670778,[],3.8,19.00,太升路,餐饮服务;甜品店;甜品店
1329,满屋甜品(广场店),甜品店,鹤山南路18号中节能世纪广场F1层,103.51381,30.190787,18280240585,4.0,20.00,鹤山,餐饮服务;甜品店;甜品店
1330,南孟甜品,甜品店,东胜街5号-附4号,104.060042,30.660233,18008096144,3.9,35.00,长顺街,餐饮服务;甜品店;甜品店
1331,万庆庆甜品豆花(动物园店),甜品店,华润熙悦广场1栋1单元1层123号,104.103966,30.713066,19302844931,3.8,14.00,青龙,餐饮服务;甜品店;甜品店
1332,夏日美食光甜品店,甜品店,天彭街道牡丹北路东段120号,103.967751,30.991123,15982403367,4.3,29.00,[],餐饮服务;甜品店;甜品店
1333,赵记传承·中式甜品(成都上城天街店),甜品店,成华西街299号10栋负二层09号,104.072505,30.684549,17360026805,4.0,20.00,江汉路,餐饮服务;甜品店;甜品店
1334,Spatisserie甜品蛋糕(富豪时代店),餐饮相关,东升街道迎春路三段124号,103.919725,30.579475,17740190942,4.1,30.00,东升,餐饮服务;餐饮相关场所;餐饮相关
1335,Dele得楽甜品(银泰城店),甜品店,桂溪街道银泰城悦坊6号楼附216号,104.059325,30.540775,19934516700,3.7,44.00,大源,餐饮服务;甜品店;甜品店
1336,i探脑袋面包·甜品蛋糕(建设路店),购物相关场所,培华东路与建设南街交叉口西南60米,104.106738,30.667514,18081285359,4.2,18.00,新鸿路,购物服务;购物相关场所;购物相关场所
1337,JARUU 简如法式甜品店,甜品店,吉泰路107号,104.060451,30.538924,13551154204,4.3,56.00,四川天府新区成都直管区,餐饮服务;甜品店;甜品店
1338,i探脑袋面包·甜品蛋糕(海椒市店),糕饼店,新桂村西五街43号,104.094399,30.637188,[],4.3,17.00,莲桂路,餐饮服务;糕饼店;糕饼店
1339,马呼呼家.甜品(怡心湖店),甜品店,怡心街道剑和路一段406号附211室,104.024001,30.489246,15528835000,4.4,24.00,四川天府新区成都直管区,餐饮服务;甜品店;甜品店
1340,锦来甜品(国悦公寓店),甜品店,华阳街道华阳大道三段9号附8号1层,104.058625,30.508755,[],4.2,16.00,天府新区,餐饮服务;甜品店;甜品店
1341,肯德基甜品站(成都成都王府井购物中心店),冷饮店,科华中路9号成都王府井购物中心科华店1F层,104.076575,30.618407,028-85217015,4.2,33.00,桂溪,餐饮服务;冷饮店;冷饮店
1342,胖嘻嘻厚切千层甜品,甜品店,明蜀路68号明蜀新村1期,104.195329,30.64977,19208054471,4.2,32.00,[],餐饮服务;甜品店;甜品店
1343,好闺蜜甜品(顺风港店),餐饮相关,牡丹西路顺风港,103.95624,30.989127,18628021291,4.4,39.00,天彭,餐饮服务;餐饮相关场所;餐饮相关
1344,漫稞茶歇·甜品台·生日蛋糕(菁蓉汇店),糕饼店,桂溪街道天府五街200号3号楼A区206室,104.061776,30.539675,[],3.6,44.00,大源,餐饮服务;糕饼店;糕饼店
1345,满记甜品(成都银泰城二店),甜品店,成都市高新区益州大道1999号成都银泰城2楼239号,104.057625,30.541525,028-60707260;028-82884805,3.5,38.00,四川天府新区,餐饮服务;甜品店;甜品店
1346,LeeLee Pâtisserie李李法式甜品,甜品店,芳华街24号附7号(芳草街地铁站D口步行410米),104.056166,30.623258,18080065671,4.4,58.00,玉林,餐饮服务;甜品店;甜品店
1347,小薄荷甜品生日蛋糕(万象城店),儿童用品店,双福一路58号一楼179号,104.113675,30.643615,15328069738,4.0,140.00,万年场,购物服务;专卖店;儿童用品店
1348,石须咖啡轻食甜品(金科北路地铁C口店),咖啡厅,新技术产业园区信息园西路98号2栋1层108号,104.007407,30.720616,18081978346,4.3,23.00,金泉,餐饮服务;咖啡厅;咖啡厅
1349,橙子李甜品(三观桥店),甜品店,三官桥下街46号,103.630521,30.989564,18909022998,4.3,45.00,幸福,餐饮服务;甜品店;甜品店
1350,艾哲DIY甜品店(泰康博观店),餐饮相关,泰康博观1期1栋,104.418242,30.8623,18200253686,3.9,33.00,[],餐饮服务;餐饮相关场所;餐饮相关
1351,岁甜法式生日蛋糕(成都金牛区店),甜品店,花牌坊北街93号一层215号,104.04692,30.682455,15092688820,4.0,70.00,营门口,餐饮服务;甜品店;甜品店
1352,MOMO家DIY烘焙.雪花冰甜品集合铺,冷饮店,灌口街道外北街28号韩式雪花冰集合铺,103.622721,31.001819,[],4.1,19.00,灌口,餐饮服务;冷饮店;冷饮店
1353,馨煜手工甜品店,甜品店,凉水街128号,103.900721,30.798967,15680680868,3.8,19.00,郫筒,餐饮服务;甜品店;甜品店
1354,德源记甜品(水碾河南路店),甜品店,水碾河南路65号附10号,104.099436,30.646372,15928486513,4.0,16.00,牛市口,餐饮服务;甜品店;甜品店
1355,Stand Flower赞花甜品蛋糕店,糕饼店,永安路293号(龙泉驿地铁站E1口步行440米),104.266761,30.564068,028-84858808;17358688568,4.3,35.00,天府新区,餐饮服务;糕饼店;糕饼店
1356,沁喜甜品·顺德双皮奶·糖水(成都店),甜品店,光雾山路23号梦魔方广场3栋1层22号,104.140223,30.633976,19013225828,4.1,14.00,保和,餐饮服务;甜品店;甜品店
1357,冰禧记甜品店(爱琴海店),甜品店,万福一街171号附207(白螺湾旁扶梯上二楼往前100米),103.992825,30.736492,15108002561;15283882118,4.1,13.00,[],餐饮服务;甜品店;甜品店
1358,漫记甜品(动物奶油·太古里店),甜品店,天涯石西街16号(市二医院地铁站C口步行270米),104.087043,30.658224,13438384238,3.8,19.00,春熙路,餐饮服务;甜品店;甜品店
1359,BATIFUL芭提芙满屋甜品(蒲江桫椤店),甜品店,桫椤路中段89号,103.510183,30.195129,028-88534827;18280240585,3.7,20.00,鹤山村片区,餐饮服务;甜品店;甜品店
1360,清醒日记·甜品制造局,甜品店,玉带巷与青江中路交叉口西北120米,104.254737,30.879291,13008123776,4.0,37.00,红阳,餐饮服务;甜品店;甜品店
1361,甜柒刨冰甜品咖啡店,餐饮相关,四川省成都市都江堰市翔凤路168号,103.630089,30.980751,17318902821,4.0,25.00,幸福,餐饮服务;餐饮相关场所;餐饮相关
1362,THE MOMENT初见甜品(蜀涛·英伦半岛店),甜品店,临邛镇邛陶路南段30号,103.450739,30.401646,18615722530,4.1,28.00,临邛,餐饮服务;甜品店;甜品店
1363,JR代糖低脂甜品(金堂万达店),甜品店,滨江路1段638号,104.415278,30.855662,[],4.2,40.00,[],餐饮服务;甜品店;甜品店
1364,屿沐橙island甜品工作室(成都世茂广场店),甜品店,大面街道金枫路833号14栋2楼50号,104.188123,30.580712,19113680186,3.7,113.00,四川天府新区成都直管区,餐饮服务;甜品店;甜品店
1365,牧云甜品,甜品店,射洪坝街道蜀阳路206号依云谷西门停车场入口旁,104.529685,30.418538,13488950715,4.1,23.00,[],餐饮服务;甜品店;甜品店
1366,樊薯薯·麻辣小吃·中式甜品(世茂广场店),甜品店,大面街道金枫路833号14栋附91号,104.187928,30.580952,[],3.8,31.00,四川天府新区成都直管区,餐饮服务;甜品店;甜品店
1367,i探脑袋面包·甜品蛋糕(凯德店),购物相关场所,九里堤街道交桂路89号附18、19号红紫国际,104.04718,30.70256,[],4.1,17.00,九里堤,餐饮服务;糕饼店;糕饼店|购物服务;购物相关场所;购物相关场所
1368,糕小姐的甜品店,甜品店,崇庆街道滨江南路二段8号,103.660918,30.618151,17780028256,4.2,30.00,滨河路南段,餐饮服务;甜品店;甜品店
1369,一乐甜品(蓝润·光华春天B区店),甜品店,公平凤凰北大街949号附211号,103.890905,30.689749,17780496707,3.9,76.00,[],餐饮服务;甜品店;甜品店
1370,凉浸浸主食甜品茶餐厅(华商店),快餐厅,交子大道33号中国华商金融中心B1层,104.063225,30.581675,[],3.8,33.00,交子商圈,餐饮服务;快餐厅;快餐厅
1371,杨小姐甜品店(青白江店),餐饮相关,大弯街道怡湖东路318号,104.260378,30.881185,18190680901,4.5,44.00,大弯,餐饮服务;餐饮相关场所;餐饮相关
1372,盒子家甜品蛋糕(崇州店),服装鞋帽皮具店,上南街208号,103.672645,30.625117,[],3.8,21.00,上南街,购物服务;服装鞋帽皮具店;服装鞋帽皮具店
1373,元气贝果·面包甜品(高新店),糕饼店,盛源街277号4栋附212号,104.044435,30.543606,[],3.9,11.00,大源,餐饮服务;糕饼店;糕饼店
1374,橙一橙甜品·Cake(静安路店),餐饮相关,香城北路188号附13号,104.176845,30.813342,15528199835,4.1,23.00,蜀龙大道中段,餐饮服务;餐饮相关场所;餐饮相关
1375,爆爆家·甜品蛋糕(橡树林店),糕饼店,橡树林东路23号橡果里美食广场负一楼,104.094791,30.621926,17373006198;18284543865,4.1,28.00,龙舟路,餐饮服务;糕饼店;糕饼店
1376,麦当劳甜品站(万科·钻石广场店),冷饮店,建设路10号万科·钻石广场F1层,104.104505,30.669672,[],4.1,19.00,建设路,餐饮服务;甜品店;甜品店|餐饮服务;冷饮店;冷饮店
1377,馥颂甜品蛋糕(金香领邸北区店),糕饼店,五四街206号,104.171427,30.818001,13438149051,4.2,27.00,蜀龙大道中段,餐饮服务;糕饼店;糕饼店
1378,玉林甜品站(烤梨·蛋烘糕),甜品店,瑞苑东门旁(倪家桥地铁站E口步行320米),104.062175,30.626375,[],3.4,14.00,倪家桥,餐饮服务;甜品店;甜品店
1379,盒子家甜品蛋糕(百盛苑一期店),甜品店,东升镇花月中街60号百盛苑一期,103.916672,30.578599,[],4.0,34.00,四川天府新区成都直管区,餐饮服务;甜品店;甜品店
1380,沁喜甜品·顺德双皮奶·糖水(金牛天街店),甜品店,人民北路一段8号5幢1层附114号,104.071853,30.681352,17701585936,4.0,13.00,江汉路,餐饮服务;甜品店;甜品店
1381,得闲咖啡茶甜品,咖啡厅,凤凰西一路153号附98-99号1层,104.27694,30.886612,18583237901,4.1,16.00,大弯,餐饮服务;咖啡厅;咖啡厅
1382,樱禾落甜品店,甜品店,三官桥下街158号,103.633147,30.989277,[],4.1,29.00,江安路,餐饮服务;甜品店;甜品店
1383,榴乖乖甜品店(高新店),甜品店,天府四街1066号附2116号,104.045395,30.542785,13551737774;18081077698,3.4,28.00,天府新区,餐饮服务;甜品店;甜品店
1384,甜一甜·甜品蛋糕(金科北路店),甜品店,金科西路58号8栋2楼205号,104.004339,30.720864,17882189831,3.7,31.00,金泉,餐饮服务;糕饼店;糕饼店|餐饮服务;甜品店;甜品店
1385,满屋甜品(政府街店),甜品店,政府街42号百货大楼F1层,103.506698,30.196382,18280240585,3.6,27.00,鹤山村片区,餐饮服务;甜品店;甜品店
1386,甜品匠人·Cake工作室(中铁·瑞景誉都店),甜品店,幸福镇廖家桥路131号附301号,103.658357,30.97622,18111614052,4.2,42.00,幸福大道,餐饮服务;糕饼店;糕饼店|餐饮服务;甜品店;甜品店
1387,無忧甜品·蛋糕·咖啡,甜品店,三官桥下街与观凤二巷交叉口东南60米,103.629471,30.989538,13880375793,4.5,24.00,江安路,餐饮服务;甜品店;甜品店
1388,佳尚甜品(蓝光空港国际城2、3期店),甜品店,蓝光空港国际城2、3期1栋,104.006773,30.573268,17711358978;19180673782,3.9,29.00,白家,餐饮服务;甜品店;甜品店
1389,岩壹甜品店(北湖国际城店),甜品店,湖秀二路36号附205号,104.160185,30.707706,13440013552,3.7,111.00,龙潭,餐饮服务;甜品店;甜品店
1390,拾柒甜品工作室(外滩店),甜品店,滨江东路南二段41号,103.5118,30.578057,13488992292,4.2,24.00,晋原,餐饮服务;甜品店;甜品店
1391,KFC甜品站(城西优品道广场店),冷饮店,光华村街26-附26号附近,104.007457,30.664693,[],4.0,33.00,光华,餐饮服务;冷饮店;冷饮店
1392,马呼呼家·甜品(建设路店),甜品店,猛追湾街道一环路东一段63号公元荟C区2楼215号,104.099656,30.671079,15680018810,4.1,14.00,建设路,餐饮服务;甜品店;甜品店
1393,盒子家甜品蛋糕(温江店),甜品店,燎原小区158号,103.851126,30.685735,[],4.0,27.00,凤溪大道,餐饮服务;甜品店;甜品店
1394,胖橘甜品(九眼桥店),甜品店,锦江区新桂村西五街41号,104.094412,30.637216,19980747361,3.9,45.00,海椒市,餐饮服务;甜品店;甜品店
1395,初甜甜品店,甜品店,古镇朝阳路72号,103.559402,30.811835,19141079869,3.6,40.00,街子,餐饮服务;甜品店;甜品店
1396,爆爆家甜品店(都城雅颂居1期店),甜品店,荣华北路299号附112号,104.044058,30.552335,13880244140,3.8,30.00,四川天府新区成都直管区,餐饮服务;甜品店;甜品店
1397,0.1gram甜品工作室(汇锦广场C座店),餐饮相关,盛邦街94号汇锦广场C座F11层,104.054012,30.556373,18502844923;19302864923,3.2,153.00,四川天府新区,餐饮服务;餐饮相关场所;餐饮相关
1398,不晚甜品cake boutique(兰庭丽景店),糕饼店,调露巷13号,103.954325,30.990425,19181880652,4.2,40.00,天彭,餐饮服务;糕饼店;糕饼店
1399,莉莉安甜品&CAKE(吾悦广场店),甜品店,桃都大道888号吾悦广场成都龙泉驿店F3层,104.240523,30.578055,18581966106,2.9,36.00,天府新区,餐饮服务;甜品店;甜品店
1400,盒子家甜品蛋糕(万象城店),糕饼店,一环路东三段109号附2号,104.102151,30.659336,[],3.2,33.00,新鸿路,餐饮服务;糕饼店;糕饼店
1401,开心甜品(都江堰店),甜品店,都江堰莲花北路8号,103.645017,30.989306,15520810223,4.2,50.00,幸福大道,餐饮服务;甜品店;甜品店
1402,diaodiao.cake(DIY·蛋糕·甜品),糕饼店,诚信路354号附204(优品道美食广场二楼),104.078844,30.75725,13438804080,3.7,93.00,[],餐饮服务;糕饼店;糕饼店
1403,麦町家甜品店(天府长城·柏南郡店),甜品店,高新区科华南路156号,104.077603,30.593945,18702855944,3.9,35.00,柳江,餐饮服务;甜品店;甜品店
1404,德源记甜品(同和苑店),甜品店,同善桥横街8号附4号,104.024736,30.680275,19802846807,3.8,16.00,府南,餐饮服务;甜品店;甜品店
1405,浮生甜品屋(辰居路193号院店),甜品店,辰居路189号,103.673869,30.635706,13880442486;18140024822,4.0,30.00,中心广场,餐饮服务;甜品店;甜品店
1406,万庆庆甜品豆花(温江大学城店),甜品店,柳城街道学海路399号12栋附112号,103.81494,30.681298,18382012060,3.4,13.00,天府,餐饮服务;甜品店;甜品店
1407,点艺甜品,甜品店,新繁金地路213号,104.010467,30.882268,18080196163,4.0,14.00,新繁,餐饮服务;甜品店;甜品店
1408,老肖甜品,甜品店,双福二路与双成三路交叉口西140米,104.117275,30.644725,[],4.4,26.00,万年场,餐饮服务;甜品店;甜品店
1409,悠米甜品(大悦城店),甜品店,顺兴路369号金楠·缤纷,104.001649,30.636533,18108123252,3.3,32.00,五大花园,餐饮服务;甜品店;甜品店
1410,西棠甜品,甜品店,大都观云境晋康中路13栋166号,103.684773,30.624869,18482057584,4.2,35.00,崇州万达广场,餐饮服务;甜品店;甜品店
1411,马呼呼家甜品(琉璃厂店),甜品店,晨辉北路8号附85号(直走不要进小区),104.103541,30.606336,17683289853,4.1,8.00,柳江,餐饮服务;甜品店;甜品店
1412,正兴幸时甜品铺(中海·天府里·云岭店),甜品店,正兴街道隆和街988号7栋1单元1楼106号,104.085807,30.427053,15184405075,4.3,16.00,四川天府新区成都直管区,餐饮服务;甜品店;甜品店
1413,秋禾甜品(永安店),甜品店,永安路186号,104.264839,30.562858,18108055057,3.9,26.00,龙泉,购物服务;服装鞋帽皮具店;服装鞋帽皮具店|餐饮服务;甜品店;甜品店
1414,米兔甜品(锦绣香城店),餐饮相关,蓉都大道南一段辅路453号,104.167779,30.816635,13751896677;19938211386,3.7,27.00,马超路,餐饮服务;餐饮相关场所;餐饮相关
1415,富贵甜品,甜品店,一环路北一段195号附17和18号,104.056079,30.685015,19983124317,3.8,13.00,新华西路,餐饮服务;甜品店;甜品店
1416,cici甜品,甜品店,观景路101-103号,103.633362,30.989125,19150167651,4.3,32.00,幸福,餐饮服务;甜品店;甜品店
1417,爆爆家·甜品蛋糕(动物园店),糕饼店,仁爱路166号8栋附108号,104.100991,30.704695,19308192938,4.0,28.00,驷马桥,餐饮服务;糕饼店;糕饼店
1418,花一甜品,甜品店,长城路二段499号2栋1层134号,103.990325,30.549375,18502895091,3.9,13.00,四川天府新区成都直管区,餐饮服务;甜品店;甜品店
1419,马呼呼家·甜品(龙湖上城店),甜品店,上城天街8栋1层28号,104.071325,30.684325,18884848013,4.3,22.00,江汉路,餐饮服务;甜品店;甜品店
1420,鹿野CAKE·蛋糕甜品(锦华万达店),餐饮相关,牛沙后街43号院南门西北70米,104.101152,30.628156,18123317260;19113130713,3.1,29.00,龙舟路,购物服务;购物相关场所;购物相关场所|餐饮服务;餐饮相关场所;餐饮相关
1421,爆爆家甜品店(洞子口店),甜品店,沙河源街道洞子口路208号,104.059313,30.721595,15228938280;19308024106,3.8,28.00,五块石,餐饮服务;甜品店;甜品店
1422,祖甜·生日蛋糕·甜品台·DIY(东裕路店),糕饼店,东裕路500号附125号,104.119695,30.708366,13808190780;18602843153,4.0,18.00,青龙,餐饮服务;糕饼店;糕饼店
1423,喜作面包甜品,糕饼店,江源中路135号,103.690628,30.625134,15882238795,4.3,30.00,崇州万达广场,餐饮服务;糕饼店;糕饼店
1424,蔻家甜品定制(龙泉店),甜品店,东街兴隆步行街22号,104.273673,30.556674,18908081014,3.2,21.00,四川天府新区,餐饮服务;甜品店;甜品店
1425,椿夏甜品蛋糕工作室,糕饼店,杉板桥路669号102号中国体育彩票旁边,104.132294,30.67214,13008329918;13518152034,4.1,150.00,[],餐饮服务;糕饼店;糕饼店
1426,马呼呼家·甜品(龙泉店),甜品店,董郎路142号,104.272697,30.570383,15008219160;18884848013,4.1,38.00,四川天府新区成都直管区,餐饮服务;甜品店;甜品店
1427,云间甜铺小吃麻辣烫甜品,甜品店,枫树街2号L1层外-02号,104.135825,30.595675,13880331864,3.7,12.00,成龙路,餐饮服务;甜品店;甜品店
1428,JR代糖低脂甜品(晋阳店),甜品店,晋阳路413号1楼(阳公桥地铁站A1口步行150米),103.99381,30.648101,15102805639,3.5,21.00,双楠,餐饮服务;甜品店;甜品店
1429,i探脑袋•面包甜品蛋糕(温江店),糕饼店,清泉南街443号,103.874722,30.673289,17364818043,4.1,14.00,涌泉,餐饮服务;糕饼店;糕饼店
1430,爆爆家·甜品蛋糕(蓝光空港国际城店),购物相关场所,临港路4段200号10栋附105号,104.002981,30.571367,18030516028,3.8,28.00,天府新区,购物服务;购物相关场所;购物相关场所
1431,纯阳馆鱼香排骨面(吉祥街店),中餐厅,吉祥街8号附2号,104.054804,30.668202,028-87403075,4.7,17.00,长顺街,餐饮服务;中餐厅;中餐厅
1432,蓉荣北大铺盖面(总店),中餐厅,解放路二段2号附4号,104.079216,30.676768,13666173639;15881472984,4.7,15.00,解放路,餐饮服务;中餐厅;中餐厅
1433,华兴街自力面店,中餐厅,华兴东街63号(市二医院地铁站A口步行420米),104.081322,30.658558,13666203151,4.6,21.00,春熙路,餐饮服务;中餐厅;中餐厅
1434,胖哥面馆(景德一巷),中餐厅,景德一巷10号,103.885084,30.8102,15528050108,4.7,13.00,郫筒,餐饮服务;中餐厅;中餐厅
1435,兵哥豌豆面(翡翠城店),中餐厅,华润路121号翡翠城菜篮子1楼111号,104.094269,30.614575,17381858685,4.6,17.00,东光,餐饮服务;中餐厅;中餐厅
1436,成都面馆正反面总店,中餐厅,光华村街66号附3号,104.010299,30.664558,028-87778477;17780677707,4.6,21.00,青羊大道,餐饮服务;中餐厅;中餐厅
1437,纯阳馆鱼香排骨面(东二道街店),中餐厅,东二道街78号附3号,104.057683,30.671843,[],4.6,21.00,长顺街,餐饮服务;中餐厅;中餐厅
1438,其味面馆(营康路店),中餐厅,营康路7号,104.036517,30.686066,18602893313,4.6,26.00,营门口,餐饮服务;中餐厅;中餐厅
1439,兰姐素椒面(蜀光路店),中餐厅,蜀光路19号附21号,104.019255,30.69438,15198225123,4.7,20.00,金沙,餐饮服务;中餐厅;中餐厅
1440,大石人家鱿鱼面馆(大石西路总店),中餐厅,大石西路127号,104.033643,30.650723,028-87046520,4.7,16.00,高升桥,餐饮服务;中餐厅;中餐厅
1441,望津面馆,中餐厅,成都市高新区吉瑞四路一栋一层309号,104.063807,30.554221,[],4.6,39.00,大源,餐饮服务;中餐厅;中餐厅
1442,贰辣面馆(长风苑店),中餐厅,南府街29号,104.070561,30.64862,18011566537;18011566582,4.6,14.00,督院街,餐饮服务;中餐厅;中餐厅
1443,青山面馆,中餐厅,隆兴街19号,104.080183,30.661715,13880027165,4.6,18.00,太升路,餐饮服务;中餐厅;中餐厅
1444,周琴老面馆(神仙树店),中餐厅,神仙树北路25号,104.048119,30.618556,13881722712,4.6,16.00,紫荆,餐饮服务;中餐厅;中餐厅
1445,万三面馆(青龙正街店),中餐厅,青龙正街131号附1号(牛王庙地铁站G口步行390米),104.089449,30.645203,15082462766,4.6,19.00,东大街,餐饮服务;中餐厅;中餐厅
1446,兵哥豌豆面(总府路店),中餐厅,暑袜北二街56号附3号,104.076512,30.659753,028-62326217,4.3,20.00,梓潼,餐饮服务;中餐厅;中餐厅
1447,大石人家鱿鱼面馆(碧桂园·沁云里店),中餐厅,中和街道吉龙一街95号,104.087967,30.538172,19980522024,4.6,14.00,中和,餐饮服务;中餐厅;中餐厅
1448,刘记铺盖面(茶店子店),中餐厅,茶店子南街6号附17号,104.026213,30.696857,[],4.7,21.00,茶店子,餐饮服务;中餐厅;中餐厅
1449,铁门杂酱面(牛市口路14号院店),中餐厅,牛市口路22号附6号(牛市口地铁站A1口步行480米),104.10657,30.640667,[],4.6,16.00,双桥子,餐饮服务;中餐厅;中餐厅
1450,庆妹儿面馆,中餐厅,茶店子街道营康路9号-1号,104.036399,30.686165,18503003578,4.6,19.00,金沙,餐饮服务;中餐厅;中餐厅
1451,黎叔杂酱面(天紫界国际公寓店),中餐厅,一环路东五段46号天1栋1层8,104.093058,30.642516,18780283975,4.6,17.00,海椒市,餐饮服务;中餐厅;中餐厅
1452,上池面馆(上池正街39号院店),中餐厅,上池正街39号附4号(近文翁路),104.058491,30.649403,13458695685,4.5,17.00,汪家拐,餐饮服务;中餐厅;中餐厅
1453,陈氏花孃孃重庆面馆,四川菜(川菜),广福桥北街1号巴黎阳光,104.034073,30.639681,15111963361,4.6,19.00,双楠,餐饮服务;中餐厅;四川菜(川菜)
1454,下面馆,快餐厅,灌口街道文庙街106号,103.618929,31.001077,18780200633,4.6,22.00,灌口,餐饮服务;快餐厅;快餐厅
1455,幺怪面,快餐厅,龙舟东巷49号,104.097014,30.625316,13880774366,4.6,17.00,龙舟路,餐饮服务;快餐厅;快餐厅
1456,华兴街煎蛋面(总店),中餐厅,梓潼桥正街45号附6号正成财富ID大厦1楼,104.081421,30.660355,028-86622922;13308077057,4.5,16.00,春熙路,餐饮服务;中餐厅;中餐厅
1457,巴味仙豌杂面成都总店(绿地中心店),中餐厅,喜树街205号(洪河地铁站A1口步行450米),104.153699,30.60423,028-86740407;19182266291,4.6,18.00,洪河,餐饮服务;中餐厅;中餐厅
1458,朵朵家素椒杂酱面(小天小区商住楼1期店),中餐厅,小天东街42号,104.058698,30.634365,13540750564;15928687214,4.5,16.00,小天竺,餐饮服务;中餐厅;中餐厅
1459,大石人家鱿鱼面馆(贝森路分店),中餐厅,贝森路47号,104.00188,30.66965,15308044309,4.6,17.00,金沙,餐饮服务;中餐厅;中餐厅
1460,兵哥豌豆面(天誉店),四川菜(川菜),通宝街237-239号(东大路地铁站A口步行230米),104.109637,30.633637,028-86664094,4.4,17.00,海椒市,餐饮服务;中餐厅;四川菜(川菜)
1461,万三面馆(华西坝店),中餐厅,金陵横街89号,104.062701,30.635744,14726051219,4.5,16.00,小天竺,餐饮服务;中餐厅;中餐厅
1462,万三面馆(牛市口店),中餐厅,得胜上街与海椒市街交叉口东20米,104.104285,30.641674,19158809847,4.6,15.00,双桥子,餐饮服务;中餐厅;中餐厅
1463,李眼镜挞挞面馆(成都店),中餐厅,双水碾街道荆翠南一街22号,104.100545,30.711243,13350560188,4.7,17.00,双水碾,餐饮服务;中餐厅;中餐厅
1464,味千拉面(成都春熙阳光店),快餐厅,春熙路东段一号阳光百货第三层3A-03,104.077519,30.655079,028-86728786,4.1,36.00,春熙路,餐饮服务;快餐厅;快餐厅
1465,兵哥豌豆面(雅颂居店),中餐厅,荣华北路259号,104.044123,30.554239,17381858685,4.5,17.00,四川天府新区成都直管区,餐饮服务;中餐厅;中餐厅
1466,银面馆(石化大厦店),中餐厅,华阳街道天研路263、265号石化大厦,104.068311,30.494828,18381098699,4.6,15.00,天府新区,餐饮服务;中餐厅;中餐厅
1467,六十七号素椒面(宏济新路店),中餐厅,宏济新路333号,104.096554,30.640494,18780029800,4.6,13.00,牛市口,餐饮服务;中餐厅;中餐厅
1468,诸暨何字面馆,中餐厅,吉泰路588号(天府三街地铁站A口步行430米),104.064654,30.546234,18069519091,4.6,70.00,大源,餐饮服务;中餐厅;中餐厅
1469,香味面(祥和里店),中餐厅,祥和里136号(互惠超市对面),104.094965,30.658117,028-84380875,4.6,16.00,猛追湾,餐饮服务;中餐厅;中餐厅
1470,玉黛面店,中餐厅,玉带桥街94号,103.628596,30.994688,18982025688,4.6,14.00,灌口,餐饮服务;中餐厅;中餐厅
1471,兵哥豌豆面(中医院店),中餐厅,十二桥路37-新1-2栋附10号,104.042768,30.66538,18473813109,4.2,17.00,长顺街,餐饮服务;中餐厅;中餐厅
1472,传统杂酱面(久鑫华园店),中餐厅,长青路38-40号(金府地铁站C口步行270米),104.040178,30.70988,18981900843,4.6,13.00,九里堤,餐饮服务;中餐厅;中餐厅
1473,和府捞面(成都ifs国际金融中心店),中餐厅,红星路三段3号国际金融中心商场LG1层食通天124号铺位,104.081375,30.654475,13764872549,4.0,24.00,春熙路,餐饮服务;中餐厅;中餐厅
1474,泸与州醉香面,快餐厅,顺和街1号兴元丽园A区,103.999121,30.632019,15983036061,4.6,15.00,[],餐饮服务;快餐厅;快餐厅
1475,罗拾福面馆·茶饮,中餐厅,锦江区牛市口路87号附1号,104.108356,30.641728,18671980723,4.5,25.00,双桥子,餐饮服务;中餐厅;中餐厅
1476,手擀面(保利星座),中餐厅,剑南大道中段1390号(大源地铁站C口步行340米),104.04595,30.54588,13086301288,4.6,18.00,四川天府新区成都直管区,餐饮服务;中餐厅;中餐厅
1477,兵哥豌豆面(南湖店),中餐厅,华阳街道南湖西路112号,104.041529,30.499206,028-67561036,4.4,17.00,四川天府新区成都直管区,餐饮服务;中餐厅;中餐厅
1478,三雅面馆(工农院街80号院店),中餐厅,工农院街80号附8号,104.099418,30.630073,13550079043,4.5,17.00,龙舟路,餐饮服务;中餐厅;中餐厅
1479,老号牛王庙金宴面店(一心桥南街小区店),中餐厅,一心桥南街34-36(牛王庙地铁站C口步行440米),104.099123,30.64322,18980532981,4.5,19.00,牛市口,餐饮服务;中餐厅;中餐厅
1480,半边面馆(科技苑店),快餐厅,新半边街6号附11号,104.07326,30.651049,15692882292,4.5,15.00,督院街,餐饮服务;快餐厅;快餐厅
1481,半天特色面(八二小区2区店),中餐厅,一环路东二段9号附1号,104.10058,30.667404,15802815006,4.4,14.00,建设路,餐饮服务;中餐厅;中餐厅
1482,十八梯邓凳面(魅力城店),餐饮相关,万科南街2号万科·魅力之城二期,104.150346,30.626705,[],4.4,17.00,洪河,餐饮服务;餐饮相关场所;餐饮相关
1483,兵哥豌豆面(天和店),中餐厅,天和西一街61号1栋2单元1楼2号,104.071886,30.599467,028-89105407,4.3,17.00,桂溪,餐饮服务;中餐厅;中餐厅
1484,肖煮任·鲜熬牛肉汤面(万象城总店),中餐厅,双成三路15号附161号(万年场地铁站A口旁),104.118065,30.644434,18980406225,4.5,24.00,万年场,餐饮服务;中餐厅;中餐厅
1485,全味面馆(一环路东三段3号院店),中餐厅,一环路东三段3号附1号,104.097458,30.651572,028-84474720,4.5,17.00,双桥子,餐饮服务;中餐厅;中餐厅
1486,上善面馆,中餐厅,华阳大道一段261号,104.047238,30.512024,19511831050,4.6,21.00,四川天府新区成都直管区,餐饮服务;中餐厅;中餐厅
1487,旭东地道糊辣壳摊摊面馆,中餐厅,广汇·御园二期B区西门南70米,104.087764,30.442475,18083540356,4.6,17.00,四川天府新区成都直管区,餐饮服务;中餐厅;中餐厅
1488,庆云面馆(新华社区北区店),中餐厅,双林北支路105号附8号,104.107148,30.657442,19940712557,4.5,18.00,建设路,餐饮服务;中餐厅;中餐厅
1489,兵哥豌豆面(福年店),中餐厅,成都高新区天府三街116号1层,104.065353,30.547136,18615717733,4.2,17.00,大源,餐饮服务;中餐厅;中餐厅
1490,飘香欣面馆,中餐厅,柳翠路78号,104.092646,30.60499,19992764567,4.6,16.00,柳江,餐饮服务;中餐厅;中餐厅
1491,老顽家面馆(红牌楼总店),中餐厅,"长城西一路27,29号",104.032885,30.630785,13881943550,4.5,21.00,红牌楼,餐饮服务;中餐厅;中餐厅
1492,呼啦面馆·头牌豌杂面(融锦城写字楼店),中餐厅,昭觉寺南路119号融锦城写字楼F1层,104.097436,30.705009,13990133888,4.5,14.00,驷马桥,餐饮服务;中餐厅;中餐厅
1493,和府捞面(成都环球购物中心店),中餐厅,成都高新区天府大道北段1700号B1BD17C号,104.065025,30.568953,4001616777,3.9,32.00,交子商圈,餐饮服务;中餐厅;中餐厅
1494,不陈在夜面馆,中餐厅,南华巷48号,104.038136,30.54956,15828215497,4.6,21.00,天府新区,餐饮服务;中餐厅;中餐厅
1495,兵哥豌豆面(香年店),中餐厅,吉泰五路88号(天府三街地铁站B口步行400米),104.066624,30.544537,028-83230883,4.1,17.00,四川天府新区成都直管区,餐饮服务;中餐厅;中餐厅
1496,千喜年面馆·蒸菜馆(大学路店),中餐厅,小天竺路12-附23号(华西坝地铁站C口步行270米),104.068789,30.642875,19950656727,4.4,20.00,小天竺,餐饮服务;中餐厅;中餐厅
1497,丰登面馆(双桥社区店),餐饮相关,经华北路97号双桥社区,104.108557,30.647367,15902835529,4.5,19.00,万年场,餐饮服务;餐饮相关场所;餐饮相关
1498,成都络耳胡素椒面(宽窄巷子店),中餐厅,西安南路117号附3号,104.048456,30.668452,13678110333,4.5,18.00,永陵路,餐饮服务;中餐厅;中餐厅
1499,谢包子•面馆,中餐厅,水碾河路36号附9号(近娇子音乐厅),104.098592,30.64851,18615799121,4.4,17.00,牛王庙,餐饮服务;中餐厅;中餐厅
1500,兵哥豌豆面(万科魅力店),中餐厅,万科路万科·魅力广场5号附19号,104.151398,30.626999,18584872786,4.2,17.00,洪河,餐饮服务;中餐厅;中餐厅
1501,念当年豌杂面(双林北支路店),餐饮相关,双林北支路6号(万年路地铁站A口步行150米),104.114639,30.657064,18200151613,4.2,12.00,建设路,餐饮服务;餐饮相关场所;餐饮相关
1502,十八梯邓凳面(九眼桥店),餐饮相关,宏济中路69号(牛王庙地铁站H2口步行230米),104.092339,30.641905,[],4.3,19.00,海椒市,餐饮服务;餐饮相关场所;餐饮相关
1503,朵朵家素椒杂酱面(运管局家属院店),中餐厅,锦江区康庄街52号(太升南路地铁站C口步行210米),104.079109,30.665522,18981359931,4.4,14.00,太升路,餐饮服务;中餐厅;中餐厅
1504,五福面馆,餐饮相关,双桥路南一街22栋1号(双桥路地铁站D口步行370米),104.110396,30.646961,17323195318,4.5,16.00,万年场,餐饮服务;餐饮相关场所;餐饮相关
1505,长庆杂酱面(白马寺街店),中餐厅,白马寺街33号附1号(西北桥地铁站A3口步行480米),104.06374,30.685128,15756638007,4.5,13.00,新华西路,餐饮服务;中餐厅;中餐厅
1506,兵哥豌豆面(世纪城店),中餐厅,世纪城路1034号(世纪城地铁站C口步行380米),104.072476,30.551784,028-62093286,4.1,17.00,天府新区,餐饮服务;中餐厅;中餐厅
1507,王婆面(人民南路店),中餐厅,人民南路三段14号(华西坝地铁站A口步行180米),104.065162,30.643478,028-85531651,4.0,20.00,小天竺,餐饮服务;中餐厅;中餐厅
1508,山城盅盅面,特色/地方风味餐厅,莲桂南路58号(三官堂地铁站A口步行440米),104.097439,30.630484,15182900013;17729617976,4.5,17.00,龙舟路,餐饮服务;中餐厅;特色/地方风味餐厅
1509,曾记老面馆(东郊记忆店),餐饮相关,建设南路106号1层,104.123543,30.670705,[],4.3,18.00,圣灯,餐饮服务;餐饮相关场所;餐饮相关
1510,吴二娃夜面馆(倪家桥店),中餐厅,倪家桥路2号附26号(倪家桥地铁站E口步行60米),104.064302,30.624817,18280450938,4.6,18.00,倪家桥,餐饮服务;中餐厅;中餐厅
1511,成记面馆(浦兴街店),中餐厅,浦兴街82(犀浦地铁站E口步行310米),103.967211,30.755039,13402812787;13688445503,4.5,15.00,犀浦,餐饮服务;中餐厅;中餐厅
1512,兵哥豌豆面(天府新谷店),中餐厅,府城大道西段399天府新谷七号楼A座F1层,104.056317,30.586542,028-61397680,4.0,17.00,石羊场,餐饮服务;中餐厅;中餐厅
1513,野面馆·现炒绍子面(沸城店),中餐厅,科华沸城1楼3号(川大望江校区地铁站B口步行140米),104.075327,30.624247,[],4.6,22.00,跳伞塔,餐饮服务;中餐厅;中餐厅
1514,十一街幺鸡成都担担面(九眼桥店),中餐厅,致民路十一街10号,104.080609,30.641989,18502822899,4.4,18.00,小天竺,餐饮服务;中餐厅;中餐厅
1515,鱿鱼面(光荣北路),中餐厅,光荣北路26号附8号(西门车站背后),104.046173,30.686052,028-87656978;18080106797,4.6,20.00,金沙,餐饮服务;中餐厅;中餐厅
1516,兵哥豌豆面(布鲁明顿店),特色/地方风味餐厅,交子北二路23号(金融城地铁站A口步行370米),104.062124,30.584226,028-62696683,4.3,17.00,石羊场,餐饮服务;中餐厅;特色/地方风味餐厅
1517,兵哥豌豆面(清凤店),中餐厅,桂溪街道剑南大道中段716号4栋1层附113号,104.04533,30.556132,028-85284422,4.2,17.00,大源商圈,餐饮服务;中餐厅;中餐厅
1518,兵哥豌豆面(兴隆湖店),中餐厅,菁蓉北二街天投北鑫苑底商91-93号,104.080397,30.40587,028-63070968,4.5,17.00,天府新区,餐饮服务;中餐厅;中餐厅
1519,兵哥豌豆面(24城店),中餐厅,双成三路15号附158号(万年场地铁站A口旁),104.117829,30.644539,028-84088879,4.3,17.00,万年场,餐饮服务;中餐厅;中餐厅
1520,兵哥豌豆面(成都银泰城店),中餐厅,益州大道中段1999号16栋1楼附5号银泰城,104.060865,30.540938,15928530604,4.1,17.00,大源,餐饮服务;中餐厅;中餐厅
1521,兵哥豌豆面(建设巷店),中餐厅,建设巷1号附18号,104.103377,30.6702,028-61111467;13950248566,4.3,21.00,建设路,餐饮服务;中餐厅;中餐厅
1522,兵哥豌豆面(天目店),中餐厅,雅和北二路(广都地铁站C口步行210米),104.076123,30.512747,15008451412,4.3,17.00,四川天府新区成都直管区,餐饮服务;中餐厅;中餐厅
1523,兵哥豌豆面(节能大厦店),中餐厅,天府三街中节能大厦B座升华路109号104号,104.066874,30.548841,028-65260898,4.2,17.00,大源,餐饮服务;中餐厅;中餐厅
1524,兵哥豌豆面(天府怡心汇店),中餐厅,怡心街道瑞祥西街860号天府怡心汇B1层,104.029925,30.472025,18728301087,4.2,17.00,四川天府新区成都直管区,餐饮服务;中餐厅;中餐厅
1525,文武面馆,中餐厅,环球汇广场(东大路地铁站A口步行170米),104.110186,30.633818,19048080148,4.5,18.00,净居寺,餐饮服务;中餐厅;中餐厅
1526,一家鱼丸面馆(华商店),中餐厅,交子大道33号中国华商金融中心1楼129号,104.063095,30.581659,18380434962,4.4,51.00,石羊场,餐饮服务;中餐厅;中餐厅
1527,巴味刘记牛筋面(总店),中餐厅,文信路201号,103.891638,30.792934,028-64023998;13778347578,4.6,16.00,郫筒,餐饮服务;中餐厅;中餐厅
1528,野面馆·现炒绍子面(银泰城店),餐饮相关,益州大道中段1999号6栋附16号(成都银泰城),104.059294,30.540904,13247571213,4.2,22.00,大源,餐饮服务;餐饮相关场所;餐饮相关
1529,雅安倪记老面馆(双元街总店),中餐厅,双元街6号附7号,104.032158,30.649901,13880577633;18613226551,4.5,24.00,双楠,餐饮服务;中餐厅;中餐厅
1530,呼啦面馆(蜀都中心店),中餐厅,天府大道天府二街138号蜀都中心1期2号楼,104.06644,30.551864,[],4.1,17.00,大源,餐饮服务;中餐厅;中餐厅
1531,凤姐面馆,中餐厅,锦江区东华正街凤姐面馆55一63号,104.069496,30.659939,18980032193,4.3,19.00,顺城大街,餐饮服务;中餐厅;中餐厅
1532,胖妈面馆,餐饮相关,和平街19号(和平街地铁站C口步行450米),103.890858,30.803656,13880017706,4.6,11.00,郫筒,餐饮服务;餐饮相关场所;餐饮相关
1533,巴味仙豌杂面(城南华府店),中餐厅,成汉南路366号(交子大道地铁站C2口步行480米),104.054234,30.580536,[],4.2,19.00,石羊场,餐饮服务;中餐厅;中餐厅
1534,呼啦面馆(美年中心店),中餐厅,天府大道中段1388号美年中心11栋,104.067465,30.534987,[],4.1,18.00,四川天府新区成都直管区,餐饮服务;中餐厅;中餐厅
1535,喜二面馆(万安店),中餐厅,万安镇万福寺路591号,104.112466,30.486301,13699074777,4.5,14.00,万安,餐饮服务;中餐厅;中餐厅
1536,呼啦面馆(科华沸城店),餐饮相关,科华北路60-附1号,104.076286,30.624009,[],4.2,15.00,磨子桥,餐饮服务;餐饮相关场所;餐饮相关
1537,Pennehut畔尼意面(成都世豪店),西餐厅(综合风味),剑南大道中段999号世豪广场B1层,104.045275,30.550025,18030757098,4.0,55.00,四川天府新区成都直管区,餐饮服务;外国餐厅;西餐厅(综合风味)
1538,呼啦面馆(成都光环店),中餐厅,汇泉北路与通源街交叉口东北20米汇泉北路92号,104.111025,30.637403,[],4.4,13.00,牛市口,餐饮服务;中餐厅;中餐厅
1539,吴记面馆(幸福路),中餐厅,幸福路187号2栋附5号,103.618209,30.997504,[],4.3,14.00,幸福,餐饮服务;中餐厅;中餐厅
1540,呼啦面馆(今站购物中心店),中餐厅,天府广场站负一层盐市口路3号B28,104.066825,30.657125,15730316161,3.8,15.00,人民中路,餐饮服务;中餐厅;中餐厅
1541,雄鸡面,中餐厅,瀚洋大酒店东北门旁,104.000011,30.604391,17323001107,4.6,16.00,簇桥,餐饮服务;中餐厅;中餐厅
1542,上池面馆(光荣北路店),餐饮相关,光荣北路2号4-5(花牌坊地铁站C口步行440米),104.045495,30.685847,13980667686,4.3,11.00,营门口,餐饮服务;餐饮相关场所;餐饮相关
1543,元元面馆(北打铜街店),中餐厅,北打铜街8号新时代广场F1层,104.071674,30.669283,13980515775,4.5,16.00,德盛路,餐饮服务;中餐厅;中餐厅
1544,秦味和面馆,快餐厅,合作街道合信路龙湖时代天街17栋1层,103.920396,30.751546,13891806163;19102836926,4.3,16.00,龙湖时代天街,餐饮服务;快餐厅;快餐厅
1545,姐妹面馆(交桂一巷11号院店),中餐厅,交桂一巷11号交桂一巷11号院16幢,104.046217,30.701599,13541371949,4.4,13.00,九里堤,餐饮服务;中餐厅;中餐厅
1546,苗记晋善面馆(牧电路店),中餐厅,牧电路21号附2号(草堂北路地铁站B口步行410米),104.030041,30.665455,18080116807,4.5,14.00,草堂,餐饮服务;中餐厅;中餐厅
1547,呼啦面馆(万科汇智中心店),中餐厅,高翔西路532号,104.084485,30.611014,[],3.9,20.00,桂溪,餐饮服务;中餐厅;中餐厅
1548,羊马查渣面(总店),中餐厅,龙潭乡成华大道十里店路339号,104.156791,30.693026,13308076872;18244295810,4.4,21.00,龙潭,餐饮服务;中餐厅;中餐厅
1549,开心面馆(春熙路店),中餐厅,北新街16号附10号,104.076813,30.657298,[],4.1,17.00,东大街,餐饮服务;中餐厅;中餐厅
1550,呼啦面馆(招商中央华城店),中餐厅,二仙桥北二路31-附29号,104.135525,30.673375,[],4.1,17.00,东郊记忆,餐饮服务;中餐厅;中餐厅
1551,红光面馆(培华东路15号小区店),中餐厅,红光小区二区,104.105439,30.666967,[],4.5,10.00,建设路,餐饮服务;中餐厅;中餐厅
1552,吴记喜利来老面馆(新川店),餐饮相关,雅和北四路399号恒瑞新川中心,104.080795,30.518071,18123325054,4.5,17.00,天府新区,餐饮服务;餐饮相关场所;餐饮相关
1553,呼啦面馆(文华广场店),中餐厅,通宝街与二环路东四段交叉口东140米(亚朵酒店对面),104.107004,30.63591,[],4.2,16.00,海椒市,餐饮服务;中餐厅;中餐厅
1554,四街面馆,中餐厅,剑南大道中段1580号,104.04606,30.542845,[],4.5,19.00,四川天府新区成都直管区,餐饮服务;中餐厅;中餐厅
1555,呼啦面馆(华润广场第158店),中餐厅,华润广场B座(东湖公园地铁站D口步行70米),104.090667,30.619653,[],4.0,12.00,东光,餐饮服务;中餐厅;中餐厅
1556,佳和面馆,中餐厅,应龙北三路112号,104.096147,30.547714,18583913886,4.4,18.00,中和,餐饮服务;中餐厅;中餐厅
1557,中和夜面馆,中餐厅,中和二街180号1层(张家寺地铁站B口步行360米),104.097338,30.546999,18281942576,4.6,23.00,四川天府新区成都直管区,餐饮服务;中餐厅;中餐厅
1558,麻肚肚面馆(西宸天街店),中餐厅,花照壁西顺街238号,104.03282,30.699768,18284489984,4.4,24.00,营门口,餐饮服务;中餐厅;中餐厅
1559,三晋面馆,餐饮相关,永立龙邸B区,104.098933,30.689792,19108218916,4.5,29.00,府青路,餐饮服务;餐饮相关场所;餐饮相关
1560,泸州老面馆(成科北路店),中餐厅,一环路南二段16号附78号,104.069405,30.633459,13398176403,4.5,12.00,小天竺,餐饮服务;中餐厅;中餐厅
1561,老面馆(迎春路店),中餐厅,东升街道迎春路三段99号(迎春路三段86号院南门旁),103.920274,30.579221,13880940575,4.5,12.00,东升,餐饮服务;中餐厅;中餐厅
1562,木一面馆(四川省医院家属小区店),中餐厅,清江东路9号附1号,104.038032,30.667181,[],4.3,24.00,草堂,餐饮服务;中餐厅;中餐厅
1563,魏四爷面馆(郫都总店),中餐厅,红高路168号(红高路地铁站C口步行270米),103.939508,30.770592,13550135725,4.2,19.00,红光,餐饮服务;中餐厅;中餐厅
1564,呼啦面馆(cosmo天廊店),中餐厅,安宁河路386号(塔子山公园地铁站出入口步行160米),104.121025,30.628425,[],4.2,17.00,塔子山公园,餐饮服务;中餐厅;中餐厅
1565,生椒牛肉面(西城尚锦店),中餐厅,光华东三路419号(中坝地铁站D口步行270米),103.960208,30.673272,18508313957;19981593187,4.3,16.00,[],餐饮服务;中餐厅;中餐厅
1566,元源面馆(都江堰景区店),中餐厅,文庙街14-15,103.616999,30.999286,13076015796,4.3,16.00,幸福,餐饮服务;中餐厅;中餐厅
1567,老陕面馆,餐饮相关,合作街道龙湖·时代天街天骄路6栋106,103.920975,30.753625,18981263759,4.0,12.00,[],餐饮服务;餐饮相关场所;餐饮相关
1568,家常味面馆(建设路店),中餐厅,培华东路11号付25号,104.105412,30.667158,13348855043,4.1,12.00,新鸿路,餐饮服务;中餐厅;中餐厅
1569,呼啦面馆(八里庄店),中餐厅,二仙桥西一巷12号(八里庄地铁站C口步行50米),104.118308,30.686188,[],4.0,19.00,二仙桥,餐饮服务;中餐厅;中餐厅
1570,周记面馆(鼓楼南街店),中餐厅,鼓楼南街108号(成都市公安局交通管理局西门旁),104.072334,30.662294,18980971047,4.0,13.00,顺城大街,餐饮服务;中餐厅;中餐厅
1571,三妹面馆,中餐厅,潮福苑3号门口,103.985117,30.641404,13795832937,4.4,13.00,机投桥/机投,餐饮服务;中餐厅;中餐厅
1572,三十六号面馆,中餐厅,方正东街与育婴堂街交叉口西北20米,104.085201,30.66666,15902824842,4.1,15.00,太升路,餐饮服务;中餐厅;中餐厅
1573,二姐面馆(金福路店),中餐厅,金福路140号清江小区,103.990396,30.677236,13388193292,4.5,40.00,金沙,餐饮服务;中餐厅;中餐厅
1574,江蓉记内江牛肉面,中餐厅,益园二路8号(石羊地铁站A口步行460米),104.035546,30.586683,13408549259,4.5,19.00,石羊场,餐饮服务;中餐厅;中餐厅
1575,晓面馆(锦绣华都东区店),中餐厅,东升街道三强北路88号,103.934476,30.575408,13982227684,4.2,13.00,天府新区,餐饮服务;中餐厅;中餐厅
1576,大飛面馆(东城映象三期B区店),餐饮相关,枫锦路15号,104.128128,30.676935,18328661137,4.6,16.00,建设路,餐饮服务;餐饮相关场所;餐饮相关
1577,诚易老面馆(万科·金色乐府店),中餐厅,建设南路163号附60号14栋1单元1层,104.127484,30.669646,19938451408,3.9,11.00,跳蹬河,餐饮服务;中餐厅;中餐厅
1578,华兴香面馆,中餐厅,益州大道华新中街段与华阳大道二段交叉口南80米,104.05386,30.510717,18328471615;18328622908,4.5,15.00,四川天府新区,餐饮服务;中餐厅;中餐厅
1579,喜二面馆(广都店),餐饮相关,区高新区雅和南二路177号1层,104.076275,30.507525,[],4.3,11.00,四川天府新区成都直管区,餐饮服务;餐饮相关场所;餐饮相关
1580,老三味面馆(高攀店),中餐厅,高攀路30号附31-32号(仁智幼稚园西1门旁),104.082901,30.616544,19950386931,4.4,18.00,桂溪,餐饮服务;中餐厅;中餐厅
1581,重庆呼啦面馆(西安南路店),中餐厅,西安中路一巷35-附11号,104.048014,30.665959,17638647672,3.8,18.00,长顺街,餐饮服务;中餐厅;中餐厅
1582,老面馆(致民东路店),中餐厅,望江路街道致民东路28号附9号,104.083258,30.641314,17713408341,4.0,28.00,小天竺,餐饮服务;中餐厅;中餐厅
1583,金陵面馆(金陵路店),快餐厅,金陵路2号附3号,104.065344,30.635432,13658024956,4.5,21.00,小天竺,餐饮服务;快餐厅;快餐厅
1584,老魏面馆(竞成路4号院店),中餐厅,竞成路4号附7号联合小区(近邮局),104.124021,30.642728,13881836477,4.3,11.00,保和,餐饮服务;中餐厅;中餐厅
1585,三哥面馆(陕西街143号院店),中餐厅,陕西街131号,104.062174,30.654396,18284644577,4.1,13.00,汪家拐,餐饮服务;中餐厅;中餐厅
1586,缘来面馆(凯悦新城店),中餐厅,一环路南一段9号凯悦新城1层附6号(近民主路),104.081272,30.636402,[],4.1,16.00,小天竺,餐饮服务;中餐厅;中餐厅
1587,传说面馆(棠湖家苑店),中餐厅,东升街道迎春路三段2-4号,103.92222,30.579113,[],4.5,22.00,东升,餐饮服务;中餐厅;中餐厅
1588,崇州夜面馆,中餐厅,龙门中街13号(一品江山城市花园东1门旁),103.665046,30.63129,18328512860,4.5,16.00,滨河路北段,餐饮服务;中餐厅;中餐厅
1589,聚鲜面馆(东方锦都店),中餐厅,双林路226号附1号(东方锦都东北2门旁),104.104069,30.655503,[],4.1,12.00,新鸿路,餐饮服务;中餐厅;中餐厅
1590,长明面馆(邛崃店),中餐厅,临邛街道朱牌坊街3号,103.472355,30.410736,13666273543;19138946292,4.4,15.00,临邛,餐饮服务;中餐厅;中餐厅
1591,上池面馆(红星桥直营店),火锅店,书院街道东城拐下街22号附7号,104.089238,30.66837,13541188566,4.4,16.00,红星路,餐饮服务;中餐厅;火锅店
1592,小段面馆(北书院街9号院店),快餐厅,北书院街36号(9号院东南门旁),104.086637,30.666694,13981972719,4.0,12.00,红星路,餐饮服务;快餐厅;快餐厅
1593,杨仕面馆(竞成路4号院店),中餐厅,竞成路4号附1号(万年场地铁站C口步行460米),104.124068,30.642623,15390092790,4.3,15.00,万年场,餐饮服务;中餐厅;中餐厅
1594,佳蓉面馆(东府花园店),中餐厅,普得.先锋国际8栋附103、104商铺,104.085906,30.551269,13880875720,4.5,16.00,中和,餐饮服务;中餐厅;中餐厅
1595,龙哥面馆(簇桥店),中餐厅,百锦路174-176号(簇桥地铁站C口步行330米),103.993159,30.609741,[],4.1,15.00,[],餐饮服务;中餐厅;中餐厅
1596,惠善香面馆,餐饮相关,建和路6朗朗天地F1层,104.111952,30.672675,17882953073;18482197510,4.0,12.00,SM广场,餐饮服务;餐饮相关场所;餐饮相关
1597,八喜面馆(马家沟路店),中餐厅,马家沟130号,104.115923,30.62452,15184333249,4.2,10.00,净居寺,餐饮服务;中餐厅;中餐厅
1598,梅梅香面馆,中餐厅,燎原南路25号航天城乙四区,104.26153,30.554533,13540444728;18784866007,4.4,13.00,航天北路,餐饮服务;中餐厅;中餐厅
1599,景合面馆(水城栖谷静湖栖店),中餐厅,赵镇金鹰路361号,104.386934,30.846758,13666155775;15882350929,4.5,22.00,[],餐饮服务;中餐厅;中餐厅
1600,胖子面馆(星河路店),中餐厅,星河路67号附7号,104.043353,30.707355,028-87620427,4.4,12.00,九里堤,餐饮服务;中餐厅;中餐厅
1601,二姐面馆(仁和街店),中餐厅,仁和街23-25,103.916426,30.573546,028-80873888;028-84780198,4.2,20.00,东升,餐饮服务;中餐厅;中餐厅
1602,吴记喜利来老面馆(金色城市店),中餐厅,丹桂街107号,104.171724,30.59265,[],4.1,14.00,四川天府新区成都直管区,餐饮服务;中餐厅;中餐厅
1603,威远面馆(华阳店),中餐厅,正北中街93号,104.066804,30.508811,18613234834,4.4,14.00,天府新区,餐饮服务;中餐厅;中餐厅
1604,呼啦面馆(世外桃源店),中餐厅,望江路街道科华北路65号世外桃源广场B座1层大堂1号,104.077575,30.630325,[],3.7,15.00,磨子桥,餐饮服务;中餐厅;中餐厅
1605,锦悦面馆(大石西路店),中餐厅,大石西路221号,104.030894,30.650701,18108070865,4.2,17.00,双楠,餐饮服务;中餐厅;中餐厅
1606,老街豆花面(芙蓉锦绣城店),中餐厅,金华寺南路142号,104.116408,30.770688,13060002077,4.3,13.00,天回,餐饮服务;中餐厅;中餐厅
1607,围墙面馆,中餐厅,惜字宫南街52号院(市二医院地铁站B口步行100米),104.085525,30.65914,13628011166,4.1,17.00,望平街,餐饮服务;中餐厅;中餐厅
1608,罗福老面馆温江三店(千禧河畔C区),中餐厅,公平街道江安路767号,103.888086,30.688066,13438949627,4.2,13.00,涌泉,餐饮服务;中餐厅;中餐厅
1609,天仁面馆,中餐厅,天和路69号皇城花卉,104.07259,30.599808,[],4.2,29.00,桂溪,餐饮服务;中餐厅;中餐厅
1610,胖哥面馆,中餐厅,高新区新创路7号1栋1层2号,103.956871,30.738316,[],4.4,16.00,高新西区,餐饮服务;中餐厅;中餐厅
1611,洪贵面馆,中餐厅,学苑路紫苑小区西鑫朋康复医院对面,104.276036,30.874545,028-83609292;18190859534,4.4,12.00,大弯,餐饮服务;中餐厅;中餐厅
1612,碗碗香面馆(长益街店),中餐厅,长益街3号附19号,104.029683,30.623014,13865830732;15828202221,4.1,18.00,肖家河,餐饮服务;中餐厅;中餐厅
1613,酱子面(珠江新城铂金中心店),中餐厅,珠江新城国际D区南门西北50米,103.863946,30.68725,[],4.1,16.00,凤溪大道,餐饮服务;中餐厅;中餐厅
1614,长喜面馆,中餐厅,喜树街416号,104.149957,30.600205,19934500852,4.3,17.00,成龙路,餐饮服务;中餐厅;中餐厅
1615,赤龙面馆(白河店),中餐厅,金河路四段339/341号,103.906288,30.569745,18123078859,4.2,14.00,东升,餐饮服务;中餐厅;中餐厅
1616,喜之味面馆,中餐厅,天和东街8-附1号(三瓦窑地铁站B口步行280米),104.076353,30.602307,15008207059,4.1,22.00,桂溪,餐饮服务;中餐厅;中餐厅
1617,吴记喜利来老面馆(麓府大院店),中餐厅,麓云西门北100米,104.10681,30.476859,[],4.4,18.00,天府新区,餐饮服务;中餐厅;中餐厅
1618,罗记面馆(三江路店),中餐厅,灌口街道天乙街都之都商业广场97号4栋1层9,103.620353,30.992192,13541264376,3.9,12.00,幸福,餐饮服务;中餐厅;中餐厅
1619,老面馆(桂王桥南街店),中餐厅,红星路二段87号附3-4号,104.082462,30.662019,18702825779,3.9,16.00,红星路,餐饮服务;中餐厅;中餐厅
1620,巴人面馆(汇融名城B区店),中餐厅,高车一路58号附82巴人面馆,104.097718,30.691595,[],4.2,13.00,驷马桥,餐饮服务;中餐厅;中餐厅
1621,好面馆(汇锦公寓店),中餐厅,肥猪市街58号1栋7号(近浙商银行),104.05514,30.641947,13881937875,4.0,10.00,小天竺,餐饮服务;中餐厅;中餐厅
1622,随意面馆,中餐厅,红光镇徐独路523号,103.953408,30.78565,13550034573,4.0,13.00,红光,餐饮服务;中餐厅;中餐厅
1623,全味面馆(国学巷),中餐厅,国学巷52号建川·黉门公馆F1层,104.062365,30.64401,[],4.1,19.00,小天竺,餐饮服务;中餐厅;中餐厅
1624,浮白面馆,中餐厅,莲花东路1号附2号,104.099664,30.636681,[],4.5,17.00,莲桂路,餐饮服务;中餐厅;中餐厅
