spot_id,spot_name,spot_level,poi_category,address,longitude,latitude,rating,ticket_price_min,opening_hours_json,description,travel_tips,cultural_context,avg_visit_hours,area_tag
1,成都大熊猫繁育研究基地,5A,全球最大的大熊猫迁地保护基地，拥有大熊猫、小熊猫等珍稀动物。园区分为太阳产房、月亮产房、熊猫活动场等区域。,成华区外北熊猫大道,104.1473,30.7327,4.7,55,"{""open"":""7:30"",""close"":""18:00""}",全球最大的大熊猫迁地保护基地，拥有大熊猫、小熊猫等珍稀动物。园区分为太阳产房、月亮产房、熊猫活动场等区域。,建议上午7:30入园，熊猫上午最活跃；游览3-4小时；门票55元可官网提前购；园区内电瓶车10元。,大熊猫是中国国宝，成都大熊猫基地是全球唯一在大熊猫保护领域获得重大成功的机构，2006年被评为5A级景区。,4.0,成华区
2,武侯祠博物馆,4A,中国唯一的君臣合祀祠庙，纪念诸葛亮和刘备。园区分为文物区、园林区、锦里民俗区三部分。,武侯区武侯祠大街231号,104.0485,30.6404,4.5,50,"{""open"":""9:00"",""close"":""18:00""}",中国唯一的君臣合祀祠庙，纪念诸葛亮和刘备。园区分为文物区、园林区、锦里民俗区三部分。,门票50元；与锦里一墙之隔步行2分钟建议同半天；游览2-3小时；三国文化爱好者必去。,武侯祠始建于公元223年，是中国影响最大的三国遗迹博物馆，1961年被列为全国重点文物保护单位。,3.0,武侯区
3,锦里古街,4A,成都著名步行街，集合美食、民俗、购物。街道全长550米，明清建筑风格，有茶馆、客栈、酒楼、戏台。,武侯区武侯祠大街,104.0478,30.6398,4.3,0,"{""open"":""全天""}",成都著名步行街，集合美食、民俗、购物。街道全长550米，明清建筑风格，有茶馆、客栈、酒楼、戏台。,免费全天开放；与武侯祠一墙之隔；建议傍晚游览灯光氛围好；小吃人均50-80元。,锦里是西蜀历史上最古老、最具有商业气息的街道之一，秦汉三国时期便已闻名全国。,2.0,武侯区
4,宽窄巷子,4A,由宽巷子、窄巷子、井巷子三条平行街道组成，是成都老城区少城片区遗存，体验老成都生活方式。,青羊区金河路口,104.0613,30.6721,4.4,0,"{""open"":""全天""}",由宽巷子、窄巷子、井巷子三条平行街道组成，是成都老城区少城片区遗存，体验老成都生活方式。,免费全天开放；建议下午到傍晚游览2-3小时；与人民公园步行10分钟；节假日人多。,宽窄巷子是清朝遗留的少城片区，是中国三大历史文化名街之一，记录了成都300年城市变迁。,3.0,青羊区
5,都江堰景区,5A,世界文化遗产，2000多年前李冰父子修建的水利工程至今仍在使用。景区含鱼嘴、飞沙堰、宝瓶口三大主体工程。,都江堰市公园路,103.6109,30.9946,4.7,80,"{""open"":""8:00"",""close"":""17:30""}",世界文化遗产，2000多年前李冰父子修建的水利工程至今仍在使用。景区含鱼嘴、飞沙堰、宝瓶口三大主体工程。,门票80元；距成都60km高铁30分钟；建议安排完整1天；与青城山可同日但时间紧。,都江堰建于公元前256年，是世界唯一留存的以无坝引水为特征的宏大水利工程，2000年列入世界文化遗产。,5.0,都江堰市
6,青城山景区,5A,道教发源地之一，有'青城天下幽'之称。前山以道教文化为主，后山以自然风光为主。,都江堰市青城山镇,103.5623,30.9042,4.6,80,"{""open"":""8:00"",""close"":""17:00""}",道教发源地之一，有'青城天下幽'之称。前山以道教文化为主，后山以自然风光为主。,门票前山80元后山20元；建议上午青城山下午都江堰；前山游览4小时后山需6小时。,青城山是中国四大道教名山之一，东汉张道陵在此创立天师道，2000年与都江堰一同列入世界文化遗产。,4.0,都江堰市
7,人民公园鹤鸣茶社,3A,成都最有名的露天茶馆，体验盖碗茶和采耳，感受成都慢生活。百年茶社保留民国风貌。,青羊区祠堂街9号,104.0602,30.6648,4.5,0,"{""open"":""7:00"",""close"":""22:00""}",成都最有名的露天茶馆，体验盖碗茶和采耳，感受成都慢生活。百年茶社保留民国风貌。,免费入场盖碗茶10-30元；与宽窄巷子步行10分钟；建议上午体验1-2小时；周末人多需等位。,鹤鸣茶社始建于20世纪20年代，是成都茶馆文化的活化石，代表了成都人休闲慢生活的生活方式。,2.0,青羊区
8,春熙路IFS太古里,-,成都最繁华商业区，IFS爬墙熊猫雕塑是地标，太古里是开放式低密度街区，汇集国际品牌和方所书店。,锦江区中纱帽街,104.0917,30.6580,4.6,0,"{""open"":""全天""}",成都最繁华商业区，IFS爬墙熊猫雕塑是地标，太古里是开放式低密度街区，汇集国际品牌和方所书店。,免费全天开放；建议傍晚/夜间游览氛围最佳；地铁2号线春熙路站；IFS顶层可近距离看熊猫。,春熙路始建于1924年，名字取自《道德经》'众人熙熙，如享太牢，如春登台'，是成都百年商业中心。,3.0,锦江区
9,杜甫草堂,4A,唐代诗人杜甫流寓成都时的故居，现为中国文学史圣地。园林清幽，有茅屋故居、花径、诗史堂等景观。,青羊区青华路37号,104.0301,30.6663,4.5,50,"{""open"":""8:00"",""close"":""18:00""}",唐代诗人杜甫流寓成都时的故居，现为中国文学史圣地。园林清幽，有茅屋故居、花径、诗史堂等景观。,门票50元；游览2-3小时；适合安静游览品读诗意；与金沙遗址博物馆车程15分钟。,杜甫（712-770）在成都草堂居住近4年，创作诗歌240余首，其中《茅屋为秋风所破歌》在此写成。,3.0,青羊区
10,金沙遗址博物馆,4A,21世纪中国重大考古发现，太阳神鸟金箔为镇馆之宝，成都城市标志来源。遗迹馆原址展示挖掘现场。,青羊区金沙遗址路2号,104.0132,30.6820,4.6,70,"{""open"":""9:00"",""close"":""18:00""}",21世纪中国重大考古发现，太阳神鸟金箔为镇馆之宝，成都城市标志来源。遗迹馆原址展示挖掘现场。,门票70元；周一闭馆；游览2-3小时；太阳神鸟金箔必看；与杜甫草堂车程15分钟。,金沙遗址距今约3000年，是古蜀文明代表，太阳神鸟图案被定为中国文化遗产标志。,3.0,青羊区
11,文殊院,-,川西第一禅林，始建于隋朝，清代重建。寺内藏有玄奘法师顶骨舍利，是成都香火最旺的佛教寺院。,青羊区文殊院街66号,104.0740,30.6740,4.4,0,"{""open"":""8:00"",""close"":""17:00""}",川西第一禅林，始建于隋朝，清代重建。寺内藏有玄奘法师顶骨舍利，是成都香火最旺的佛教寺院。,免费入内；游览1-2小时；周边文殊坊小吃街可顺路逛；地铁1号线文殊院站。,文殊院始建于隋大业年间（605-618年），是长江流域四大禅院之一，玄奘顶骨舍利为镇寺之宝。,2.0,青羊区
12,青羊宫,3A,成都最古老的道观之一，被誉为川西第一道观。传说老子曾在此为尹喜传授道德经。,青羊区一环路西二段,104.0209,30.6642,4.2,10,"{""open"":""8:00"",""close"":""18:00""}",成都最古老的道观之一，被誉为川西第一道观。传说老子曾在此为尹喜传授道德经。,门票10元；游览1小时；与杜甫草堂步行15分钟；道教文化爱好者推荐。,青羊宫始建于周朝，现存建筑为清代重建，三清殿前铜羊为清代文物，是成都道教文化中心。,1.0,青羊区
13,望江楼公园,3A,纪念唐代女诗人薛涛的园林公园，有望江楼、薛涛井、吟诗楼等古迹。竹林品种多达200余种。,武侯区望江路30号,104.0752,30.6350,4.3,0,"{""open"":""全天""}",纪念唐代女诗人薛涛的园林公园，有望江楼、薛涛井、吟诗楼等古迹。竹林品种多达200余种。,公园免费文物区20元；游览1-2小时；薛涛井和望江楼必看；与四川大学相邻。,望江楼始建于明代，是纪念唐代女诗人薛涛的古迹，薛涛井是薛涛制笺取水之处。,2.0,武侯区
14,东郊记忆,4A,原成都红光电子管厂改造的文创园区，工业遗产与艺术融合。有音乐演出、展览、咖啡馆等业态。,成华区建设南支路4号,104.1550,30.6720,4.3,0,"{""open"":""全天""}",原成都红光电子管厂改造的文创园区，工业遗产与艺术融合。有音乐演出、展览、咖啡馆等业态。,免费全天开放；建议下午到晚上游览2-3小时；园区内适合拍照；地铁7号线东郊记忆站。,东郊记忆前身为国营红光电子管厂（1958年建厂），2011年改造为文化创意产业园。,3.0,成华区
15,成都博物馆,-,成都市最大的综合性博物馆，常设成都历史文化陈列、皮影木偶展等。建筑本身也是地标。,青羊区天府广场西侧,104.0660,30.6590,4.7,0,"{""open"":""9:00"",""close"":""17:00""}",成都市最大的综合性博物馆，常设成都历史文化陈列、皮影木偶展等。建筑本身也是地标。,免费需预约；周一闭馆；游览2-3小时；天府广场地铁直达；石犀牛和皮影展区必看。,成都博物馆新馆2016年开放，镇馆之宝为天府广场出土的石犀，距今约2000年。,3.0,青羊区
16,四川博物院,4A,西南地区最大的综合性博物馆，馆藏26万余件。常设张钊忠书画、巴蜀青铜器、汉代画像砖等展馆。,浣花南路一段251号,104.0228,30.6540,4.6,0,"{""open"":""9:00"",""close"":""17:00""}",西南地区最大的综合性博物馆，馆藏26万余件。常设张钊忠书画、巴蜀青铜器、汉代画像砖等展馆。,免费需预约；周一闭馆；游览2-3小时；与杜甫草堂车程10分钟。,四川博物院建于1941年，是西南地区建馆最早的博物馆，张大千临摹敦煌壁画为其镇馆之宝。,3.0,青羊区
17,黄龙溪古镇,4A,1700年历史的古镇，三县交界处，青石板老街、古寺庙、传统民俗保存完好。火龙节灯会为特色。,双流区黄龙溪镇,103.9770,30.4920,4.3,0,"{""open"":""全天""}",1700年历史的古镇，三县交界处，青石板老街、古寺庙、传统民俗保存完好。火龙节灯会为特色。,免费全天开放；建议周末1日游；成都出发车程40分钟；夏天可玩水。,黄龙溪建镇1700余年，自古为水路要冲，古称'赤水'，清代以后称黄龙溪，火龙节为非遗。,4.0,双流区
18,洛带古镇,4A,中国西部客家第一镇，90%居民为客家移民后裔。有四大会馆、土楼、长城等景观。,龙泉驿区洛带镇,104.1920,30.6540,4.2,0,"{""open"":""全天""}",中国西部客家第一镇，90%居民为客家移民后裔。有四大会馆、土楼、长城等景观。,免费全天开放；建议半日游；成都出发车程30分钟；客家伤心凉粉必尝。,洛带古镇始建于三国时期，清代客家移民大规模迁入，四大会馆为国家级文保单位。,3.0,龙泉驿区
19,安仁古镇·刘氏庄园博物馆,4A,中国近现代庄园建筑代表，全国保存最完好的地主庄园。分刘文彩公馆和刘文辉公馆两部分。,大邑县安仁镇,103.1180,30.5720,4.4,40,"{""open"":""9:00"",""close"":""17:30""}",中国近现代庄园建筑代表，全国保存最完好的地主庄园。分刘文彩公馆和刘文辉公馆两部分。,门票40元；游览2-3小时；成都出发车程1小时；需提前预约限流。,刘氏庄园建于20世纪初，是中国近现代社会的重要见证，1988年列为全国重点文保单位。,3.0,大邑县
20,西岭雪山,4A,成都第一高峰（5364米），杜甫'窗含西岭千秋雪'即指此山。冬季滑雪夏季避暑。,大邑县西岭镇,103.1630,30.7380,4.5,99,"{""open"":""9:00"",""close"":""17:00""}",成都第一高峰（5364米），杜甫'窗含西岭千秋雪'即指此山。冬季滑雪夏季避暑。,门票99元索道另购；冬季滑雪季12-3月；夏季避暑徒步；成都出发车程2.5小时。,西岭雪山因杜甫诗句'窗含西岭千秋雪'得名，1999年开辟为风景区，海拔5364米。,6.0,大邑县
21,天台山,4A,国家森林公园，以水景著称，有响水滩瀑布、长滩、十八里香草沟等。夏季避暑胜地。,邛崃市天台山镇,103.1560,30.4150,4.2,50,"{""open"":""8:30"",""close"":""17:00""}",国家森林公园，以水景著称，有响水滩瀑布、长滩、十八里香草沟等。夏季避暑胜地。,门票50元；游览4-5小时；夏季蚊虫多带驱蚊液；邛崃出发车程40分钟。,天台山古称东蒙山，是道教名山，宋代陆游曾在此任职并留下诗作。,5.0,邛崃市
22,平乐古镇,4A,两千多年历史的茶马古道第一镇，白沫江穿镇而过。有古驿道、古桥、古树等景观。,邛崃市平乐镇,103.4830,30.4890,4.1,0,"{""open"":""全天""}",两千多年历史的茶马古道第一镇，白沫江穿镇而过。有古驿道、古桥、古树等景观。,免费全天开放；建议半日游；与天台山同线路可组合；夏天可漂流。,平乐古镇始建于西汉，是南方丝绸之路第一驿站，秦汉以来即为茶马古道重要节点。,3.0,邛崃市
23,街子古镇,4A,凤栖山下千年古镇，有晋代古寺光严禅院、宋代古塔、清代古街。字库塔为标志性建筑。,崇州市街子镇,103.4720,30.6520,4.2,0,"{""open"":""全天""}",凤栖山下千年古镇，有晋代古寺光严禅院、宋代古塔、清代古街。字库塔为标志性建筑。,免费全天开放；建议半日游；与青城山车程20分钟可组合；古镇商业气息较弱。,街子古镇始建于晋代，因光严禅院而兴，明代杨升庵曾在此读书，清代形成现存古街格局。,3.0,崇州市
24,元通古镇,3A,三江交汇处千年古镇，清末民初为川西重要水码头。有永利桥、罗氏公馆、黄氏公馆等古迹。,崇州市元通镇,103.5150,30.6920,4.0,0,"{""open"":""全天""}",三江交汇处千年古镇，清末民初为川西重要水码头。有永利桥、罗氏公馆、黄氏公馆等古迹。,免费全天开放；建议半日游；与街子古镇车程15分钟可同游；开发较少较原生态。,元通古镇始建于东晋，三江交汇处水运便利，清代至民国时期为川西重要物资集散地。,2.0,崇州市
25,国色天乡乐园,4A,大型主题乐园，分陆乐园和水乐园（夏季开放）。适合亲子游和家庭出游。,温江区万春镇,103.8450,30.6840,4.2,60,"{""open"":""9:00"",""close"":""18:00""}",大型主题乐园，分陆乐园和水乐园（夏季开放）。适合亲子游和家庭出游。,门票60-120元不等；建议全天游玩；夏季水乐园推荐；地铁17号线到万春站。,国色天乡2007年开园，是西南地区最早的大型主题乐园之一。,6.0,温江区
26,望丛祠,3A,纪念古蜀望帝和丛帝的祠庙，四川现存唯一祭祀帝王的祠庙。望帝即杜宇，教民务农。,郫都区望丛中路,103.8720,30.8170,4.0,0,"{""open"":""8:00"",""close"":""17:00""}",纪念古蜀望帝和丛帝的祠庙，四川现存唯一祭祀帝王的祠庙。望帝即杜宇，教民务农。,免费入内；游览1小时；郫都区出发车程10分钟；与川菜博物馆可同游。,望丛祠始建于北宋，纪念古蜀国望帝杜宇和丛帝鳖灵，是古蜀文明的重要纪念地。,1.0,郫都区
27,成都动物园,3A,成都最大的动物园，有大熊猫、金丝猴等珍稀动物200余种。适合亲子游。,成华区昭觉寺南路,104.1050,30.7180,4.3,20,"{""open"":""8:00"",""close"":""18:00""}",成都最大的动物园，有大熊猫、金丝猴等珍稀动物200余种。适合亲子游。,门票20元；游览2-3小时；地铁3号线动物园站；与熊猫基地不同勿混淆。,成都动物园始建于1957年，是西南地区最大的动物园，大熊猫繁育展示区为特色。,3.0,成华区
28,三圣花乡,3A,成都近郊最大花卉观光区，分为花乡农居、荷塘月色、东篱菊园等五个主题村。,锦江区三圣街道,104.1300,30.6280,4.0,0,"{""open"":""全天""}",成都近郊最大花卉观光区，分为花乡农居、荷塘月色、东篱菊园等五个主题村。,免费全天开放；春季赏花最佳；建议半日游；适合拍照和家庭出游。,三圣花乡是成都城乡统筹示范点，2004年从传统农业村转型为都市观光农业。,3.0,锦江区
29,白鹿镇·白鹿教堂,3A,法式风情小镇，百年天主教修道院遗址。2008年地震后重建为中法风情小镇。,彭州市白鹿镇,103.9300,30.8450,4.0,0,"{""open"":""全天""}",法式风情小镇，百年天主教修道院遗址。2008年地震后重建为中法风情小镇。,免费全天开放；建议半日游；彭州出发车程40分钟；秋季银杏季最美。,白鹿镇始建于清代，法国传教士1908年建领报修院（书院），是中西文化交融之地。,2.0,彭州市
30,花舞人间,4A,大型花卉主题公园，四季花海不断，有杜鹃花瓶、百合塔等景观。适合亲子和拍照。,新津区永商镇,103.8350,30.5420,4.1,80,"{""open"":""9:00"",""close"":""17:00""}",大型花卉主题公园，四季花海不断，有杜鹃花瓶、百合塔等景观。适合亲子和拍照。,门票80元；建议半日到1日游；春季杜鹃花季最佳；成都出发车程40分钟。,花舞人间2008年开园，是西南地区最大的花卉主题景区。,4.0,新津区
31,斑竹林景区,3A,千亩竹海湿地景区，有大竹林、桤木林、羊马河湿地等。适合徒步和露营。,新津区兴义镇,103.8070,30.5630,4.0,0,"{""open"":""全天""}",千亩竹海湿地景区，有大竹林、桤木林、羊马河湿地等。适合徒步和露营。,免费全天开放；建议半日游；与花舞人间车程15分钟可同游；夏季避暑好去处。,斑竹林为成都平原湿地生态系统保护区，竹类品种50余种。,2.0,新津区
32,桃花故里,3A,中国桃花节发源地，万亩桃林。每年3月桃花季漫山遍野桃花盛开，是成都春季赏花胜地。,龙泉驿区山泉镇,104.2500,30.5900,3.9,0,"{""open"":""全天""}",中国桃花节发源地，万亩桃林。每年3月桃花季漫山遍野桃花盛开，是成都春季赏花胜地。,免费全天开放；3月桃花季为最佳时间；建议半日游；龙泉驿区出发车程20分钟。,桃花故里是国际桃花节发源地，1987年举办首届桃花节，桃文化历史悠久。,2.0,龙泉驿区
33,熊猫谷,3A,大熊猫野化放归基地，可近距离观察熊猫野外行为。与熊猫基地不同，这里更注重野化训练。,都江堰市青城山镇,103.5620,30.9050,4.3,58,"{""open"":""8:00"",""close"":""17:00""}",大熊猫野化放归基地，可近距离观察熊猫野外行为。与熊猫基地不同，这里更注重野化训练。,门票58元；游览2小时；与青城山车程10分钟可同游；游客较少体验更好。,熊猫谷是中国大熊猫保护研究中心野化放归基地，2014年建成开放。,2.0,都江堰市
34,合江亭,-,府河与南河交汇处，始建于唐代。成都情侣约会地标，寓意'百年好合'。附近有爱情斑马线。,锦江区合江亭街,104.0990,30.6570,3.8,0,"{""open"":""全天""}",府河与南河交汇处，始建于唐代。成都情侣约会地标，寓意'百年好合'。附近有爱情斑马线。,免费全天开放；建议傍晚游览30分钟；与太古里步行15分钟；适合拍照。,合江亭始建于唐贞元年间（785-805年），宋代为成都送别之地，苏辙有诗记之。,0.5,锦江区
35,凤凰山体育公园,-,2023年成都大运会主场馆，含6万座足球场和1.3万座综合体育馆。可参观游览或观赛。,金牛区北星大道,104.0750,30.7350,4.2,0,"{""open"":""全天""}",2023年成都大运会主场馆，含6万座足球场和1.3万座综合体育馆。可参观游览或观赛。,免费参观外围；赛事演出需购票；地铁5号线凤凰山体育公园北站。,凤凰山体育公园为2023年第31届世界大学生运动会主场馆，2021年建成。,1.0,金牛区
36,成都金融城双子塔,-,商务住宅,高新区锦晖西一街55号(金融城地铁站出入口旁),104.064759,30.582588,4.4,0,"{""open"":""全天""}",商务住宅;楼宇;商务写字楼,,,0.5,武侯区
37,交子公园,-,风景名胜,天府大道北段,104.072828,30.582568,4.5,0,"{""open"":""全天""}",风景名胜;公园广场;公园,全天开放，免费入园。建议傍晚前往，可同时欣赏交子双塔灯光秀。公园较大，步行需1-2小时，可租共享单车代步。,交子公园因世界上最早的纸币‘交子’得名，位于金融城核心区，寓意成都金融历史与现代发展的交融。,1.5,武侯区
38,铁像寺水街,3A,风景名胜,铁像寺路88号,104.050038,30.557844,4.5,0,"{""open"":""全天""}",风景名胜;风景名胜;国家级景点,免费开放，建议傍晚游览，灯光与水景交融更美。内有茶馆、餐厅，可安排半天时间体验成都慢生活。,铁像寺水街依托明代铁像寺而建，以水为脉，再现川西传统街巷与寺庙文化，是城市中难得的禅意休闲地。,2.5,武侯区
39,环球中心海洋乐园,-,体育休闲服务,天府大道北段1700号新世纪环球中心1层,104.062862,30.569822,4.2,0,"{""open"":""10:00"",""close"":""22:00""}",体育休闲服务;休闲场所;水上活动中心,门票约180元，夏季最宜。建议游玩半天，自备泳衣和防水袋。周末人多，工作日更舒适。注意防晒和补水。,环球中心海洋乐园是亚洲最大单体建筑内的室内水上乐园，融合海洋主题与科技娱乐，体现成都现代都市休闲文化。,3.5,武侯区
40,双子塔夜景打卡点,-,风景名胜,交子大道与益州大道北段交叉口东40米,104.060512,30.582369,4.6,0,"{""open"":""全天""}",风景名胜;风景名胜;风景名胜,免费打卡点，最佳时间为日落至晚上10点，灯光最璀璨。建议从交子公园或交子之环拍摄，夜景约30分钟足够。,双子塔（金融城双塔）是成都城南地标，其灯光秀常结合节日主题，展现成都现代化国际化的城市形象。,0.8,武侯区
41,桂溪生态公园,-,风景名胜,天府一街附近,104.067314,30.563054,4.4,0,"{""open"":""全天""}",风景名胜;公园广场;公园,免费开放，全天可游。适合晨跑或野餐，夏季傍晚凉爽。园区较大，建议骑行游览，约1-2小时。,桂溪生态公园是成都环城生态带的重要节点，以‘海绵城市’理念打造，体现成都公园城市建设的生态实践。,1.5,武侯区
42,锦城公园,-,风景名胜,益州大道北段1666号,104.052308,30.570449,4.3,0,"{""open"":""全天""}",风景名胜;公园广场;公园,免费开放，环湖步道约5公里，建议骑行或步行2小时。春秋最佳，傍晚可看日落。部分湖区禁止游泳垂钓。,锦城公园依托锦城湖而建，是成都天府绿道体系的核心组成部分，承载了千年锦官城的水文化与现代生态理念。,2.0,武侯区
43,超级奈尔宝SUPER NEOBIO(成都环球中心店),-,购物服务,天府大道北段1700号环球中心S1-S2,104.0616,30.566505,4.5,0,"{""open"":""10:00"",""close"":""22:00""}",购物服务;购物相关场所;购物相关场所,亲子乐园，门票约200-300元/人。建议工作日前往，游玩半天。需提前预约，穿舒适衣物，注意儿童安全。,超级奈尔宝是高端室内亲子乐园品牌，位于环球中心，以沉浸式体验和创意设计著称，代表成都家庭休闲消费新趋势。,2.0,武侯区
44,九叶莲桥,-,风景名胜,科华南路与锦云东三巷交叉口东北120米,104.078795,30.582484,4.2,0,"{""open"":""全天""}",风景名胜;风景名胜;风景名胜,免费开放，小景点，建议顺路游览，约20分钟。最佳时间为春秋傍晚，适合拍照散步，无需专门安排行程。,九叶莲桥因桥身九叶莲花造型得名，位于锦城湖区域，融合传统莲花意象与现代桥梁设计，象征和谐吉祥。,1.0,武侯区
45,桂溪生态公园东区,-,风景名胜,世纪城东路9号(四川电视台对面),104.073417,30.563249,4.3,0,"{""open"":""全天""}",风景名胜;风景名胜相关;旅游景点,免费开放，东区更安静，适合晨练和亲子活动。有儿童游乐区，建议游玩1-2小时，夏季注意防蚊。,桂溪生态公园东区延续了公园城市的生态理念，以湿地景观和本土植物为主，是城南居民日常休闲的重要绿肺。,1.5,武侯区
46,大源中央公园,-,风景名胜,成都高新区天府二街777号(大源地铁站D口旁),104.049182,30.549059,4.2,0,"{""open"":""全天""}",风景名胜;公园广场;公园,免费开放，全天可游。适合午后散步或傍晚运动，公园地下有商业街，可顺带购物餐饮，建议游玩1小时。,大源中央公园是成都高新区核心社区公园，以现代景观设计服务周边居民，体现产城融合与宜居宜业的发展理念。,1.5,武侯区
47,八潮天燚天妇罗,-,风景名胜,交子大道33号中国华商金融中心,104.063425,30.581175,4.0,0,"{""open"":""11:00"",""close"":""21:00""}",风景名胜;风景名胜;风景名胜,实际上为餐厅（日式天妇罗），建议午晚餐时段前往，人均消费约150-300元，需提前订位，用餐约1.5小时。,八潮天燚天妇罗是成都高端日料新锐，以天妇罗专精为特色，反映成都餐饮市场国际化与多元化融合趋势。,1.0,武侯区
48,交子之环,-,风景名胜,交子大道177号中海国际中心,104.059498,30.581982,4.6,0,"{""open"":""全天""}",风景名胜;风景名胜;风景名胜,免费开放，建议夜晚前往，灯光与交子双塔呼应。环形步道可俯瞰车流，最佳拍摄时间日落后30分钟，约30分钟游览。,交子之环是成都金融城的人行景观天桥，环形设计象征货币与循环经济，纪念‘交子’纸币诞生，成为城南新地标。,0.8,武侯区
49,天府绿道,-,风景名胜,世纪城东路9号桂溪生态公园东区内(东侧),104.076812,30.56275,4.5,0,"{""open"":""全天""}",风景名胜;风景名胜;风景名胜,免费开放，绿道全线超100公里，建议骑行或慢跑。可分段体验，锦城湖段最精华。自备饮水，注意防晒，适合半天。,天府绿道是全球最长的城市绿道系统，串联成都生态公园与历史文脉，是‘公园城市’理念的标志性工程。,2.0,武侯区
50,成都江滩公园,-,风景名胜,世纪城路,104.080905,30.555514,4.3,0,"{""open"":""全天""}",风景名胜;公园广场;公园,免费开放，江滩宽阔，适合放风筝、野餐。傍晚江风凉爽，建议游玩1-2小时。汛期注意水位警示，勿靠近江边。,江滩公园依锦江而建，曾是传统河滩地，现改造为滨水休闲空间，体现了成都人亲水乐活的市井生活方式。,1.5,武侯区
51,锦城湖2号湖区,-,风景名胜,锦城大道1333号锦城湖内(东侧),104.043112,30.574282,4.2,0,"{""open"":""全天""}",风景名胜;公园广场;公园,免费开放，环湖步道约4公里，建议骑行或步行1.5小时。清晨和黄昏最佳，可带面包喂鱼。注意保护湖区环境。,锦城湖2号湖区是锦城公园的重要组成部分，以生态修复和水文化展示为特色，承载成都‘六湖八区’水系规划的历史意义。,2.0,武侯区
52,东郊记忆,4A,风景名胜,跳蹬河街道建设南支路1号,104.122906,30.668697,4.5,0,"{""open"":""全天""}",风景名胜;风景名胜;国家级景点,建议下午或傍晚前往，避开正午暴晒，游览约2-3小时。园区免费，部分展览收费。地铁8号线东郊记忆站直达。,原成都红光电子管厂改造的工业遗址公园，保留红砖厂房与烟囱，融合音乐、美术、戏剧等当代艺术，是成都潮流文化地标。,3.0,成华区
53,成都大熊猫繁育研究基地,5A,风景名胜,熊猫大道1375号,104.138176,30.740573,4.8,55,"{""open"":""7:30"",""close"":""18:00""}",风景名胜;风景名胜;国家级景点,务必早到，7:30开门即入园看熊猫最活跃。游览3-4小时，门票55元。地铁熊猫大道站有接驳车，建议网上提前购票。,世界著名的大熊猫保护研究机构，模拟野外生态环境，可近距离观察大熊猫及小熊猫，是成都生态保护与科研的重要窗口。,3.5,成华区
54,一起幻城·任务闯关乐园(成都环球中心店),-,体育休闲服务,环球中心A馆3层B16号,104.064583,30.570027,3.8,0,"{""open"":""10:00"",""close"":""22:00""}",体育休闲服务;休闲场所;游乐场,适合团队或亲子，建议预留2-3小时。位于环球中心内，门票约100-200元。周末人多，可提前电话咨询场次。,新型沉浸式闯关乐园，结合任务解谜与互动演艺，主打年轻人和家庭娱乐，体现成都现代都市休闲创意。,3.0,武侯区
55,成都武侯祠博物馆,4A,科教文化服务,武侯祠大街231号,104.047992,30.646168,4.6,50,"{""open"":""9:00"",""close"":""17:00""}",科教文化服务;博物馆;博物馆,建议游览2小时，门票50元。开放时间9:00-18:00。与锦里相连可一并游玩，地铁3号线高升桥站步行可达。,纪念刘备、诸葛亮等蜀汉英雄的祠庙，全国重点文物保护单位，红墙竹影间承载三国文化，是成都历史核心地标。,2.5,武侯区
56,宽窄巷子景区,4A,购物服务,少城街道金河路口宽窄巷子,104.053307,30.663869,4.6,0,"{""open"":""全天""}",购物服务;特色商业街;特色商业街|风景名胜;风景名胜相关;旅游景点,全天开放，免费进入，建议游玩2-3小时。清晨或夜晚人少更佳。地铁4号线宽窄巷子站直达，节假日非常拥挤。,由宽巷子、窄巷子、井巷子组成，清代古街区格局保存完好，兼具川西民居与北方胡同风格，是成都慢生活与市井文化的代表。,2.0,青羊区
57,中和湿地公园,-,风景名胜,朝阳横街北50米,104.095422,30.565879,4.2,0,"{""open"":""全天""}",风景名胜;公园广场;公园,免费开放，适合骑行或散步，建议1-2小时。春夏季花草最盛，注意防晒防蚊。地铁6号线中和站下车步行较远，建议自驾。,依托府河湿地建造的生态公园，以自然野趣、芦苇浅滩为特色，是成都环城生态带的重要节点，体现公园城市理念。,2.0,双流区
58,铁像寺,-,风景名胜,铁像寺路66号,104.049006,30.557092,4.1,0,"{""open"":""8:00"",""close"":""17:00""}",风景名胜;风景名胜;寺庙道观,免费开放，香火旺盛，建议游览1小时，上午前往更清净。寺院素斋可品尝，注意着装庄重。,明代古刹，供奉铁铸释迦牟尼像，历经重修，融合佛教文化与川西园林，是武侯区少有的静谧禅修之所。,1.0,武侯区
59,人民公园,4A,风景名胜,小南街8号(人民公园地铁站B口步行250米),104.057641,30.65699,4.5,0,"{""open"":""全天""}",风景名胜;风景名胜;国家级景点,免费开放，全天可游，建议1-2小时。鹤鸣茶社喝盖碗茶体验老成都，清晨有晨练，傍晚适合散步。,始建于1911年的百年老公园，有保路运动纪念碑，是成都人喝茶、掏耳朵、下棋的市井生活缩影，被誉为“成都之心”。,2.0,青羊区
60,探洞工场(环球中心旗舰店),-,体育休闲服务,天府大道北段1700号9栋1单元1楼101附,104.061663,30.571067,3.8,0,"{""open"":""9:00"",""close"":""21:00""}",体育休闲服务;体育休闲服务场所;体育休闲服务场所,适合亲子探险，建议游玩2-3小时。位于环球中心内，按场次收费约100-150元/人，需提前预约。注意穿着运动装。,大型室内洞穴探险乐园，模拟地质溶洞与攀爬关卡，结合科普与体能挑战，是成都新兴的亲子体育休闲目的地。,2.5,武侯区
61,交子金融博物馆,-,科教文化服务,桂溪街道桂溪街道锦云东二巷,104.076625,30.582839,4.3,0,"{""open"":""9:00"",""close"":""17:00""}",科教文化服务;博物馆;博物馆,免费开放（周一闭馆），建议游览1.5小时。地铁1号线金融城站可达，可现场扫码预约，了解金融知识。,展示成都从交子诞生到现代金融发展史的专题博物馆，交子是世界最早纸币，博物馆以科技互动方式讲述金融文化。,1.5,武侯区
62,UPARK公园,-,购物服务,富华北路666号,104.039721,30.554564,3.9,0,"{""open"":""10:00"",""close"":""22:00""}",购物服务;购物相关场所;购物相关场所,免费开放，开放式商业公园，建议傍晚前往，适合散步、餐饮、拍照，游玩1-2小时。,现代设计感强的社区商业公园，融合餐饮、文创、亲子空间，体现成都公园城市与消费场景结合的休闲生活方式。,1.5,武侯区
63,东湖公园,-,风景名胜,二环路东五段301号(东湖公园地铁站A口旁),104.087899,30.616051,4.3,0,"{""open"":""全天""}",风景名胜;公园广场;公园,免费开放，全天可游，建议1-2小时。适合晨跑或傍晚散步，园内有湖泊和草坪，注意蚊虫。,成都市区较早的湖泊公园，以湖光水色和城市天际线为背景，是锦江区居民休闲健身的绿肺，承载老成都记忆。,1.5,锦江区
64,招商大魔方佰利荟,-,商务住宅,天府大道北段1777号3栋,104.071938,30.574571,3.6,0,"{""open"":""10:00"",""close"":""22:00""}",商务住宅;楼宇;商务写字楼,,,0.5,武侯区
65,望江楼公园,4A,风景名胜,望江路30号,104.092217,30.629277,4.4,20,"{""open"":""8:00"",""close"":""18:00""}",风景名胜;公园广场;公园,免费开放（园内文物区收费20元），建议游览1.5-2小时。地铁6号线三官堂站步行可达，春秋两季最宜。,为纪念唐代女诗人薛涛而建，以望江楼古建筑群和遍植的翠竹闻名，是成都最具诗意的园林，也是竹文化博物馆。,2.0,武侯区
66,锦里古街,4A,风景名胜,武侯祠大街231号附1号,104.049828,30.645994,4.5,0,"{""open"":""全天""}",风景名胜;风景名胜;风景名胜,免费开放，建议傍晚至夜间游览，灯光效果最佳，游玩2小时。与武侯祠相连，小吃和纪念品众多，注意人流量大。,西蜀最古老的商业街道之一，三国文化主题古街，青石板路与红灯笼营造浓郁川西民俗氛围，是成都美食与手工艺的窗口。,2.5,武侯区
67,文殊院,4A,风景名胜,文殊院街66号(文殊院地铁站K口步行400米),104.072527,30.675418,4.6,0,"{""open"":""8:00"",""close"":""17:00""}",风景名胜;风景名胜;寺庙道观,免费开放，建议上午前往，游览1-1.5小时。地铁1号线文殊院站直达，可品尝素斋和宫廷糕点，注意保持安静。,始建于隋代的佛教禅宗寺院，是长江上下游四大禅林之首，藏有玄奘舍利，建筑古朴庄严，是成都佛教文化中心。,1.5,青羊区
68,东安湖体育公园,-,体育休闲服务,东安街道体育公园路16号、18号、20号、22号,104.248359,30.598399,4.2,0,"{""open"":""9:00"",""close"":""21:00""}",体育休闲服务;运动场馆;综合体育馆,建议下午4点后入园，避开高温，游览2-3小时。主体育场外观免费参观，内部场馆赛事需购票，周末常有演唱会，提前查票。,第31届世界大学生夏季运动会主场馆，融合太阳神鸟与芙蓉花元素，是成都体育新地标，体现公园城市理念。,3.0,龙泉驿区
69,锦城广场,-,风景名胜,天府大道北段1656号,104.068,30.56891,4.0,0,"{""open"":""全天""}",风景名胜;公园广场;城市广场,全天开放，免费。建议傍晚前往，欣赏城市夜景与灯光喷泉，游玩1小时。地铁1号线锦城广场站直达，注意防晒。,成都天府广场以南的城市门户广场，紧邻环球中心，是展示成都现代都市风貌和休闲文化的核心地标。,1.0,武侯区
70,成都环城绿道0公里,-,风景名胜,天府大道中段与天府大道北段辅路交叉口南190米,104.068877,30.564775,4.3,0,"{""open"":""全天""}",风景名胜;风景名胜相关;旅游景点,环城绿道全长100公里，0公里处建议骑行或徒步体验一段，免费。清晨或黄昏最佳，租车约20元/小时，自带水。,成都环城生态公园绿道起点，串联百个公园，体现‘公园城市’理念，是市民骑行、跑步的生态休闲长廊。,1.0,武侯区
71,成都博物馆,4A,科教文化服务,小河街1号,104.063749,30.657297,4.7,0,"{""open"":""9:00"",""close"":""17:00""}",科教文化服务;博物馆;博物馆,周二至周日9:00-17:00开放，免费需预约（官方微信）。建议游览2-3小时，重点看‘花重锦官城’成都历史文化陈列。,西南地区最大的城市博物馆，馆藏20余万件，展示成都从宝墩文明到近现代的数千年历史，是了解天府文化的首选窗口。,2.5,青羊区
72,成都杜甫草堂博物馆,4A,科教文化服务,青华路37号,104.028514,30.660153,4.7,50,"{""open"":""9:00"",""close"":""18:00""}",科教文化服务;博物馆;博物馆,开放时间8:00-18:00，门票50元（学生半价）。建议游览2-3小时，春季赏梅、秋季看竹，避开周末人流高峰。,杜甫流寓成都时的故居，是中国文学史上圣地，茅屋、诗史堂等建筑保存完好，体现诗圣忧国忧民的情怀。,2.5,青羊区
73,海合安成都极地海洋公园,4A,风景名胜,天府新区海洋路68号,104.073287,30.49487,4.5,130,"{""open"":""9:00"",""close"":""17:30""}",风景名胜;公园广场;水族馆,开放时间9:30-17:30，门票约200元（网上购票优惠）。建议游玩半天，上午看动物表演，下午逛极地馆，带小孩注意防晒。,集极地动物展示、海洋科普于一体的主题公园，拥有白鲸、海豚等珍稀动物，是西南地区重要的海洋文化教育基地。,3.5,双流区
74,成都动物园,4A,风景名胜,昭觉寺南路234号(动物园地铁站A口步行460米),104.106009,30.710131,4.5,20,"{""open"":""8:00"",""close"":""17:00""}",风景名胜;公园广场;动物园,开放时间8:00-17:00，门票20元。建议上午前往，动物较活跃，游玩2-3小时。大熊猫馆需排队，勿投喂动物。,建于1953年，是西南最大动物园，饲养大熊猫、金丝猴等300余种动物，承载几代成都人的童年记忆。,3.0,成华区
75,东安湖国际旅游度假区,-,风景名胜,湖岸北路与文运街交叉口东南420米,104.246291,30.590282,4.4,0,"{""open"":""全天""}",风景名胜;风景名胜相关;旅游景点,全年开放，免费。建议花半天环湖骑行或散步，可结合东安湖体育公园同游。夏季傍晚有音乐喷泉，注意防蚊。,以‘一湖一环、七岛十二景’为格局的生态度假区，融合大运遗产、蜀水文化与水幕光影秀，是成都近郊休闲度假新名片。,3.0,龙泉驿区
76,桂溪生态公园西区,-,风景名胜,天府一街桂溪生态公园(西侧),104.062735,30.562903,4.3,0,"{""open"":""全天""}",风景名胜;公园广场;公园,全天开放，免费。建议清晨或傍晚散步，游玩1-2小时。园内有儿童游乐区，可自带野餐垫，地铁锦城湖站可达。,位于高新区核心的生态公园，以‘海绵城市’理念设计，保留原生林盘与水系，是市民感受自然野趣的绿色客厅。,1.5,武侯区
77,塔子山公园,-,风景名胜,迎晖路222号(塔子山公园地铁站D口步行293米),104.124023,30.6344,4.2,0,"{""open"":""全天""}",风景名胜;公园广场;公园,开放时间6:30-21:00，免费。建议上午或傍晚登山观塔，游玩1-2小时。园内九天楼登楼需另付5元，注意台阶安全。,始建于1956年，园内九天楼为成都标志性仿古建筑，登高可眺望锦江与城市天际线，是传统园林与现代休闲结合的典范。,1.5,锦江区
78,春熙路IFS爬墙大熊猫打卡点,-,风景名胜,成都IFS(春熙路地铁站C口步行220米),104.080816,30.655441,4.6,0,"{""open"":""全天""}",风景名胜;风景名胜;风景名胜,全天开放，免费。建议白天或夜晚均可，拍照打卡约30分钟。位于IFS七楼平台，乘电梯直达，节假日人多需排队。,成都国际金融中心楼顶的大熊猫爬墙雕塑，由艺术家Lawrence Argent创作，已成为成都时尚地标与网红打卡点，象征城市活力。,1.0,锦江区
79,成都欢乐谷,4A,体育休闲服务,西华街道西华大道16号,104.032415,30.719292,4.5,230,"{""open"":""9:00"",""close"":""21:00""}",体育休闲服务;休闲场所;游乐场,开放时间9:00-21:00（周末延长），门票约200元，夜场更优惠。建议玩4-6小时，早点入园避开排队，自带雨衣玩水上项目。,西南地区大型主题乐园，拥有过山车、摩天轮等百余项游乐设施，结合蜀文化主题演出，是年轻人和家庭的欢乐聚集地。,4.0,金牛区
80,立巢航空博物馆,-,科教文化服务,天府大道1700号环球中心D馆,104.060695,30.569163,4.4,168,"{""open"":""10:00"",""close"":""17:00""}",科教文化服务;博物馆;博物馆,开放时间10:00-18:00，门票约150元（含讲解）。建议参观2小时，下午有模拟飞行体验，需提前预约，适合亲子家庭。,西南首个航空主题博物馆，展示真机、发动机及航空史资料，可体验模拟驾驶，普及航空科学知识，激发飞行梦想。,2.5,武侯区
81,南湖公园,-,风景名胜,华阳街道南湖北路与南湖东路交叉路口东北角,104.047924,30.499433,4.2,0,"{""open"":""全天""}",风景名胜;公园广场;公园,全天开放，免费。建议傍晚游览，看湖景与欧式建筑灯光，游玩1-2小时。可租船游湖（约50元），注意湖边安全。,以‘欧式风情+川西水景’为特色的城市湖泊公园，融合教堂、钟楼与湿地景观，是成都南部浪漫休闲与婚纱摄影胜地。,2.0,双流区
82,四川博物院,4A,科教文化服务,青华路5号,104.034127,30.660792,4.6,0,"{""open"":""9:00"",""close"":""17:00""}",科教文化服务;博物馆;博物馆,周二至周日9:00-17:00开放，免费需预约（官方微信）。建议游览2-3小时，重点看张大千书画馆和巴蜀青铜器展厅。,西南地区最大的综合性博物馆，创建于1941年，馆藏文物35万件，以巴蜀青铜、汉代陶石、张大千作品最具特色，是蜀文化宝库。,2.5,青羊区
83,安顺廊桥,-,风景名胜,滨江东路66号(九眼桥地铁站A口步行320米),104.085716,30.641325,4.3,0,"{""open"":""全天""}",风景名胜;风景名胜;风景名胜,建议傍晚至夜间前往，灯光亮起时最美。免费开放，游览约30分钟。可结合合江亭、九眼桥酒吧街一并游玩。,安顺廊桥原为明代古桥，历经重建，现为仿古风雨廊桥，横跨锦江，是成都夜景地标，承载老成都码头记忆。,0.5,武侯区
84,青龙湖湿地公园,-,风景名胜,十陵风景区内,104.183631,30.646345,4.3,0,"{""open"":""全天""}",风景名胜;公园广场;公园,免费开放，适合春秋季全天游览，建议租自行车或步行环湖，约2-3小时。周末人多，注意防晒补水，禁止垂钓。,青龙湖为成都最大生态湿地湖泊之一，原为农田洼地改造而成，融合古蜀明蜀王陵遗址文化，是城市绿肺与观鸟胜地。,3.0,龙泉驿区
85,天府芙蓉园,-,风景名胜,簇马路一段69号,103.985809,30.591603,4.2,0,"{""open"":""全天""}",风景名胜;风景名胜;风景名胜,免费入园，最佳赏花期春季（3-5月）和秋季（9-10月）。建议游览2小时，注意园区较大，可乘观光车。,天府芙蓉园以木芙蓉为主题，成都别称“蓉城”即源于此花。园区融合川西林盘景观与芙蓉文化，展现花重锦官城意境。,2.0,武侯区
86,青羊宫,3A,风景名胜,一环路西二段9号(青羊宫地铁站C口向后步行90米),104.042609,30.661542,4.5,10,"{""open"":""8:00"",""close"":""18:00""}",风景名胜;风景名胜;寺庙道观,门票10元，开放时间8:00-18:00。建议上午前往，游览约1-1.5小时。可顺访文化公园，注意殿内禁止拍照。,青羊宫始建于周代，是西南地区最大道教宫观，供奉老子，现存明代八卦亭、清代三清殿，每年花会庙会传承千年。,1.5,青羊区
87,天府艺术公园,-,风景名胜,金泉街道金牛大道金牛坝路388号,104.022692,30.711411,4.5,0,"{""open"":""全天""}",风景名胜;公园广场;公园,免费开放，美术馆需预约（周一闭馆）。建议下午游览2-3小时，傍晚看湖景灯光。园内餐饮较少，可自带水。,天府艺术公园以“一湖三馆”为核心，含当代美术馆、图书馆、艺术馆，建筑融合川西民居与山水意境，是新兴文化地标。,2.5,金牛区
88,三圣花乡旅游区,4A,风景名胜,[],104.160261,30.58648,4.4,0,"{""open"":""全天""}",风景名胜;风景名胜;国家级景点,免费开放，各花乡四季有花，建议自驾或公交前往。游览半天，可体验农家乐、花卉市场，注意周末交通拥堵。,三圣花乡由红砂、幸福、万福等村组成，原为传统花农聚居地，现为“五朵金花”乡村旅游典范，传承川西花文化。,3.0,锦江区
89,麓湖水城景区,-,风景名胜,天府新区麓湖中路西段988号,104.064974,30.458829,4.3,0,"{""open"":""全天""}",风景名胜;风景名胜;风景名胜,免费进入景区，部分场馆（如A4美术馆）收费。建议周末游玩半天，可乘船游湖，注意湖区禁止游泳，夏季防晒。,麓湖水城是生态型艺术湖区，依托天府新区水生态，融合当代艺术展览、水上运动与社区生活，体现成都公园城市理念。,3.0,双流区
90,国际非物质文化遗产博览园,4A,风景名胜,光华大道二段601号,103.929802,30.666557,4.4,0,"{""open"":""9:00"",""close"":""17:00""}",风景名胜;风景名胜;风景名胜,免费开放，部分展览收费。建议游览2-3小时，园区较大，可骑共享单车。非遗节期间活动丰富，平时人少。,国际非遗博览园是成都非遗节永久会址，展示蜀锦、川剧、漆器等天府非遗，园区建筑含川西院坝元素，传播活态遗产。,2.5,青羊区
91,成都自然博物馆,-,科教文化服务,成华大道十里店路88号(十里店地铁站B口步行110米),104.144295,30.67821,4.7,0,"{""open"":""9:00"",""close"":""17:00""}",科教文化服务;博物馆;博物馆,门票20元（学生半价），周一闭馆。建议游览3小时，需提前公众号预约。馆内冷气足，可带薄外套，周末人多。,成都自然博物馆依托成都理工大学，收藏恐龙化石、古生物标本，尤其合川马门溪龙闻名，是科普与研学的重要基地。,2.5,成华区
92,大慈寺,-,风景名胜,大慈寺路21-23号(春熙路地铁站C口步行360米),104.083791,30.654243,4.5,5,"{""open"":""8:00"",""close"":""17:00""}",风景名胜;风景名胜;寺庙道观,免费开放，开放时间8:00-17:00。建议上午前往，游览约1小时。注意着装庄重，可结合太古里、春熙路游览。,大慈寺始建于魏晋，玄奘曾在此受戒。古为“震旦第一丛林”，现处闹市，保存唐代壁画风格与禅茶文化，古今交融。,1.0,锦江区
93,西蜀廊桥古镇,-,风景名胜,桂溪街道成都市高新区世纪城路166号附280号,104.072992,30.558344,4.0,0,"{""open"":""全天""}",风景名胜;风景名胜;风景名胜|餐饮服务;中餐厅;中餐厅,免费开放，建议傍晚游览1小时，结合附近天府芙蓉园或江安河步道。古镇内餐饮较多，注意区分仿古商业区。,西蜀廊桥古镇为仿古建筑群，以廊桥为特色，再现川西水乡风貌，依托锦城绿道，是市民休闲与民俗体验的新去处。,2.0,武侯区
94,东安湖公园,-,风景名胜,龙泉街道都市汽车城大道四段辅路,104.244966,30.589811,4.4,0,"{""open"":""全天""}",风景名胜;公园广场;公园,免费开放，建议傍晚游览2小时，可看音乐喷泉（周末晚）。园区大，可租电瓶车，注意夏季蚊虫，禁止露营。,东安湖公园因大运会而建，湖面开阔，融合体育场馆与生态景观，体现“公园城市”理念，已成龙泉驿新名片。,3.0,龙泉驿区
95,白鹭湾湿地公园,-,风景名胜,湿地路,104.136926,30.568151,4.3,0,"{""open"":""全天""}",风景名胜;公园广场;公园,免费开放，建议清晨或黄昏前往，观鸟最佳。游览约2小时，可骑行或步行。湿地栈道湿滑，注意防滑，禁止投喂鸟类。,白鹭湾湿地是锦江生态带重要节点，原为河滩荒地，经生态修复成候鸟栖息地，常见白鹭、苍鹭，体现城市湿地保护成果。,2.5,锦江区
96,三和老爷车博物馆,-,科教文化服务,机场路新加坡工业园区新园南一路2号,104.04128,30.597103,4.2,0,"{""open"":""9:00"",""close"":""17:00""}",科教文化服务;博物馆;博物馆,门票约60元，开放时间10:00-17:00。建议游览1.5-2小时，适合车迷。馆内可拍照，但禁止触碰展车，周一闭馆。,三和老爷车博物馆收藏百年经典老爷车，涵盖奔驰、红旗等品牌，展现汽车工业史与成都民间收藏文化，西南独有。,2.0,武侯区
97,幸福梅林,4A,风景名胜,锦江大道,104.136296,30.58435,4.4,0,"{""open"":""全天""}",风景名胜;风景名胜;国家级景点,免费开放，最佳赏梅期1-2月。建议游览1-2小时，可结合三圣花乡其他景点。梅花季人多，注意错峰，自驾停车难。,幸福梅林为三圣乡“五朵金花”之一，以腊梅、红梅种植闻名，传承川西林盘农耕文化，冬日赏梅已成成都民俗。,2.0,锦江区
98,浓园国际艺术村,-,风景名胜,簇桥武侯大道新苗村5组,103.987174,30.586479,4.0,0,"{""open"":""全天""}",风景名胜;风景名胜;风景名胜|体育休闲服务;休闲场所;休闲场所|商务住宅;产业园区;产业园区,建议工作日白天前往，避开周末人流；园区免费开放，游览约2小时；可提前电话确认是否举办艺术展览。,浓园国际艺术村是成都知名的当代艺术聚集地，汇聚众多艺术家工作室和展览空间，体现成都艺术活力。,2.0,武侯区
99,锦江公园,-,风景名胜,锦江大道与科华南路辅路交叉口东140米,104.079753,30.588508,4.3,0,"{""open"":""全天""}",风景名胜;公园广场;公园,全年适宜，夜晚灯光更美；免费开放，沿江漫步约1-2小时；夏季注意防蚊，可结合夜游锦江。,锦江公园环绕锦江而建，是成都城市水脉核心景观带，承载千年蓉城水文化记忆。,2.0,锦江区
100,昭觉寺,4A,风景名胜,昭青路333号,104.105956,30.708103,4.5,0,"{""open"":""8:00"",""close"":""17:00""}",风景名胜;风景名胜;寺庙道观,建议上午前往，香火较旺；门票约2元，游览1小时；寺内禁止喧哗，着装需得体；可乘地铁昭觉寺南路站。,昭觉寺始建于唐代，是川西著名佛教丛林，素有“川西第一丛林”之称，历史底蕴深厚。,1.5,成华区
101,三圣花乡·花乡农居,4A,风景名胜,三圣街道红砂社区136号,104.160874,30.583761,4.4,0,"{""open"":""全天""}",风景名胜;风景名胜;国家级景点,春秋季最佳，花卉盛开；免费入园，部分花棚收费；建议游览2-3小时；周末人多，自驾需早到停车。,三圣花乡是成都近郊著名的花卉观光休闲地，花乡农居体现川西田园与现代农业结合。,3.0,锦江区
102,棠湖公园,-,风景名胜,棠湖西路一段2号,103.918481,30.570315,4.2,0,"{""open"":""全天""}",风景名胜;公园广场;公园,全年开放，免费入园；建议清晨或傍晚散步，游览1-2小时；园内有湖，可带老人小孩休闲。,棠湖公园以海棠花为特色，是双流区老牌城市公园，承载当地居民休闲记忆。,2.0,双流区
103,锦城湖4号公园,-,风景名胜,锦城湖立交附近,104.051545,30.565324,4.3,0,"{""open"":""全天""}",风景名胜;公园广场;公园,免费开放，适合跑步骑行；建议傍晚前往看日落，游览1-2小时；公园较大，备好饮用水。,锦城湖公园是成都环城生态带组成部分，4号公园以湖景和城市天际线为特色。,2.0,武侯区
104,南站公园,-,风景名胜,桐梓林壹号4栋2单元603室,104.055389,30.605697,4.0,0,"{""open"":""全天""}",风景名胜;公园广场;公园,免费社区公园，适合附近居民散步；建议清晨或黄昏，游览约1小时；设施较简，无门票。,南站公园因靠近成都南站得名，是武侯区日常休闲绿地，体现社区公园功能。,1.0,武侯区
105,近慈寺,-,风景名胜,剑南大道北段899号,104.047054,30.574105,4.1,0,"{""open"":""8:00"",""close"":""17:00""}",风景名胜;风景名胜;寺庙道观,近慈寺为宗教场所，免费开放；建议上午前往，注意安静，游览约1小时；部分区域不对外开放。,近慈寺是成都历史佛寺，曾为能海法师驻锡地，在汉藏佛教交流中具有特殊地位。,1.0,武侯区
106,芙蓉国粹川剧秀(四川省川剧院),-,体育休闲服务,指挥街108号(锦江宾馆地铁站C2口步行370米),104.06885,30.651461,4.6,120,"{""open"":""19:30"",""close"":""21:00""}",体育休闲服务;影剧院;剧场,演出多在晚上，提前购票选座；票价约100-300元，演出约90分钟；建议提前半小时入场，观赏变脸吐火。,芙蓉国粹是四川省川剧院打造的经典川剧秀，集变脸、吐火等绝技，是成都非遗文化窗口。,2.5,锦江区
107,北湖生态公园,-,风景名胜,龙潭街道环湖路5号,104.154455,30.718909,4.3,0,"{""open"":""全天""}",风景名胜;公园广场;公园,免费开放，适合亲子野餐；建议春秋季晴天前往，游览2-3小时；园内可租自行车，注意防晒。,北湖生态公园是成华区大型湿地公园，融合湖泊、森林与鸟类栖息地，体现生态修复成果。,2.5,成华区
108,新川之心公园,-,风景名胜,高新区新川之心公园内侧园中园,104.091046,30.512549,4.2,0,"{""open"":""全天""}",风景名胜;公园广场;公园,免费开放，适合拍照打卡；建议傍晚游览，灯光亮起更美；游览约1.5小时；园区较新，绿化完善。,新川之心公园位于新川创新科技园，现代景观设计融合科技与自然，是新区地标绿地。,2.0,双流区
109,文化公园,-,风景名胜,琴台路73号(青羊宫地铁站C口旁),104.043118,30.660523,4.2,0,"{""open"":""全天""}",风景名胜;公园广场;公园,免费开放，靠近青羊宫和百花潭；建议上午游览，约1-2小时；每年灯会期间需购票，注意公告。,文化公园建于1950年代，是成都老牌文化休闲场所，曾举办全国性花会和灯会。,1.5,青羊区
110,基督教光音堂,-,风景名胜,天府一街888号,104.049037,30.56084,3.9,0,"{""open"":""9:00"",""close"":""17:00""}",风景名胜;风景名胜;教堂,教堂开放时间不固定，建议周日礼拜时间前往；免费参观，需保持安静，游览约30分钟。,光音堂是成都现代基督教教堂，建筑风格独特，服务周边国际社区及信众。,0.5,武侯区
111,文殊坊,-,风景名胜,草市街街道文殊院大街66号(近省市政务中心),104.073409,30.67338,4.3,0,"{""open"":""全天""}",风景名胜;风景名胜;风景名胜,全天开放，免费进入；建议下午游览，逛文殊院和仿古街区，约2小时；可品尝洞子口张凉粉等小吃。,文殊坊以千年古刹文殊院为核心，是成都禅意文化与市井美食交融的历史街区。,2.0,青羊区
112,月牙湖,-,风景名胜,桂溪街道桂溪街道吉庆一路与吉瑞一路交汇处东南角,104.059049,30.557341,4.0,0,"{""open"":""全天""}",风景名胜;公园广场;公园,免费开放的小型湖泊，适合散步拍照；建议傍晚前往，游览约1小时；周边可连接锦城湖绿道骑行。,月牙湖因形似月牙得名，是武侯区城市水体景观，周边现代住宅环绕，体现宜居成都。,1.0,武侯区
113,天府公园,-,风景名胜,天府新区天府大道南二段与杭州路交叉口南,104.072372,30.432313,4.2,0,"{""open"":""全天""}",风景名胜;公园广场;公园,免费开放，全天可游。建议春秋季傍晚前往，光线柔和，适合散步骑行。园内无餐饮，需自带水和小食。,天府公园是成都天府新区核心生态绿地，体现公园城市理念，以现代景观设计展现成都南拓发展的绿色名片。,2.5,双流区
114,彭镇古镇,-,风景名胜,永丰路与黄温路交叉口东北30米,103.870827,30.5832,4.1,0,"{""open"":""全天""}",风景名胜;风景名胜;风景名胜,免费，建议上午或傍晚游览，避开正午炎热。老街巷窄，步行约2小时。老茶馆喝茶需消费，拍照注意尊重居民生活。,彭镇古镇保留大量川西民居与老茶馆，观音阁茶馆是百年老店，是成都近郊体验原生态市井茶文化的重要窗口。,2.5,双流区
115,爬墙熊猫,-,风景名胜,红星路三段辅路与小科甲巷交叉口东60米,104.080777,30.655194,4.4,0,"{""open"":""全天""}",风景名胜;风景名胜;风景名胜,位于IFS楼顶，免费观看。全天皆可，傍晚配灯光更佳。乘电梯至7楼平台，排队拍照，高峰时段需等待。,爬墙熊猫是成都IFS标志性艺术装置，由艺术家Lawrence Argent创作，象征大熊猫与都市的融合，已成为春熙路商圈网红地标。,0.5,锦江区
116,锦里,4A,风景名胜,武侯祠大街231号附1号,104.049785,30.644979,4.6,0,"{""open"":""全天""}",风景名胜;风景名胜;国家级景点|餐饮服务;快餐厅;快餐厅,免费进入，建议傍晚至夜间游览，灯光氛围好。游玩2-3小时。小吃和纪念品价格偏高，可先逛武侯祠再入锦里。,锦里是三国文化主题仿古街，依托武侯祠而建，融合川西民俗、小吃与手工艺，是体验成都休闲生活与三国记忆的窗口。,3.0,武侯区
117,龙泉山观景台,-,风景名胜,318国道2公里山,104.307044,30.557215,4.2,0,"{""open"":""全天""}",风景名胜;风景名胜相关;旅游景点,免费，建议晴天清晨或黄昏前往，可看日出或城市夜景。山路需自驾或打车，步行较远，注意防晒和带水。,龙泉山观景台是成都东望城市全景的制高点，也是观星和看日落的网红地，象征着龙泉山城市森林公园的生态屏障。,1.0,龙泉驿区
118,成飞公园,-,风景名胜,纬一路220号,103.956765,30.69984,4.1,0,"{""open"":""全天""}",风景名胜;公园广场;公园,免费入园，开放时间约9:00-17:00。适合亲子游，可看航空模型展览。园内绿荫多，夏季注意防蚊。,成飞公园由成都飞机工业集团建设，展示中国航空发展历史与战斗机模型，是集爱国主义教育、科普与休闲于一体的主题公园。,2.0,青羊区
119,镋钯街1号院,-,商务住宅,镋钯街1号,104.082368,30.647398,3.8,0,"{""open"":""全天""}",商务住宅;住宅区;住宅小区,,,0.5,锦江区
120,新华公园,-,风景名胜,双林路87号,104.105629,30.656332,4.2,0,"{""open"":""全天""}",风景名胜;公园广场;公园,免费开放，全天可游。适合早晨或黄昏散步，本地市民休闲地。园内有儿童游乐设施，周末人多。,新华公园是成华区老牌社区公园，承载几代成都人的记忆，以湖景、绿道和日常休闲活动体现成都慢生活底色。,1.5,成华区
121,麓客岛,-,风景名胜,麓湖中路998号,104.063457,30.458846,4.0,0,"{""open"":""全天""}",风景名胜;风景名胜;风景名胜,免费上岛，但部分项目收费。建议周末下午前往，适合露营、遛娃。自驾或乘地铁至麓湖站再步行，注意防晒。,麓客岛位于麓湖生态城，是成都高端社区配套的公共艺术与休闲空间，以水岸景观和创意活动展现公园城市新生活方式。,3.0,双流区
122,生机之塔,-,风景名胜,G4202成都绕城高速与濯锦立交桥交叉口北180米,104.070337,30.566902,4.1,0,"{""open"":""全天""}",风景名胜;风景名胜;风景名胜,免费，夜景最佳，建议天黑后前往。位于交子大道旁，步行即可。灯光秀有固定时段，可先查当日安排。,生机之塔是成都交子公园金融商务区的灯光艺术装置，以科技光影象征城市生命力，是新兴的都市夜景打卡地。,0.5,武侯区
123,锦城湖,-,风景名胜,锦城大道1333号,104.03991,30.573865,4.3,0,"{""open"":""全天""}",风景名胜;公园广场;公园,免费，环湖步道约5公里，建议骑行或跑步。清晨和傍晚最舒适，可带野餐垫。注意湖边风大，防晒防风。,锦城湖是成都绕城生态带上的重要湿地公园，连接天府绿道，体现成都“六湖八区”水生态修复与休闲运动融合的理念。,2.5,武侯区
124,春熙路步行街,-,购物服务,春熙路街道,104.077774,30.655544,4.5,0,"{""open"":""10:00"",""close"":""22:00""}",购物服务;特色商业街;特色商业街,免费，全天开放，建议傍晚至夜间逛街，灯光璀璨。地铁春熙路站直达。购物、餐饮选择多，注意人流密集和财物安全。,春熙路是成都百年商业老街，始于1924年，融合时尚与历史，是成都商贸中心与城市活力象征，有“百年金街”之称。,2.0,锦江区
125,天府广场,-,风景名胜,人民南路一段86号(天府广场地铁站出入口步行50米),104.065861,30.657401,4.4,0,"{""open"":""全天""}",风景名胜;公园广场;城市广场,免费，建议白天游览，可参观四川科技馆（需预约）。广场开阔，注意防晒。地铁天府广场站直达，周边有博物馆。,天府广场是成都城市中心地标，以毛主席像和太极图案闻名，象征政治文化核心，周边汇聚科技馆、美术馆等文化设施。,1.0,青羊区
126,太古里东广场,-,风景名胜,纱帽街8号(春熙路地铁站出入口步行410米),104.083786,30.653124,4.0,0,"{""open"":""全天""}",风景名胜;公园广场;城市广场,免费，全天开放。建议下午至晚上前往，适合拍照和逛街。与春熙路相连，可安排半天游览，注意人多拥挤。,太古里东广场位于成都远洋太古里，融合川西青瓦坡屋顶与现代建筑，是高端商业与文化创意结合的开放式街区典范。,1.0,锦江区
127,兴隆湖湿地公园,4A,风景名胜,天府新区,104.08042,30.393487,4.5,0,"{""open"":""全天""}",风景名胜;风景名胜;风景名胜,免费，建议周末上午或傍晚前往，环湖骑行或散步约2-3小时。有儿童游乐区，可露营。注意湖边风大，带外套。,兴隆湖湿地公园是四川天府新区最大的人工生态湖，承担蓄水与生态调节功能，也是成都科学城旁的休闲绿心，体现生态与科技共生。,3.0,双流区
128,浣花溪公园,4A,风景名胜,草堂街道青华路9号(近杜甫草堂),104.029022,30.657467,4.6,0,"{""open"":""全天""}",风景名胜;公园广场;公园,免费，建议晨间或黄昏游览，环境清幽。园内有杜甫草堂相邻（需购票），可安排联游。蚊虫多，带驱蚊液。,浣花溪公园因杜甫诗句“浣花溪水水西头”得名，是成都最大的开放式城市森林公园，融合诗歌文化，纪念诗圣杜甫。,2.0,青羊区
129,金沙遗址博物馆(暂停开放),4A,科教文化服务,金沙遗址路2号(金沙博物馆地铁站C口步行200米),104.012634,30.681709,4.5,0,"{""open"":""9:00"",""close"":""17:00""}",科教文化服务;博物馆;博物馆,暂停开放，请勿前往。恢复开放后建议预留2-3小时，门票70元，周二闭馆，地铁7号线金沙博物馆站直达。,古蜀文明重要遗址，出土太阳神鸟金饰，是成都城市历史源头，展示三千年前金沙王国的辉煌。,2.5,青羊区
130,庙山广场,-,风景名胜,新兴镇庙山街,104.141176,30.561072,3.8,0,"{""open"":""全天""}",风景名胜;公园广场;城市广场,社区休闲广场，免费开放，建议傍晚散步1小时，附近有餐饮配套，适合周边居民日常休闲。,双流区普通市民广场，无特殊历史背景，体现成都近郊社区公共空间文化。,0.5,双流区
131,夜游锦江(东门码头),-,风景名胜,天仙桥滨河路东门码头夜游锦江售票处,104.086761,30.649944,4.3,0,"{""open"":""全天""}",风景名胜;风景名胜相关;旅游景点,夜游锦江建议晚上7点后乘船，船票约120元，游览约40分钟，东门码头地铁2号线东门大桥站，节假日需提前预约。,锦江是成都母亲河，夜游项目重现唐代“锦江春色”盛景，两岸灯光秀融合现代科技与古蜀文化。,1.5,锦江区
132,琴台故径,-,风景名胜,琴台路205号(通惠门地铁站E口步行100米),104.045772,30.660197,4.2,0,"{""open"":""全天""}",风景名胜;风景名胜;风景名胜|购物服务;特色商业街;特色商业街,免费街区，建议傍晚游览1小时，与琴台路相邻，可结合文化公园一起逛，地铁2号线通惠门站。,相传为司马相如与卓文君爱情故事发生地，故径多古建筑风格，是成都汉代文脉与浪漫传说的象征。,1.5,青羊区
133,空港中央公园,-,风景名胜,航鹰东路与五洞桥北路二段交叉口东北180米,103.912622,30.585804,4.1,0,"{""open"":""全天""}",风景名胜;公园广场;公园,免费城市公园，全天开放，建议上午或傍晚游览2小时，适合骑行和亲子活动，公园面积大注意防晒。,双流区大型生态绿肺，以现代景观设计为主，体现成都公园城市建设理念，融合湿地与休闲功能。,2.0,双流区
134,龙潭水乡,4A,风景名胜,航天路88号(近华翰路),104.181765,30.687699,4.0,0,"{""open"":""全天""}",风景名胜;风景名胜;风景名胜,仿古水乡建筑群，免费进入，建议游玩2小时，部分商业项目收费，地铁8号线十里店站后需转公交。,成都少见的江南水乡风格街区，以成都“水文化”为设计灵感，但因运营问题目前人气不足，建筑仍具观赏性。,2.5,成华区
135,凤凰山公园,-,风景名胜,熊猫大道西段969号,104.081896,30.737724,4.2,0,"{""open"":""全天""}",风景名胜;公园广场;公园,免费公园，全天开放，建议春秋季下午游览2-3小时，可登山观景，地铁1号线韦家碾站后步行。,凤凰山是成都主城区制高点之一，曾为古蜀王祭祀地，现为城市森林公园，承载历史军事与生态休闲双重记忆。,2.0,金牛区
136,四川大学博物馆,-,科教文化服务,望江路19号,104.090711,30.636303,4.4,0,"{""open"":""9:00"",""close"":""17:00""}",科教文化服务;博物馆;博物馆,免费参观（需带身份证），开放时间9:00-17:00（周一闭馆），建议游览2小时，地铁3号线磨子桥站步行可达。,依托百年川大，馆藏涵盖西南民族文物、考古标本及自然标本，是了解四川历史文化与生物多样性的重要窗口。,2.0,武侯区
137,皇城清真寺,-,风景名胜,小河街2号附2号,104.062909,30.65671,4.0,0,"{""open"":""全天""}",风景名胜;风景名胜;回教寺,宗教场所，参观需尊重礼仪，免费进入，建议参观30分钟，避免礼拜时段，地铁1号线骡马市站步行。,成都市区现存最古老的清真寺之一，始建于明代，融合中国传统建筑与伊斯兰文化，是多元宗教和谐共存的见证。,0.5,青羊区
138,南湖梦幻岛,-,体育休闲服务,南湖大道428号,104.053915,30.499033,4.0,0,"{""open"":""9:00"",""close"":""21:00""}",体育休闲服务;休闲场所;游乐场,主题游乐场，门票约100元，建议游玩半天，适合亲子家庭，地铁1号线四河站后需转公交或打车。,南湖梦幻岛以欧洲童话为主题，是成都城南大型游乐地标，依托南湖生态区，提供现代休闲娱乐体验。,3.0,双流区
139,黄甲广场,-,风景名胜,黄甲镇黄甲大道48号,103.949315,30.491038,3.6,0,"{""open"":""全天""}",风景名胜;公园广场;城市广场,乡镇中心广场，免费开放，建议顺路停留30分钟，无特色旅游项目，适合体验双流乡镇日常生活。,黄甲镇公共活动场所，周边以麻羊美食闻名，广场是当地节庆与集市文化的重要载体。,1.0,双流区
140,锦江体育公园,-,风景名胜,委党校斜对面,104.112881,30.59777,4.0,0,"{""open"":""全天""}",风景名胜;公园广场;公园,免费体育主题公园，建议傍晚锻炼1-2小时，有足球场、跑道等设施，地铁6号线琉三路站后步行。,锦江区新晋全民健身场所，体现成都“体育+公园”城市更新理念，服务周边居民运动需求。,2.5,锦江区
141,双流区中心公园,-,风景名胜,双流普贤村金河路,103.905719,30.588206,4.2,0,"{""open"":""全天""}",风景名胜;公园广场;公园,免费公园，全天开放，建议上午或黄昏散步1-2小时，园内有湖泊和步道，适合休闲放松。,双流区核心城市公园，以人工湖与绿地景观为主，是成都近郊市民日常游憩与生态体验的典型空间。,2.0,双流区
142,成都海洋世界,-,风景名胜,龙湖北城天街南馆3层,104.064731,30.709029,4.0,0,"{""open"":""10:00"",""close"":""22:00""}",风景名胜;公园广场;水族馆,室内海洋馆，门票约150元，建议游玩2-3小时，有表演场次，地铁1号线升仙湖站后需转公交。,成都市区内规模较大的海洋主题场馆，通过海洋生物展示与科普教育，弥补内陆城市亲海体验的缺失。,2.5,金牛区
143,双流广场,-,风景名胜,广都大道2号(双流广场地铁站A1口步行170米),103.921356,30.564376,4.1,0,"{""open"":""全天""}",风景名胜;公园广场;城市广场,双流老城中心广场，免费开放，建议傍晚散步1小时，周边有商业街和小吃，适合感受市井氛围。,双流区传统城市中心，承载几代双流人的公共记忆，广场周边历史建筑与现代商业交融，是地方文化缩影。,0.8,双流区
144,成都露天音乐公园,-,风景名胜,北星大道一段1500号,104.078655,30.726133,4.4,0,"{""open"":""全天""}",风景名胜;公园广场;公园,建议傍晚或夜晚前往，主舞台灯光效果佳，无门票。可搭地铁1号线到韦家碾站步行，园区大，建议穿舒适鞋，备好水和小食。,成都最大的露天音乐主题公园，以凤凰状穹顶主舞台为标志，承办大型音乐节与演出，是成都现代城市文化与音乐艺术的新地标。,3.0,金牛区
145,桂龙公园,-,风景名胜,复城国际T2,104.074301,30.54433,4.1,0,"{""open"":""全天""}",风景名胜;公园广场;公园,免费开放，全天可游，适合晨练和傍晚散步。公园较小，1小时即可逛完，周边有餐饮，建议避开正午高温时段。,以桂花为主题的社区公园，绿树成荫，步道蜿蜒，体现成都“公园城市”理念，是周边居民日常休闲健身的绿色空间。,1.5,武侯区
146,易园园林博物馆,-,风景名胜,金泉路8号,104.014958,30.71778,4.3,0,"{""open"":""9:00"",""close"":""17:00""}",风景名胜;风景名胜;风景名胜,建议上午或下午参观，游览约1-2小时，门票约30元。园内亭台水榭，适合拍照，注意蚊虫，可乘地铁2号线迎宾大道站前往。,川派园林代表作，融合苏州园林精致与川西民居风格，展示传统造园艺术与盆景文化，是闹市中难得的古典园林秘境。,2.0,金牛区
147,永安湖旅游景区,-,风景名胜,生物城中路二段3号,103.977792,30.421804,4.2,0,"{""open"":""全天""}",风景名胜;公园广场;公园,免费开放，建议春秋季游玩，可骑行或徒步，游览半天。园区较大，建议自带饮用水和零食，注意防晒，地铁5/6号线可达。,依托永安湖水库打造的生态景区，湖光山色与湿地景观结合，是双流区重要的城市绿肺和近郊休闲目的地。,3.0,双流区
148,百花潭公园,-,风景名胜,芳邻路5号,104.043653,30.656117,4.3,0,"{""open"":""全天""}",风景名胜;公园广场;公园,免费入园，建议早晨或黄昏游玩，游览约1-2小时。园内茶馆众多，可品盖碗茶，注意带驱蚊水，地铁2号线通惠门站步行可达。,以百花潭古渡口得名，唐代已为名胜，园内有慧园（巴金纪念馆）及大量古树名木，是成都老牌文化公园。,2.0,青羊区
149,活水公园,-,风景名胜,华星路5号(红星桥地铁站A口步行170米),104.091456,30.66848,4.2,0,"{""open"":""全天""}",风景名胜;公园广场;公园,免费开放，全天可游，建议上午前往，游览约1小时。园内步道平缓，适合亲子，注意环保，地铁2号线或3号线春熙路站转公交。,中国首座以水生态为主题的活水公园，模拟自然水循环净水过程，展示环保理念，是成都生态文明教育的典范。,1.5,锦江区
150,浩海立方海洋公园,-,风景名胜,九江街道双楠大道88号1层B101号,103.908906,30.603565,4.0,0,"{""open"":""10:00"",""close"":""22:00""}",风景名胜;公园广场;水族馆,门票约190元，建议工作日错峰前往，游览约3-4小时。内含海洋隧道和表演，适合亲子，提前网上购票有优惠，地铁5号线警官学院站转公交。,位于双流海滨城内的超大室内海洋公园，拥有40米长的亚克力观景窗，是集海洋科普、演艺与游乐一体的现代娱乐地标。,3.0,双流区
151,双流空港花田,-,风景名胜,胜利镇牧华路(菜鸟网络成都双流园区东),103.93052,30.503254,4.2,0,"{""open"":""全天""}",风景名胜;风景名胜;风景名胜,免费开放，春季和秋季最佳，建议下午前往，游览2小时。大片花田适合拍照，注意防晒，无地铁直达，建议自驾或打车。,紧邻双流国际机场的网红花田，春季油菜花、秋季格桑花盛开，可近距离观看飞机起降，是“航空+田园”的特色景观。,2.0,双流区
152,杜甫草堂-茅屋故居,-,风景名胜,草堂路28号成都杜甫草堂博物馆内,104.027718,30.660655,4.5,0,"{""open"":""9:00"",""close"":""17:00""}",风景名胜;风景名胜相关;旅游景点,杜甫草堂门票50元（含全园），建议上午游览，约2小时。茅屋故居在草堂内，可听讲解了解杜甫生平，避开节假日人流高峰。,诗圣杜甫流寓成都时的居所，在此创作240余首诗，茅屋为1997年重建，是草堂博物馆核心，承载千年诗圣文化记忆。,1.5,青羊区
153,梵木Flying国际文创公园,-,商务住宅,太平寺西路3号,104.02561,30.606688,4.2,0,"{""open"":""10:00"",""close"":""22:00""}",商务住宅;产业园区;产业园区,,,0.5,武侯区
154,成都植物园,-,风景名胜,蓉都大道天回路1116号,104.128542,30.763468,4.4,0,"{""open"":""8:00"",""close"":""18:00""}",风景名胜;公园广场;植物园,门票10元，建议春季或秋季前往，游览2-3小时。园区大，可看多种植物，适合亲子科普，注意穿舒适鞋，地铁3号线植物园站直达。,成立于1983年，收集数千种植物，尤以芙蓉花和珍稀树木著称，兼具科研、科普与休闲功能，是成都生态多样性展示窗口。,3.0,金牛区
155,应天寺,-,风景名胜,胜利镇牧马山麓,103.910307,30.532201,4.1,0,"{""open"":""8:00"",""close"":""17:00""}",风景名胜;风景名胜;寺庙道观,免费开放，建议上午或下午前往，游览约1小时。寺庙清幽，适合静心，注意着装庄重，地铁10号线应天寺站步行可达。,始建于唐代的千年古刹，历史上几经兴废，现存建筑多为清代风格，以佛教文化传承和古银杏闻名，是双流区重要宗教场所。,1.0,双流区
156,簇锦公园,-,风景名胜,福锦路二段268号,103.997279,30.609288,4.2,0,"{""open"":""全天""}",风景名胜;公园广场;公园,免费社区公园，全天开放，建议早晨或傍晚散步，游览30-60分钟。设施较基础，适合顺路休闲，无地铁，公交可达。,簇锦街道的综合性社区公园，以本地居民休闲为主，园内绿化良好，设有健身器材，体现成都基层社区日常烟火气。,1.0,武侯区
157,华侨城公园广场,-,风景名胜,西华大道16号成都欢乐谷内,104.035964,30.719631,4.0,0,"{""open"":""全天""}",风景名胜;公园广场;公园广场,免费开放，建议傍晚前往，游览1-2小时。含商业街和娱乐设施，适合年轻人聚会，注意人流较多，地铁6号线兴盛站步行可达。,华侨城打造的开放式商业公园广场，融合购物、餐饮与休闲，常举办市集和活动，是金牛区新兴的都市生活方式地标。,1.5,金牛区
158,昭觉寺-第一禅林,-,风景名胜,昭青路333号昭觉寺内(南侧),104.105909,30.705981,4.5,0,"{""open"":""8:00"",""close"":""17:00""}",风景名胜;风景名胜;寺庙道观,免费开放，建议上午参观，游览约1小时。寺庙庄严，可礼佛祈福，注意保持安静，尊重宗教习俗，地铁3号线昭觉寺南路站步行。,始建于唐代的佛教禅宗丛林，被誉为“川西第一禅林”，历代高僧辈出，建筑古朴，古木参天，是成都佛教文化的重要传承地。,1.5,成华区
159,东郊记忆成都墙,-,风景名胜,建设南支路4号-46号楼,104.123288,30.669697,4.4,0,"{""open"":""全天""}",风景名胜;风景名胜;风景名胜,免费开放，全天可游，建议下午前往，游览2-3小时。东郊记忆园区较大，可顺逛其他景点，注意防晒，地铁8号线东郊记忆站直达。,“成都墙”位于老工业区改造的东郊记忆园区，墙绘记录工业历史与城市变迁，是成都工业遗产活化的时尚文创地标。,0.5,成华区
160,清水河公园,-,风景名胜,西三环路三段,103.986952,30.659083,4.1,0,"{""open"":""全天""}",风景名胜;公园广场;公园,全天开放，免费入园。建议春秋季傍晚散步2小时，园内绿道平缓，适合亲子骑行。夏季蚊虫多，备好驱蚊液。,依托清水河而建的社区公园，是成都‘宜居水岸’工程典范，体现市民日常休闲生活与河道生态修复的融合。,2.0,武侯区
161,江家艺苑,-,风景名胜,幸福路163号,104.124284,30.575931,4.2,0,"{""open"":""全天""}",风景名胜;风景名胜;风景名胜|体育休闲服务;体育休闲服务场所;体育休闲服务场所,免费开放，建议上午或黄昏游览3小时。园区大，可租共享单车环湖骑行。周末人较多，注意防晒补水。,锦江区‘田园综合体’代表，由废弃农田改造为艺术与自然交融的生态景观，展现成都公园城市建设的乡村实践。,3.0,锦江区
162,哥谭广场,-,商务住宅,盛安街与益州大道中段交叉口西南40米,104.056296,30.557769,3.8,0,"{""open"":""10:00"",""close"":""22:00""}",商务住宅;商务住宅相关;商务住宅相关,,,0.5,武侯区
163,鹿溪河生态区,-,风景名胜,蜀州路,104.086791,30.415394,4.3,0,"{""open"":""全天""}",风景名胜;风景名胜;风景名胜,免费开放，建议春秋清晨或傍晚游览2-3小时。湿地栈道湿滑，穿防滑鞋。部分区域无遮阴，夏季注意防晒。,天府新区生态修复样板，原为鹿溪河泄洪区，现为候鸟栖息地与市民湿地科普教育基地，体现水城共生理念。,2.5,双流区
164,麓湖生态城红石公园,-,风景名胜,麓湖生态城云树,104.078571,30.459281,4.5,0,"{""open"":""全天""}",风景名胜;风景名胜相关;旅游景点,需预约入园（麓湖生态城官方公众号），免费。建议非周末下午游览2小时，红石景观独特，适合拍照。园区禁止宠物。,麓湖生态城内的景观公园，以红色砂岩地貌为特色，融合现代景观设计与社区生活方式，是高端生态住区的公共客厅。,2.0,双流区
165,邓小平广场,-,风景名胜,簇锦北路与玉锦路交叉口西南40米,103.990128,30.606491,4.0,0,"{""open"":""全天""}",风景名胜;公园广场;城市广场,免费开放，全天可游。建议游览30分钟-1小时，周边有商业配套。注意保持广场整洁，尊重纪念雕塑。,以纪念邓小平同志命名的城市广场，是武侯区重要的爱国主义教育场所，承载改革开放记忆与社区集会功能。,1.0,武侯区
166,成都熊猫海洋公园,-,科教文化服务,北湖生态公园湖光路188号,104.15449,30.719321,4.0,0,"{""open"":""9:00"",""close"":""17:00""}",科教文化服务;博物馆;博物馆,门票约150元，建议上午入园游玩半天。海洋剧场表演时间提前查官网。周末人多，可网上购票免排队。园内餐饮较贵。,成都市区内集海洋生物展示、科普教育与娱乐表演于一体的主题场馆，弥补内陆城市观海体验，侧重亲子研学。,2.5,成华区
167,空港体育公园,-,风景名胜,成双大道双流空港商务区起步区内,103.955803,30.594153,4.2,0,"{""open"":""全天""}",风景名胜;公园广场;公园,免费开放，建议下午至傍晚游览2小时，可近距离观看飞机起降。夏季炎热，注意防晒。周边空旷，风大。,紧邻双流国际机场的观景公园，利用机场净空区土地建设，是航空爱好者的拍摄胜地，展现临空经济区特色。,2.0,双流区
168,武侯生活广场,-,风景名胜,二环路西一段2号,104.032067,30.636814,3.9,0,"{""open"":""全天""}",风景名胜;公园广场;城市广场,免费社区广场，建议傍晚散步1小时。常有居民活动，可体验本地生活。无专门停车场，建议公共交通前往。,武侯区典型的社区生活广场，反映成都‘15分钟公共服务圈’建设，是市民日常健身、社交的基层公共空间。,0.5,武侯区
169,龙泉仰天窝,-,风景名胜,318国道山泉镇联合村六组50号,104.282551,30.548198,4.4,0,"{""open"":""全天""}",风景名胜;风景名胜;风景名胜,免费开放，登山步道往返约2-3小时。建议清晨前往，可俯瞰龙泉山城市森林公园。山路部分陡峭，穿运动鞋。,龙泉山城市森林公园的经典徒步点，仰天窝因地形如窝而得名，是成都人近郊登山望远、呼吸新鲜空气的胜地。,2.0,龙泉驿区
170,新川之心公园东区,-,风景名胜,高新区锦和路与新裕路交汇处,104.094231,30.512035,4.3,0,"{""open"":""全天""}",风景名胜;风景名胜相关;旅游景点,免费开放，建议春秋季游览2小时。园区水域开阔，可环湖步行或骑行。部分设施在建，注意安全。,新川创新科技园的核心生态绿地，以‘中新合作’为背景，体现产城融合与海绵城市技术，是高新区的绿色名片。,2.0,双流区
171,怡心湖公园,-,风景名胜,华阳街道,104.020709,30.477577,4.2,0,"{""open"":""全天""}",风景名胜;公园广场;公园,免费开放，建议黄昏时分游览1-2小时，湖景与城市天际线相映。园内步道平整，适合慢跑。夜间灯光较暗，注意安全。,双流区怡心湖板块的滨水公园，依托人工湖打造，是成都‘南拓’战略中生态宜居与商务配套结合的范例。,1.5,双流区
172,洛带古镇,4A,风景名胜,三峨街,104.328377,30.636189,4.5,0,"{""open"":""全天""}",风景名胜;风景名胜;国家级景点,古镇免费进入，部分场馆收费。建议非节假日游览半天，可品尝伤心凉粉、天鹅蛋。周末人多，停车位紧张，宜早到。,中国西部客家第一镇，保存大量客家会馆与古街，每年举办客家水龙节，传承千年客家移民文化，是成都近郊人文地标。,3.0,龙泉驿区
173,锦门景区,4A,风景名胜,三河街道承顺街17号(绕城新都出口),104.130358,30.779332,4.3,0,"{""open"":""9:00"",""close"":""17:00""}",风景名胜;风景名胜;国家级景点,免费进入，部分体验项目收费。建议游览2-3小时，可逛丝绸博物馆及民国风情街。夜景灯光效果好，适合傍晚前往。,以‘锦门’为意象打造的丝绸文化主题景区，再现成都北大门历史风貌，纪念南方丝绸之路起点，融合非遗与商业。,2.5,新都区
174,龙泉驿欢乐田园,4A,风景名胜,汽车城大道四段,104.253478,30.604917,4.4,60,"{""open"":""9:00"",""close"":""18:00""}",风景名胜;风景名胜相关;旅游景点,门票约120元（网上有优惠），建议游玩半天至一天。适合亲子家庭，有萌宠、花海等项目。夏季注意防晒，园区较大可坐观光车。,龙泉驿区现代农业与休闲旅游结合的田园乐园，以‘欢乐田园’为主题，提供农耕体验与亲子娱乐，呼应乡村振兴战略。,3.5,龙泉驿区
175,和平社区广场,-,风景名胜,天仁北一街与天和路交汇处西北50米,104.073147,30.603539,4.0,0,"{""open"":""全天""}",风景名胜;公园广场;城市广场,免费社区广场，建议傍晚散步1小时，可参与广场舞等本地活动。设施简单，无专门旅游服务，适合顺路感受市井生活。,武侯区基层社区公共空间，体现成都社区治理与居民自治成果，是观察本地居民日常休闲方式的窗口。,0.5,武侯区
176,永陵公园,-,风景名胜,永陵路10号,104.047296,30.674447,4.1,0,"{""open"":""全天""}",风景名胜;公园广场;公园,全天开放，建议春秋季清晨或傍晚前往，游览1-2小时。公园免费，内有永陵博物馆需另购门票。注意蚊虫，备好驱蚊水。,永陵是前蜀开国皇帝王建墓，为中国唯一地上皇陵。公园依托陵墓而建，融合历史遗迹与休闲绿地，是了解五代十国蜀地文化的重要地标。,1.5,金牛区
177,龙泉山风景区,4A,风景名胜,桃花故里旅游路东100米,104.307351,30.542797,4.6,0,"{""open"":""全天""}",风景名胜;风景名胜;风景名胜,建议自驾或乘公交，春秋季徒步最佳，需半天至一天。免费开放，部分果园采摘另收费。山路较陡，穿舒适运动鞋，备足饮水。,龙泉山是成都东郊生态屏障，以桃花、枇杷闻名，素有‘中国桃花故乡’之称。每年三月桃花节吸引大量游客，也是市民登高望远、亲近自然的传统去处。,4.0,龙泉驿区
178,合江亭,-,风景名胜,滨江东路与天仙桥南路交叉口东南80米,104.083659,30.642929,4.3,0,"{""open"":""全天""}",风景名胜;风景名胜;风景名胜,全天开放，免费。建议傍晚或夜景时段前往，游览30分钟-1小时。可结合合江亭周边兰桂坊、水井坊一并游玩。注意江边安全。,合江亭始建于唐代，为府河与南河交汇处，是成都千年水运枢纽。亭名取‘二水合流’之意，历代文人题咏甚多，象征成都开放包容的城市气质。,0.5,锦江区
179,WAVE BOX海浪运动公园,-,风景名胜,天津路西段,104.056207,30.461747,4.2,0,"{""open"":""9:00"",""close"":""21:00""}",风景名胜;公园广场;公园,夏季开放，适合下午至傍晚游玩，建议游玩2-3小时。需购票，具体价格以现场为准。水上运动注意安全，备换洗衣物和防晒用品。,WAVE BOX是成都新兴的室内外结合水上运动公园，引入人工造浪技术，填补了成都平原缺乏天然海浪运动的空白，体现现代都市体育休闲新潮流。,2.0,双流区
180,玉石湿地公园,-,风景名胜,大面街道玉石社区5-136,104.195369,30.607139,4.1,0,"{""open"":""全天""}",风景名胜;公园广场;公园,全天开放，免费。建议春秋季骑行或散步，游览1-2小时。园区较大，可租共享单车。注意防晒，部分区域无遮阴，带足饮水。,玉石湿地公园位于环城生态带，原为农田与河滩，经生态修复而成。以‘玉石’为名源自当地河床卵石，体现成都践行公园城市理念、还绿于民的实践。,2.5,龙泉驿区
181,沙河东篱翠湖公园,-,风景名胜,柳翠路213号,104.091331,30.608022,4.0,0,"{""open"":""全天""}",风景名胜;公园广场;公园,全天开放，免费。建议清晨或傍晚散步，游览1小时左右。公园小巧，适合周边居民休闲。注意蚊虫，雨季部分步道湿滑。,沙河东篱翠湖公园是沙河生态廊道的一部分，以‘东篱’借陶渊明诗意，营造城市田园景致。体现成都打造‘水清、岸绿、景美’宜居水岸的成果。,2.0,锦江区
182,玉林四巷爱转角文创街区,-,风景名胜,玉林街6号附4号,104.062104,30.628406,4.3,0,"{""open"":""全天""}",风景名胜;风景名胜;风景名胜,全天开放，免费。建议下午或傍晚前往，游览1-2小时。街区有文创小店和涂鸦墙，适合拍照。部分店铺消费高，按需选择。,玉林四巷因赵雷《成都》走红，曾是老成都生活街区。‘爱转角’主题文创街区在旧城改造中保留市井烟火气，融合音乐、涂鸦与记忆，是成都城市更新与文化记忆的样本。,1.5,武侯区
183,天一广场,-,商务住宅,人民南路二段30号附3(锦江宾馆地铁站A口步行60米),104.065581,30.650853,3.8,0,"{""open"":""10:00"",""close"":""22:00""}",商务住宅;楼宇;商务写字楼,,,0.5,锦江区
184,东郊记忆火车头广场,-,风景名胜,跳蹬河街道建设南支路1号东郊记忆内(东侧),104.124609,30.668202,4.2,0,"{""open"":""全天""}",风景名胜;公园广场;城市广场,全天开放，免费。建议傍晚前往，游览1小时。火车头广场是东郊记忆核心打卡点，可结合园区工业遗址游览。注意轨道区域禁止攀爬。,东郊记忆由原国营红光电子管厂改造而成，火车头广场保留老式蒸汽机车，象征成都工业时代的辉煌。现为集音乐、美术、戏剧于一体的文创园区，见证城市转型。,1.0,成华区
185,交子之眼,-,风景名胜,国瑞街与泰治路交叉口南80米,104.083859,30.582721,4.1,0,"{""open"":""全天""}",风景名胜;风景名胜相关;旅游景点,建议夜晚前往观赏灯光秀，免费。游览30分钟-1小时，位于交子公园内，可结合金融城夜景游览。注意夜间人流较多，保管好财物。,交子之眼是成都金融城地标性景观装置，以宋代‘交子’（世界最早纸币）为灵感，寓意金融与历史交融。现代灯光艺术与交子公园结合，展现成都古今交织的城市气质。,0.5,锦江区
186,麓镇广场,-,风景名胜,万安街道麓山大道麓山小镇,104.093005,30.483431,4.2,0,"{""open"":""全天""}",风景名胜;公园广场;公园广场,全天开放，免费。建议周末下午前往，游览1-2小时。麓镇为欧式风情小镇，有咖啡馆和艺术空间。注意部分展览需购票，节假日停车紧张。,麓镇广场位于麓山国际社区，以托斯卡纳风格建筑著称，是成都高端社区的文化艺术中心。常举办艺术展览、市集活动，体现成都国际化与生活美学融合。,1.5,双流区
187,南岸公园,-,风景名胜,武汉路西段辅路与飞燕街交叉口东北300米,104.05973,30.443537,4.1,0,"{""open"":""全天""}",风景名胜;公园广场;公园,全天开放，免费。建议傍晚散步或骑行，游览1小时。南岸公园沿锦江而建，视野开阔。注意夏季蚊虫多，江边步道夜间照明一般，注意安全。,南岸公园是锦江绿道的重要节点，原为河滩荒地，经生态整治后成为亲水休闲空间。它代表成都‘锦江公园’战略下，打造世界级滨水廊道的努力。,1.5,双流区
188,大熊猫6号别墅,-,风景名胜,外北三环熊猫大道1375号成都大熊猫繁育研究基地内(东南角),104.143231,30.736354,4.5,0,"{""open"":""全天""}",风景名胜;风景名胜;风景名胜,开放时间与成都大熊猫基地一致（7:30-18:00），建议早晨前往，游览30-40分钟。需购基地门票。看熊猫保持安静，勿投喂，拍照勿用闪光灯。,大熊猫6号别墅位于成都大熊猫繁育研究基地内，是成年大熊猫的室外活动场。基地致力于大熊猫保护与研究，是成都最具世界知名度的文化名片之一。,2.0,成华区
189,东坡清水公园,-,风景名胜,万寿桥路公交站旁,103.992291,30.660116,4.0,0,"{""open"":""全天""}",风景名胜;公园广场;公园,全天开放，免费。建议清晨或傍晚散步，游览1小时。公园以东坡文化为主题，有苏轼诗词石刻。注意园区较小，适合顺路游览，备好防蚊用品。,东坡清水公园为纪念北宋文豪苏东坡而建，苏轼曾宦游成都。公园将诗词文化融入园林景观，体现成都对历史文人的尊崇，也是市民休闲的文化空间。,1.5,青羊区
190,银沙滩乐园,-,体育休闲服务,汽车城大道四段辅路东安湖公园(西南角),104.232041,30.582122,4.0,0,"{""open"":""9:00"",""close"":""21:00""}",体育休闲服务;休闲场所;休闲场所,夏季开放，建议下午至傍晚游玩，需购票。游玩2-3小时，适合亲子家庭。注意水上安全，备泳衣、防晒霜和换洗衣物，遵守场地规则。,银沙滩乐园位于龙泉驿区，是成都近年打造的户外亲水休闲地，以人造沙滩和湖滨泳场为特色。它填补了成都内陆城市对滨海度假体验的想象，体现休闲之都的多元玩法。,2.5,龙泉驿区
191,白云寺,-,风景名胜,柳河路1号,103.893037,30.484176,4.2,0,"{""open"":""8:00"",""close"":""17:00""}",风景名胜;风景名胜;寺庙道观,开放时间8:00-17:00，免费。建议上午前往，游览1-2小时。寺庙古朴，可登高望远。注意着装得体，尊重宗教习俗，部分殿堂禁止拍照。,白云寺位于新津区，始建于明代，几经兴废，现存建筑多为清代重建。寺庙依山而建，环境清幽，是成都近郊重要的佛教活动场所，承载地方民间信仰记忆。,1.0,新津区
192,麓湖水线公园,-,风景名胜,麓湖中路西段,104.059472,30.456212,4.3,0,"{""open"":""全天""}",风景名胜;公园广场;公园,建议春秋季傍晚前往，光线柔和适合拍照。免费开放，游玩约2小时。园区较大，穿舒适鞋，夏季注意防晒补水。,麓湖生态城内的水景公园，以现代水岸景观和互动水景设计著称，体现成都公园城市理念与生态社区生活方式。,1.5,双流区
193,保利198公园,-,风景名胜,蜀龙大道南段1752号,104.148313,30.743434,4.2,0,"{""open"":""全天""}",风景名胜;公园广场;公园,免费开放，适合周末野餐、放风筝。建议上午或傍晚前往，游玩2-3小时。园区开阔，注意防晒，自带饮用水和食物。,新都区大型城市公园，以高尔夫球场和草坪景观闻名，是成都近郊休闲运动的热门地，代表城市绿色公共空间。,2.0,新都区
194,成都蜀锦织绣博物馆,3A,科教文化服务,草堂东路18号锦绣工场古玩城3号楼,104.037045,30.657296,4.5,0,"{""open"":""9:00"",""close"":""17:00""}",科教文化服务;博物馆;博物馆,开放时间9:00-17:30，门票免费，建议游玩1-2小时。可乘坐地铁至文化宫站步行前往，馆内可体验蜀绣制作。,展示蜀锦蜀绣历史与技艺的专题博物馆，收藏清代花楼木质织机等珍贵文物，是了解成都千年织绣文化的重要窗口。,2.0,青羊区
195,杰克船长的奇幻动物世界,-,风景名胜,杉板桥路龙湖滨江天街1号门5楼,104.123801,30.665287,4.0,0,"{""open"":""10:00"",""close"":""22:00""}",风景名胜;风景名胜相关;旅游景点|体育休闲服务;体育休闲服务场所;体育休闲服务场所,位于商场内，适合亲子游玩，建议工作日前往人少。门票约100-150元，游玩2-3小时。需提前线上购票预约。,室内萌宠互动主题乐园，融合动物观赏与科普教育，主打沉浸式自然体验，适合家庭亲子活动，体现城市休闲娱乐新业态。,2.5,成华区
196,三圣花乡荷塘月色,4A,风景名胜,簧柏路,104.158143,30.567605,4.5,0,"{""open"":""全天""}",风景名胜;风景名胜;国家级景点,免费开放，夏季荷花盛开时最美，建议清晨或傍晚游览，游玩1-2小时。周边有农家乐可就餐，注意蚊虫防护。,三圣花乡景区核心景点之一，以千亩荷塘为主题，融合川西林盘与花卉种植，是成都近郊乡村旅游和赏荷胜地。,2.0,锦江区
197,成都森野田园,-,体育休闲服务,三江西路301号,104.016171,30.529066,4.0,0,"{""open"":""9:00"",""close"":""21:00""}",体育休闲服务;休闲场所;休闲场所,以田园体验为主，建议春秋季周末前往，游玩半天。需提前查询开放及收费情况，适合亲子农耕活动，穿耐脏衣物。,双流区新兴田园综合体，提供农事体验、自然教育等休闲服务，反映成都近郊农业与旅游融合发展的新趋势。,2.0,双流区
198,青龙湖二期公园,-,风景名胜,青龙湖湿地公园(东南角),104.194671,30.623817,4.2,0,"{""open"":""全天""}",风景名胜;公园广场;公园,免费开放，环湖步道约5公里，建议骑行或徒步，游玩2-3小时。最佳游览时间为春秋季全天，夏季傍晚较凉爽。,青龙湖湿地公园二期，以生态湖泊和原生植被为主，是成都东部的城市绿肺，兼具蓄洪、生态保护与市民休闲功能。,2.5,龙泉驿区
199,1906创意工厂,-,商务住宅,高攀路26号7322厂,104.083896,30.613973,4.1,0,"{""open"":""10:00"",""close"":""22:00""}",商务住宅;产业园区;产业园区,,,0.5,武侯区
200,蔚然花海(暂停开放),3A,风景名胜,同安街道同安街道花海路8号,104.305657,30.633666,4.3,60,"{""open"":""9:00"",""close"":""17:00""}",风景名胜;风景名胜;国家级景点,暂停开放，请勿前往。恢复开放后可关注官方公告，建议花期（春季）前往，门票约60元，游玩半天。,龙泉驿区以花卉观赏为主题的景区，四季种植不同花海，曾为成都近郊赏花网红打卡地，体现龙泉山城市森林公园文旅特色。,2.0,龙泉驿区
201,星星产房,-,风景名胜,熊猫大道1375号成都大熊猫繁育研究基地内(北侧),104.138349,30.745966,4.0,0,"{""open"":""全天""}",风景名胜;风景名胜;风景名胜,位于金牛区，可能为亲子或科普类场馆，建议提前电话确认开放状态。一般游玩1-2小时，适合带儿童前往。,名称具有趣味性，推测与动物繁育或生命科学科普相关，可能为成都动物园或周边机构的互动项目，具体以实地信息为准。,1.5,金牛区
202,4号湖入口广场,-,风景名胜,蒙彼利埃小学,104.050021,30.56636,4.0,0,"{""open"":""全天""}",风景名胜;公园广场;城市广场,免费开放，建议傍晚前往欣赏湖景日落，游玩1小时左右。周边为生态湖区步道，适合散步骑行，注意遵守园区规定。,武侯区某生态湖区入口广场，作为城市滨水公共空间，体现成都水系治理与市民亲水休闲结合的规划理念。,1.0,武侯区
203,升仙湖公园,-,风景名胜,双水碾街道升仙湖北路与双沙桥路交叉口东150米,104.083924,30.708547,4.2,0,"{""open"":""全天""}",风景名胜;公园广场;公园,免费开放，建议清晨或傍晚散步，游玩1-2小时。公园临湖，春秋季景色最佳，适合跑步、遛弯，注意湖边安全。,因古蜀升仙传说得名，位于沙河畔，是成都北门重要的生态休闲公园，承载老成都人的记忆与地方文化故事。,1.5,成华区
204,银沙滩,-,风景名胜,龙泉街道都市汽车城大道四段辅路东安湖公园(西南角),104.231937,30.582083,4.0,0,"{""open"":""全天""}",风景名胜;风景名胜;风景名胜,免费开放，夏季玩沙戏水最佳，建议傍晚前往避开烈日，游玩2小时。需自备玩沙工具，注意防晒并照看好儿童。,龙泉驿区人工湖边的沙滩景观，模仿海滨体验，是成都市内少有的亲水玩沙场所，为市民提供近郊度假感。,2.0,龙泉驿区
205,石人公园,-,风景名胜,石人北路2号(白果林地铁站D口步行460米),104.029802,30.675594,4.1,0,"{""open"":""全天""}",风景名胜;公园广场;公园,免费开放，全天可进入，适合清晨晨练或午后小憩，游玩1小时。周边有餐饮店铺，注意公园内卫生，勿大声喧哗。,青羊区老牌社区公园，因附近石人雕像得名，是周边居民日常休闲聚集地，反映成都慢生活和社区公园文化。,1.0,青羊区
206,骑龙中水湿地公园,-,风景名胜,昆华路与老双中路交叉口西南320米,104.021071,30.539507,4.2,0,"{""open"":""全天""}",风景名胜;公园广场;公园,免费开放，建议春秋季游览，湿地步道约2公里，游玩1-2小时。早晚较清静，适合观鸟散步，注意防蚊。,武侯区以再生水利用为主题的湿地公园，兼具水质净化与市民休闲功能，体现成都海绵城市建设和生态修复成果。,1.5,武侯区
207,黄龙溪古镇,4A,风景名胜,黄龙溪镇黄金路70号,103.970525,30.317805,4.5,0,"{""open"":""全天""}",风景名胜;风景名胜;国家级景点,免费进入，建议游玩半天至一天，可体验古镇游船。节假日游客多，建议工作日前往，品尝一根面等特色小吃。,千年水运古镇，以“火龙”民俗和古码头著称，是川西坝子保存完好的明清建筑群，被誉为“天府第一名镇”。,3.5,双流区
208,黄水印象荷花,-,风景名胜,黄水镇杨公村七组117号,103.827826,30.52312,3.8,0,"{""open"":""全天""}",风景名胜;风景名胜;风景名胜,夏季7-8月荷花盛开最佳，清晨或傍晚前往光线好且凉爽。门票约20-30元，游览2小时。注意防晒防蚊。,以千亩荷塘为特色，融合川西林盘景观，是双流区乡村旅游与荷花文化结合的典范，体现成都近郊生态农业观光特色。,2.0,双流区
209,湖滨广场,-,风景名胜,兴隆湖,104.074162,30.399683,4.0,0,"{""open"":""全天""}",风景名胜;公园广场;城市广场,全天开放免费，适合傍晚散步或周末休闲，游览1小时。周边有餐饮设施，注意保持环境整洁。,双流城区重要的市民休闲广场，承载当地社区文化活动与节庆集会，体现成都人闲适宜居的生活氛围。,0.8,双流区
210,秦皇湖,-,风景名胜,杭州路东段与蜀州路交叉口西南150米天府公园(东南角),104.07618,30.429692,4.1,0,"{""open"":""全天""}",风景名胜;风景名胜;风景名胜,全天免费开放，建议清晨或黄昏游览，绕湖步行一圈约1.5小时。可自带野餐垫，注意防晒和补水。,秦皇湖是双流区生态湿地景观代表，兼具蓄水防洪与休闲功能，体现成都公园城市理念下自然与城市共生。,1.5,双流区
211,成都市烈士陵园,-,生活服务,大安桥路579号,104.122689,30.550796,4.2,0,"{""open"":""9:00"",""close"":""17:00""}",生活服务;丧葬设施;陵园,,,0.5,锦江区
212,成都永陵博物馆,4A,科教文化服务,永陵路10号永陵公园,104.047175,30.674375,4.5,0,"{""open"":""9:00"",""close"":""17:00""}",科教文化服务;博物馆;博物馆,开放时间9:00-17:00（周一闭馆），门票20元。建议游览2小时，重点参观地宫与出土文物，可请讲解。,五代十国前蜀开国皇帝王建陵墓，是中国唯一地上皇陵，地宫石刻与二十四伎乐浮雕为国家级文物，彰显唐五代音乐艺术成就。,2.0,金牛区
213,中国小镇(A区),-,风景名胜,两河路555号,103.979305,30.707265,3.9,0,"{""open"":""10:00"",""close"":""22:00""}",风景名胜;风景名胜相关;旅游景点,全天开放，免费入园。建议游览1-2小时，适合拍照打卡。部分店铺消费较高，注意提前确认价格。,金牛区仿古商业街区，融合川西民居与现代商业，以特色小镇形态展现成都休闲消费文化与传统建筑美学。,1.5,金牛区
214,人民公园-相亲角,-,风景名胜,祠堂街9号人民公园(人民公园地铁站H口步行250米),104.056645,30.657573,4.0,0,"{""open"":""全天""}",风景名胜;风景名胜相关;旅游景点,全天免费开放，相亲角周末上午最热闹。建议游览1小时，可观察市井文化，注意保护个人隐私，礼貌参与。,人民公园内自发形成的传统相亲角，已有数十年历史，父母代子女征婚的独特现象，反映成都市民婚恋观与社会变迁。,0.8,青羊区
215,成都骁腾运动公园,-,风景名胜,棣棠路831号,104.123023,30.596009,4.0,0,"{""open"":""9:00"",""close"":""21:00""}",风景名胜;公园广场;公园,营业时间约9:00-21:00，门票按项目收费。建议运动休闲2-3小时，穿运动鞋，夏季注意补水。,锦江区新兴体育主题公园，集运动、亲子、社交于一体，体现成都全民健身潮流与城市公共空间多元化利用。,2.5,锦江区
216,龙泉山城市森林公园,-,风景名胜,万大路,104.378946,30.591528,4.3,0,"{""open"":""全天""}",风景名胜;公园广场;公园,全天免费开放，建议自驾或骑行，春秋季最舒适。游览半天至一天，部分步道需注意安全，自带干粮饮水。,成都城市绿心，龙泉山脉生态屏障，拥有桃花故里等景观，是成都人郊游踏青、骑行观景的核心目的地，体现公园城市生态价值。,3.0,龙泉驿区
217,钟家山游步道,-,体育休闲服务,山泉镇318国道与美满路交叉口西500米,104.302469,30.553515,4.2,0,"{""open"":""全天""}",体育休闲服务;体育休闲服务场所;体育休闲服务场所|风景名胜;风景名胜相关;旅游景点,全天免费开放，建议清晨或傍晚徒步，全程约3-5公里，耗时2小时。穿防滑鞋，部分路段较陡，备足饮水。,龙泉山城市森林公园内健身步道，串联山林田园与观景平台，是成都近郊徒步休闲热门线路，展现山地运动与自然融合。,2.5,龙泉驿区
218,华阳音乐广场,-,风景名胜,安公路三段,104.056418,30.520838,4.0,0,"{""open"":""全天""}",风景名胜;公园广场;城市广场,全天免费开放，傍晚有广场舞等市民活动。建议游览1小时，适合散步休憩，注意周边交通与个人财物。,双流华阳片区核心公共广场，定期举办音乐演出与社区活动，是当地居民文化娱乐与社交生活的重要空间。,0.8,双流区
219,梅花剧社(太古里店),-,体育休闲服务,望平街23号纸箱厂3F-002号,104.089477,30.653666,4.0,0,"{""open"":""10:00"",""close"":""22:00""}",体育休闲服务;影剧院;剧场,需提前购票或电话预约，演出时间多为晚间，建议提前到场。演出时长约2小时，体验传统戏曲文化。,位于太古里附近的川剧社，以变脸、吐火等绝活为特色，为游客提供近距离接触川剧艺术的窗口，传承巴蜀戏曲文化。,2.0,成华区
220,大丰体育文创公园,-,风景名胜,通力路36号(近地铁5号线皇花园站),104.063982,30.752984,4.1,0,"{""open"":""全天""}",风景名胜;公园广场;公园广场,全天免费开放，适合运动健身与亲子活动，建议游览1-2小时。部分设施需预约，注意开放时间。,大丰片区旧工业区改造的体育文创公园，保留工业遗迹元素，融合运动场馆与创意空间，体现城市更新与社区活力。,2.0,新都区
221,成都市枣子巷景区,-,风景名胜,枣子巷与青羊东一路交叉口北140米,104.044997,30.668912,4.2,0,"{""open"":""全天""}",风景名胜;风景名胜相关;旅游景点,全天开放免费，建议游览1-2小时，适合拍照与品尝小吃。周末人多，注意错峰出行，部分店铺需现金或扫码支付。,以枣子巷历史文化为背景打造的特色街区，融合中医药文化与民国风情建筑，是金牛区城市更新与文化传承的典型代表。,1.5,金牛区
222,丽都公园,-,风景名胜,丽都路1号(科园地铁站A1口步行410米),104.036066,30.628864,4.1,0,"{""open"":""全天""}",风景名胜;公园广场;公园,全天免费开放，建议上午或傍晚散步游览1小时。园内有健身设施与绿道，注意蚊虫，夏季备驱蚊水。,武侯区社区公园，以植物造景与休闲步道为主，服务周边居民日常锻炼与亲子活动，体现城市微更新中的人本关怀。,1.0,武侯区
223,漫花庄园(暂停开放),-,风景名胜,蜀龙大道1528号,104.140799,30.761951,3.8,0,"{""open"":""全天""}",风景名胜;风景名胜相关;旅游景点,注意：目前暂停开放，建议出行前拨打景区电话确认恢复情况。正常时期门票约60元，春季赏花最佳，游览半天。,以四季花卉为主题的大型花海景区，曾为成都网红打卡地，举办过郁金香节等，体现成都近郊花卉旅游经济与文化创意。,2.0,新都区
224,锦江绿道,-,风景名胜,国华街与五冶路交叉口东北80米,104.084222,30.590906,4.4,0,"{""open"":""全天""}",风景名胜;风景名胜相关;旅游景点,全天开放，免费。建议傍晚骑行或散步，从东湖至望江楼段风景最佳。注意避开早晚高峰人流，自备饮水。,锦江是成都母亲河，绿道串联城市历史与生态，体现天府文化中‘水润天府’的宜居理念。,2.0,锦江区
225,神仙树公园,-,风景名胜,紫荆西路(神仙树地铁站F口步行250米),104.047819,30.612881,4.1,0,"{""open"":""全天""}",风景名胜;公园广场;公园,免费开放，建议清晨或傍晚前往，适合散步、晨练。园内绿树成荫，夏季注意防蚊。游玩约1小时。,因园内古银杏树和传说中‘神仙树’得名，是武侯区居民休闲的重要绿地空间。,1.0,武侯区
226,两河城市森林公园,-,风景名胜,土龙路38号,103.968,30.717903,4.2,0,"{""open"":""全天""}",风景名胜;公园广场;公园,免费开放，建议春秋季游玩，可骑行或野餐。园区较大，建议预留2-3小时，注意自备食物和驱蚊用品。,成都环城生态区重要节点，以‘两河’生态修复为主题，体现城市与自然共生的公园城市理念。,1.5,金牛区
227,成都大熊猫繁育研究基地大熊猫月亮产房,4A,风景名胜,外北熊猫大道1375号成都大熊猫繁育研究基地,104.139472,30.739506,4.7,55,"{""open"":""7:30"",""close"":""18:00""}",风景名胜;风景名胜;国家级景点,需购票入园（大熊猫基地门票），建议早晨8-10点参观，熊猫最活跃。月亮产房夏季可能开放，注意保持安静，勿用闪光灯。,大熊猫繁育研究基地核心区域，负责新生熊猫幼崽的护理与展示，是成都大熊猫保护科研的象征。,3.0,新都区
228,晨辉路公园,-,风景名胜,静思南巷与静思里交叉口西南280米,104.111579,30.60634,4.0,0,"{""open"":""全天""}",风景名胜;公园广场;公园,免费社区公园，建议上午或傍晚前往，适合遛娃、散步。面积不大，游玩约30-60分钟，夏季注意防晒。,锦江区近年打造的‘回家的路’社区绿道节点，体现成都‘公园城市’微更新与居民日常生活的融合。,1.0,锦江区
229,斑竹林,-,风景名胜,万兴路288号,103.813012,30.493134,4.3,0,"{""open"":""全天""}",风景名胜;风景名胜相关;旅游景点,免费开放，建议春夏秋季前往，竹林幽静适合徒步、摄影。注意穿防滑鞋，蚊虫较多需带驱蚊液。游玩1-2小时。,新津区著名川西林盘景观，斑竹成林，保留传统乡村湿地生态，是川西平原农耕文化的自然标本。,2.5,新津区
230,白河公园(金河路四段),-,风景名胜,宜城大道三段与金河路五段交叉口西150米,103.900407,30.558426,4.1,0,"{""open"":""全天""}",风景名胜;公园广场;公园,免费开放，建议早晚散步、骑行。沿河步道平缓，适合亲子游玩。注意夏季河边蚊虫多，游玩约1小时。,双流区依托白河打造的水系公园，体现‘水清岸绿’的生态治理成果，是市民近水休闲的日常去处。,1.5,双流区
231,锦江绿道,-,风景名胜,G4202成都绕城高速与G4202成都绕城高速入口交叉口西140米,104.083527,30.567325,4.2,0,"{""open"":""全天""}",风景名胜;风景名胜相关;旅游景点,免费开放，全天可游。建议骑行或慢跑，从双流段可连接至锦城绿道。注意部分路段无遮阴，夏季需防晒补水。,锦江绿道双流段延续母亲河生态廊道，串联湿地与农田景观，展现成都南部门户的绿色转型。,2.0,双流区
232,红光广场,-,风景名胜,红光大道与广场路交汇处,103.943314,30.773012,4.0,0,"{""open"":""全天""}",风景名胜;公园广场;城市广场,免费城市广场，建议傍晚前往，可体验当地居民跳舞、健身氛围。广场开阔，注意保管随身物品。游玩约30分钟。,郫都区红光街道的标志性公共空间，以红色文化命名，是周边居民集会、节庆活动的重要场所。,0.5,郫都区
233,宽窄巷子东广场,-,风景名胜,长顺上街116号(人民公园地铁站D口步行470米),104.055681,30.663117,4.1,0,"{""open"":""全天""}",风景名胜;公园广场;城市广场,免费开放，建议上午或晚上前往，紧邻宽窄巷子景区。广场常有民俗活动，注意人流拥挤。游玩约30分钟。,宽窄巷子东入口集散广场，连接成都少城历史街区，是体验老成都市井文化、川西建筑风格的起点。,1.0,青羊区
234,成华公园,-,风景名胜,猛追湾街22号,104.095223,30.667419,4.3,0,"{""open"":""全天""}",风景名胜;公园广场;公园,免费开放，建议傍晚前往，园内有灯光景观。原为成华区老工业遗址改造，适合拍照。游玩约1小时。,由废弃铁路与工厂旧址改建的生态公园，保留工业记忆，象征成都东郊从‘工业锈带’到‘生活秀带’的转型。,1.5,成华区
235,芙蓉岛公园,-,风景名胜,熊家桥路55号,104.084723,30.55571,4.2,0,"{""open"":""全天""}",风景名胜;公园广场;公园,免费开放，建议白天或傍晚前往，适合漫步、观江。岛上有艺术装置，注意台阶安全。游玩约1小时。,位于府河中的生态小岛，以‘芙蓉’为主题，呼应成都‘蓉城’别称，是城市滨水空间艺术化改造的范例。,1.0,武侯区
236,海斯凯体育公园,-,风景名胜,东坡南一路1号,103.995179,30.656215,4.0,0,"{""open"":""全天""}",风景名胜;公园广场;公园,免费开放，建议早晨或傍晚运动健身。园内有足球场、跑道等设施，部分场地可能收费。注意遵守运动区规定。,青羊区以体育休闲为特色的社区公园，体现成都‘全民健身’与公园城市空间复合利用的新趋势。,1.5,青羊区
237,桃花故里景区,4A,风景名胜,山泉镇,104.321501,30.550823,4.5,30,"{""open"":""9:00"",""close"":""17:00""}",风景名胜;风景名胜;国家级景点,免费开放（部分农家乐消费），建议3月桃花节期间前往，花期约两周。山路较窄，建议公共交通。游玩2-3小时。,龙泉驿区传统赏花胜地，以万亩桃林闻名，每年三月举办桃花节，是成都春游与农耕文化结合的民俗地标。,3.0,龙泉驿区
238,广都博物馆,-,科教文化服务,瞿上城路117号,103.918856,30.49368,4.3,0,"{""open"":""9:00"",""close"":""17:00""}",科教文化服务;博物馆;博物馆,免费参观（需预约），建议周二至周日开放时间前往，上午人少。馆内陈列双流历史文物，拍照勿用闪光灯。游玩1-2小时。,双流区综合性博物馆，以广都古城历史为主线，展示古蜀文明、汉代水利与地方文化，是了解成都平原历史的重要窗口。,2.0,双流区
239,悦动彩林,-,风景名胜,成双大道旁江安河畔,103.958572,30.602437,4.1,0,"{""open"":""全天""}",风景名胜;公园广场;公园,建议春秋季傍晚前往，免费开放，游玩约1-2小时。公园沿江而建，适合散步骑行，注意防晒和蚊虫。,悦动彩林为双流区新晋生态绿地，以多彩林木景观为特色，融合运动休闲功能，体现成都公园城市理念。,1.5,双流区
240,成都动物园熊猫馆,-,风景名胜,昭觉寺南路234号成都动物园内(西北角),104.105349,30.710791,4.4,20,"{""open"":""8:00"",""close"":""17:00""}",风景名胜;公园广场;动物园,建议上午9-11点参观，熊猫最活跃。门票含在动物园内（20元），游玩约1小时。周末人多，建议工作日前往。,成都动物园熊猫馆是成都市区内最便捷的大熊猫观赏地，承担大熊猫保护科研与科普教育功能，是了解熊猫文化的窗口。,2.5,成华区
241,正兴·浅水湾国际体育公园,-,风景名胜,云龙村3组300号,104.033642,30.446303,4.0,0,"{""open"":""全天""}",风景名胜;公园广场;公园,全天开放，免费入场，适合运动爱好者。建议傍晚前往，游玩1-2小时。园区较大，注意补水，部分设施可能收费。,正兴浅水湾国际体育公园依托锦江生态带，打造集体育赛事、休闲健身于一体的滨水公园，体现成都南拓发展活力。,2.0,双流区
242,国色天乡乐园,4A,风景名胜,天乡路二段88号,103.825626,30.722434,4.6,90,"{""open"":""9:00"",""close"":""18:00""}",风景名胜;风景名胜;国家级景点,建议非节假日前往，门票约80-120元（项目另收费）。游玩半天至一天，夏季注意防晒，部分游乐项目有身高限制。,国色天乡乐园是温江区大型主题游乐园，融合中国民俗文化与现代游乐设施，是成都近郊家庭娱乐地标之一。,3.5,温江区
243,成都石羊场国防乐园,-,风景名胜,新园大道与益园二路交叉口东北80米,104.036829,30.58693,3.8,0,"{""open"":""全天""}",风景名胜;公园广场;城市广场,国防乐园目前部分区域已改造，建议先确认开放情况。若开放，免费或低价，适合军事爱好者，游玩约1小时。,石羊场国防乐园原为国防教育基地，展示退役军事装备，承载成都市民对军事文化的记忆，现逐渐转型为城市公园。,1.0,武侯区
244,公元1860文创公园,-,风景名胜,塔桥路三段5号,103.915302,30.560936,4.0,0,"{""open"":""全天""}",风景名胜;公园广场;公园|商务住宅;产业园区;产业园区,建议下午或傍晚前往，免费开放，游玩1-2小时。园区适合拍照打卡，有咖啡馆和文创店，注意部分区域可能封闭改造。,公元1860文创公园由老工业遗址改造而成，保留历史厂房元素，融合艺术展览、创意办公与休闲消费，是双流文创地标。,2.0,双流区
245,梵木创艺区,-,商务住宅,悦来街与外东洪路交叉口东南220米,104.150358,30.621954,3.9,0,"{""open"":""10:00"",""close"":""22:00""}",商务住宅;产业园区;产业园区,,,0.5,龙泉驿区
246,四川大学江安校区青春广场,-,风景名胜,西航港街道川大路二段2号四川大学江安校区,103.995159,30.554643,4.2,0,"{""open"":""全天""}",风景名胜;公园广场;城市广场,非典型景点，为川大江安校区广场。建议避开上课高峰，免费进入（需登记），游玩约半小时，适合感受校园氛围。,青春广场是四川大学江安校区的核心活动空间，承载学生集会、社团活动与校园文化，体现现代大学社区的青春活力。,1.0,双流区
247,铁佛公园,-,风景名胜,福锦路1段167号附8号,103.990998,30.616038,4.1,0,"{""open"":""全天""}",风景名胜;公园广场;公园,免费开放，建议清晨或傍晚散步，游玩1小时。公园绿化好，适合亲子休闲，注意夏季蚊虫较多。,铁佛公园以历史铁佛寺遗址为名，是武侯区城市生态公园，融合佛教文化记忆与现代市民休闲需求。,2.5,武侯区
248,奈尔宝·儿童乐园·亲子餐厅(成都光环店),-,体育休闲服务,东大街东大路段333号成都光环购物公园A馆L2层A-L2-01&19,104.110501,30.636337,4.0,0,"{""open"":""10:00"",""close"":""22:00""}",体育休闲服务;休闲场所;游乐场,亲子餐厅，建议提前预约，周末人多。适合3-10岁儿童，游玩加用餐约3小时，有最低消费或门票制度。,奈尔宝是高端亲子乐园连锁品牌，光环店位于锦江区商业综合体，提供沉浸式儿童游乐与餐饮体验，代表新型家庭消费场景。,3.0,锦江区
249,奈尔宝·儿童乐园·亲子餐厅(成都大悦城店),-,体育休闲服务,大悦路518号大悦城购物中心1F-J13,104.01247,30.625742,4.0,0,"{""open"":""10:00"",""close"":""22:00""}",体育休闲服务;休闲场所;游乐场,位于大悦城商场内，建议工作日前往人少。需购票（约200元/儿童），家长陪同免费，游玩半天，注意场内需穿防滑袜。,奈尔宝大悦城店是成都较早引入的顶级室内亲子乐园，以安全卫生、创意空间和互动项目著称，反映城市亲子业态升级。,3.0,武侯区
250,成都隋唐窑址博物馆,-,科教文化服务,一环路西二段31号附2号,104.040977,30.663457,4.2,0,"{""open"":""9:00"",""close"":""17:00""}",科教文化服务;博物馆;博物馆|风景名胜;风景名胜相关;旅游景点,免费开放（凭身份证），周二至周日开放，建议上午参观，游玩约1小时。馆内文物珍贵，请勿触碰展品。,成都隋唐窑址博物馆展示隋唐时期成都平原重要的青瓷窑场遗址，是研究四川陶瓷史和古代手工业的珍贵实物资料。,2.0,青羊区
251,金牛公园,-,风景名胜,金府路66号,104.024656,30.703512,4.1,0,"{""open"":""全天""}",风景名胜;公园广场;公园,免费开放，全天可入，建议早晚散步，游玩1小时。公园内有湖水和步道，适合老人儿童，注意保持环境卫生。,金牛公园是成都老牌城市公园，始建于上世纪，承载金牛区居民休闲记忆，体现成都“公园城市”建设的普惠性。,2.0,金牛区
252,驿马河公园,-,风景名胜,红岭路377号,104.267895,30.57253,4.2,0,"{""open"":""全天""}",风景名胜;公园广场;公园,免费开放，建议春秋季白天前往，游玩1-2小时。公园沿驿马河而建，适合骑行跑步，夏季注意防晒。,驿马河公园是龙泉驿区生态修复项目，依托古驿道水系，打造滨水慢行空间，连接历史驿运文化与现代绿色生活。,3.0,龙泉驿区
253,中山广场,-,风景名胜,春熙路北段(春熙路地铁站A口步行360米),104.076988,30.655146,4.0,0,"{""open"":""全天""}",风景名胜;公园广场;城市广场,位于春熙路商圈，建议傍晚至夜间前往，免费开放，游玩半小时至1小时。周边购物餐饮便利，注意保管财物。,中山广场是成都市中心标志性公共空间，因孙中山铜像得名，毗邻春熙路，见证成都近现代商业与市民文化变迁。,1.0,锦江区
254,石经寺,3A,风景名胜,茶店镇石经村10组56号,104.348063,30.502284,4.5,0,"{""open"":""8:00"",""close"":""18:00""}",风景名胜;风景名胜;寺庙道观,建议上午前往，门票免费，香火自愿。游玩约1-2小时，寺内可品尝素斋，注意保持安静，尊重佛教礼仪。,石经寺始建于唐代，为川西著名佛教禅宗丛林，珍藏石刻佛经，香火鼎盛，是龙泉驿区历史文化与宗教文化的重要载体。,2.0,龙泉驿区
255,天府法治文化公园,-,风景名胜,红星路南延线一段与香沙路交叉路口麓山国际香溪堤东行100米,104.094196,30.469268,4.0,0,"{""open"":""全天""}",风景名胜;公园广场;公园,全天开放，免费入园。建议春秋季傍晚游览，约1小时。园内绿植多，注意防蚊。适合散步休闲，可结合周边公园连游。,以法治文化为主题的城市公园，融合普法宣传与休闲景观，体现成都依法治市理念，是市民日常学法、游憩的公共空间。,1.5,双流区
256,百仁城市文化公园,-,风景名胜,蜀江路与清源一路交叉口东北280米,103.994736,30.691448,4.1,0,"{""open"":""全天""}",风景名胜;公园广场;公园,免费公园，全天开放。建议清晨或黄昏前往，游览1-2小时。园内有步道和草坪，适合亲子野餐。节假日人多，注意避开高峰。,位于青羊区西三环的城市生态公园，主打川西林盘景观与社区文化融合，体现成都公园城市建设的宜居理念。,2.0,青羊区
257,森邻奇镜自然博物馆(悠方店),-,科教文化服务,悠方购物中心B1层B43号(鹿岛对面),104.055625,30.582875,4.0,0,"{""open"":""10:00"",""close"":""22:00""}",科教文化服务;博物馆;博物馆,位于商场内，建议营业时间前往（10:00-22:00）。门票约50-80元，可提前团购。游览1-2小时，适合亲子，注意展品勿触碰。,民营自然博物馆，展示昆虫、植物及生态标本，强调自然科普教育，是成都商场内少见的沉浸式自然体验空间。,2.0,武侯区
258,明蜀王陵博物馆,-,科教文化服务,十陵街道,104.188969,30.643086,4.2,0,"{""open"":""9:00"",""close"":""17:00""}",科教文化服务;博物馆;博物馆,开放时间9:00-17:00（周一闭馆），门票约20元。建议上午游览，约1.5小时。地铁4号线明蜀王陵站可达，注意保护文物，禁止拍照区域遵守规定。,明代蜀王家族陵墓群，全国重点文物保护单位，地宫雕刻精美，是研究明代藩王葬制和成都地方史的重要实证。,1.5,龙泉驿区
259,成都桂溪公园骑行起点,-,风景名胜,桂溪生态公园附近,104.066354,30.564468,4.3,0,"{""open"":""全天""}",风景名胜;风景名胜相关;旅游景点,骑行起点，免费开放。建议清晨或傍晚骑行，最佳季节春秋。环桂溪绿道约5公里，需自备自行车或租共享单车。注意防晒补水。,桂溪生态公园是成都天府绿道重要节点，以生态修复和低碳出行为特色，骑行起点串联锦城湖等景观，展现公园城市绿道体系。,1.0,武侯区
260,紫霞山,-,风景名胜,御岭大道与阳光大道交叉口东150米,104.327025,30.612254,4.3,0,"{""open"":""全天""}",风景名胜;风景名胜;风景名胜,免费山体公园，全天开放。建议清晨爬山，约2-3小时。山路较陡，穿运动鞋。夏季注意蛇虫，自带饮水。山顶可俯瞰龙泉驿城区。,龙泉山城市森林公园的一部分，紫霞山因传说中紫霞仙气而得名，是成都近郊登山健身、观景赏花的自然山体。,3.0,龙泉驿区
261,成都国际车展四川三和展厅分会场,-,科教文化服务,火车南站西路与新园南二路交叉口东北220米,104.04023,30.597099,3.8,0,"{""open"":""10:00"",""close"":""18:00""}",科教文化服务;博物馆;博物馆,展会分会场，仅在车展期间开放。建议关注官方排期，提前预约门票。游览约1-2小时，可看新车展示，注意遵守展厅秩序，禁止触摸展车。,四川三和汽车集团旗下展厅，作为成都国际车展分会场，展示高端汽车品牌与新技术，体现成都汽车消费市场的活力。,1.5,武侯区
262,成都方志馆,-,科教文化服务,天仁路260号(火车南站地铁站H1口步行450米),104.071832,30.603066,4.2,0,"{""open"":""9:00"",""close"":""17:00""}",科教文化服务;科教文化场所;科教文化场所,免费开放，参观需预约（关注公众号）。开放时间工作日9:00-17:00。建议游览1小时，适合文史爱好者。馆内禁止饮食，保持安静。,成都地方志编纂机构下属展馆，系统展示成都历史沿革、地情民俗，是了解成都城市发展脉络的权威窗口。,1.5,武侯区
263,四川省三都博物馆,-,科教文化服务,华府大道二段99号(骑龙地铁站A口步行380米),104.040689,30.524925,4.0,0,"{""open"":""9:00"",""close"":""17:00""}",科教文化服务;博物馆;博物馆,开放时间9:00-17:00（周一闭馆），免费或低收费。建议游览1-2小时。馆藏以陶瓷、书画为主，注意展厅礼仪，勿用闪光灯。,民办博物馆，依托民间收藏展示四川地区历史文物，尤其以陶瓷和书画见长，弥补公立馆藏不足，促进民间文保。,2.0,双流区
264,成都直升机博物馆(不对外开放),-,科教文化服务,华烨路234号,104.014087,30.603766,3.8,0,"{""open"":""9:00"",""close"":""17:00""}",科教文化服务;博物馆;博物馆,不对外开放，仅限团体预约或内部活动。建议勿自行前往，可关注官方活动公告。若有机会参观，需遵守保密及安全规定。,专门展示直升机发展史的博物馆，馆藏多型退役直升机，具有军事科普价值，因涉密及安全原因暂不向公众常规开放。,1.5,武侯区
265,成都武侯祠博物馆西区,4A,科教文化服务,武侯祠大街231号成都武侯祠博物馆,104.047778,30.644475,4.6,50,"{""open"":""9:00"",""close"":""18:00""}",科教文化服务;博物馆;博物馆,门票与武侯祠博物馆联票（约50元），开放时间9:00-18:00。建议游览1-2小时。西区为园林部分，环境清幽，适合午后漫步，注意蚊虫。,武侯祠西区为原南郊公园区域，融合三国文化与川西园林，与刘备庙、诸葛亮殿相连，是纪念蜀汉英雄的重要文化场所。,2.0,武侯区
266,水井坊博物馆,4A,科教文化服务,水井坊街道水井街19-25号,104.086085,30.645047,4.5,50,"{""open"":""9:00"",""close"":""17:00""}",科教文化服务;博物馆;博物馆,门票约50元，含讲解。开放时间10:00-18:00（周一闭馆）。建议上午参观，约1.5小时。需跟随导览，酒坊内湿滑，注意安全。,依托明代水井街酒坊遗址建立的博物馆，展示传统白酒酿造工艺，是“中国白酒第一坊”，见证成都酿酒业数百年历史。,1.5,锦江区
267,玉林·虫林自然博物馆,-,科教文化服务,玉林四巷3号附1号,104.061512,30.629038,4.0,0,"{""open"":""10:00"",""close"":""18:00""}",科教文化服务;博物馆;博物馆,位于玉林社区，门票约60元，可网上预订。开放时间10:00-18:00。游览1-1.5小时，适合亲子科普。馆内部分活体昆虫，请勿触碰。,社区型自然博物馆，聚焦昆虫与生态主题，通过活体展示和标本结合，让市民在街头感受生物多样性，推动社区科普教育。,1.5,武侯区
268,儿童影视科技博物馆,-,科教文化服务,府滨中路与府兴路交叉口西北400米,104.079749,30.552919,3.9,0,"{""open"":""10:00"",""close"":""18:00""}",科教文化服务;博物馆;博物馆,门票约30-50元，开放时间9:30-17:30（周一闭馆）。建议游览1.5小时，适合儿童体验。互动项目较多，注意分流排队，遵守安全指引。,以影视科技为主题的儿童博物馆，通过互动装置展示电影制作原理，激发青少年对影视艺术的兴趣，是成都新兴的素质教育场所。,2.0,武侯区
269,阅读玉林·玉林博物馆,-,科教文化服务,玉林东路2号附26号,104.066092,30.629735,4.0,0,"{""open"":""9:00"",""close"":""17:00""}",科教文化服务;学校;学校,免费开放，开放时间10:00-20:00（周一闭馆）。建议游览1小时。位于玉林街区，可结合社区游逛。馆内安静，禁止大声喧哗。,由玉林街道社区打造的微型博物馆，记录玉林街巷生活变迁与市井文化，体现成都老社区记忆与城市更新中的文化留存。,1.0,武侯区
270,许燎源现代设计艺术博物馆,-,科教文化服务,三圣街道三圣村红砂联合三组303号,104.156608,30.582607,4.1,0,"{""open"":""9:00"",""close"":""17:00""}",科教文化服务;博物馆;博物馆,建议周二至周日10:00-17:00参观，游览约1-2小时。门票约30元，部分临展另收费。馆内禁止触摸展品，可拍照但勿用闪光灯。,许燎源是成都本土著名当代艺术家，该馆展示其设计及绘画作品，是西南地区少有的私人现代设计艺术博物馆，体现成都当代艺术活力。,1.5,锦江区
271,森邻奇镜自然博物馆(环茂ICD),-,科教文化服务,沙河街道东大路577号环贸ICD负二楼B241-243号,104.113323,30.633615,4.0,0,"{""open"":""10:00"",""close"":""22:00""}",科教文化服务;博物馆;博物馆,位于环茂ICD商场内，建议避开周末高峰，游览约1小时。免费入场，但部分互动项目需付费。适合亲子，注意保持安静。,森邻奇镜自然博物馆以沉浸式自然生态场景为特色，融合声光电技术，展示森林、湿地等生物多样性，是成都新兴的科普教育空间。,2.0,锦江区
272,成都武侯祠博物馆文物区,5A,风景名胜,武侯祠大街231号成都武侯祠博物馆内,104.048658,30.64542,4.7,50,"{""open"":""9:00"",""close"":""18:00""}",风景名胜;风景名胜相关;旅游景点,建议上午早去或下午晚去避开人流，游览约2-3小时。门票50元（含三义庙、惠陵）。红墙夹道是拍照点，注意保护文物。,武侯祠是中国唯一君臣合祀祠庙，纪念刘备与诸葛亮，是三国文化核心遗存。文物区保留清代古建及唐碑，被誉为“三国圣地”。,3.0,武侯区
273,成都大吉喜马拉雅文化艺术博物馆,-,科教文化服务,科园南路大吉集团,104.030884,30.607898,4.0,0,"{""open"":""9:00"",""close"":""17:00""}",科教文化服务;博物馆;博物馆,小众博物馆，建议提前电话确认开放时间，游览约1小时。通常免费或低收费，馆内禁止饮食，请尊重宗教艺术展品。,该馆专注喜马拉雅地区藏传佛教艺术，收藏唐卡、铜像等文物，展示雪域高原的宗教文化与工艺，是了解西藏艺术在蓉的重要窗口。,1.5,武侯区
274,成都生命奥秘博物馆(今站购物中心店),-,科教文化服务,春熙路天府广场负一楼B07今站购物中心,104.066505,30.657579,4.2,0,"{""open"":""10:00"",""close"":""22:00""}",科教文化服务;博物馆;博物馆,位于今站购物中心内，建议工作日前往，游览约1.5小时。门票约100元，可网上购票优惠。馆内标本真实，部分区域可能引起不适。,该馆以生物塑化技术展示人体及动物内部结构，兼具医学教育与生命科学普及功能，是国内少有的生命奥秘主题展览馆。,2.0,青羊区
275,灰色博物馆,-,科教文化服务,春熙路西段128号尚都服饰广场负一楼(灰色的世界),104.075102,30.656179,3.9,0,"{""open"":""10:00"",""close"":""22:00""}",科教文化服务;博物馆;博物馆,灰色博物馆为现代艺术空间，建议关注官方公众号查看展期，游览约1小时。门票随展览变动，部分免费。室内安静，勿大声喧哗。,灰色博物馆以灰色调设计为特色，专注于先锋艺术与设计展览，是成都锦江区新兴的独立艺术场馆，体现城市美学多样性。,1.0,锦江区
276,成都百家堂姓氏文化博物馆,-,科教文化服务,汇泉北路177号2栋2层,104.111122,30.638172,3.8,0,"{""open"":""9:00"",""close"":""17:00""}",科教文化服务;博物馆;博物馆,建议预约参观，游览约1小时。多为免费开放，可捐赠支持。馆内家谱族谱珍贵，请勿触摸，翻看需戴手套。,百家堂姓氏文化博物馆是国内少有的姓氏谱牒专题馆，收藏各姓家谱、祠堂牌位等，反映中华宗族文化与成都移民历史。,1.5,锦江区
277,成都十二月市博物馆,-,科教文化服务,金海岸公寓西北门南60米,104.085846,30.64963,4.2,0,"{""open"":""9:00"",""close"":""17:00""}",科教文化服务;博物馆;博物馆,建议周二至周日9:00-17:00参观，免费不免票需身份证预约，游览约1小时。馆内互动多媒体多，适合各年龄层。,成都十二月市源于宋代按月设市传统，该馆以沉浸式展陈再现唐宋成都商业盛景，是了解蓉城千年商贸文化的活态窗口。,1.5,锦江区
278,四川大学华西口腔健康教育博物馆,-,科教文化服务,人民南路三段17号四川大学华西校区,104.065575,30.643644,4.1,0,"{""open"":""9:00"",""close"":""17:00""}",科教文化服务;博物馆;博物馆,位于川大华西校区，建议预约参观，游览约1小时。免费开放，周末闭馆。馆内医学标本珍贵，禁止拍照。,依托华西口腔百年历史，展示牙科器械、教学模型及发展历程，是中国口腔医学教育的发源地纪念场馆，兼具科普与学术价值。,1.5,武侯区
279,华阳文博馆,-,科教文化服务,天府新区华阳街道南湖公园内附6栋,104.043799,30.494346,3.9,0,"{""open"":""9:00"",""close"":""17:00""}",科教文化服务;博物馆;博物馆,华阳文博馆为地方性小馆，建议提前电话查询开放时间，游览约30-60分钟。通常免费，注意文明参观。,华阳文博馆展示双流华阳地区出土文物及民俗史料，反映广都古县的历史变迁，是了解成都近郊地方文化的重要基层场馆。,1.5,双流区
280,七色风提琴工作室,-,科教文化服务,丝竹路89号附1号,104.08281,30.639383,3.7,0,"{""open"":""10:00"",""close"":""22:00""}",科教文化服务;博物馆;博物馆|购物服务;专卖店;专营店|科教文化服务;培训机构;培训机构,七色风提琴工作室非传统博物馆，建议预约参观或体验课程，游览约1小时。可观摩制琴过程，费用视活动而定。,该工作室由制琴师主理，专注小提琴制作与修复，传承意大利制琴技艺，是成都音乐文化生态中独特的手工艺据点。,1.0,武侯区
281,西南民族大学武侯校区博物馆,-,科教文化服务,一环路南四段16号西南民族大学,104.049153,30.639398,4.0,0,"{""open"":""9:00"",""close"":""17:00""}",科教文化服务;博物馆;博物馆,高校博物馆，建议校外人士提前预约入校，游览约1-1.5小时。免费开放，寒暑假时间或有调整，注意校园规定。,西南民族大学博物馆收藏彝族、藏族、羌族等民族文物，尤以民族服饰与宗教法器为特色，是研究西南少数民族文化的重要基地。,1.5,武侯区
282,四川报业博物馆,-,科教文化服务,梓潼桥正街66号(市二医院地铁站A口步行260米),104.081944,30.660255,4.2,0,"{""open"":""9:00"",""close"":""17:00""}",科教文化服务;博物馆;博物馆,建议周二至周日参观，游览约1-2小时。免费预约，馆内可了解四川报业史，部分区域有互动体验。,四川报业博物馆展示从《蜀报》到现代融媒体的发展历程，收藏老报纸、印刷设备等，是中国新闻史的重要地域见证。,1.5,锦江区
283,成都武侯祠博物馆-群贤堂,4A,风景名胜,武侯祠大街231号成都武侯祠博物馆内,104.04844,30.647197,4.5,50,"{""open"":""8:00"",""close"":""18:00""}",风景名胜;风景名胜相关;旅游景点,武侯祠内景点，购买武侯祠门票即可参观，游览约20分钟。建议与文物区一并游览，注意古建保护。,群贤堂为武侯祠内纪念蜀汉文臣武将的殿堂，塑像栩栩如生，体现三国时期“得人者昌”的政治智慧，是祠内人文精华之一。,1.0,武侯区
284,龙钰博物馆,-,科教文化服务,风尚中心,103.981932,30.597588,3.9,0,"{""open"":""9:00"",""close"":""17:00""}",科教文化服务;博物馆;博物馆,龙钰博物馆为私人收藏馆，建议提前预约并确认开放时间，游览约1小时。多为免费或低收费，请尊重藏品。,龙钰博物馆以展示玉石、陶瓷等民间收藏为主，馆名取“龙之钰宝”之意，体现成都民间收藏文化的深厚底蕴。,1.5,武侯区
285,成都静涛博物馆,-,科教文化服务,芳邻路2号附26号(省骨科医院地铁站A口步行440米),104.042867,30.654994,4.0,0,"{""open"":""9:00"",""close"":""17:00""}",科教文化服务;博物馆;博物馆,建议上午9-11点参观，游览约1小时。馆内免费开放，需提前在公众号预约。注意保持安静，部分展品请勿触摸。,静涛博物馆以收藏和展示成都本土文人书画、金石篆刻为主，是了解近现代巴蜀艺术脉络的小众文化场所。,2.0,青羊区
286,东方汉字博物馆,-,科教文化服务,武晋路458号4栋1单元,104.003841,30.63673,3.8,0,"{""open"":""9:00"",""close"":""17:00""}",科教文化服务;博物馆;博物馆,建议下午前往，游览约1.5小时。门票约60元，学生半价。馆内互动体验较多，适合亲子游，周末人较多建议错峰。,东方汉字博物馆是国内少数专注汉字演化与书法艺术的专题馆，通过实物和多媒体展示从甲骨文到简体字的文化历程。,1.5,武侯区
287,武侯区大千世界美术博物馆,-,科教文化服务,二环路南四段CiC创想中心,104.03234,30.632323,3.9,0,"{""open"":""9:00"",""close"":""17:00""}",科教文化服务;博物馆;博物馆,建议工作日参观，游览约1小时。免费开放，需身份证登记。馆内以张大千及弟子作品为主，光线较暗，注意脚下安全。,大千世界美术博物馆依托武侯区文化资源，系统展示张大千艺术生涯及其对巴蜀画派的影响，是研究近现代国画的重要场所。,1.5,武侯区
288,成都博物馆C区,4A,科教文化服务,西御街与小河街交叉口东北100米,104.063725,30.657275,4.5,0,"{""open"":""9:00"",""close"":""17:00""}",科教文化服务;博物馆;博物馆,建议上午参观，游览约2-3小时。免费但需提前预约，周一闭馆。馆内冷气足，可自带薄外套，禁止携带三脚架。,成都博物馆C区是成都通史陈列的核心区域，重点展示先秦至明清的成都城市变迁，镇馆之宝石犀、汉代说唱俑极具地域特色。,2.5,青羊区
289,四川博物院-青铜器馆,4A,科教文化服务,浣花南路四川博物院(杜甫草堂地铁站D口步行460米),104.034057,30.660895,4.6,0,"{""open"":""9:00"",""close"":""17:00""}",科教文化服务;博物馆;博物馆,建议下午参观，游览约1.5小时。四川博物院免费开放，需预约，周一闭馆。青铜器馆灯光较暗，注意跟随导览标识。,四川博物院青铜器馆收藏彭州竹瓦街窖藏等精品，展现古蜀与中原青铜文化的交融，是研究西南地区青铜文明的重要窗口。,2.0,青羊区
290,七色风提琴微博物馆,-,科教文化服务,丝竹路89-附2号,104.08276,30.639366,3.7,0,"{""open"":""10:00"",""close"":""22:00""}",科教文化服务;博物馆;博物馆,建议周末下午参观，游览约40分钟。免费开放，但需电话预约。馆内空间小，建议避开高峰，小提琴展品请勿触碰。,七色风提琴微博物馆是国内少见的西洋乐器专题馆，收藏多把意大利及中国制琴师作品，体现成都作为音乐之都的多元文化融合。,1.5,武侯区
291,杜甫草堂-仰止堂,4A,风景名胜,草堂路28号成都杜甫草堂博物馆内,104.02983,30.659876,4.3,0,"{""open"":""全天""}",风景名胜;风景名胜相关;旅游景点,建议春秋清晨前往，游览约30分钟。含在杜甫草堂门票内（全票50元），可先参观仰止堂再游草堂。注意台阶湿滑。,仰止堂是杜甫草堂内的纪念性建筑，取“高山仰止”之意，用于祭祀杜甫及历代文人，体现后人对诗圣的敬仰与文化传承。,1.0,青羊区
292,帕帕拉兹爬宠博物馆,-,科教文化服务,龙湖三千集a馆1楼18号(踏水桥地铁站B口旁),104.109325,30.674678,4.0,0,"{""open"":""10:00"",""close"":""18:00""}",科教文化服务;博物馆;博物馆,建议下午带孩子参观，游览约1小时。门票约80元，含讲解。馆内活体爬宠需保持安静，勿拍打玻璃，部分区域谢绝拍照。,帕帕拉兹爬宠博物馆是成都首家以爬行动物为主题的科普场馆，集活体展示与生态教育于一体，传递敬畏生命、保护自然的理念。,2.0,成华区
293,天艺博物馆,-,科教文化服务,武侯大道三河段20号天艺村休闲庄,104.006475,30.587675,4.0,0,"{""open"":""9:00"",""close"":""17:00""}",科教文化服务;博物馆;博物馆,建议周二至周日10-17点参观，游览约1小时。免费开放，部分特展收费。馆内艺术品较多，注意保持距离，勿用闪光灯。,天艺博物馆专注于现当代艺术与民间工艺的融合展示，不定期举办川内艺术家个展，是感受成都当代艺术活力的新兴空间。,2.0,武侯区
294,制扇至美博物馆,-,科教文化服务,宽巷子16号(宽窄巷子地铁站B口步行360米),104.054492,30.663697,4.0,0,"{""open"":""9:00"",""close"":""17:00""}",科教文化服务;博物馆;博物馆,建议上午参观，游览约40分钟。免费开放，可体验制扇手工（约50元）。馆内扇面精美，注意防潮，禁止触摸展品。,制扇至美博物馆以中国扇文化为主题，展示蜀扇、苏扇等不同流派工艺，体现传统手工艺中“方寸之间见乾坤”的审美哲学。,1.5,青羊区
295,杜甫草堂-诗史堂,4A,风景名胜,草堂路28号成都杜甫草堂博物馆内,104.026939,30.660055,4.3,0,"{""open"":""全天""}",风景名胜;风景名胜相关;旅游景点,建议上午9点左右参观，游览约20分钟。含在杜甫草堂门票内，旺季（4-10月）50元，淡季30元。注意人流，可先听讲解。,诗史堂是杜甫草堂主厅，因杜甫诗被称为“诗史”得名，堂内塑杜甫像并陈列历代版本诗集，是纪念诗圣的核心场所。,1.0,青羊区
296,成都杜甫草堂博物馆办公区,-,科教文化服务,浣花南路108号,104.033829,30.657673,4.0,0,"{""open"":""9:00"",""close"":""17:00""}",科教文化服务;科教文化场所;科教文化场所,此为办公区域，不对外开放参观。如非公务请勿前往，可在草堂外围区域游览，注意景区与办公区有明显标识隔离。,杜甫草堂博物馆办公区是管理草堂文物修复、学术研究与日常运营的机构所在，不属于公众展陈范围，但支撑着草堂的文化保护工作。,1.0,青羊区
297,红牌里中医药木雕文化博物馆,-,科教文化服务,董家湾北街73号3栋2单元7楼,104.031807,30.632582,4.0,0,"{""open"":""9:00"",""close"":""17:00""}",科教文化服务;博物馆;博物馆,建议提前电话确认开放时间，游览约1小时。免费参观，但需预约。馆内木雕较多，注意防尘，建议戴口罩，勿触摸展品。,红牌里中医药木雕文化博物馆以中医药题材木雕为特色，藏品包括药王像、药柜雕刻等，展示中医药与民间雕刻技艺的融合历史。,1.5,武侯区
298,追蝶记蝴蝶博物馆,-,科教文化服务,老川藏路304号,103.90824,30.54856,4.0,0,"{""open"":""9:00"",""close"":""17:00""}",科教文化服务;博物馆;博物馆,建议春夏季节前往，游览约1.5小时。门票约40元，儿童半价。馆内活蝶区需穿着浅色衣物，勿喷香水，蝴蝶停留时请勿捕捉。,追蝶记蝴蝶博物馆位于双流，收藏国内外蝴蝶标本逾千种，并设有活体蝴蝶温室，旨在普及昆虫多样性及生态环境保护知识。,1.5,双流区
299,成都川江钱币博物馆,-,科教文化服务,大安西路9号,104.07595,30.675605,4.0,0,"{""open"":""9:00"",""close"":""17:00""}",科教文化服务;博物馆;博物馆,建议工作日预约参观，游览约1小时。免费开放，需提前电话预约。馆内钱币展品珍贵，请勿用手直接接触，可戴手套参观。,成都川江钱币博物馆以四川地区历代钱币为主线，从交子到民国货币，反映成都作为西南金融中心的历史地位与商贸繁荣。,1.5,青羊区
300,四川省体育博物馆,-,科教文化服务,少城路27号少城大厦4层,104.058025,30.659181,4.0,0,"{""open"":""9:00"",""close"":""17:00""}",科教文化服务;博物馆;博物馆,建议周二至周日9:00-17:00参观，免费开放。馆内展品丰富，约需1-2小时。周一闭馆，请提前规划行程。,四川省体育博物馆是西南地区首家体育类博物馆，珍藏大量四川体育发展史料，展现川籍运动员辉煌成就与体育文化传承。,1.5,青羊区
301,成都体育学院武侯校区博物馆,-,科教文化服务,一环路西一段19号,104.044983,30.647631,4.0,0,"{""open"":""9:00"",""close"":""17:00""}",科教文化服务;博物馆;博物馆,建议工作日下午前往，校内博物馆需登记入校。免费参观，约1小时。注意避开学生考试周及寒暑假闭馆期。,成都体育学院博物馆依托高校学术资源，系统展示中华传统体育养生文化及武术器械，是了解体育与中医结合特色的窗口。,1.5,武侯区
302,中国古文字博物馆,-,科教文化服务,武晋路458号4栋1单元,104.00389,30.636698,4.0,0,"{""open"":""9:00"",""close"":""17:00""}",科教文化服务;博物馆;博物馆,建议上午前往，免费开放，约1.5小时。馆内陈列甲骨文、青铜铭文等，可预约讲解。周末人少，适合静心品读。,中国古文字博物馆以汉字演变为主线，展出甲骨、简牍、石刻等珍贵资料，是探寻中华文明起源与文字发展的重要专题馆。,2.0,武侯区
303,成都芯智慧音乐博物馆,-,科教文化服务,国芯大道399号海豚数字医疗产业园A区1栋1-4层,103.891453,30.563733,4.0,0,"{""open"":""9:00"",""close"":""17:00""}",科教文化服务;博物馆;博物馆,建议周末下午参观，门票约50元，约2小时。馆内有互动体验区，适合亲子。双流区交通便利，地铁可达。,成都芯智慧音乐博物馆融合现代科技与传统音乐，展示电子乐器发展史及智能音乐交互装置，体现科技与艺术跨界创新。,2.0,双流区
304,后现代,-,科教文化服务,驸马联合五组302号,104.143754,30.575521,3.8,0,"{""open"":""10:00"",""close"":""22:00""}",科教文化服务;博物馆;博物馆,建议傍晚前往，位于锦江区核心商圈，免费参观。适合拍照打卡，约1小时。周边餐饮丰富，可结合春熙路游览。,后现代艺术空间以先锋展览和装置艺术为主，是成都当代艺术交流的重要据点，反映城市年轻活力与多元文化碰撞。,1.5,锦江区
305,四川名人馆,-,科教文化服务,雅州路2936号,104.066779,30.427071,4.0,0,"{""open"":""9:00"",""close"":""17:00""}",科教文化服务;科教文化场所;科教文化场所,建议周末上午前往，免费开放，约1.5小时。馆内按时代分展厅，双流区可乘地铁3号线。周一闭馆，注意提前确认。,四川名人馆集中展示从古至今蜀地杰出人物，涵盖政治家、文学家、科学家等，是了解巴蜀人文精神与历史贡献的重要场所。,2.0,双流区
306,金沙博物馆站,-,科教文化服务,府南街道府南街道金沙遗址路2(金沙博物馆地铁站A口旁),104.012154,30.676518,4.0,0,"{""open"":""9:00"",""close"":""17:00""}",科教文化服务;博物馆;博物馆,此处为地铁站内文化展示区，全天免费可过站参观。建议在地铁运营时段浏览，约20分钟，与金沙遗址博物馆联动游览。,金沙博物馆站是成都地铁7号线主题车站，站内复刻金沙遗址出土文物纹样，将古蜀文明融入现代公共交通空间，独具匠心。,2.0,青羊区
307,成都武侯祠博物馆过厅,4A,风景名胜,武侯祠大街231号武侯祠景区内,104.049328,30.64583,4.6,50,"{""open"":""8:00"",""close"":""18:30""}",风景名胜;风景名胜相关;旅游景点,建议上午8:00-10:00或下午4:00后参观，避开人流。门票含武侯祠全景区，约50元。过厅为必经处，可停留拍照。,武侯祠过厅是成都武侯祠博物馆主体建筑之一，连接君臣合庙与祠庙正殿，匾额楹联众多，承载三国蜀汉文化记忆。,1.5,武侯区
308,扬州琴筝博物馆,-,风景名胜,石羊场路与交子大道交叉口北100米,104.043117,30.583742,3.8,0,"{""open"":""9:00"",""close"":""17:00""}",风景名胜;风景名胜相关;旅游景点,建议周末下午参观，免费开放，约1小时。馆内展古琴与筝，可试弹。武侯区小巷内，注意导航，周一闭馆。,扬州琴筝博物馆虽名扬州，实为集中展示古琴与筝艺术之专题馆，收藏历代名琴，弘扬中国传统丝弦音乐文化。,1.5,武侯区
309,四川汉室古床博物馆,-,科教文化服务,武侯祠大街180-附29号,104.052222,30.645332,3.9,0,"{""open"":""9:00"",""close"":""17:00""}",科教文化服务;博物馆;博物馆,建议预约后前往，免费参观，约1小时。馆内古床收藏独特，适合对民俗感兴趣者。武侯区，交通便利，注意开放时间。,四川汉室古床博物馆以明清及民国古床为主题，展示雕刻工艺与寝具演变，反映川西民居生活美学与木作传统。,1.5,武侯区
310,成都杨德全蜀绣博物馆,-,科教文化服务,草堂东路18号附一号锦绣工场3号楼二楼,104.037074,30.657065,4.1,0,"{""open"":""9:00"",""close"":""17:00""}",科教文化服务;博物馆;博物馆,建议上午前往，免费开放，约1-1.5小时。可观看蜀绣现场制作，周一闭馆。位于青羊区文化公园附近，环境清幽。,成都杨德全蜀绣博物馆由蜀绣大师杨德全创办，展示国家级非遗蜀绣的针法技艺与经典作品，是体验天府手工艺术精髓之地。,1.5,青羊区
311,四川茂林博物馆,-,科教文化服务,三洞桥路2号华业广场6层,104.048788,30.672907,3.7,0,"{""open"":""9:00"",""close"":""17:00""}",科教文化服务;博物馆;博物馆,建议预约参观，免费开放，约1小时。馆内以茂林修竹为景，陈列奇石根雕。金牛区，注意闭馆日，可电话确认。,四川茂林博物馆以自然生态与人文艺术结合为特色，展出根雕、奇石、书画等，体现蜀地文人雅趣与自然崇拜传统。,1.5,金牛区
312,成都大学博物馆,-,科教文化服务,成洛大道2025号成都大学,104.188863,30.650452,4.0,0,"{""open"":""9:00"",""close"":""17:00""}",科教文化服务;博物馆;博物馆,建议工作日预约入校，免费开放，约1.5小时。龙泉驿区较远，可乘地铁4号线。寒暑假开放时间可能调整，需提前联系。,成都大学博物馆依托综合性大学资源，藏品涵盖地方文物、民族民俗及艺术设计作品，是高校服务社会与学术研究的窗口。,2.0,龙泉驿区
313,成都理工博物馆-矿产资源厅,-,科教文化服务,成华大道十里店路与东华一路交叉口东100米,104.144625,30.678775,4.2,0,"{""open"":""9:00"",""close"":""17:00""}",科教文化服务;博物馆;博物馆,建议上午参观，免费开放，约1小时。位于成都理工大学内，需登记入校。突出矿产资源展示，适合地质爱好者。,成都理工大学博物馆矿产资源厅系统展出四川及全国典型矿石、化石标本，体现地质学教学与科研价值，科普性强。,1.5,成华区
314,成都画院-书画博物馆,-,科教文化服务,同仁路80号(宽窄巷子地铁站B口步行100米),104.051975,30.665325,4.0,0,"{""open"":""9:00"",""close"":""17:00""}",科教文化服务;博物馆;博物馆,建议周二至周日9:00-17:00参观，免费开放。位于宽窄巷子旁，约1小时。常有临时书画展，可关注官方信息。,成都画院书画博物馆依托清代古建筑群，集收藏、展示、创作于一体，是巴蜀书画艺术传承与当代创作的重要基地。,1.5,青羊区
315,体育博物馆,-,科教文化服务,体育场路1号,104.06982,30.663619,3.9,0,"{""open"":""9:00"",""close"":""17:00""}",科教文化服务;博物馆;博物馆,建议工作日上午前往，避开周末人流；免费开放，参观约1-2小时；需携带身份证登记。,成都体育博物馆展示四川体育发展历程，含奥运及传统体育项目藏品，体现天府体育文化底蕴。,1.5,青羊区
316,成都中医药大学十二桥校区中医学院基础医学院医史博物馆,-,科教文化服务,十二桥路37号成都中医药大学图书馆9层,104.044161,30.665354,3.8,0,"{""open"":""9:00"",""close"":""17:00""}",科教文化服务;博物馆;博物馆,位于校园内，建议提前联系校方确认开放时间；免费参观，约1小时；注意遵守校园秩序。,依托成都中医药大学，馆藏中医古籍、药材标本及医史文物，展现川派中医药学术传承与教育历史。,1.5,金牛区
317,巧玩儿博物馆,-,科教文化服务,武侯祠大街与凉水井街交叉口西北20米,104.057792,30.645677,3.9,0,"{""open"":""10:00"",""close"":""22:00""}",科教文化服务;博物馆;博物馆,私人博物馆，需提前预约；门票约30元；游览1小时；适合亲子互动，注意藏品不可触摸。,巧玩儿博物馆以民间玩具与手工艺品为主题，收藏各地传统玩具，反映成都民俗娱乐文化。,1.5,武侯区
318,国际非物质文化遗产博览园-西城事,-,风景名胜,光华大道二段601号附3号,103.932582,30.66531,4.2,0,"{""open"":""全天""}",风景名胜;风景名胜相关;旅游景点,园区较大，建议春秋季下午游览2-3小时；免费入园，部分展馆收费；可结合非遗博览园主展区游览。,西城事位于国际非遗博览园内，集中展示四川非遗项目如蜀锦、漆器，是活态传承天府文化的重要窗口。,2.5,青羊区
319,西部视界相机博物馆,-,科教文化服务,北站西二巷11号工字楼南楼2层,104.068389,30.689883,3.8,0,"{""open"":""9:00"",""close"":""17:00""}",科教文化服务;博物馆;博物馆,小众人少，建议周末下午前往；免费参观，约1小时；相机爱好者可多留时间，部分藏品可互动。,西部视界相机博物馆收藏中外古董相机及影像器材，记录摄影技术演变，体现成都影像文化记忆。,1.5,金牛区
320,四川天府荆溪茶具文化博物馆,-,科教文化服务,双楠大道大件路口公交站东北100m白河公园内E5,103.905438,30.538273,4.0,0,"{""open"":""9:00"",""close"":""17:00""}",科教文化服务;博物馆;博物馆,位于双流，建议自驾或打车前往；免费开放，约1小时；馆内可品茶体验，注意保持安静。,天府荆溪茶具博物馆以宜兴紫砂及川茶茶具为特色，展示茶文化发展，连接成都茶馆休闲传统。,1.5,双流区
321,华夏意匠博物馆,-,科教文化服务,秦皇寺街33号天府招商花园城F3层,104.060825,30.426475,4.0,0,"{""open"":""9:00"",""close"":""17:00""}",科教文化服务;博物馆;博物馆,需提前预约参观；免费或低收费；游览约1.5小时；建议搭配讲解以理解展品设计意匠。,华夏意匠博物馆聚焦中国传统工艺与设计智慧，展陈木作、陶瓷等，弘扬工匠精神与造物文化。,1.5,双流区
322,成都永陵博物馆文物保护区,4A,风景名胜,永陵路10号永陵公园,104.0468,30.674311,4.5,20,"{""open"":""9:00"",""close"":""17:00""}",风景名胜;风景名胜;风景名胜,建议上午游览，时长1-2小时；门票20元（文物保护区）；永陵地宫为全国重点文保，注意保护文物。,永陵是前蜀皇帝王建陵墓，地宫石刻精美，棺床伎乐浮雕为唐五代音乐舞蹈史珍贵实证。,2.0,金牛区
323,四川皇汉绣庄成都蜀绣博物馆,-,科教文化服务,锦绣工场古玩城3号楼,104.037061,30.657121,4.2,0,"{""open"":""9:00"",""close"":""17:00""}",科教文化服务;博物馆;博物馆,位于文殊坊附近，建议午后游览1小时；免费参观；可观看绣娘现场刺绣，购买蜀绣需谨慎辨别真伪。,皇汉绣庄蜀绣博物馆传承国家级非遗蜀绣，展示双面绣等技法，体现成都丝织工艺千年脉络。,1.5,青羊区
324,中矿博物馆,-,科教文化服务,宽巷子与步行街交叉口西北20米,104.053475,30.664275,3.8,0,"{""open"":""9:00"",""close"":""17:00""}",科教文化服务;博物馆;博物馆,建议工作日预约参观，免费开放；约1小时；馆内矿石标本易碎，请勿触碰。,中矿博物馆收藏各类矿物晶体、化石及宝玉石，普及地质科学知识，展现自然遗产的奇特魅力。,1.5,青羊区
325,成都大运会博物馆,-,科教文化服务,体育公园路16号东安湖体育公园主体育场1层,104.249907,30.594945,4.3,0,"{""open"":""9:00"",""close"":""17:00""}",科教文化服务;博物馆;博物馆,位于东安湖体育公园内，建议周末下午游览；免费预约，约1.5小时；可结合公园散步。,成都大运会博物馆记录第31届世界大学生夏季运动会筹办盛况，展陈火炬、奖牌等，彰显青春体育精神。,2.0,龙泉驿区
326,成都大熊猫博物馆,-,科教文化服务,熊猫大道1375号成都大熊猫繁育研究基地内(东南角),104.146609,30.733489,4.5,0,"{""open"":""9:00"",""close"":""17:00""}",科教文化服务;博物馆;博物馆,位于成都大熊猫繁育研究基地内，建议早8点入园先看熊猫再参观博物馆；门票含在基地内（55元），游览约1小时。,成都大熊猫博物馆系统介绍大熊猫演化、保护与科研，是了解国宝生态及成都保育贡献的核心场所。,2.5,成华区
327,成都锦绣博物馆,-,科教文化服务,金牛电子商务大厦,103.998425,30.716675,3.9,0,"{""open"":""9:00"",""close"":""17:00""}",科教文化服务;博物馆;博物馆,位于金牛区，建议预约前往；免费参观，约1小时；可体验传统织绣，注意馆内禁止拍照区域。,锦绣博物馆以蜀锦蜀绣为主题，展示历代织锦机具与精品，反映成都作为‘锦官城’的丝绸文明。,1.5,金牛区
328,文清古蜀农耕文化博物馆,-,科教文化服务,宜城大道一段316号,103.908575,30.554974,3.8,0,"{""open"":""9:00"",""close"":""17:00""}",科教文化服务;博物馆;博物馆,位于双流区乡野，建议自驾前往；免费开放，约1小时；春季周边田园风光好，可顺带踏青。,文清古蜀农耕文化博物馆收藏传统农具、生活器物，再现古蜀农耕方式，传承天府粮仓的乡土记忆。,1.5,双流区
329,复观堂,-,风景名胜,武侯祠大街231号成都武侯祠博物馆,104.04704,30.647438,4.0,0,"{""open"":""全天""}",风景名胜;风景名胜相关;旅游景点,复观堂为私人园林式景观，需提前预约；免费或低收费；建议傍晚游览1小时，感受静谧氛围。,复观堂以川西民居园林为特色，融汇茶艺、盆景与建筑美学，体现成都文人雅集与闲适生活哲学。,1.0,武侯区
330,四川活体昆虫博物馆,-,科教文化服务,国宁东路919号(玫瑰金街格林东方酒店旁),103.991617,30.738227,4.0,60,"{""open"":""9:00"",""close"":""17:00""}",科教文化服务;科教文化场所;科教文化场所,建议游玩1-2小时，适合亲子家庭。门票约50-80元，可提前网上购票。馆内昆虫活体展示需注意保持安静，勿拍打玻璃。避开周末下午高峰。,成都首家以活体昆虫为主题的科普展馆，集昆虫饲养、展示与教育于一体，旨在让公众近距离观察昆虫生态，传递生物多样性保护理念。,2.0,郫都区
331,黑匣子海洋馆,-,风景名胜,天府新区海洋路68号海合安成都极地海洋公园,104.072134,30.49298,4.1,80,"{""open"":""10:00"",""close"":""22:00""}",风景名胜;公园广场;水族馆,建议游玩2-3小时，适合带儿童。门票约120-150元，可关注团购。馆内光线较暗，注意脚下安全。周末人流量大，建议上午前往。,双流区新兴的海洋主题场馆，通过沉浸式水族箱和互动体验展示海洋生物，填补成都城南海洋科普空白，强调海洋生态保护意识。,1.5,双流区
332,崇州天演博物馆成都办事处,-,科教文化服务,锦江宾馆东楼(锦江宾馆地铁站B口步行130米),104.065642,30.64853,3.5,0,"{""open"":""9:00"",""close"":""17:00""}",科教文化服务;博物馆;博物馆,此为办事处非展馆，不建议游客专程前往。如需咨询化石修复或展览业务，建议提前电话联系，确认接待时间。,崇州天演博物馆的成都联络点，天演博物馆以古生物化石收藏与修复闻名，该办事处主要承担学术交流与业务对接功能。,1.5,锦江区
333,成都杜甫草堂博物馆-恰受航轩,4A,风景名胜,草堂路28号成都杜甫草堂博物馆内,104.02703,30.660398,4.6,50,"{""open"":""9:00"",""close"":""17:00""}",风景名胜;风景名胜相关;旅游景点,恰受航轩是杜甫草堂内一处轩亭，游览草堂时顺路参观即可。草堂门票50元，建议游玩2小时。春季梅花、秋季银杏最佳，可乘地铁4号线。,杜甫草堂为诗圣杜甫流寓成都时的故居，恰受航轩取自杜甫诗句，是草堂内体现古典园林意境与诗文化的重要建筑节点。,1.0,青羊区
334,成都华珍藏羌文化博物馆,-,科教文化服务,中环路一品天下大街段与花照壁中横街交叉口西140米,104.035333,30.699287,4.0,0,"{""open"":""9:00"",""close"":""17:00""}",科教文化服务;博物馆;博物馆,建议游玩1-2小时，免费开放（需预约）。馆内展示羌族刺绣、藏族编织等非遗，可参加手工体验。交通便利，地铁7号线茶店子站附近。,由国家级非遗传承人杨华珍创办，致力于藏羌织绣的收藏、研究及活态传承，是成都重要的少数民族文化展示窗口。,1.5,金牛区
335,中国皮影博物馆,-,科教文化服务,小河街1号成都博物馆(天府广场地铁站西1南口旁),104.063725,30.656675,4.2,0,"{""open"":""9:00"",""close"":""17:00""}",科教文化服务;博物馆;博物馆,位于成都博物馆内，免费但需预约入馆。建议游玩1小时，配合博物馆整体参观。周一闭馆，注意避开。馆内灯光较暗，适合细品皮影细节。,中国规模最大的皮影专题博物馆之一，收藏明清及近现代皮影数万件，系统展示了中国皮影戏的流派、制作工艺与表演历史。,2.0,青羊区
336,双流文物修复展示中心,-,科教文化服务,黄水镇藏卫路南四段辅路,103.905252,30.538999,3.8,0,"{""open"":""9:00"",""close"":""17:00""}",科教文化服务;科教文化场所;科教文化场所,一般不对外常规开放，多为预约制参观。建议关注官方公告或参加文博活动日。如开放，游玩约1小时，适合对文物修复感兴趣的游客。,双流区文物修复专业场所，承担本地出土文物的保护与修复工作，是公众了解文物“治病”过程、体验文化遗产保护的难得窗口。,1.5,双流区
337,雅庐古玉古珠博物馆,-,科教文化服务,七里路499号,103.979371,30.607489,3.9,0,"{""open"":""9:00"",""close"":""17:00""}",科教文化服务;博物馆;博物馆,私人博物馆，规模较小，建议游玩1小时。可能需预约，建议提前电话确认开放时间。对古玉古珠收藏爱好者尤为值得。,一家以古玉、古珠为专题的民间博物馆，藏品多来自民间征集，展现了古代玉器及珠饰的工艺演变与审美情趣，体现藏家个人志趣。,1.5,武侯区
338,遇见博物馆·成都馆,-,科教文化服务,桂溪街道天府大道天府软件园C1楼成都当代美术馆,104.071975,30.541625,4.2,0,"{""open"":""10:00"",""close"":""22:00""}",科教文化服务;博物馆;博物馆,位于武侯区，展期轮换，建议提前查看当前展览主题并网上购票。游玩约2小时，周末人多。场馆内禁止饮食，注意保持安静。,全国连锁的沉浸式艺术展览场馆，成都馆定期引入国内外知名艺术IP及文物特展，是当代都市人体验跨时空艺术对话的热门空间。,2.0,武侯区
339,成都川剧艺术博物馆(暂停开放),-,科教文化服务,华兴正街54号(市二医院地铁站A口步行440米),104.080315,30.659687,3.7,0,"{""open"":""9:00"",""close"":""17:00""}",科教文化服务;博物馆;博物馆,暂停开放，请勿前往。可关注官方恢复通知。若恢复，建议游玩1-2小时，结合川剧表演观看更佳。,曾为展示川剧历史、服饰、脸谱及乐器的重要场馆，承载着川剧这一国家级非遗的传承记忆，目前处于闭馆调整阶段。,1.5,锦江区
340,四川大学华西校区西区口腔医学博物馆,-,科教文化服务,玉林街道人民南路三段17号四川大学(华西校区),104.064893,30.642666,3.8,0,"{""open"":""9:00"",""close"":""17:00""}",科教文化服务;博物馆;博物馆,位于川大华西校区内，建议游玩1小时。可能需校内预约或登记入校。适合医学生或口腔医学爱好者，注意校园秩序。,依托华西口腔医学院百年学术积淀，收藏有古代口腔医疗器具、牙科发展史料及教学标本，是中国口腔医学史的重要见证。,1.5,武侯区
341,天府四川金融博物馆,-,科教文化服务,游乐园滨河路8号(红星桥地铁站A口步行380米),104.093463,30.668341,4.0,0,"{""open"":""9:00"",""close"":""17:00""}",科教文化服务;博物馆;博物馆,位于成华区，免费开放，建议游玩1-2小时。周一闭馆。内有互动金融游戏，适合青少年。可乘地铁8号线至东郊记忆附近。,由金融博物馆与地方政府共建，通过货币实物、金融票据及场景复原，讲述天府四川从古蜀贝币到现代金融的千年演变。,2.0,成华区
342,成都朱成石刻艺术博物馆(暂停营业),-,科教文化服务,府河苑一路与府河苑横路交叉口东北160米,104.030429,30.731838,3.6,0,"{""open"":""9:00"",""close"":""17:00""}",科教文化服务;科教文化场所;科教文化场所,暂停营业，请勿前往。恢复时间待定，可关注官方公告。若开放，建议游玩1-2小时，欣赏石刻艺术。,以成都本土石刻收藏为主的民营博物馆，藏品涵盖汉代画像砖、唐宋佛教石刻等，体现了成都地区古代石雕艺术的深厚底蕴。,1.5,金牛区
343,金沙遗址博物馆乌木林,4A,风景名胜,金沙遗址路2号金沙遗址博物馆,104.012978,30.679582,4.5,0,"{""open"":""全天""}",风景名胜;风景名胜;风景名胜,乌木林是金沙遗址博物馆内的户外景观，需购买博物馆门票（70元）。建议游玩30分钟，早晚光线好，适合拍照。注意防晒。,金沙遗址出土大量乌木，这片乌木林以千年阴沉木为背景，与古蜀祭祀文化呼应，展现了成都平原远古植被与自然变迁的奇观。,1.0,青羊区
344,成都毛家湾艺术博物馆,-,科教文化服务,毛家湾森林公园东南侧470米,104.008625,30.428175,3.8,0,"{""open"":""9:00"",""close"":""17:00""}",科教文化服务;博物馆;博物馆,位于双流区，民营艺术馆，建议游玩1-2小时。可能需预约，门票约30-50元。建筑古朴，适合艺术爱好者，注意蚊虫。,依托毛家湾古建筑群而建的民间艺术博物馆，收藏川西民俗器物及当代艺术，致力于乡土文化保护与艺术乡建实践。,1.5,双流区
345,东方艺术博物馆,-,科教文化服务,汉州路与兴泰南一街交叉口西南160米,104.078421,30.427406,3.9,0,"{""open"":""9:00"",""close"":""17:00""}",科教文化服务;博物馆;博物馆,建议上午前往，游览约1-2小时。门票以现场公示为准，部分展览需预约。馆内禁止触摸展品，请文明观展。,东方艺术博物馆聚焦中国及东方传统艺术，展出书画、陶瓷、雕塑等，是了解东方美学与工艺传承的专题场馆。,1.5,双流区
346,IDEEA DE AONE,-,科教文化服务,建设北路三段289号附5号,104.123703,30.680368,3.7,0,"{""open"":""10:00"",""close"":""22:00""}",科教文化服务;博物馆;博物馆,该地为设计创意空间，建议提前查询开放时间，游览约1小时。免费或低收费，适合拍照打卡，注意遵守场地规定。,IDEEA DE AONE为成华区新兴文创设计空间，融合艺术展览与创意孵化，体现成都当代设计与青年文化活力。,1.0,成华区
347,中国乡村振兴国宴博物馆(成都小聚餐饮文化合伙企业),-,科教文化服务,太平园东三街与太平园横一街交叉口东40米,104.014055,30.629801,3.5,0,"{""open"":""10:00"",""close"":""22:00""}",科教文化服务;博物馆;博物馆,实为餐饮文化体验场所，建议预约餐位，用餐兼参观约2小时。人均消费较高，适合商务宴请或文化主题聚会。,以“乡村振兴国宴”为概念，将地方特色餐饮与乡村文化展示结合，是成都餐饮与文旅融合的新探索。,2.0,武侯区
348,蜀锦博物馆,-,科教文化服务,官塘路1号,104.04216,30.398464,4.1,0,"{""open"":""9:00"",""close"":""17:00""}",科教文化服务;博物馆;博物馆,建议上午或下午参观，游览约1.5小时。门票约50元，含讲解。可体验织机操作，注意保护织物展品。,蜀锦博物馆展示国家级非遗“蜀锦”的织造技艺与历史，馆藏古代织机及精品，是成都丝绸文化的重要窗口。,1.8,双流区
349,泰迪熊博物馆,-,科教文化服务,金马街道太极大道555号,103.79782,30.637187,4.0,0,"{""open"":""9:00"",""close"":""17:00""}",科教文化服务;博物馆;博物馆,适合亲子游，建议平日前往避开周末，游览约2-3小时。门票约60元，可网上购票。馆内设有互动区，注意儿童安全。,泰迪熊博物馆收藏世界各地泰迪熊及历史场景，融合萌趣与手工艺，是温江区知名的休闲文化景点。,2.5,温江区
350,电子科技大学(清水河校区)电子科技博物馆,-,科教文化服务,西源大道2006号电子科技大学清水河校区,103.927423,30.749772,4.2,0,"{""open"":""9:00"",""close"":""17:00""}",科教文化服务;博物馆;博物馆,位于电子科大清水河校区，需从校门进入并登记。建议工作日开放时段参观，约1小时。免费，注意保持安静。,电子科技博物馆展示电子科技发展历程，从电子管到现代芯片，是了解中国电子工业与高校科研成就的科普基地。,2.0,郫都区
351,大珍堂博物馆,-,科教文化服务,领地锦巷兰台148号12楼,103.98928,30.736414,4.0,0,"{""open"":""9:00"",""close"":""17:00""}",科教文化服务;博物馆;博物馆,大珍堂为民间博物馆，藏品以民俗文物为主。建议提前电话确认开放时间，游览约1小时，费用以现场为准。,大珍堂博物馆由私人收藏家设立，展出川西民俗器物、老家具等，反映民间生活记忆与收藏文化。,1.5,郫都区
352,西南交通大学犀浦校区机车博物园,-,体育休闲服务,犀安路999号,103.991673,30.761663,4.1,0,"{""open"":""9:00"",""close"":""17:00""}",体育休闲服务;体育休闲服务场所;体育休闲服务场所,位于西南交大犀浦校区内，建议非教学时段前往，游览约1小时。免费开放，注意校园秩序，可乘地铁6号线到达。,机车博物园陈列中国铁路机车实物及历史，展示西南交大在轨道交通领域的百年积淀，是铁路迷打卡地。,2.5,郫都区
353,大气探测博物馆(航空港校区),-,科教文化服务,学府路与黄河北路交叉口西北340米,103.992695,30.582768,4.0,0,"{""open"":""9:00"",""close"":""17:00""}",科教文化服务;博物馆;博物馆,位于成都信息工程大学航空港校区，需预约入校。建议上课日外参观，约1小时。免费，以气象科普为主。,大气探测博物馆展示气象观测仪器与探测技术，体现成都在大气科学教育领域的专业特色，适合学生研学。,1.5,双流区
354,成都诺尔雪平睡眠博物馆,-,科教文化服务,华阳街道麓湖北路西段199号漂浮总部1栋1单元201室,104.067022,30.468112,3.8,0,"{""open"":""9:00"",""close"":""17:00""}",科教文化服务;博物馆;博物馆,睡眠主题小众博物馆，建议网上查询开放时间，游览约1小时。可能收费，适合好奇心强的游客，注意保持安静。,诺尔雪平睡眠博物馆以睡眠科学和文化为主题，介绍睡眠历史、生理机制及改善方法，是成都特色科普场馆。,1.5,双流区
355,成都绿舟博物馆,-,科教文化服务,光华大道二段601号,103.927859,30.671297,4.0,0,"{""open"":""9:00"",""close"":""17:00""}",科教文化服务;博物馆;博物馆,绿舟博物馆位于非遗博览园内，建议结合园区游览，约2小时。门票含在园区内，注意园区开放时间。,绿舟博物馆依托非遗博览园，展示成都及四川非物质文化遗产，包括民俗、手工艺等，是活态文化传承空间。,2.0,青羊区
356,中国皮影博物馆二厅,-,科教文化服务,小河街与蜀都大道人民西路辅路交叉口东南60米,104.063675,30.657525,4.2,0,"{""open"":""9:00"",""close"":""17:00""}",科教文化服务;博物馆;博物馆,皮影博物馆二厅位于成都博物馆内，免费但需预约。建议周一闭馆日避开，游览约1小时，注意禁止闪光灯。,中国皮影博物馆二厅系统展示皮影艺术流派、雕刻及表演，成都馆藏丰富，是了解中国皮影戏这一非遗的重要场所。,1.5,青羊区
357,薰衣草博物馆,-,科教文化服务,天府新区太平街道二郎村5组999号第8星球,104.179786,30.436261,4.0,0,"{""open"":""9:00"",""close"":""17:00""}",科教文化服务;博物馆;博物馆|风景名胜;风景名胜相关;旅游景点,薰衣草博物馆以植物与香氛为主题，建议春夏季节参观，游览约1小时。可能收取门票，具体以现场为准。,该馆结合薰衣草种植与精油文化，展示芳香植物历史及用途，是双流区农旅融合的观光科普点。,2.0,双流区
358,四川省蓉府藏文典籍博物馆,-,科教文化服务,南江路668号(凤溪大道与南熏大道交汇处),103.841914,30.682567,4.0,0,"{""open"":""9:00"",""close"":""17:00""}",科教文化服务;博物馆;博物馆,藏文典籍专题馆，建议提前预约参观，游览约1小时。免费或低收费，注意尊重宗教文化，禁止拍照区域勿拍。,蓉府藏文典籍博物馆收藏藏文经书、文献等，展示藏族文化典籍的刻印与传承，是成都少见的民族古籍专题馆。,1.5,温江区
359,新津区纯阳观博物馆,-,科教文化服务,纯阳路313号,103.796066,30.421864,4.1,0,"{""open"":""9:00"",""close"":""17:00""}",科教文化服务;博物馆;博物馆,纯阳观博物馆为道教文化景点，建议上午游览，约1.5小时。门票约10元，可结合新津其他景点一并游览。,纯阳观始建于清代，供奉吕洞宾，建筑古朴，是川西道教文化代表，兼具文物与民俗价值。,1.8,新津区
360,汉轩民俗艺术博物馆,-,科教文化服务,金桥镇昆山村八组,103.85807,30.544434,3.9,0,"{""open"":""9:00"",""close"":""17:00""}",科教文化服务;博物馆;博物馆,建议游览1-2小时，周二至周日开放，门票约30元。可乘地铁3号线至双流西站后打车前往，馆内可拍照但禁用闪光灯。,汉轩民俗艺术博物馆是双流区重要的民办博物馆，集中展示川西民俗文物与非物质文化遗产，体现成都平原农耕文化与民间艺术传承。,1.5,双流区
361,温江区博物馆,-,科教文化服务,文庙街6号,103.837264,30.698046,4.0,0,"{""open"":""9:00"",""close"":""17:00""}",科教文化服务;博物馆;博物馆,免费开放，周一闭馆，建议游览1小时。位于温江文庙内，可乘地铁4号线至南熏大道站步行可达，注意馆内禁止触摸展品。,温江区博物馆依托清代文庙建筑群而建，馆藏以鱼凫文化遗址出土文物和历代温江地方文献为主，展现古蜀文明在温江的延续。,1.5,温江区
362,模坑博物馆(暂停开放),-,科教文化服务,天府新区兴隆湖街道湖畔路南段66号蓉港创智园4栋101号,104.07619,30.392883,3.5,0,"{""open"":""全天""}",科教文化服务;博物馆;博物馆,该馆目前暂停开放，出行前请务必查询官方公告确认恢复时间。若开放，建议游览1小时，地址在双流区，可乘公交前往。,模坑博物馆曾为展示成都本土模型与雕塑艺术的小众场馆，虽暂闭，但其以模型艺术为纽带连接公众与城市记忆的尝试具有独特意义。,0.5,双流区
363,四川丝绸博物馆,-,科教文化服务,三河街道承顺街17号(绕城新都出口)锦门景区(东北角),104.130862,30.779658,4.2,0,"{""open"":""9:00"",""close"":""17:00""}",科教文化服务;科教文化场所;科教文化场所,建议游览2小时，门票约40元，周二至周日开放。位于新都区锦门景区内，可乘地铁3号线至三河场站，景区内有餐饮配套。,四川丝绸博物馆系统展示蜀锦、蜀绣等四川丝绸文化的千年历史，作为南方丝绸之路起点的重要见证，是了解天府之国蚕桑文明的核心窗口。,2.0,新都区
364,古蜀历史文化博物馆(建设中),-,科教文化服务,育英路南段与宇翔路交叉口西140米,104.176675,30.793325,3.5,0,"{""open"":""全天""}",科教文化服务;博物馆;博物馆,该馆正在建设中，尚未开放，建议关注官方发布的开馆信息。建成后预计位于新都区，可提前规划行程，避免白跑。,古蜀历史文化博物馆将集中展示古蜀文明的发展脉络，未来将成为新都区乃至成都北部的古蜀文化研究展示新地标，补足区域文化短板。,1.0,新都区
365,三农博物馆,-,科教文化服务,煎茶街道微博小镇内,104.091698,30.336398,4.0,0,"{""open"":""9:00"",""close"":""17:00""}",科教文化服务;博物馆;博物馆,免费开放，建议游览1-1.5小时，位于双流区彭镇，可乘公交S04路到达。可结合彭镇老茶馆一同游览，注意周一闭馆。,三农博物馆聚焦中国农业、农村、农民问题，通过实物与影像展示成都平原乡村振兴历程，是了解川西农耕文明与现代农村变革的窗口。,1.5,双流区
366,新都博物馆,-,科教文化服务,桂湖中路89号,104.159918,30.822774,4.1,0,"{""open"":""9:00"",""close"":""17:00""}",科教文化服务;博物馆;博物馆,免费开放，周一闭馆，建议游览1.5小时。位于新都区桂湖街道，可乘地铁3号线至钟楼站，馆内可拍照，禁止使用三脚架。,新都博物馆坐落于明代杨慎家族故居区域，馆藏以汉代画像砖、陶俑及新都历史文物为特色，是解读古蜀名邑新都三千年文明的重要场所。,2.0,新都区
367,森邻奇镜自然博物馆(金牛招商花园城店),-,科教文化服务,招商花园城3楼001号商铺,104.087108,30.776765,4.0,0,"{""open"":""10:00"",""close"":""22:00""}",科教文化服务;博物馆;博物馆,位于金牛区招商花园城商场内，建议游览1-2小时，适合亲子家庭。商场营业时间约10:00-22:00，门票以现场公示为准，周末人较多。,森邻奇境自然博物馆是成都新兴的城市自然科普场馆，以沉浸式生态场景展示生物多样性，弥补了中心城区自然博物馆的空白，寓教于乐。,1.5,金牛区
368,客家民俗文化博物馆,-,科教文化服务,东风路与双龙路交叉口西240米,104.219353,30.672317,4.0,0,"{""open"":""9:00"",""close"":""17:00""}",科教文化服务;科教文化场所;科教文化场所,免费开放，建议游览1小时，位于龙泉驿区洛带古镇内，可乘公交219路或自驾前往。古镇节假日人多，建议平日游览，注意馆内禁烟。,客家民俗文化博物馆依托洛带古镇的客家会馆建筑群，展示成都东山客家移民的迁徙史、方言、婚嫁习俗等，是研究西部客家文化的活化石。,1.5,龙泉驿区
369,中国乡村振兴国宴博物馆(藏餐国宴),-,科教文化服务,福锦路二段与龙井东街交叉口北60米,103.997682,30.607605,3.8,0,"{""open"":""10:00"",""close"":""22:00""}",科教文化服务;博物馆;博物馆,以藏餐国宴为主题，需提前预订，建议游览用餐约2-3小时。位于武侯区，可乘地铁3号线至磨子桥站后步行，人均消费较高。,中国乡村振兴国宴博物馆以藏餐为载体，融合乡村振兴战略与高原饮食文化，通过国宴级体验展示川西民族美食的独特魅力与扶贫成果。,2.0,武侯区
370,四川荣军博物馆,-,科教文化服务,新繁镇荣军路86号,103.98789,30.848431,4.2,0,"{""open"":""9:00"",""close"":""17:00""}",科教文化服务;博物馆;博物馆,免费开放，周一闭馆，建议游览1.5小时。位于新都区新繁街道，可乘公交X43路到达，馆内庄严肃穆，请保持安静，勿嬉戏打闹。,四川荣军博物馆是全国首家荣军主题博物馆，记录伤残军人的英勇事迹与康复生活，弘扬爱国主义和革命英雄主义精神，是重要的红色教育基地。,1.5,新都区
371,杨升庵博物馆,-,科教文化服务,桂湖中路89号附10号,104.159768,30.822805,4.2,0,"{""open"":""9:00"",""close"":""17:00""}",科教文化服务;博物馆;博物馆,门票约20元，建议游览2小时，位于新都区桂湖公园内。可乘地铁3号线至钟楼站，春季荷花盛开时最美，夏季桂湖赏荷为佳期。,杨升庵博物馆为纪念明代状元、文学家杨慎而建，依托桂湖古典园林，馆藏其著作与生平文物，是感受巴蜀文脉和明代学术的重要场所。,2.0,新都区
372,成都川菜博物馆,4A,科教文化服务,荣华北巷8号,103.930192,30.895112,4.5,60,"{""open"":""9:00"",""close"":""18:00""}",科教文化服务;博物馆;博物馆,门票约60元含讲解和品尝，建议游览3小时，可体验川菜制作。位于郫都区古城镇，可乘地铁6号线至望丛祠站后打车，节假日需提前预约。,成都川菜博物馆是全球唯一以菜系文化为主题的活态博物馆，通过酱缸、灶台、老菜谱等展陈和现场烹饪演示，活态传承川菜千年技艺与食俗。,3.0,郫都区
373,洛带古镇-湖广会馆,4A,风景名胜,洛带镇老街下街178号,104.327051,30.637693,4.5,0,"{""open"":""全天""}",风景名胜;风景名胜相关;旅游景点,免费开放，建议游览1-2小时，位于洛带古镇核心区。可乘公交219路直达，古镇小吃丰富，湖广会馆内常有川剧表演，注意保护古建筑。,洛带古镇湖广会馆是清代湖广移民入川的历史见证，其戏楼与大殿建筑宏伟，是客家移民文化、会馆文化和川剧艺术交融的典型代表。,2.5,龙泉驿区
374,一苇工作室(永安湖),-,生活服务,永安湖城市森林公园(东南角),103.979484,30.41994,3.6,0,"{""open"":""10:00"",""close"":""22:00""}",生活服务;美容美发店;美容美发店,,,0.5,双流区
375,川藏公路博物馆,-,科教文化服务,四川交通职业技术学院内,103.81998,30.687769,4.0,0,"{""open"":""9:00"",""close"":""17:00""}",科教文化服务;博物馆;博物馆,免费开放，周一闭馆，建议游览1.5小时。位于温江区四川交通职业技术学院内，可乘地铁4号线至杨柳河站，校外人员需登记入校。,川藏公路博物馆是全国首个以川藏公路为主题的博物馆，通过筑路工具、老照片和英烈事迹，纪念川藏公路建设的艰辛历程和“两路”精神。,1.5,温江区
376,四川崇州天演博物馆,-,科教文化服务,崇阳大道258号,103.703206,30.631125,4.1,0,"{""open"":""9:00"",""close"":""17:00""}",科教文化服务;博物馆;博物馆,建议上午9-11点参观，游览约2小时。门票约50元（以现场为准），馆内化石标本丰富，适合亲子科普游。注意保持安静，勿触摸展品。,崇州天演博物馆是以古生物化石和地质标本为主题的科普场馆，展示生命演化历程，体现成都地区对自然历史教育的重视，具有科研与研学价值。,2.0,崇州市
377,西部客家博物馆(暂停开放),-,风景名胜,洛带古镇博客楼,104.329412,30.635092,3.9,0,"{""open"":""9:00"",""close"":""17:00""}",风景名胜;公园广场;动物园|科教文化服务;博物馆;博物馆,该馆暂停开放，建议提前电话确认开放时间。若恢复开放，可安排半天游览，结合洛带古镇一并游玩。无需门票，注意景区公告。,西部客家博物馆曾展示成都东山地区客家移民历史与文化，是研究四川客家方言、建筑、民俗的重要窗口，反映清代“湖广填四川”的移民融合。,1.0,龙泉驿区
378,成都中医药大学温江校区博物馆,-,科教文化服务,柳台大道西段1166号成都中医药大学(温江校区),103.806603,30.685747,4.0,0,"{""open"":""9:00"",""close"":""17:00""}",科教文化服务;博物馆;博物馆,建议工作日预约参观，游览约1小时。校园内可步行至博物馆，需出示身份证登记。馆内展出中医药文物与药材标本，注意遵守校内规定。,该馆依托成都中医药大学专业资源，陈列古代医书、药具及川产道地药材标本，展现四川中医药文化传承，是教学与公众科普结合的特色场馆。,1.5,温江区
379,那年博物馆,-,科教文化服务,老龙村301号2,104.090043,30.332794,3.8,0,"{""open"":""10:00"",""close"":""18:00""}",科教文化服务;博物馆;博物馆,建议周末下午前往，游览约1-1.5小时。小众人少，适合拍照打卡。门票约30元（以现场为准），部分展品可互动，注意爱护物品。,那年博物馆以怀旧为主题，收藏80、90年代生活物件与场景，唤起集体记忆，是成都双流区新兴的民间文化展示空间，体现当代城市记忆留存。,1.0,双流区
380,中国书法馆,-,科教文化服务,光华大道二段601号国际非物质文化遗产博览园内(北侧),103.92948,30.670068,4.2,0,"{""open"":""9:00"",""close"":""17:00""}",科教文化服务;展览馆;展览馆,建议上午参观，游览约1.5小时。位于青羊区文化核心区，可结合宽窄巷子游览。免费开放（以现场为准），注意馆内禁止使用闪光灯拍照。,中国书法馆是展示书法艺术与文献的专业场馆，收藏历代名家碑帖及当代作品，弘扬汉字书写文化，是成都青羊区文化地标的重要组成。,1.5,青羊区
381,喜阅贝果博物馆,-,科教文化服务,金牛大道金牛坝路辅路与金卉北路交叉口北220米,104.019575,30.711275,3.8,0,"{""open"":""10:00"",""close"":""22:00""}",科教文化服务;博物馆;博物馆,建议周末亲子游，游览约1小时。主打贝果主题，有烘焙体验区，可购买特色食品。免费入场，部分体验项目收费，注意营业时间多为10-18点。,喜阅贝果博物馆是成都少见的食品主题博物馆，结合贝果历史、制作工艺与阅读空间，创新融合美食与文化，反映现代都市休闲生活方式。,1.0,金牛区
382,龙泉驿区博物馆,-,科教文化服务,洛带古镇-湖广会馆,104.326918,30.637715,4.0,0,"{""open"":""9:00"",""close"":""17:00""}",科教文化服务;博物馆;博物馆,建议上午参观，游览约1小时。位于洛带古镇附近，可安排一日游。免费开放（以现场为准），注意周一闭馆惯例。馆内展品以地方文物为主。,龙泉驿区博物馆集中展示本地出土的汉代陶器、石刻及客家民俗文物，反映龙泉驿从古蜀驿道到现代汽车城的变迁，是了解区域历史的重要窗口。,1.5,龙泉驿区
383,温江乡村气象博物馆,-,科教文化服务,气象路207号,103.851705,30.742242,3.9,0,"{""open"":""9:00"",""close"":""17:00""}",科教文化服务;博物馆;博物馆,建议晴天前往，游览约1小时。乡村气象博物馆位于温江，适合科普研学。免费开放，需提前预约（以当地通知为准），注意户外设施受天气影响。,温江乡村气象博物馆以气象观测、防灾减灾知识为主题，结合乡村农业气象服务，展现科技与乡村振兴的结合，是成都基层科普教育创新案例。,1.0,温江区
384,郫都区博物馆,-,科教文化服务,望丛中路3-4号,103.873379,30.80902,4.0,0,"{""open"":""9:00"",""close"":""17:00""}",科教文化服务;博物馆;博物馆,建议上午参观，游览约1-1.5小时。郫都区博物馆常设古蜀文明与望丛文化展，可结合望丛祠游览。免费开放，注意周一闭馆。,郫都区博物馆依托古蜀望丛文化，展示郫县出土的战国青铜器、汉代画像砖，以及豆瓣酱等非遗技艺，体现郫都作为古蜀故都和川菜之魂的文化底蕴。,1.5,郫都区
385,成都三邑川派盆景博物馆,-,科教文化服务,灌温路1528号,103.81025,30.733962,4.1,0,"{""open"":""9:00"",""close"":""17:00""}",科教文化服务;博物馆;博物馆,建议春秋季参观，游览约1小时。盆景园室外为主，注意防晒防雨。门票约20元（以现场为准），可欣赏川派盆景蟠扎技艺，部分精品可购买。,三邑川派盆景博物馆是中国盆景五大流派之一川派的展示基地，以“弯拐”蟠扎技艺见长，融合园林美学与天府文化，是活态非遗传承的重要场所。,1.5,温江区
386,大邑县刘氏庄园博物馆,4A,科教文化服务,安仁镇金桂街15号,103.628042,30.505007,4.5,40,"{""open"":""9:00"",""close"":""17:00""}",科教文化服务;博物馆;博物馆,建议上午开馆时前往，游览约2-3小时。门票40元（参考价），含庄园及珍品馆。注意庄园面积大，穿舒适鞋，勿触摸文物，可请讲解员。,刘氏庄园是大地主刘文彩的庄园建筑群，现存中西合璧的豪华宅邸与收租院泥塑群像，是研究近代川西地主经济和民俗的典型实物，全国重点文保单位。,2.5,大邑县
387,崇州市博物馆,-,科教文化服务,崇阳街道大东街306号宫保府内,103.678383,30.628268,4.0,0,"{""open"":""9:00"",""close"":""17:00""}",科教文化服务;博物馆;博物馆,建议周二至周日参观，游览约1小时。免费开放（凭身份证），位于崇州城区，可结合罨画池游览。注意馆内部分展区需保持安静。,崇州市博物馆依托清代杨遇春宫保府邸而建，展示崇州出土的汉代文物、宋代瓷器及地方名人字画，反映蜀州千年文脉，建筑本身即为文物。,1.5,崇州市
388,鹿野苑石刻艺术博物馆,-,科教文化服务,场镇云桥村,103.868843,30.882335,4.2,0,"{""open"":""9:00"",""close"":""17:00""}",科教文化服务;博物馆;博物馆,建议晴天自驾前往，游览约1.5-2小时。门票约50元（以现场为准），馆区环境清幽，有户外石刻群。注意山路湿滑，穿防滑鞋。,鹿野苑石刻艺术博物馆由建筑师刘家琨设计，以佛教石刻造像为主题，收藏汉唐至明清的石雕精品，建筑与自然景观融合，是成都当代建筑与古美术结合的典范。,2.0,郫都区
389,太平社区,-,科教文化服务,大天路与太平碑路交叉口西80米,104.088995,30.757918,3.8,0,"{""open"":""全天""}",科教文化服务;博物馆;博物馆,建议下午前往，游览约1小时。太平社区为综合性文化空间，免费开放，常有社区活动。注意开放时间不固定，建议提前查当地公告。,太平社区是新都区基层公共文化服务示范点，设有图书室、活动室与非遗展示，体现成都社区治理与文化营造的成果，是了解本地市民日常生活的窗口。,1.0,新都区
390,四川省中华文化学院澄园基地,-,科教文化服务,澄园堂西南门旁,103.825519,30.684509,3.9,0,"{""open"":""9:00"",""close"":""17:00""}",科教文化服务;科教文化场所;科教文化场所,建议工作日预约参观，游览约1小时。澄园基地为文化教育场所，不定期有讲座展览。免费开放，注意需提前联系管理方确认可入内时段。,中华文化学院澄园基地是温江区传统文化研学与实践基地，依托学院资源开展书画、国学等培训，体现成都对中华优秀传统文化传承与社区教育的重视。,1.5,温江区
391,成都市人华奇石博物馆,-,科教文化服务,花木交易中心5栋24号,103.817716,30.716057,3.8,0,"{""open"":""9:00"",""close"":""17:00""}",科教文化服务;科教文化场所;科教文化场所,建议上午或下午参观，游览约1-2小时。需购票，可提前电话咨询开放时间。馆内奇石珍贵，请勿触摸展品。,展示天然奇石艺术，体现大自然的鬼斧神工与中华赏石文化，是成都温江区独特的科普教育场所。,1.5,温江区
392,杨升庵祠及桂湖(挹锦门),4A,风景名胜,桂湖,104.156827,30.823013,4.5,0,"{""open"":""全天""}",风景名胜;风景名胜相关;旅游景点,春秋季最佳，夏季荷花盛开时尤美。游览约2小时，门票20元。挹锦门为古桂湖入口，建议从正门进入，可顺游桂湖公园。,明代状元杨升庵故里，桂湖为其读书处。园内古桂参天，荷塘环绕，是川西古典园林与历史名人纪念地的重要结合。,2.5,新都区
393,平安村农耕文化博物馆,-,科教文化服务,平安村新居2号地块15栋,104.249341,30.617083,3.9,0,"{""open"":""9:00"",""close"":""17:00""}",科教文化服务;博物馆;博物馆,适合周末亲子游，游览约1小时。通常免费或低收费，建议提前确认开放时间。可结合周边龙泉驿农家乐行程。,以农耕文化为主题，展示传统农具、劳作场景，反映龙泉驿地区乡村历史与农业文明传承。,1.5,龙泉驿区
394,石文化博物馆,-,科教文化服务,黄龙溪镇黄金路70号黄龙溪古镇,103.969875,30.316275,3.8,0,"{""open"":""9:00"",""close"":""17:00""}",科教文化服务;科教文化场所;科教文化场所,建议上午参观，游览约1-2小时。门票信息需现场确认。馆内石质展品较重，注意安全，勿攀爬展台。,专注于石文化展示，涵盖观赏石、石材工艺等，体现成都平原对自然石资源的利用与审美传统。,1.5,双流区
395,崇州市罨画池博物馆,4A,科教文化服务,大东街52-54号罨画池内(南侧),103.673867,30.625861,4.4,0,"{""open"":""9:00"",""close"":""17:00""}",科教文化服务;博物馆;博物馆,四季皆宜，秋季银杏与冬季梅花最美。游览约2小时，门票8元。罨画池与陆游祠、州文庙联票更划算。,始建于唐代的古典园林，宋代为蜀州官署园林，陆游曾在此留下诗篇。池水如画，亭台楼阁保存完好，是川西园林精品。,2.0,崇州市
396,成都天仁石刻艺术博物馆Loft民宿(宽窄巷子景区店),-,科教文化服务,三洞桥路18号天仁大酒店4楼419室,104.050333,30.675009,4.2,0,"{""open"":""全天""}",科教文化服务;博物馆;博物馆,位于宽窄巷子景区，适合游览前后顺访。民宿需预约参观，建议提前电话联系。游览约1小时。,结合石刻艺术与Loft民宿的特色空间，展示成都民间石刻技艺，体现传统文化与现代旅居生活的融合。,1.5,金牛区
397,榫卯博物馆,-,科教文化服务,成都翰林文化股份有限公司西北侧,103.918925,30.848375,4.0,0,"{""open"":""9:00"",""close"":""17:00""}",科教文化服务;博物馆;博物馆,建议上午或下午参观，游览约1-2小时。门票需现场查询。可参与榫卯拼搭体验（如有），适合亲子游客。,以中国传统木构建筑中的榫卯结构为主题，展示古代匠人智慧，弘扬非物质文化遗产与木作技艺。,1.5,郫都区
398,青白江区博物馆,-,科教文化服务,大弯街道栖凤路28号,104.281204,30.894407,4.1,0,"{""open"":""9:00"",""close"":""17:00""}",科教文化服务;博物馆;博物馆,周二至周日开放，周一闭馆（法定节假日除外）。免费参观，需携带身份证。游览约1.5小时。,展示青白江区从古蜀到近现代的历史文物，包括三星堆文化遗存、宋代窑址等，是了解成都北部门户历史的重要窗口。,1.5,青白江区
399,新津民营经济博物馆,-,科教文化服务,硝矿东街103号,103.892865,30.385296,3.8,0,"{""open"":""9:00"",""close"":""17:00""}",科教文化服务;博物馆;博物馆,建议工作日参观，游览约1小时。免费开放，需提前预约。适合对民营经济史感兴趣的游客。,记录新津民营经济发展历程，展示改革开放以来川商创业精神，是成都民营经济活力的缩影。,1.0,新津区
400,中国·川菜文化体验馆,3A,风景名胜,安德街道安唐路安德步行街1号楼,103.80445,30.870649,4.3,0,"{""open"":""9:00"",""close"":""17:00""}",风景名胜;风景名胜;风景名胜,建议上午或下午参观，游览约2小时。门票约60元，含互动体验。可品尝川菜小吃，注意开放时间。,位于郫都区川菜产业园，系统展示川菜起源、发展、流派及调味奥秘，是体验川菜文化的活态博物馆。,2.0,郫都区
401,绣里锦绣博物馆,-,科教文化服务,三团路青杠树村水隐桑田,103.946986,30.839843,4.0,0,"{""open"":""9:00"",""close"":""17:00""}",科教文化服务;博物馆;博物馆,建议预约参观，游览约1小时。免费或低收费。馆内展品精细，请勿触摸刺绣作品。可结合蜀绣体验课程。,专注蜀绣技艺与历史传承，展示精美绣品与绣娘工艺，体现国家级非物质文化遗产蜀绣的魅力。,1.5,郫都区
402,花沐里天然温泉博物馆,-,科教文化服务,江平路920号,103.890094,30.68512,3.9,0,"{""open"":""10:00"",""close"":""22:00""}",科教文化服务;博物馆;博物馆,建议冬季或早春前往，享受温泉主题。游览约2-3小时。需购票，自带泳衣。注意温泉泡浴时间不宜过长。,以天然温泉为特色，结合温泉地质知识与养生文化，是成都温江区休闲度假与科普结合的特色场馆。,2.0,温江区
403,汶川大地震博物馆,4A,科教文化服务,四川建川博物馆聚落,103.618304,30.500154,4.4,0,"{""open"":""9:00"",""close"":""17:00""}",科教文化服务;科教文化场所;科教文化场所,建议上午参观，游览约2小时。免费开放（凭身份证），周一闭馆。内容感人，请保持肃穆，勿大声喧哗。,纪念2008年汶川大地震，收藏大量实物、照片与纪实资料，弘扬抗震救灾精神，具有深刻教育意义。,2.5,大邑县
404,古城非遗博物馆,-,科教文化服务,古城镇指路村八组202号1栋,103.932505,30.903957,4.0,0,"{""open"":""9:00"",""close"":""17:00""}",科教文化服务;博物馆;博物馆,建议周末前往，游览约1小时。免费参观，可体验非遗项目（如糖画、竹编）。注意部分体验需付费。,集中展示郫都区及周边非物质文化遗产，包括蜀绣、竹编、川剧脸谱等，是活态传承民间技艺的窗口。,1.5,郫都区
405,成都臻古堂家具博物馆,-,科教文化服务,成都纺织高等专科学校北苑图书馆401,103.957721,30.761928,4.1,0,"{""open"":""9:00"",""close"":""17:00""}",科教文化服务;博物馆;博物馆,建议预约参观，游览约1-2小时。门票约30元。馆内家具多为木质，注意勿倚靠或触碰展品。,收藏展示明清至民国时期的臻古堂家具，涵盖川作家具精品，反映巴蜀地区木作工艺与生活美学。,1.5,郫都区
406,中国芝麻油博物馆,-,科教文化服务,新繁镇繁香大道130号附近,103.987777,30.888756,3.9,0,"{""open"":""9:00"",""close"":""17:00""}",科教文化服务;博物馆;博物馆,建议工作日前往，游览约1小时。免费参观，需提前电话预约。厂区有异味，建议佩戴口罩，注意安全。,展示中国传统芝麻油制作工艺与历史，可了解小磨香油古法压榨流程，是成都工业旅游的特色小众点位。,1.5,新都区
407,中国博物馆,-,科教文化服务,大新路与新东街交叉口西80米,103.722582,30.448624,3.8,0,"{""open"":""9:00"",""close"":""17:00""}",科教文化服务;博物馆;博物馆,位于大邑安仁镇，建川博物馆聚落内，建议预留半天。门票含在聚落通票中（约50元），周一闭馆。,此名为泛指，实际为建川博物馆聚落的核心综合馆，展示中国近现代百年历史变迁，馆藏丰富，教育意义强。,2.0,大邑县
408,中国砂浆博物馆,-,科教文化服务,西河街道天平村5组,104.250769,30.656628,3.9,0,"{""open"":""9:00"",""close"":""17:00""}",科教文化服务;博物馆;博物馆,位于龙泉驿工业园区内，需提前联系预约参观。游览约40分钟，建议工作日前往，注意厂区安全。,以砂浆科技与建筑应用为主题的专业性博物馆，展示预拌砂浆发展历程及绿色建材技术，体现现代工业与建筑融合。,1.5,龙泉驿区
409,成都市新都区古典家居文化博物馆,-,科教文化服务,成彭路与仁泽路交叉口东120米,104.016875,30.841725,4.0,0,"{""open"":""9:00"",""close"":""17:00""}",科教文化服务;博物馆;博物馆,位于新都区，游览约1小时。免费开放，建议下午参观，光线较好。可现场扫码听讲解。,集中展示川西古典家具、木雕及榫卯工艺，反映川派传统家居文化与匠人智慧，馆藏多为明清时期老物件。,2.0,新都区
410,金丝楠博物馆,-,科教文化服务,郫都区成环路与锦屏路交叉口东南方向160米,103.933217,30.894568,4.1,0,"{""open"":""9:00"",""close"":""17:00""}",科教文化服务;博物馆;博物馆,位于郫都区，建议自驾前往。游览1-1.5小时，门票约30元。注意馆内禁止触摸展品。,专注金丝楠木文化，展示其纹理、药用价值及皇家用材历史。馆内多件阴沉木雕件，极具观赏与收藏价值。,1.5,郫都区
411,刘文辉公馆延庆园,-,科教文化服务,安仁镇金桂街15号大邑刘氏庄园博物馆内,103.626823,30.509632,4.2,0,"{""open"":""9:00"",""close"":""17:00""}",科教文化服务;博物馆;博物馆,位于大邑安仁镇，刘氏庄园博物馆的一部分。建议与庄园联游，门票含在联票内（约40元），游览约1小时。,刘文辉（刘湘之叔）公馆，中西合璧建筑风格，保存完好。延庆园体现了民国川西军阀宅邸的奢华与防御功能。,2.0,大邑县
412,川军抗战馆,4A,风景名胜,古镇迎宾路80号(近金桂公馆酒店)建川博物馆聚落内,103.617782,30.499054,4.6,50,"{""open"":""9:00"",""close"":""17:00""}",风景名胜;风景名胜相关;旅游景点,位于大邑建川博物馆聚落内，建议预留1.5小时。聚落通票约50元，周二至周日开放。馆内庄严肃穆，请保持安静。,纪念川军出川抗战的历史，通过大量文物、照片和雕塑，再现川军浴血奋战的悲壮历程，是爱国主义教育的重要基地。,2.5,大邑县
413,中国乡村振兴国宴博物馆,-,风景名胜,城环路天府庄园,104.365677,30.723374,4.0,0,"{""open"":""9:00"",""close"":""17:00""}",风景名胜;风景名胜相关;旅游景点,位于青白江区，较偏远，建议自驾。游览约1小时，免费开放。可结合城厢古镇一同游览。,以乡村振兴成就与国宴餐饮文化为主题，展示国宴礼仪、餐具及地方特色食材，是近年新建的文旅融合展示窗口。,2.0,青白江区
414,古建艺雕博物馆,-,科教文化服务,中崇路,103.688491,30.702045,4.1,0,"{""open"":""9:00"",""close"":""17:00""}",科教文化服务;博物馆;博物馆,位于崇州市，建议自驾。游览约1.5小时，门票约20元。注意部分展品为易碎品，请勿触碰。,展示古建筑木雕、石雕、砖雕艺术，尤其以川西民居的雕花构件为特色，体现传统建筑美学与工匠技艺传承。,2.0,崇州市
415,民族音乐博物馆,-,科教文化服务,承顺街与宝光大道南段交叉口东南260米,104.129925,30.780525,4.3,0,"{""open"":""9:00"",""close"":""17:00""}",科教文化服务;博物馆;博物馆,位于新都区四川音乐学院内，游览约1小时。免费开放，需登记入校。寒暑假可能闭馆，建议先确认。,依托川音学术资源，收藏展示各民族乐器、乐谱及音像资料，涵盖古琴、川剧锣鼓等，是了解中国民族音乐发展的重要场所。,1.5,新都区
416,四川建川博物馆聚落-正面战场馆站,4A,风景名胜,安仁古镇迎宾路2段550号(近金桂公馆酒店)建川博物馆聚落内,103.620202,30.49864,4.5,50,"{""open"":""9:00"",""close"":""17:00""}",风景名胜;风景名胜相关;旅游景点,位于大邑建川博物馆聚落内，建议与川军馆联游。聚落通票约50元，开放时间9:00-17:30。馆内史料较多，适合慢读。,聚落中专题展示抗日战争正面战场（国民党军队）抗战事迹的场馆，客观呈现国共合作抗战历史，展品包括武器、勋章、战报等。,2.5,大邑县
417,天府花城石文化博物馆,-,科教文化服务,天府花城1栋2号,103.816723,30.715709,4.0,0,"{""open"":""9:00"",""close"":""17:00""}",科教文化服务;博物馆;博物馆,位于温江区天府花城市场内，交通便利。游览约1小时，免费开放。周末人多，建议上午前往。,依托成都奇石文化，收藏展示四川本地及全国各地的观赏石、化石、矿物晶体，体现天府之国的自然地质奇观与赏石传统。,1.5,温江区
418,成都大华玉器博物馆,-,科教文化服务,三道堰镇古城镇古城大道333号,103.923563,30.899112,4.1,0,"{""open"":""9:00"",""close"":""17:00""}",科教文化服务;博物馆;博物馆,位于郫都区，建议自驾。游览约1小时，免费参观但需预约。馆内展柜灯光较暗，注意看展说明。,展示中国玉器发展史，以高古玉及明清玉雕为主，藏家倾力打造。强调玉德文化，可近距离欣赏和田玉、翡翠等珍品。,1.5,郫都区
419,乡见50年代馆·老龙大队博物馆,-,科教文化服务,六老路与SA2成都第二绕城高速出口交叉口西南260米,104.091922,30.332674,4.0,0,"{""open"":""9:00"",""close"":""17:00""}",科教文化服务;科教文化场所;科教文化场所,位于双流区老龙村，建议自驾。游览约1小时，免费开放。可结合乡村游，体验当地农家乐。,以20世纪50年代人民公社“老龙大队”为主题，复原当时生产生活场景，收藏农具、票证等，唤起集体记忆，见证乡村振兴。,1.5,双流区
420,共品钱币博物馆,-,科教文化服务,安惠里街68号丰泽园7-8栋,103.628224,30.508246,4.2,0,"{""open"":""9:00"",""close"":""17:00""}",科教文化服务;博物馆;博物馆,位于大邑安仁镇，建川博物馆聚落附近。游览约1小时，免费开放，可捐献随意。建议与建川聚落同日游览。,私人收藏钱币博物馆，展出从古钱币、银元到人民币各版别，涵盖中国历代货币演变，是研究经济史和金融文化的活教材。,1.5,大邑县
421,世界公共经济组织WPEO国宴博物馆,-,风景名胜,陈晶路与温江北林江安河绿道交叉口东北200米,103.803245,30.776219,3.8,0,"{""open"":""9:00"",""close"":""17:00""}",风景名胜;风景名胜相关;旅游景点,温江区，建议上午参观，游览1-2小时。非正式公共景点，需提前确认是否对外开放及预约方式。注意着装得体。,以“世界公共经济组织”命名，带有国际组织色彩，实际为特色博物馆或会展场馆，展示国宴礼仪、外交文化及相关历史。,2.0,温江区
422,老泥窖酒博物馆,-,科教文化服务,洛带镇三峨街998号16栋附101号,104.329665,30.633168,3.9,0,"{""open"":""9:00"",""close"":""17:00""}",科教文化服务;科教文化场所;科教文化场所,龙泉驿区，建议下午参观，约1小时。可了解传统酿酒工艺，部分展区可品尝，建议自驾或地铁前往，注意酒后勿驾车。,展示老泥窖酒传统酿造技艺与酒文化历史，体现川酒独特的地域酿造环境和窖池文化，是地方工业遗产的活态展示。,1.5,龙泉驿区
423,益园民俗博物馆,-,科教文化服务,迎宾路235号郫都区农科村景区,103.794231,30.819525,4.0,0,"{""open"":""9:00"",""close"":""17:00""}",科教文化服务;博物馆;博物馆,郫都区，建议周末上午去，游览1-2小时。多为民间收藏，门票可能免费或低价，可提前电话咨询，适合民俗爱好者。,益园民俗博物馆集中展示川西平原的民间生活器物、农耕用具和民俗场景，反映郫都地区深厚的乡土文化传统。,2.0,郫都区
424,竹编博物馆,-,风景名胜,重庆路与044乡道交叉口西300米,103.590953,30.651383,4.1,0,"{""open"":""9:00"",""close"":""17:00""}",风景名胜;风景名胜相关;旅游景点,崇州市，建议春秋季前往，游览1-2小时。道明竹编为非遗，可体验编织，适合亲子游，注意爱护展品，部分体验收费。,依托崇州道明镇竹编技艺，展示竹编的历史演变与创新作品，体现川西林盘竹文化与匠人精神的当代传承。,2.0,崇州市
425,中航工业航空三线博物馆,-,科教文化服务,安仁古镇迎宾路80号(近金桂公馆酒店)建川博物馆聚落内,103.616705,30.500341,4.2,0,"{""open"":""9:00"",""close"":""17:00""}",科教文化服务;博物馆;博物馆,大邑县，建议自驾前往，需半天时间。三线建设遗址改造，建议提前预约，山路较多，注意行车安全，适合历史爱好者。,记录中航工业在三线建设时期的历史，展示当年航空工厂的生产场景与生活遗迹，是研究中国国防工业史的重要窗口。,2.0,大邑县
426,沱江文化博物馆,-,科教文化服务,洛淮路,104.545809,30.672638,4.0,0,"{""open"":""9:00"",""close"":""17:00""}",科教文化服务;博物馆;博物馆,金堂县，建议上午参观，约1.5小时。可结合沱江小三峡游览，免费开放，注意开放时间，适合对河流文化感兴趣者。,以沱江流域为脉络，展示其水文变迁、航运发展及沿岸民俗，强调水与城、水与人的关系，是地方水文化科普基地。,1.5,金堂县
427,巴蜀汉陶艺术博物馆,-,科教文化服务,古城大道333号附3号,103.923475,30.899075,3.9,0,"{""open"":""9:00"",""close"":""17:00""}",科教文化服务;博物馆;博物馆,郫都区，建议下午参观，约1小时。馆藏汉代陶器较多，需注意保护展品，部分可触摸复制品，适合文博爱好者。,巴蜀汉陶艺术博物馆收藏大量汉代陶俑、陶器，反映巴蜀地区汉代的社会生活与丧葬习俗，具有较高的艺术与考古价值。,1.5,郫都区
428,萝卜干博物馆,-,科教文化服务,安唐路与茶花路交叉口南200米,103.815508,30.898827,3.8,0,"{""open"":""9:00"",""close"":""17:00""}",科教文化服务;科教文化场所;科教文化场所,郫都区，建议上午去，约1小时。展示萝卜干制作工艺，可试吃购买，适合美食爱好者，注意开放时间，建议电话确认。,以川内特色萝卜干为主题，展示其腌制传统与产业文化，是地方农业品牌与饮食民俗结合的代表性小微博物馆。,1.0,郫都区
429,彭州中医药博物馆,-,风景名胜,护国东四巷39号,103.966575,30.941975,4.0,0,"{""open"":""9:00"",""close"":""17:00""}",风景名胜;风景名胜相关;旅游景点,彭州市，建议春秋季前往，游览1-2小时。可了解中药炮制展示，部分有养生体验，注意馆内通风，适合中医爱好者。,彭州中药材资源丰富，博物馆以中医药历史、道地药材和炮制技艺为主，彰显川派中医药文化的深厚底蕴。,2.0,彭州市
430,彭州市博物馆,-,科教文化服务,金彭西路403号,103.928912,30.98747,4.1,0,"{""open"":""9:00"",""close"":""17:00""}",科教文化服务;博物馆;博物馆,彭州市区，建议上午参观，约1-2小时。馆藏以宋代金银器、瓷器为主，免费开放，注意周一闭馆，可结合龙兴寺游览。,彭州市博物馆是地方综合性博物馆，重点展示彭州出土的宋代金银器窖藏，工艺精湛，是研究宋代社会经济的重要实物。,1.5,彭州市
431,时光记忆博物馆,-,科教文化服务,大同街道界牌村退役军人服务站北侧60米,104.3137,30.881819,3.9,0,"{""open"":""9:00"",""close"":""17:00""}",科教文化服务;博物馆;博物馆,青白江区，建议下午参观，约1小时。以老物件怀旧展为主，适合拍照打卡，免费或低价，注意避开周末人流高峰。,时光记忆博物馆通过还原20世纪生活场景，如老式家具、家电、票据等，唤起集体记忆，是城市变迁的缩影。,1.5,青白江区
432,仁源物语唐卡博物馆,-,科教文化服务,吉祥街388号,103.624739,30.505295,4.0,0,"{""open"":""9:00"",""close"":""17:00""}",科教文化服务;博物馆;博物馆,大邑县，建议自驾前往，游览1小时。唐卡精美，需保持安静，尊重宗教文化，部分区域禁止拍照，注意遵守规定。,仁源物语唐卡博物馆展示藏传佛教唐卡艺术，涵盖不同画派，体现汉藏文化交流，具有宗教艺术与民族文化双重价值。,1.5,大邑县
433,石文化博物馆(天乡路二段),-,科教文化服务,生态大道踏水段299号,103.817928,30.714339,3.8,0,"{""open"":""9:00"",""close"":""17:00""}",科教文化服务;博物馆;博物馆,温江区天乡路二段，建议上午参观，约1小时。展示各类奇石与石雕，免费开放，注意观赏安全，适合地质或艺术爱好者。,石文化博物馆以观赏石、化石、矿物晶体等为主，普及石文化知识，体现自然造化与人文赏石传统的结合。,1.0,温江区
434,成就篇,-,风景名胜,八角井街中国·洛带博客小镇西部客家博物馆内,104.32954,30.634853,4.0,0,"{""open"":""全天""}",风景名胜;风景名胜相关;旅游景点,龙泉驿区，建议结合桃花故里或洛带古镇游览，约1小时。可能为展览或陈列馆，建议先电话确认开放状态。,“成就篇”疑为专题陈列展，展示龙泉驿区发展成就或特定历史阶段成果，常见于党建或地方规划展示馆中。,2.0,龙泉驿区
435,抗战文物陈列·飞虎奇兵博物馆,-,科教文化服务,安仁镇迎宾路建川博物馆聚落内,103.618961,30.498334,4.2,0,"{""open"":""9:00"",""close"":""17:00""}",科教文化服务;科教文化场所;科教文化场所,大邑县，建议上午参观，约1.5小时。建川博物馆聚落内，需购买聚落门票，馆内史料珍贵，勿拍摄展品，注意游览秩序。,飞虎奇兵博物馆纪念抗战时期美国援华空军“飞虎队”，通过实物、图片和文献，展现中美联合抗战的历史情谊。,2.0,大邑县
436,郫县豆瓣博物馆,-,科教文化服务,战旗村乡村十八坊内(东侧),103.793134,30.938905,4.2,0,"{""open"":""9:00"",""close"":""17:00""}",科教文化服务;博物馆;博物馆,建议上午参观，游览1-2小时。门票约20元。可现场观摩豆瓣翻晒，注意防嗮。周末人少，适合拍照打卡。,郫县豆瓣是川菜之魂，博物馆展示其三百余年酿造史与非遗技艺，可了解传统日晒夜露的发酵过程。,1.5,郫都区
437,简阳酒厂博物馆,-,科教文化服务,新街与天星南一路交叉口东20米,104.523836,30.426582,3.8,0,"{""open"":""9:00"",""close"":""17:00""}",科教文化服务;博物馆;博物馆,需提前电话预约参观，游览约1小时。建议工作日前往，免费开放。厂区有酒糟味，建议穿耐脏鞋。,简阳酒厂为地方老字号，博物馆陈列传统固态发酵酿酒器具与历史，体现川酒文化在沱江流域的传承。,1.0,简阳市
438,歼-5战斗机,-,风景名胜,迎宾路二段550号建川博物馆聚落内,103.621815,30.500898,4.3,0,"{""open"":""全天""}",风景名胜;风景名胜相关;旅游景点,位于建川博物馆聚落内，需购买聚落门票（约50元）。游览30分钟，建议结合抗战系列展馆一并参观。,歼-5战斗机是中国自行制造的首型喷气式飞机，此架为退役实物，见证新中国航空工业起步，具有国防教育意义。,0.5,大邑县
439,崇州市非遗风筝馆,-,科教文化服务,彭庙上街90号,103.699073,30.608501,4.0,0,"{""open"":""9:00"",""close"":""17:00""}",科教文化服务;科教文化场所;科教文化场所,免费开放，游览约1小时。建议周末下午前往，常有亲子风筝制作体验活动。馆内可购买小型风筝纪念。,崇州风筝为成都市级非遗，馆藏传统沙燕、龙形等扎糊技艺精品，展示川西民间工艺与民俗生活。,1.5,崇州市
440,民国·刘文辉佩剑,-,风景名胜,安仁镇金桂街15号大邑刘氏庄园博物馆内,103.627816,30.506113,4.3,0,"{""open"":""全天""}",风景名胜;风景名胜相关;旅游景点,展品位于建川博物馆聚落内，需购买聚落门票。游览15分钟，建议与刘文彩庄园相关展馆联看。,刘文辉为民国西康省主席，此佩剑为私人遗物，反映川军将领历史，是研究民国军事与地方势力的实物佐证。,0.5,大邑县
441,天府农耕文化博物馆,-,科教文化服务,唐昌镇战旗村4组303号,103.793398,30.938715,4.0,0,"{""open"":""9:00"",""close"":""17:00""}",科教文化服务;博物馆;博物馆,免费开放，游览1.5小时。建议上午去，光线好。馆内有互动农耕体验区，适合亲子家庭，注意周一闭馆。,博物馆系统展示川西平原从古蜀到近现代农耕工具、稻作文化及节气习俗，是理解天府之国农业根基的窗口。,2.0,郫都区
442,华希昆虫博物馆,-,科教文化服务,青城山大道1号附1号,103.596204,30.895181,4.2,0,"{""open"":""9:00"",""close"":""17:00""}",科教文化服务;博物馆;博物馆,门票约20元，游览1-2小时。建议春夏季节去，昆虫标本丰富。室内恒温，需保持安静，禁止闪光灯。,华希昆虫博物馆是亚洲最大昆虫博物馆之一，收藏数十万件标本，含众多珍稀与模式种，兼具科研与科普价值。,2.0,都江堰市
443,邛窑遗址博物馆(邛崃市博物馆),-,科教文化服务,邛三彩大道中段,103.444408,30.394945,4.1,0,"{""open"":""9:00"",""close"":""17:00""}",科教文化服务;博物馆;博物馆,免费开放，游览约2小时。建议下午参观，光线适合遗址区。部分区域露天，注意防晒。周一闭馆。,邛窑是隋唐至宋四川最大民窑，以彩绘瓷和乳浊釉闻名。遗址博物馆保护性展示窑包与作坊，是南方丝绸之路陶瓷贸易的见证。,2.0,邛崃市
444,桂花龙窑博物馆,-,科教文化服务,桂花镇双红村14组1号,103.777377,31.033125,3.8,0,"{""open"":""9:00"",""close"":""17:00""}",科教文化服务;博物馆;博物馆,免费开放，游览约1小时。建议周末前往，可体验手工拉坯（另收费）。窑址在乡村，自驾更方便。,桂花龙窑为彭州宋代古窑遗址，沿用传统龙窑柴烧技艺，博物馆展示黑釉、兔毫盏等特色器物，传承川瓷记忆。,1.5,彭州市
445,成都乌木艺术博物馆,-,科教文化服务,青城大道中兴镇,103.61484,30.923442,4.0,0,"{""open"":""9:00"",""close"":""17:00""}",科教文化服务;博物馆;博物馆,门票约60元，游览1-2小时。建议下午去，光线适合观赏乌木纹理。馆内较阴凉，可带薄外套。,乌木（阴沉木）为川西河流沉积数千年形成的碳化古木。博物馆陈列巨型乌木雕刻，兼具自然奇观与巴蜀审美。,1.5,都江堰市
446,安仁古镇,4A,风景名胜,安仁镇,103.62403,30.505134,4.5,0,"{""open"":""全天""}",风景名胜;风景名胜;国家级景点,古镇免费，部分公馆需联票（约50元）。建议游览半天，傍晚灯光最美。节假日人多，平日体验更佳。,安仁古镇是中国博物馆小镇，拥有民国公馆建筑群与刘氏庄园，浓缩川西近代庄园文化与半殖民地时期地方精英生活。,3.5,大邑县
447,四川建川博物馆聚落,4A,科教文化服务,安仁古镇(西南角),103.619753,30.500369,4.7,50,"{""open"":""9:00"",""close"":""17:30""}",科教文化服务;博物馆;博物馆,门票约50元，游览需3-4小时。建议上午早到，分抗战、民俗、红色等系列展馆。园区大，穿舒适鞋。,建川博物馆聚落由樊建川创建，拥有数十座主题馆，收藏抗战、文革、抗震救灾等实物，是民间记忆与公共史学的重镇。,2.5,大邑县
448,安仁古镇-刘元瑄公馆,-,风景名胜,安仁镇安仁古镇(西北角),103.61828,30.508787,4.3,0,"{""open"":""9:00"",""close"":""17:00""}",风景名胜;风景名胜相关;旅游景点,公馆位于安仁古镇内，需购买古镇联票。游览约30分钟，建议结合刘氏庄园参观。室内木雕精美，注意保护。,刘元瑄为刘文彩之侄，其公馆建于民国，中西合璧风格，展示川西军阀家族宅邸布局与近代建筑装饰艺术。,0.8,大邑县
449,安仁古镇-陈月生公馆,-,风景名胜,安仁镇安仁古镇(西北角),103.618327,30.509071,4.2,0,"{""open"":""9:00"",""close"":""17:00""}",风景名胜;风景名胜相关;旅游景点,位于安仁古镇，需联票。游览30分钟，建议上午人少时参观。公馆内常设民国生活展，可拍照。,陈月生公馆为民国时期地方富商宅邸，体现安仁商业繁荣与公馆建筑群特色，现作为古镇文化展示空间开放。,0.8,大邑县
450,安仁古镇-张旭初公馆,-,风景名胜,安仁镇安仁古镇(西北角),103.615791,30.509942,4.1,0,"{""open"":""9:00"",""close"":""17:00""}",风景名胜;风景名胜相关;旅游景点,位于安仁古镇，需联票。游览20-30分钟，建议与周边公馆串联参观。内部庭院适合休憩，注意文物保护。,张旭初公馆是安仁民国公馆群之一，砖木结构、天井院落典型，反映川西民居与外来风格融合，见证古镇历史肌理。,0.8,大邑县
451,安仁古镇-袍哥楼,-,风景名胜,安仁古镇红星街33号,103.61864,30.510412,4.0,0,"{""open"":""9:00"",""close"":""17:00""}",风景名胜;风景名胜相关;旅游景点,建议上午游览，约1小时。可购买安仁古镇通票（含刘氏庄园等），袍哥楼为外观参观，无需单独门票。注意古镇内石板路湿滑。,袍哥楼是民国时期安仁镇袍哥组织（地方帮会）的活动据点，建筑中西合璧，反映了当时四川基层社会的特殊权力结构与帮会文化。,0.5,大邑县
452,安仁古镇-南华宫,-,风景名胜,红星街安仁古镇(西北角),103.618707,30.510646,4.0,0,"{""open"":""9:00"",""close"":""17:00""}",风景名胜;风景名胜相关;旅游景点,全天可参观，约30分钟。位于安仁古镇核心区，无需单独购票。可结合刘氏庄园、建川博物馆一起游览，建议穿舒适步行鞋。,南华宫是清代广东移民所建的会馆，供奉南华老祖（六祖慧能），是安仁古镇移民文化的重要见证，体现湖广填四川后的会馆建筑特色。,0.5,大邑县
453,安仁古镇-郑子权公馆,-,风景名胜,安仁镇安仁古镇(西北角),103.61858,30.508546,4.1,0,"{""open"":""9:00"",""close"":""17:00""}",风景名胜;风景名胜相关;旅游景点,建议上午或傍晚参观，约20分钟。属于安仁古镇公馆建筑群，部分公馆对外开放，需购通票。注意保持安静，尊重私人空间。,郑子权公馆建于民国时期，为当地乡绅宅邸，建筑融合川西民居与西式风格，是安仁古镇“公馆文化”的代表之一，见证了近代地方精英生活。,0.8,大邑县
454,安仁古镇-刘体中公馆,-,风景名胜,安仁镇安仁古镇(西北角),103.618579,30.508812,4.0,0,"{""open"":""9:00"",""close"":""17:00""}",风景名胜;风景名胜相关;旅游景点,建议上午游览，约20分钟。可购买安仁古镇联票（含多个公馆），单独参观不划算。注意公馆内木结构建筑禁止吸烟。,刘体中公馆为民国时期刘氏家族成员宅邸，刘氏家族是安仁望族，近代出过多位军政要员。公馆建筑精美，反映当时川西豪门的生活与权力网络。,0.8,大邑县
455,黄龙溪古镇-月亭,-,风景名胜,黄龙溪镇镇龙街78号黄龙溪古镇景区,103.970116,30.313286,4.0,0,"{""open"":""全天""}",风景名胜;风景名胜相关;旅游景点,建议傍晚游览，约30分钟。黄龙溪古镇免费进入，月亭为古镇内观景亭。夏季傍晚可在亭中纳凉，欣赏锦江夜景，注意防蚊。,月亭位于黄龙溪古镇核心区，是典型的川西园林亭阁。黄龙溪有1700多年历史，月亭所在区域曾是水运码头繁华地带，现为游客休憩观景之处。,0.5,双流区
456,古镇游乐院,-,风景名胜,镇龙街,103.971138,30.317212,4.0,0,"{""open"":""全天""}",风景名胜;风景名胜相关;旅游景点,适合亲子游，建议游玩1-2小时。古镇内小型游乐设施，按项目收费。周末人多，建议工作日前往。注意儿童安全，看管好随身物品。,古镇游乐院是黄龙溪古镇内依托传统街区设置的游乐场所，结合川西民俗元素，为游客提供休闲娱乐体验，反映古镇旅游从观光向互动体验的转型。,1.0,双流区
457,灌县古城,4A,风景名胜,灌口街道陈家巷,103.620012,30.998567,4.5,0,"{""open"":""全天""}",风景名胜;风景名胜相关;旅游景点,建议游玩半天，免费进入。与都江堰景区紧邻，可安排一日游。古城内可品尝灌县小吃，夜晚灯光更美。注意节假日人流量大。,灌县古城始建于明代，是都江堰市的老城核心区，保存有明清城墙、文庙、清真寺等历史建筑，是川西地区重要的历史文化名城，见证了都江堰水利工程的千年滋养。,2.0,都江堰市
458,五凤溪古镇,4A,风景名胜,五凤镇五凤溪景区,104.483152,30.605714,4.4,0,"{""open"":""全天""}",风景名胜;风景名胜;国家级景点,建议春季或秋季游览，游玩2-3小时。古镇免费，部分内部景点收费。可从成都东站乘大巴前往。注意山路弯道多，自驾需谨慎。,五凤溪古镇依山傍水，因五座山峰形似凤凰而得名，已有千年历史。曾是沱江航运重要码头，保存有大量明清建筑，是成都平原与川东地区商贸往来的历史见证。,3.0,金堂县
459,五凤溪古镇-尚义桥,-,风景名胜,小凤街五凤溪古镇景区五凤溪古镇景区内,104.483161,30.60691,4.2,0,"{""open"":""全天""}",风景名胜;风景名胜相关;旅游景点,建议上午游览，约15分钟。尚义桥位于五凤溪古镇内，免费通行。桥面较窄，注意礼让。雨后桥面湿滑，建议穿防滑鞋。,尚义桥是五凤溪古镇保存完好的清代石拱桥，横跨黄水河，连接古镇两岸。桥名取“崇尚义气”之意，展现了当地重视道义的传统价值观与古代桥梁建筑技艺。,0.5,金堂县
460,五凤溪古镇-玉水寨,-,风景名胜,五凤溪古镇内,104.48283,30.606946,4.1,0,"{""open"":""全天""}",风景名胜;风景名胜相关;旅游景点,建议上午或日落时分游览，约30分钟。玉水寨为五凤溪古镇内水景，免费。春秋季景色最佳，夏季注意防晒，冬季湿冷需保暖。,玉水寨是五凤溪古镇中利用自然溪流打造的景观节点，代表了川西古镇“水寨”形态。历史上五凤溪因水而兴，玉水寨所在区域曾为船工歇脚、货物转运之地。,0.5,金堂县
461,五凤溪古镇-贺家祠堂,-,风景名胜,五凤溪古镇,104.48407,30.603407,4.0,0,"{""open"":""全天""}",风景名胜;风景名胜相关;旅游景点,建议上午参观，约20分钟。贺家祠堂位于五凤溪古镇内，部分时间开放，可咨询当地游客中心。注意祠堂为木质结构，禁止明火。,贺家祠堂是五凤溪古镇贺氏家族祭祀祖先的场所，始建于清代。贺氏为当地望族，祠堂建筑具有典型川西宗祠风格，反映了中国传统宗族制度与移民社会的凝聚力。,0.8,金堂县
462,五凤溪古镇-凤池,-,风景名胜,五凤溪古镇内(西侧),104.479795,30.605628,4.0,0,"{""open"":""全天""}",风景名胜;风景名胜相关;旅游景点,建议春秋季游览，约30分钟。凤池为五凤溪古镇内池塘景观，免费。可结合古镇徒步路线，清晨水面倒影最美，适合摄影。,凤池是五凤溪古镇中心的一处人工池塘，因五凤溪“五凤朝阳”传说而得名。池水与古镇建筑相映成趣，是研究川西古镇水景营造与风水布局的重要实例。,0.5,金堂县
463,三道堰古镇,4A,风景名胜,永宁路南一段,103.915886,30.867179,4.4,0,"{""open"":""全天""}",风景名胜;风景名胜;风景名胜,建议夏季前往玩水，游玩2-3小时。古镇免费，但水上项目收费。从成都市区自驾约1小时。注意夏季汛期水位变化，遵守安全提示。,三道堰古镇地处徐堰河与柏条河交汇处，因古有“三道堰”水利设施而得名。作为川西著名水乡，其堰渠系统是都江堰灌区的重要组成部分，体现了古人治水智慧。,2.5,郫都区
464,夹关古镇,-,风景名胜,麻柳树客栈西,103.21195,30.2554,4.0,0,"{""open"":""全天""}",风景名胜;风景名胜;风景名胜,建议春秋季游览，游玩1-2小时。古镇免费，较为原生态。地处山区，交通不便，建议自驾。注意山区天气多变，备好雨具。,夹关古镇位于邛崃山脉腹地，自古为川藏茶马古道重要关隘，因两山夹峙、一水中流而得名。现存古街、古桥与碉楼，是研究古代商贸与军事防御体系的活化石。,2.0,邛崃市
465,西来古镇,4A,风景名胜,西来镇寻古街1号,103.510391,30.300515,4.3,0,"{""open"":""全天""}",风景名胜;风景名胜;风景名胜,建议春季（3-4月）赏柑橘花或秋季（9-10月）品果时前往，游玩1-2小时。古镇免费，可品尝特色血旺。注意周末游客较多，建议早到。,西来古镇始建于南北朝时期，因文风兴盛、文人辈出而得名“西来”。古镇保存有明清街巷和文风塔，是成都平原上典型的耕读文化古镇，见证了川西教育传统。,2.0,蒲江县
466,城厢古城,-,风景名胜,城厢镇大东街与公安街交叉口东50米,104.321624,30.855901,4.2,0,"{""open"":""全天""}",风景名胜;风景名胜相关;旅游景点,建议春秋季游览2-3小时，古镇免费开放。青白江城区可乘公交直达，古城内部分古迹（如绣川书院）需登记参观，周一闭馆。,城厢古城是成都平原少有的保存完整的县级古城格局，始建于宋代，拥有千年文脉，是著名哲学家贺麟故里，古城墙与西街老宅承载着川西市井记忆。,2.5,青白江区
467,火井古镇,-,风景名胜,康庄路与桂花街交叉口东南20米,103.237838,30.381468,4.0,0,"{""open"":""全天""}",风景名胜;风景名胜;风景名胜|地名地址信息;热点地名;热点地名,春秋季最佳，游览约1-2小时。古镇免费，无门票。建议自驾前往，邛崃市区有班车。老街石板路湿滑，注意防滑。,火井古镇是古代天然气井所在地，是世界上最早发现并使用天然气的地方之一，素有“中国第一火井”之称，蕴含深厚的盐井文化和川西商贸历史。,1.5,邛崃市
468,石桥古镇,-,风景名胜,大街与和平横街交叉口东南40米,104.521744,30.421126,4.0,0,"{""open"":""全天""}",风景名胜;风景名胜;风景名胜,建议上午游览，时长2小时左右，免费开放。可从简阳城区乘公交前往，古镇内餐饮较少，建议自带饮水。,石桥古镇位于沱江畔，曾是川中重要水陆码头，明清时期商贾云集，现存老街区与吊脚楼展现了简阳码头商贸的昔日繁华。,1.5,简阳市
469,大同古镇,-,风景名胜,大龙路与邛水路交叉口西60米,103.337275,30.501025,4.0,0,"{""open"":""全天""}",风景名胜;风景名胜相关;旅游景点,春秋季适宜，游览约1-2小时，免费开放。自驾方便，道路较窄注意会车。古镇无门票，可顺游邛崃天台山。,大同古镇是邛崃山区保存较好的川西民居聚落，以清代木结构老屋和古朴街巷著称，反映了山乡场镇的生活传统与茶马古道支线的影响。,1.5,邛崃市
470,古镇磁峰,-,风景名胜,五省宫街与钟鼓楼路交叉口南20米,103.778489,31.102587,3.9,0,"{""open"":""全天""}",风景名胜;风景名胜相关;旅游景点,夏季避暑好去处，游览2小时，免费开放。彭州山区气候凉爽，建议带外套。自驾经彭白路可达，山路弯多需谨慎驾驶。,磁峰古镇地处彭州山区，因古时出产磁铁矿而得名，历史上为山区物资集散地，保留着川西山地场镇格局和土溪河畔的自然风光。,2.0,彭州市
471,西蜀古城,-,风景名胜,古城镇蜀汉中街90号,103.928511,30.895856,4.0,0,"{""open"":""全天""}",风景名胜;风景名胜;国家级景点,建议游览1-2小时，免费开放。可从郫都城区乘公交到达，古城内街道狭窄，建议步行参观，周边有农家乐可用餐。,西蜀古城又称“古城遗址”，位于郫都区古城镇，相传为古蜀国早期都邑之一，毗邻三道堰，承载了古蜀文明发祥地的深厚历史记忆。,2.0,郫都区
472,万年古镇,-,风景名胜,官仓路东100米,103.958894,31.132275,4.0,0,"{""open"":""全天""}",风景名胜;风景名胜;风景名胜,春秋季游览最佳，时长1-2小时，免费开放。自驾经彭州至白水河方向，古镇规模较小，可结合附近丹景山、白鹿镇一日游。,万年古镇位于彭州北部山区，因清代场镇历史而得名，地处湔江支流畔，是通往龙门山旅游带的重要节点，保留有老街和旧式民居。,1.5,彭州市
473,升庵古镇,-,风景名胜,升庵西路与石坝街交叉口西北20米,104.123079,30.854826,4.0,0,"{""open"":""全天""}",风景名胜;风景名胜;风景名胜,建议下午游览，时长1-2小时，免费开放。可乘地铁3号线至钟楼站后转公交，古镇与桂湖公园相连，可一并参观（桂湖需购票）。,升庵古镇因明代状元杨慎（号升庵）而得名，新都杨氏家族文风鼎盛，古镇内保留有杨升庵祠堂遗迹，是川西人文历史的重要纪念地。,2.0,新都区
474,万岁古城,-,风景名胜,新蒲路与和平上街交叉口东320米,103.747633,30.341155,4.0,0,"{""open"":""全天""}",风景名胜;风景名胜;风景名胜,春秋季游览，时长约1小时，免费开放。新津城区自驾约20分钟，古镇规模不大，可与观音寺、花舞人间等景点串联游览。,万岁古城相传为蜀汉时期诸葛亮屯兵之处，地处岷江冲积平原，古城遗址与周边田园风光相映，承载了新津地区三国时期的军事文化记忆。,1.5,新津区
475,弥牟古镇,-,风景名胜,弥牟下街与唐军路交叉口西南20米,104.206446,30.88484,4.0,0,"{""open"":""全天""}",风景名胜;风景名胜;风景名胜,建议游览1-2小时，免费开放。可从青白江城区乘公交到达，古镇以三国文化为特色，镇上有餐馆，适合半日游。,弥牟古镇是三国时期蜀汉屯兵重镇，现存旱八阵图遗址，是诸葛亮推演兵法的重要历史遗迹，被誉为“三国圣地”，文化价值极高。,1.5,青白江区
476,安仁古镇-安惠里古街,4A,风景名胜,安仁镇安惠里古街,103.627894,30.506747,4.5,0,"{""open"":""全天""}",风景名胜;风景名胜相关;旅游景点,建议游览2-3小时，安仁古镇整体免费，安惠里古街可自由漫步。建议春秋季前往，街内小吃众多，可品尝肥肠血旺。,安惠里古街是安仁古镇的核心老街，连接刘氏庄园与建川博物馆，青石板路两侧保留民国公馆建筑群，体现了川西近代庄园文化与商业交融。,2.0,大邑县
477,三道堰古镇牌坊,-,风景名胜,三道堰镇沙西线与沙三线交汇处,103.939521,30.852341,4.0,0,"{""open"":""全天""}",风景名胜;风景名胜相关;旅游景点,建议游览1小时，免费开放。牌坊是地标，可拍照打卡。郫都区乘公交可达，周边有河畔茶座，适合休闲半日游。,三道堰古镇因柏条河、徐堰河、走马河三条河堰而得名，牌坊为古镇标志性建筑，象征水乡门户，反映了川西水运与灌溉文化的悠久历史。,1.0,郫都区
478,五凤溪古镇-关圣宫,4A,风景名胜,五凤溪古镇,104.483294,30.607253,4.4,0,"{""open"":""全天""}",风景名胜;风景名胜相关;旅游景点,关圣宫位于五凤溪古镇内，古镇免费，登宫需爬坡，建议穿舒适鞋。春秋季最佳，游览2-3小时，可乘公交至金堂五凤镇。,关圣宫建于清代，是五凤溪古镇保存最完好的会馆建筑之一，供奉关羽，由湖广移民修建，见证了沱江码头商贸与移民文化的融合。,2.0,金堂县
479,黄龙溪古镇-老龙门,4A,风景名胜,黄龙溪镇镇龙街78号黄龙溪古镇景区,103.966909,30.321579,4.5,0,"{""open"":""全天""}",风景名胜;风景名胜相关;旅游景点,老龙门为黄龙溪古镇入口标志，古镇免费开放。建议避开节假日周末，夏季可戏水，游览3-4小时，成都市区乘公交或自驾可达。,黄龙溪老龙门是千年水码头古镇的正门，龙形雕塑与古榕树相映，象征黄龙溪“火龙”民俗传统，是川西坝子最著名的古镇文化地标之一。,2.5,双流区
480,铁溪古村,-,风景名胜,新邛路与成新蒲快速路交叉口东220米,103.764265,30.394061,4.0,0,"{""open"":""全天""}",风景名胜;风景名胜相关;旅游景点,建议自驾前往，游览约1-2小时，免费开放。村内道路为石板路，雨后湿滑注意安全，可结合新津梨花溪春季赏花。,铁溪古村是川西少有的保存完整的古村落，以清代川西民居和铁溪河古桥为特色，体现了农耕时代聚族而居的乡土建筑智慧。,1.0,新津区
481,城厢古镇茶花四组农民健身文化广场,-,风景名胜,建设路45号,104.320362,30.864497,3.8,0,"{""open"":""全天""}",风景名胜;公园广场;公园广场,免费开放，全天可游。建议春季或秋季傍晚前往，当地居民较多，适合体验乡村生活，注意蚊虫。,位于城厢古镇，是当地居民健身休闲的公共空间，体现了成都近郊乡村社区文化与古镇日常生活的融合。,0.5,青白江区
482,金沙古镇,-,风景名胜,黄忠路与金博路交叉口北100米,104.011825,30.685925,4.0,0,"{""open"":""全天""}",风景名胜;风景名胜;风景名胜,免费开放，建议白天游览2-3小时。古镇内街巷交错，可步行游览，注意部分区域为居民区，保持安静。,金沙古镇依托金沙遗址文化打造，再现古蜀文明风貌，是成都平原古蜀文化的重要展示窗口。,1.5,金牛区
483,安仁古镇-戏台,4A,风景名胜,安仁镇金桂街15号刘文辉旧居陈列馆内,103.626355,30.510311,4.5,0,"{""open"":""全天""}",风景名胜;风景名胜相关;旅游景点,免费参观，建议结合安仁古镇整体游览，安排半天时间。戏台常有民俗表演，可提前查询活动时间。,安仁古镇戏台是川西传统戏台建筑，承载着川剧等地方戏曲文化，是安仁民国风情与民俗活动的重要载体。,1.0,大邑县
484,泰安古镇-古黄鹤桥,-,风景名胜,驿道街青城后山,103.489324,30.922029,4.0,0,"{""open"":""全天""}",风景名胜;风景名胜相关;旅游景点,免费开放，建议上午前往，光线适合拍照。古桥周边道路较窄，注意安全，游览时长约1小时。,古黄鹤桥横跨味江河，是泰安古镇的标志性古桥，见证了青城山后山古驿道的历史交通与商贸往来。,1.5,都江堰市
485,海窝子古镇-金牌坊,-,风景名胜,通济镇鹿坪街8号,103.847013,31.118274,4.0,0,"{""open"":""全天""}",风景名胜;风景名胜相关;旅游景点,免费开放，建议白天游览，结合海窝子古镇整体行程。牌坊周围为步行区，注意保护古建筑。,金牌坊是海窝子古镇的历史地标，雕刻精美，体现了川西古镇的牌坊文化与明清时期的民间工艺。,1.5,彭州市
486,海窝子古镇-瞿上古都牌坊,-,风景名胜,通济镇鹿坪街11-12号海窝子古镇内(北侧),103.853185,31.125599,4.0,0,"{""open"":""全天""}",风景名胜;风景名胜;风景名胜,免费开放，建议与海窝子古镇其他景点串联游览，步行即可，游览时长约1小时，注意防晒。,瞿上古都牌坊纪念古蜀先民活动遗迹，海窝子相传为古蜀王柏灌、鱼凫故都，是古蜀文明发源地之一。,1.5,彭州市
487,都江堰景区,5A,风景名胜,公园路,103.610529,31.003363,4.7,80,"{""open"":""8:00"",""close"":""18:00""}",风景名胜;风景名胜;国家级景点,门票80元/人，建议游玩3-4小时。最佳时间为春秋两季，避开节假日高峰。景区较大，建议穿舒适鞋，可乘观光车。,都江堰是战国时期李冰父子主持修建的宏大水利工程，至今仍灌溉成都平原，是世界文化遗产和天府文化源头。,4.0,都江堰市
488,三道堰古镇-水乡文化广场,-,风景名胜,永宁路南一段三道堰古镇(东南角),103.917751,30.865045,4.1,0,"{""open"":""全天""}",风景名胜;公园广场;城市广场,免费开放，建议傍晚游览，可欣赏水乡夜景。广场常有居民活动，适合休闲漫步，注意随身物品。,三道堰是川西著名水乡，水文化广场以水为魂，展现成都平原湿地水系与古堰灌溉文化的紧密联系。,1.0,郫都区
489,安仁古镇建川聚落-红色广场,-,风景名胜,安仁古镇迎宾路80号(近金桂公馆酒店)建川博物馆聚落内,103.619825,30.498875,4.0,0,"{""open"":""全天""}",风景名胜;公园广场;城市广场,免费进入建川聚落区域，建议参观博物馆聚落时一并游览。红色广场适合拍照，注意开放时间。,建川聚落红色广场是安仁古镇近代史教育的重要场所，以红色文化为主题，纪念抗战与革命岁月。,1.0,大邑县
490,街子古镇,4A,风景名胜,惠丰路1号,103.550022,30.813673,4.5,0,"{""open"":""全天""}",风景名胜;风景名胜;风景名胜,古镇免费进入，部分小景点收费。建议游玩半天至一天，春秋最佳。周末人多，可选择平日前往，品尝特色小吃。,街子古镇是川西坝子保存完好的古镇之一，有千年古刹光严禅院，是唐代诗人唐求故里，文化底蕴深厚。,3.0,崇州市
491,平乐古镇,4A,风景名胜,福惠街136号,103.33049,30.34014,4.4,0,"{""open"":""全天""}",风景名胜;风景名胜;国家级景点,免费开放，建议游玩2-3小时，夏季可玩水。古镇街道较窄，注意拥挤，适合傍晚散步，品尝奶汤面。,平乐古镇是南方丝绸之路上的重要驿站，素有“一平二固三夹关”之称，保留大量川西民居与古桥古树。,3.5,邛崃市
492,泰安古镇,-,风景名胜,青城后山泰安古镇中段驿道街232号,103.490619,30.920645,4.2,0,"{""open"":""全天""}",风景名胜;风景名胜;风景名胜,免费开放，建议游玩半天。夏季避暑佳地，紧邻青城后山，可安排一日游。山路湿滑，注意穿防滑鞋。,泰安古镇位于青城后山脚下，历史悠久，自古为进山朝拜和商旅必经之地，有古寺泰安寺，环境清幽。,2.5,都江堰市
493,海窝子古镇,-,风景名胜,通济镇鹿坪街11-12号,103.852653,31.121621,4.1,0,"{""open"":""全天""}",风景名胜;风景名胜;风景名胜,免费开放，建议白天游览2小时。古镇沿湔江而建，可品尝当地冷水鱼，注意雨季水位变化。,海窝子古镇相传为古蜀王柏灌、鱼凫建都之地，是古蜀文明的重要发祥地，保留川西山地古镇风貌。,2.0,彭州市
494,临邛古城,3A,风景名胜,大北街与步行街交叉口西100米,103.464349,30.41284,4.3,0,"{""open"":""全天""}",风景名胜;风景名胜;省级景点,免费开放，建议游览半天。古城内有文君井等景点，可步行游览，注意保护历史遗迹，春秋季节最佳。,临邛古城为西汉才女卓文君故里，是南方丝绸之路西出成都第一城，有2300多年建城史，文化积淀深厚。,2.5,邛崃市
495,斜源共享小镇,-,风景名胜,出江镇斜源社区赵河坝,103.339915,30.619398,4.2,0,"{""open"":""全天""}",风景名胜;风景名胜;风景名胜,免费开放，建议游玩2-3小时。小镇位于山区，适合自驾，注意山路驾驶安全，夏季凉爽可避暑。,斜源共享小镇是近年打造的乡村振兴示范点，融合川西林盘文化与现代共享理念，体现成都城乡融合发展新貌。,2.0,大邑县
496,簇锦古镇,-,风景名胜,簇锦路224号,103.998277,30.607734,3.8,0,"{""open"":""全天""}",风景名胜;风景名胜相关;旅游景点,全天开放，建议游玩2-3小时，免费。古镇不大，适合傍晚散步，可顺道品尝周边地道川菜。注意部分院落为居民区，请勿打扰。,簇锦古镇是成都近郊保存较完好的川西传统场镇，以清末民初建筑和赶集文化著称，体现了老成都的市井生活与商贸传统。,1.0,武侯区
497,糖果乐园,-,风景名胜,锦尚大桥与国华街交叉口西120米,104.081247,30.579724,4.0,0,"{""open"":""全天""}",风景名胜;公园广场;公园广场,适合亲子家庭，建议游玩半天。建议工作日前往人少，门票需现场或线上购买。注意游乐设施有身高限制，夏季注意防晒补水。,糖果乐园是锦江区大型室内外结合儿童主题乐园，以糖果造型和缤纷色彩吸引亲子游客，是成都新兴的休闲娱乐地标。,1.5,锦江区
498,交子·极限运动公园,-,风景名胜,锦华路三段786号,104.089601,30.576135,4.2,0,"{""open"":""9:00"",""close"":""21:00""}",风景名胜;风景名胜相关;旅游景点,全天开放，免费入场。建议傍晚或周末前往，运动设施较多。自带饮用水和护具，部分极限项目需专业装备，注意安全。,交子·极限运动公园以“交子”金融文化命名，融合滑板、攀岩等极限运动场地，体现成都年轻活力的城市气质与金融城片区的发展。,2.5,锦江区
499,锦城湖3号湖区,-,风景名胜,剑南大道西侧,104.042122,30.569117,4.3,0,"{""open"":""全天""}",风景名胜;公园广场;公园,全天开放，免费。建议清晨或黄昏游览，环湖步行约1-2小时。可租借共享单车，注意湖区部分区域禁止垂钓和游泳。,锦城湖3号湖区是成都环城生态带的重要节点，以湖泊湿地景观为主，承载城市绿肺功能，也是市民亲水休闲的典范。,1.5,武侯区
500,桂溪公园东区儿童滑梯,-,风景名胜,世纪城东路9号桂溪生态公园东区,104.071645,30.562526,4.0,0,"{""open"":""全天""}",风景名胜;风景名胜相关;旅游景点,适合亲子，建议上午或傍晚前往，免费开放。滑梯等设施较新，注意儿童安全，需家长陪同。周末人多，建议错峰。,桂溪公园东区儿童滑梯是成都绿道体系中的社区公园设施，体现公园城市理念下“全龄友好”的公共空间设计。,0.5,武侯区
501,桂溪生态公园-成都锦城绿道,-,风景名胜,桂溪生态公园东区内(东侧),104.078089,30.563592,4.2,0,"{""open"":""全天""}",风景名胜;公园广场;公园,全天开放，免费。建议骑行或步行，全程较长，可分段游览。最佳季节为春秋，注意防晒防蚊，绿道内有多处补给点。,桂溪生态公园是锦城绿道示范段，串联生态景观与运动休闲，是成都“公园城市”建设的标志性成果，展示天府绿道体系。,2.0,武侯区
502,天府立交西游园,-,风景名胜,天晖北街与天韵路交叉口北140米,104.065901,30.596808,4.0,0,"{""open"":""全天""}",风景名胜;公园广场;公园,全天开放，免费。小型街边游园，适合短暂休息或路过打卡。建议结合周边交子公园一同游览，注意车流较多。,天府立交西游园是立交桥下的口袋公园，以“西游”为主题雕塑，将传统神话融入现代城市高架空间，颇具趣味。,0.5,武侯区
503,成都SKP屋顶花园,-,风景名胜,成都SKP(锦城广场东地铁站A口步行70米),104.07017,30.570723,4.1,0,"{""open"":""10:00"",""close"":""22:00""}",风景名胜;公园广场;公园,建议傍晚前往欣赏城市夜景，免费进入。花园位于商场屋顶，需遵守商场营业时间（约10:00-22:00）。适合拍照，注意屋顶风大。,成都SKP屋顶花园是高端商业综合体之上的空中绿洲，融合现代景观设计与城市天际线，体现成都商业与生态融合的新潮流。,1.0,武侯区
504,美洲时尚体育公园,-,风景名胜,锦城大道与新园大道交叉口西南20米,104.032998,30.578191,4.0,0,"{""open"":""9:00"",""close"":""21:00""}",风景名胜;公园广场;公园,全天开放，部分场地收费。适合运动爱好者，建议下午或周末。可体验足球、篮球等项目，提前预约场地，注意运动安全。,美洲时尚体育公园是集运动、休闲、社交于一体的复合型体育空间，以时尚设计吸引年轻群体，反映成都体育消费新场景。,2.5,武侯区
505,交子公园轻松驿站,-,生活服务,锦云东三巷与科华南路交叉口西北60米,104.077617,30.581942,3.8,0,"{""open"":""全天""}",生活服务;生活服务场所;生活服务场所,,,0.5,武侯区
506,交子锦江公园,-,风景名胜,锦江公园(府城桥地铁站D口步行240米),104.077604,30.587589,4.3,0,"{""open"":""全天""}",风景名胜;公园广场;公园,全天开放，免费。适合散步、跑步或亲子游玩，建议傍晚时分景色佳。沿江步道较长，注意安全，可结合交子公园游览。,交子锦江公园位于锦江畔，以金融城为背景，融合滨水生态与都市景观，是成都锦江绿道的重要滨水节点。,1.5,武侯区
507,濯锦公园,-,风景名胜,濯锦路199号,104.082319,30.592668,4.1,0,"{""open"":""全天""}",风景名胜;公园广场;公园,全天开放，免费。社区公园，适合晨练或遛娃，建议游玩1小时。设施较基础，注意夏季蚊虫，周边有便利店。,濯锦公园名称取自“濯锦江边两岸花”，呼应成都蜀锦文化，是武侯区以锦江文化为主题的社区休闲绿地。,1.0,武侯区
508,交子公园2期,-,风景名胜,天府大道北段交子公园内(东侧),104.075128,30.58319,4.2,0,"{""open"":""全天""}",风景名胜;公园广场;公园,全天开放，免费。建议春秋季游玩，环湖步行约1.5小时。可野餐、放风筝，注意保护草坪，周末人流量较大。,交子公园2期是金融城核心区的生态公园，以现代景观设计纪念“交子”纸币文化，展现成都历史金融与当代都市的对话。,1.5,武侯区
509,锦城公园-林涛石涧,-,风景名胜,锦悦西路56号锦城公园(东南角),104.05285,30.569205,4.2,0,"{""open"":""全天""}",风景名胜;风景名胜相关;旅游景点,全天开放，免费。位于锦城公园内，建议结合绿道骑行游览。林间石涧步道湿滑，注意防滑，夏季清凉但蚊虫多。,林涛石涧是锦城公园的生态景观节点，模拟自然山林溪涧，体现成都城市绿肺的生态修复与景观美学。,0.8,武侯区
510,锦城公园-岸芷汀兰,-,风景名胜,高新区锦城公园(东南角),104.056466,30.568207,4.2,0,"{""open"":""全天""}",风景名胜;风景名胜相关;旅游景点,全天开放，免费。建议清晨或傍晚散步，湖岸花草茂盛，适合拍照。注意部分区域为湿地保护区，请勿进入。,“岸芷汀兰”取自《岳阳楼记》意象，是锦城公园的湿地景观区，以水草兰花点缀湖岸，传递古典诗意与现代生态理念。,0.8,武侯区
511,府河文体公园,-,风景名胜,翠风路,104.088745,30.604299,4.1,0,"{""open"":""全天""}",风景名胜;公园广场;公园,全天开放，免费。综合性文体公园，适合运动休闲，建议下午前往。有篮球场、健身器材，注意夏季高温时防晒补水。,府河文体公园依托府河滨水空间，将体育设施与文化景观结合，是锦江区推动全民健身与滨水生态共融的社区公园。,1.0,锦江区
512,锦城公园-林风雅径,-,风景名胜,益州大道北段1666号锦城公园内(东侧),104.05744,30.571439,4.2,0,"{""open"":""全天""}",风景名胜;风景名胜相关;旅游景点,建议春秋季傍晚前往，环湖步道平缓，适合散步2小时。免费入园，无需预约。注意蚊虫较多，备好驱蚊液。,锦城公园是环城生态带核心景观，以川西林盘与城市湿地融合为特色，体现成都‘公园城市’建设理念。,0.8,武侯区
513,瞪羚谷公园,-,风景名胜,盛华北路与盛安街交叉口西南40米,104.051423,30.557652,4.0,0,"{""open"":""全天""}",风景名胜;公园广场;公园,全天开放，免费。适合骑行或跑步，建议清晨或黄昏前往。园区内餐饮较少，可自带水和小食。,瞪羚谷公园因紧邻成都高新区瞪羚企业聚集区而得名，象征创新活力，是科技与生态结合的都市绿洲。,1.2,武侯区
514,市政公园,-,风景名胜,益州大道中段1999号9栋附1正东方向60米,104.061901,30.541147,4.0,0,"{""open"":""全天""}",风景名胜;公园广场;公园,城市社区公园，免费，随时可逛。建议游览1小时，适合亲子或老人散步。注意周末人流量较大。,市政公园是典型的社区配套绿地，承载周边居民日常休闲健身需求，体现成都宜居社区的公共空间文化。,0.8,武侯区
515,汇尚公园,-,风景名胜,吉庆五路与吉瑞一路交叉口东南60米,104.066872,30.55846,4.0,0,"{""open"":""全天""}",风景名胜;公园广场;公园,免费开放，建议上午或下午游览，时长1-2小时。园内有步道和休息亭，夏季注意防晒补水。,汇尚公园为新建城市公园，以现代景观设计为主，注重雨水收集与生态循环，展示绿色低碳的城市更新理念。,1.0,武侯区
516,中和湿地公园-湿地段,-,风景名胜,中和街道朝阳横街141号,104.096156,30.566612,4.2,0,"{""open"":""全天""}",风景名胜;风景名胜相关;旅游景点,免费湿地公园，最佳游览时间为清晨或傍晚，可观察鸟类。建议穿防滑鞋，游玩2小时。部分栈道湿滑注意安全。,中和湿地公园位于锦江生态带，是成都湿地保护与恢复的示范段，具有重要的生态调蓄和生物多样性保育功能。,1.8,双流区
517,儿童乐园,-,风景名胜,天府三街与盛华南路交叉口,104.053002,30.545577,4.0,0,"{""open"":""全天""}",风景名胜;公园广场;公园,适合带3-10岁儿童游玩，免费。建议周末上午前往，游玩2-3小时。注意游乐设施需家长陪同，备好零食和水。,该儿童乐园是社区公园内的免费游乐区，体现成都注重儿童友好型城市建设，为家庭提供安全亲近自然的户外空间。,1.5,武侯区
518,新体公园,-,风景名胜,美洲时尚体育公园(东南角),104.035023,30.575525,4.1,0,"{""open"":""全天""}",风景名胜;公园广场;公园,免费体育主题公园，建议傍晚运动时段前往，游玩1-2小时。有篮球场、步道等设施，注意运动前热身。,新体公园紧邻成都体育学院，以全民健身为特色，呼应成都建设‘世界赛事名城’的号召，是市民日常锻炼热门地。,1.0,武侯区
519,桂溪湿地公园东区木立方,-,风景名胜,世纪城东路9号桂溪生态公园东区(西南角),104.071561,30.562065,4.2,0,"{""open"":""全天""}",风景名胜;公园广场;公园,免费开放，建议春秋季游览，时长约1.5小时。木立方为特色观景建筑，可登高远眺。注意周末人多，错峰更佳。,桂溪湿地公园东区木立方是生态科普与景观结合的标志性构筑物，体现成都湿地保护与休闲观光共生的设计智慧。,1.5,武侯区
520,琉璃公园,-,风景名胜,琉璃路与中环路交叉路口处,104.09405,30.606975,4.0,0,"{""open"":""全天""}",风景名胜;公园广场;公园,免费城市公园，建议上午或午后游览，时长1小时。园内有湖景和步道，适合拍照。夏季注意遮阳。,琉璃公园因历史上此处曾有琉璃厂而得名，是锦江区工业记忆与生态改造相结合的公园，见证城市更新历程。,1.0,锦江区
521,锦城公园-林坡花韵,-,风景名胜,锦悦西路56号锦城公园(东侧),104.057954,30.570026,4.3,0,"{""open"":""全天""}",风景名胜;风景名胜;风景名胜,免费，春季3-4月赏花最佳，秋季看彩林。建议游玩2小时，可野餐。注意爱护花草，禁止踩踏花丛。,林坡花韵是锦城公园的特色花坡景观，通过四季花卉轮植展现川西平原‘花重锦官城’的诗意传统。,0.8,武侯区
522,会龙公园,-,风景名胜,华阳镇街道华阳镇街道华阳镇街道华阳绕城路口,104.066449,30.524171,4.0,0,"{""open"":""全天""}",风景名胜;公园广场;公园,免费社区公园，全天开放，建议游览1小时。适合散步和遛娃，有健身器材。注意夏季傍晚蚊虫较多。,会龙公园取名自周边‘会龙’老地名，承载双流片区乡土记忆，是新型城镇化进程中保留乡愁的社区绿地。,0.8,双流区
523,新怡公园,-,风景名胜,应龙路,104.092681,30.53241,4.0,0,"{""open"":""全天""}",风景名胜;公园广场;公园,免费开放，建议清晨或傍晚前往，游览1-2小时。园内有儿童活动区，适合家庭出游。注意雨后地面湿滑。,新怡公园是双流区近年新建的生态休闲公园，以‘新怡’寓意焕然一新的宜居环境，服务周边多个大型居住社区。,1.0,双流区
524,桂溪生态公园东区-雨水花园,-,风景名胜,世纪城东路9号桂溪生态公园东区(西南角),104.071044,30.561935,4.2,0,"{""open"":""全天""}",风景名胜;风景名胜相关;旅游景点,免费，雨天或雨后前往更能体验雨水花园功能，游览1小时。注意穿防滑鞋，勿进入湿地水体区域。,雨水花园是桂溪生态公园的海绵城市示范工程，通过植物与土壤净化雨水，体现成都低碳生态的城市治水智慧。,1.2,武侯区
525,锦城公园-风舞秋韵,-,风景名胜,益州大道北段1666号锦城公园(东北角),104.054598,30.571816,4.3,0,"{""open"":""全天""}",风景名胜;风景名胜相关;旅游景点,免费，秋季10-11月银杏和红枫最佳，建议游玩1.5小时。适合摄影爱好者，清晨光线最好。,风舞秋韵是锦城公园秋季主题景观区，以大面积落叶乔木营造‘风起叶舞’的川西秋色，展现自然季相之美。,0.8,武侯区
526,锦城公园-金香盈岸,-,风景名胜,益州大道北段1666号锦城公园内(东侧),104.054457,30.570708,4.3,0,"{""open"":""全天""}",风景名胜;风景名胜相关;旅游景点,免费，春季3-4月金合欢或油菜花盛开时最美，建议游玩1-2小时。适合亲子踏青，注意花粉过敏者备口罩。,金香盈岸以金色系花卉沿水岸种植得名，呼应成都平原油菜花田的农耕景观记忆，是城市中的乡野诗意表达。,0.8,武侯区
527,动感熊猫体育公园,-,风景名胜,锦江大道1488号,104.12115,30.594312,4.0,0,"{""open"":""9:00"",""close"":""21:00""}",风景名胜;公园广场;公园|体育休闲服务;体育休闲服务场所;体育休闲服务场所,建议傍晚前往，避开正午暴晒，游览1-2小时。公园免费开放，设有运动设施，适合亲子活动，注意防蚊。,以熊猫为主题打造的体育休闲公园，融合成都大熊猫文化元素与全民健身理念，体现城市绿色生活新风尚。,2.5,锦江区
528,锦城公园-冠云落影,-,风景名胜,益州大道北段1666号锦城公园,104.053478,30.571091,4.3,0,"{""open"":""全天""}",风景名胜;风景名胜相关;旅游景点,建议春秋季清晨或黄昏游览，时长约1小时。免费开放，可骑行或步行，环湖步道平缓，注意防晒补水。,锦城公园是成都环城生态带重要节点，冠云落影取意古典园林意境，展现现代城市与自然景观的和谐共生。,1.0,武侯区
529,吉泰路活力公园,-,风景名胜,桂溪街道OCG国际中心,104.063023,30.543255,4.1,0,"{""open"":""全天""}",风景名胜;公园广场;公园,适合工作日傍晚或周末上午游览，约1小时。免费开放，有儿童游乐区，建议自带水杯，注意儿童安全。,吉泰路活力公园是社区型绿地，体现成都“公园城市”理念，为周边居民提供日常休闲健身的绿色空间。,1.0,武侯区
530,沃顿公园,-,风景名胜,南三环路五段188号,104.035706,30.602016,4.0,0,"{""open"":""全天""}",风景名胜;公园广场;公园,建议下午游览，时长30-60分钟。免费开放，园区较小，适合散步或短暂休憩，注意保持环境卫生。,沃顿公园为武侯区社区公园，名称源于周边国际化社区，体现成都对外开放与多元文化交融的城市气质。,1.0,武侯区
531,朱家沟游园,-,风景名胜,桂溪街道桂溪街道桂溪街道桂溪街道桂溪街道桂溪街道天仁路246号,104.072451,30.601825,4.1,0,"{""open"":""全天""}",风景名胜;公园广场;植物园,建议清晨或傍晚散步，约30分钟。免费开放，为社区游园，设施简单，适合周边居民晨练，注意蚊虫。,朱家沟游园依托自然沟渠改造而成，是成都城市更新中“留白增绿”的典型，体现生态修复与社区生活结合。,0.8,武侯区
532,文化方洲公园,-,风景名胜,盛华南路与富盛街交叉口东北60米,104.053311,30.540811,4.2,0,"{""open"":""全天""}",风景名胜;公园广场;公园,建议周末下午游览，约1小时。免费开放，园内有文化雕塑和休憩区，适合拍照打卡，注意防晒。,文化方洲公园以文化展示为主题，融入艺术装置与景观设计，体现成都高新区对公共空间文化内涵的重视。,1.0,武侯区
533,新北社区体育公园,-,风景名胜,新乐路189号,104.040341,30.606779,4.0,0,"{""open"":""全天""}",风景名胜;公园广场;公园,建议傍晚运动时段前往，游览1-1.5小时。免费开放，有篮球场等体育设施，需穿运动鞋，注意运动安全。,新北社区体育公园是“体育+公园”模式的实践，服务周边居民健身需求，反映成都全民健身设施建设成果。,1.5,武侯区
534,大源中央公园-亲水平台,-,风景名胜,成都高新区天府二街777号大源中央公园(东南角),104.049392,30.548577,4.3,0,"{""open"":""全天""}",风景名胜;风景名胜相关;旅游景点,建议晴天上午或傍晚前往，约1小时。免费开放，亲水平台注意湿滑，儿童需成人陪同，可携带野餐垫。,大源中央公园是成都城南大型综合公园，亲水平台区域提供近水景观，体现成都人亲水乐活的休闲生活方式。,1.0,武侯区
535,锦城公园-曲桥流苑,-,风景名胜,益州大道北段1666号锦城公园(东南角),104.054022,30.56891,4.3,0,"{""open"":""全天""}",风景名胜;风景名胜相关;旅游景点,建议春秋季游览，时长约1小时。免费开放，曲桥流苑以水景为特色，适合摄影，注意雨后路面湿滑。,锦城公园曲桥流苑取意江南园林曲水流觞意境，在成都平原再现传统园林美学，展现天府文化包容性。,1.0,武侯区
536,翠湖栖,-,风景名胜,柳翠路213号沙河东篱翠湖公园(西南角),104.089425,30.60702,4.0,0,"{""open"":""全天""}",风景名胜;风景名胜相关;旅游景点,建议傍晚散步，约30-60分钟。免费开放，为小型水景绿地，适合周边居民休闲，注意水域安全，勿靠近深水区。,翠湖栖以湖景为核心，营造静谧栖居氛围，是锦江区城市生态微更新项目，体现“推窗见绿”的公园城市愿景。,0.8,锦江区
537,锦城公园-蹊桃相映,-,风景名胜,益州大道北段1666号锦城公园内(西侧),104.049259,30.569839,4.3,0,"{""open"":""全天""}",风景名胜;风景名胜相关;旅游景点,建议春季桃花盛开时前往，约1小时。免费开放，蹊桃相映以桃树景观为特色，适合赏花拍照，注意花粉过敏。,锦城公园蹊桃相映取意“桃李不言，下自成蹊”，以桃树与园路结合成景，传承中国园林植物造景文化。,1.0,武侯区
538,CITYPARK,-,风景名胜,中柏路与中柏西巷交叉口西北60米,104.095875,30.552625,4.0,0,"{""open"":""全天""}",风景名胜;公园广场;公园广场,建议周末下午游览，约1小时。免费开放，为现代城市公园，有草坪和步道，适合野餐或遛狗，注意清理宠物粪便。,CITYPARK是双流区国际化社区配套公园，名称体现现代都市公园属性，反映成都产城融合与宜居宜业发展。,1.5,双流区
539,新川湿地公园,-,风景名胜,新通北三路,104.106308,30.526589,4.2,0,"{""open"":""全天""}",风景名胜;公园广场;公园,建议清晨或傍晚游览，时长1-2小时。免费开放，湿地栈道较长，建议穿舒适鞋，注意观察鸟类，勿投喂野生动物。,新川湿地公园是成都海绵城市示范项目，兼具生态净化与休闲功能，体现城市湿地保护与可持续发展理念。,2.0,双流区
540,维也纳森林公园,-,风景名胜,华阳镇街道华阳镇街道滨河路三段,104.05722,30.522433,4.1,0,"{""open"":""全天""}",风景名胜;公园广场;公园,建议上午或下午游览，约1-2小时。免费开放，树木茂密，建议穿长裤防蚊虫，适合森林浴，注意防火。,维也纳森林公园虽以欧洲城市命名，实为本地生态林带，体现成都国际化命名风格与生态绿化建设的结合。,1.5,双流区
541,新川之心中央公园西区,-,风景名胜,高新区新裕路与梓州大道交叉口东北150米,104.083175,30.514355,4.3,0,"{""open"":""全天""}",风景名胜;风景名胜;风景名胜,建议傍晚或周末游览，时长1-2小时。免费开放，公园较大，可骑行或步行，建议自带饮水，注意防晒。,新川之心中央公园是中新合作新川创新科技园核心绿地，西区以生态景观为主，体现国际合作的绿色城市实践。,2.5,双流区
542,花荫沟公园,-,风景名胜,益州大道中段1800号G3,104.053566,30.538164,4.0,0,"{""open"":""全天""}",风景名胜;风景名胜;风景名胜|风景名胜;公园广场;公园广场,全天开放免费入园，建议清晨或傍晚散步1-2小时。公园绿植茂密，蚊虫较多，夏季备好驱蚊液。,武侯区社区公园，以花荫为名，体现成都人闲适的日常休闲生活，是周边居民晨练、遛弯的绿色空间。,1.0,武侯区
543,锦城公园-风笛听馨,-,风景名胜,益州大道北段1666号锦城公园(东北角),104.052951,30.571785,4.3,0,"{""open"":""全天""}",风景名胜;风景名胜相关;旅游景点,锦城公园环线绿道一部分，免费开放。建议骑行或步行游览，搭配环城生态区行程，全程约2小时，注意防晒补水。,属锦城绿道体系，'风笛听馨'为景观节点之一，展现天府绿道生态与文化融合，体现成都公园城市建设理念。,1.0,武侯区
544,天仁南街小游园,-,风景名胜,天仁南街353号(火车南站地铁站H5口步行170米),104.06974,30.599484,4.0,0,"{""open"":""全天""}",风景名胜;公园广场;公园,街头小游园，免费开放，适合路过歇脚或短时休憩，游玩15-30分钟即可。无门票，注意保持环境卫生。,城市微更新口袋公园，利用街角空间打造，体现成都精细化城市管理和'推窗见绿'的宜居生活导向。,0.5,武侯区
545,芙蓉岛公园一号馆,-,风景名胜,熊家桥路55号芙蓉岛公园内(北侧),104.084401,30.556849,4.1,0,"{""open"":""全天""}",风景名胜;公园广场;公园,芙蓉岛公园内场馆，免费开放。建议先了解场馆展览或活动安排，游览时长约1小时，周末人较多可错峰前往。,芙蓉岛公园是成都锦江生态带重要节点，一号馆常设文化展示，以芙蓉文化为特色，呼应成都'蓉城'别称。,1.0,武侯区
546,桂溪安全文化公园,-,风景名胜,桂溪街道昆华路919-10号附近,104.030023,30.554142,4.1,0,"{""open"":""全天""}",风景名胜;公园广场;公园,主题安全文化公园，免费开放。适合亲子家庭游玩学习，游览1-2小时。设有安全体验设施，请按指引操作。,以安全生产和应急避险教育为主题的特色公园，将防灾知识融入景观，体现成都对公共安全文化的创新普及。,1.0,武侯区
547,锦城公园-香堤雅境,-,风景名胜,益州大道北段1666号锦城公园内(东侧),104.056025,30.571229,4.2,0,"{""open"":""全天""}",风景名胜;风景名胜相关;旅游景点,锦城公园景观节点，免费开放。建议傍晚游览，光线柔和适合拍照，沿湖漫步约1小时，注意湖边安全。,'香堤雅境'取自诗意堤岸与雅致景境，是锦城绿道川西林盘与城市湿地结合的典范，展现天府文化意境。,2.0,武侯区
548,赛道公园,-,风景名胜,府城大道西段与万象南路交叉口东160米,104.052066,30.587804,4.0,0,"{""open"":""全天""}",风景名胜;公园广场;公园,免费开放式公园，适合跑步骑行，建议清晨或傍晚运动1-2小时。园内有运动设施，注意运动前热身。,以运动健康为主题的绿道公园，体现成都'赛事名城'建设与全民健身理念，融合体育休闲与生态景观。,1.5,武侯区
549,沙河公园(萃锦东路),-,风景名胜,观音桥街74号-附12号,104.10833,30.616618,4.1,0,"{""open"":""全天""}",风景名胜;公园广场;公园,沙河沿线带状公园，免费开放。建议春秋季散步或骑行，游览1小时左右。沿河步道部分路段较窄，注意礼让行人。,沙河是成都重要河流生态廊道，经综合整治后成为市民亲水休闲带，见证成都水环境治理与生态修复成果。,1.5,锦江区
550,江安河公园,-,风景名胜,滨河路与光电大道交叉口南40米,104.005706,30.537057,4.0,0,"{""open"":""全天""}",风景名胜;公园广场;公园,双流区滨河公园，免费开放。建议傍晚沿江安河散步1-2小时，夏季蚊虫多注意防护。部分区域可搭帐篷野餐。,依托江安河自然水系打造的生态公园，体现双流区'空港+生态'发展特色，是成都近郊亲水休闲好去处。,2.0,双流区
551,I-PARK新加坡数创公园,-,商务住宅,和泰一街168号,104.08381,30.515563,3.8,0,"{""open"":""9:00"",""close"":""18:00""}",商务住宅;产业园区;产业园区,,,0.5,双流区
552,阳光草坡休闲区,-,风景名胜,锦悦西路56号锦城公园(东南角),104.053685,30.568576,4.2,0,"{""open"":""全天""}",风景名胜;风景名胜相关;旅游景点,开放草坪休闲区，免费进入。适合春秋野餐、放风筝，建议自带地垫和防晒用品。周末人多，注意爱护草坪。,利用城市绿地缓坡打造的自然休闲空间，体现成都人热爱户外阳光的生活方式，是公园城市'可进入可参与'理念的实践。,1.0,武侯区
553,桂溪生态公园西区-中央草坪,-,风景名胜,桂溪生态公园西区,104.062755,30.562984,4.3,0,"{""open"":""全天""}",风景名胜;风景名胜相关;旅游景点,桂溪生态公园西区中央大草坪，免费开放。适合周末野餐、亲子活动，建议上午10点前或下午4点后前往，避开正午烈日。,桂溪生态公园是成都天府绿道核心节点，中央草坪为市民提供开阔活动空间，体现公园城市'绿色会客厅'功能。,1.5,武侯区
554,口袋公园,-,风景名胜,泰和二街与成汉北路交叉口东60米,104.055007,30.600455,4.0,0,"{""open"":""全天""}",风景名胜;公园广场;公园,小型口袋公园，免费开放，适合短暂休憩或顺路游览，15-30分钟即可。无专门停车场，建议绿色出行。,城市边角地改造的微型绿地，体现成都'金角银边'空间利用策略，为高密度城区增添绿意与活力。,0.5,武侯区
555,白鹭湾湿地公园-桃花林,-,风景名胜,江家立交与G4202成都绕城高速交叉口南440米,104.117385,30.56399,4.2,0,"{""open"":""全天""}",风景名胜;风景名胜;风景名胜,白鹭湾湿地公园内桃花林，春季3-4月最佳观赏期，免费开放。建议穿舒适步行鞋，游览1-2小时，勿折花枝。,白鹭湾是成都重要湿地保护区，桃花林春季盛开时形成粉色景观带，融合生态保育与赏花文化，展现成都公园城市生态美学。,2.5,锦江区
556,彩蝶游园,-,风景名胜,晨辉东路89号(琉璃场地铁站C口步行160米),104.101576,30.60677,4.0,0,"{""open"":""全天""}",风景名胜;公园广场;公园,社区小游园，免费开放，适合周边居民晨练或傍晚散步，游览20-40分钟。设施较简单，注意儿童安全。,以彩蝶为主题的社区绿地，小而精致，体现成都老旧院落周边环境微治理成果，是'花重锦官城'的社区缩影。,1.0,锦江区
557,in the PARK Regular,-,购物服务,成都高新区天府二街777号大源中央公园(西北角),104.047975,30.550175,3.9,0,"{""open"":""10:00"",""close"":""22:00""}",购物服务;购物相关场所;购物相关场所,时尚买手店/集合空间，营业时间约11:00-21:00（以实际为准）。适合下午逛店拍照，无门票，消费自愿。,位于武侯区的潮流文化空间，融合零售与生活方式，体现成都年轻时尚的消费文化，是城市商业新业态的代表。,1.5,武侯区
558,桂溪生态公园-绿友家,-,风景名胜,桂溪生态公园内(西侧),104.060516,30.560718,4.3,0,"{""open"":""全天""}",风景名胜;风景名胜相关;旅游景点,全天开放，免费入园。建议春秋季清晨或傍晚游览2小时，可骑行绿道。周末人多，注意防晒补水。,桂溪生态公园是成都城南大型城市绿肺，以‘生态+体育’为特色，‘绿友家’为其中一处综合服务驿站，体现公园城市理念。,1.0,武侯区
559,中和湿地公园-森林段,-,风景名胜,朝阳横街北50米中和湿地公园内(东侧),104.10557,30.566145,4.2,0,"{""open"":""全天""}",风景名胜;风景名胜相关;旅游景点,免费开放，全天可游。建议上午或黄昏前往，游览1.5小时。湿地蚊虫多，备好驱蚊液，穿舒适步行鞋。,中和湿地公园是锦江绿道重要节点，森林段以原生态林带和湿地水系为主，展现成都‘水润天府’的生态修复成果。,2.0,双流区
560,橡树林滨河公园,-,风景名胜,橡树林路166号(三官堂地铁站B口步行480米),104.091095,30.62341,4.1,0,"{""open"":""全天""}",风景名胜;公园广场;公园,免费开放，全天可游。建议傍晚散步1小时，沿河步道适合慢跑。周边餐饮便利，注意河岸安全，雨天路滑。,橡树林滨河公园位于锦江畔，因种植成排橡树得名，是周边居民日常休憩的滨水绿地，体现成都人闲适生活态度。,1.5,锦江区
561,夜游锦江(江滩公园码头),-,风景名胜,梓州大道206号,104.083563,30.553528,4.2,0,"{""open"":""全天""}",风景名胜;风景名胜;风景名胜,夜游需购船票，约100元/人，建议提前预约。最佳游览时间为19:30-21:30，全程约40分钟。节假日人多，提前到场。,夜游锦江是成都特色水上文旅项目，江滩公园码头为重要登船点，乘船可赏两岸灯光秀，再现古锦江商贸繁华意象。,2.0,武侯区
562,云华谷公园(建设中),-,风景名胜,吉庆一路与吉华路交叉口南80米,104.058971,30.548555,4.0,0,"{""open"":""全天""}",风景名胜;公园广场;公园,目前建设中，暂未开放，请勿前往。可关注官方公告，预计建成后免费开放，适合未来周末踏青。,云华谷公园为成都城南新建城市公园，定位生态景观与休闲融合，建成后将进一步丰富武侯区公共绿地体系。,2.0,武侯区
563,栏杆堰滨河公园,-,风景名胜,盛兴街万科公园5号旁,104.041276,30.56096,4.1,0,"{""open"":""全天""}",风景名胜;公园广场;公园,免费开放，全天可游。建议清晨或傍晚散步1小时，河岸步道平缓，适合老人小孩。夏季注意防蚊。,栏杆堰滨河公园沿栏杆堰水渠而建，是典型的社区滨水公园，承载周边居民日常休闲，体现成都水网与城市生活融合。,1.5,武侯区
564,劼人公园,-,风景名胜,劼人路与菱窠路交叉口(狮子山地铁站A1口步行190米),104.123538,30.617165,4.2,0,"{""open"":""全天""}",风景名胜;公园广场;公园,免费开放，全天可游。建议游览1-2小时，可参观李劼人故居（周一闭馆）。公园内绿荫多，适合春秋野餐。,劼人公园为纪念成都著名作家李劼人而建，其故居‘菱窠’位于园内，是了解成都近代文学与市井文化的重要场所。,1.5,锦江区
565,蓝湾森林,-,风景名胜,华阳街道利通路黄金海岸旁,104.065084,30.523676,4.0,0,"{""open"":""全天""}",风景名胜;公园广场;公园,免费开放，全天可游。建议白天游览2小时，森林步道遮阴好，适合夏季避暑。注意林区防火，勿吸烟。,蓝湾森林位于双流区，以大面积森林和滨水景观为特色，是成都近郊‘天然氧吧’，体现城市与自然共生理念。,2.5,双流区
566,磨子桥小游园,-,风景名胜,科华巷与一环路南二段辅路交叉口东南40米,104.075563,30.633322,4.0,0,"{""open"":""全天""}",风景名胜;公园广场;公园,免费小游园，全天开放，建议游览30分钟。位于闹市区，适合路过歇脚，无专门停车场，建议公共交通前往。,磨子桥小游园是成都‘口袋公园’代表，利用城市边角地改建，为周边居民提供微空间休憩，体现城市精细化更新。,0.5,武侯区
567,老成都民俗公园(人民南路四段),-,风景名胜,二环路南二段214-216号附近,104.066831,30.619993,4.1,0,"{""open"":""全天""}",风景名胜;公园广场;公园,免费开放，全天可游。建议游览1小时，适合对老成都文化感兴趣者。位于立交桥下，注意交通安全。,老成都民俗公园以浮雕、雕塑展示成都老街道、市井生活与民俗文化，是了解成都历史记忆的露天博物馆。,1.0,武侯区
568,枇杷园,-,商务住宅,玉林西街2号,104.060334,30.6279,3.8,0,"{""open"":""全天""}",商务住宅;住宅区;住宅小区,,,0.5,武侯区
569,日光草坪,-,风景名胜,成都高新区天府二街777号大源中央公园内(北侧),104.049232,30.550201,4.2,0,"{""open"":""全天""}",风景名胜;风景名胜相关;旅游景点,免费开放，全天可游。建议晴朗天气下午游览1-2小时，适合野餐、放风筝。无遮阴，夏季注意防晒。,日光草坪为城市开放绿地，以大草坪为核心，是成都人享受阳光、户外休闲的热门地，体现公园城市的开放共享特质。,1.5,武侯区
570,府河北公园,-,风景名胜,河滨路688号,104.088148,30.610473,4.1,0,"{""open"":""全天""}",风景名胜;公园广场;公园,免费开放，全天可游。建议清晨或傍晚散步1小时，河岸步道整洁。周边有社区，注意保持安静。,府河北公园位于锦江区府河段，依托河道打造滨水绿廊，为城市居民提供亲水空间，反映成都治水与宜居结合。,1.0,锦江区
571,银湖体育公园,-,风景名胜,盛锦一街,104.065225,30.560898,4.2,0,"{""open"":""全天""}",风景名胜;公园广场;公园,免费开放，全天可游。建议下午游览2小时，体育设施丰富，适合运动爱好者。部分球场可能需预约，请提前查询。,银湖体育公园以体育健身为主题，结合湖景与运动场地，是成都推动全民健身与公园城市融合的示范项目。,2.5,武侯区
572,白鹭湾湿地公园观景台,-,风景名胜,聚宝路白鹭湾湿地公园(西侧),104.130861,30.567865,4.3,0,"{""open"":""全天""}",风景名胜;风景名胜;观景点,免费开放，全天可游。建议清晨或傍晚观鸟摄影，游览1-2小时。湿地栈道湿滑，穿防滑鞋，勿投喂野生动物。,白鹭湾湿地公园是成都中心城区最大湿地，观景台可远眺白鹭群栖，体现成都生态保护与城市湿地修复成就。,1.0,锦江区
573,纸鸢草坪,-,风景名胜,蜀郡园内(北侧),104.063386,30.530419,4.2,0,"{""open"":""全天""}",风景名胜;风景名胜;风景名胜,免费开放，全天可游。建议春秋季下午游览1小时，草坪开阔适合放风筝、野餐。注意保持卫生，无垃圾桶处垃圾带走。,纸鸢草坪以放风筝传统活动为名，是城市公园中的开放草坪区，承载成都人亲近自然、亲子休闲的日常记忆。,1.5,武侯区
574,成都市东部副中心市政景观公园,-,风景名胜,成都市东部副中心,104.143142,30.601621,4.1,0,"{""open"":""全天""}",风景名胜;公园广场;公园,免费开放，适合傍晚散步或周末野餐。游览约1-2小时，注意夏季蚊虫较多，建议携带驱蚊水。,作为成都东部副中心的城市绿肺，体现现代新城规划与生态休闲结合的理念，是周边居民日常休闲的重要场所。,2.0,锦江区
575,卓锦广场,-,风景名胜,卓锦城斜对面,104.136101,30.597198,4.0,0,"{""open"":""全天""}",风景名胜;公园广场;公园,开放式商业广场，建议傍晚前往，灯光夜景佳。游览时长约1小时，免费进入，周边餐饮购物便利。,卓锦广场是锦江区新兴商业休闲地标，融合购物、餐饮与景观功能，反映成都城南国际化社区的生活氛围。,0.8,锦江区
576,锦江区无人机主题公园,-,体育休闲服务,幸福路163号江家艺苑,104.123412,30.576751,4.0,0,"{""open"":""全天""}",体育休闲服务;体育休闲服务场所;体育休闲服务场所,适合亲子或航拍爱好者，建议天气晴朗时前往。游览约1小时，免费开放，注意无人机飞行需遵守当地法规。,成都首个以无人机为主题的公园，展示低空经济与科技体育融合，体现城市对新兴科技教育和休闲方式的探索。,2.0,锦江区
577,南郊公园,-,风景名胜,武侯祠大街231号武侯祠景区内,104.046043,30.6449,4.2,0,"{""open"":""全天""}",风景名胜;公园广场;公园,免费入园，建议上午或傍晚游览，时长1-2小时。园内植被茂密，注意防蚊，可结合武侯祠一同游览。,南郊公园原为民国时期川军将领刘湘墓园，后改为公园，融合历史纪念与园林景观，是武侯区重要的老牌绿地。,2.0,武侯区
578,经天公园,-,风景名胜,皇经嘉苑附近,104.103628,30.596998,4.0,0,"{""open"":""全天""}",风景名胜;公园广场;公园,社区公园，免费开放，适合晨练或午后散步。游览约40分钟，设施较基础，建议自带饮用水。,经天公园是锦江区典型的社区绿地，服务周边居民日常健身与休憩，体现成都“公园城市”理念在基层的实践。,1.0,锦江区
579,梅园,-,风景名胜,蓝天路3号附5号旁(芳草街地铁站D口步行270米),104.054766,30.62762,4.0,0,"{""open"":""全天""}",风景名胜;公园广场;公园,春季梅花盛开时最佳，免费入园。游览约1小时，注意园内道路较窄，雨天湿滑，建议穿防滑鞋。,梅园以梅花为主题，是武侯区赏梅胜地，春季花景吸引众多摄影爱好者，承载成都人踏青赏花的传统习俗。,1.5,武侯区
580,应龙体育公园(建设中),-,风景名胜,蓉遵高速与吉龙路交叉路口东北侧,104.110371,30.539927,3.8,0,"{""open"":""全天""}",风景名胜;公园广场;公园,建设中，暂不建议前往。开放时间未定，可关注官方公告。若周边路过，可远观，注意施工安全。,应龙体育公园为双流区新建的体育休闲设施，建成后将填补区域运动公园空白，体现城市对全民健身的重视。,2.0,双流区
581,河滨·拾光公园,-,风景名胜,南湖北路,104.040632,30.507465,4.1,0,"{""open"":""全天""}",风景名胜;公园广场;公园,免费开放，适合傍晚散步或亲子活动。游览约1小时，靠近河滨注意安全，夏季注意防晒补水。,河滨·拾光公园依托河流生态打造，融合亲水景观与休闲步道，是双流区提升滨水空间品质的代表性项目。,1.5,双流区
582,双祥绿地公园,-,风景名胜,盛安街910号,104.037342,30.55903,4.0,0,"{""open"":""全天""}",风景名胜;公园广场;公园,免费社区公园，建议早晨或傍晚前往，游览约40分钟。设施较新，适合带孩子玩耍，注意看管儿童。,双祥绿地公园是武侯区新建的居住区配套绿地，强调生态与社区融合，为周边居民提供近距离自然休憩空间。,1.0,武侯区
583,标本博物馆荒石公园,-,风景名胜,成都高新区天府二街777号大源中央公园(西北角),104.047523,30.55041,4.3,0,"{""open"":""全天""}",风景名胜;公园广场;公园,建议参观前查询开放时间，门票以现场为准。游览约1.5小时，适合自然爱好者，注意保持安静勿触碰标本。,荒石公园巧妙结合标本博物馆与园林景观，展示生物多样性，兼具科普教育功能，是成都小众的自然文化体验地。,2.0,武侯区
584,碳中和红领巾主题公园,-,风景名胜,中和三街与润和路交叉口东南40米,104.098839,30.544214,4.0,0,"{""open"":""全天""}",风景名胜;公园广场;公园,免费开放，适合亲子研学。游览约1小时，建议提前了解活动安排，夏季注意防晒，园内绿植较多防蚊虫。,以碳中和为主题的特色公园，通过互动装置和景观设计普及低碳环保理念，是成都青少年环境教育基地。,1.0,双流区
585,盛泰社区文化主题公园,-,风景名胜,泰和二街与诚通路交叉口西北20米,104.057448,30.600458,4.0,0,"{""open"":""全天""}",风景名胜;公园广场;公园,社区文化公园，免费开放，适合日常休闲。游览约40分钟，可结合周边社区活动，注意遵守公共秩序。,盛泰社区文化主题公园以社区文化为核心，常举办居民活动，是基层公共文化服务与社区凝聚力的重要载体。,1.0,武侯区
586,中和湿地公园-叠翠台,-,风景名胜,朝阳横街北50米中和湿地公园内(东侧),104.105777,30.564158,4.2,0,"{""open"":""全天""}",风景名胜;风景名胜相关;旅游景点,免费开放，建议清晨或傍晚前往，光线好适合拍照。游览约1小时，湿地蚊虫多，务必携带驱蚊用品。,中和湿地公园叠翠台是双流区生态湿地景观的一部分，体现城市湿地保护与休闲游憩结合，四季景色各异。,1.5,双流区
587,成都高新区消防主题公园,-,风景名胜,盛源街与荣华南路交叉口东南20米,104.044075,30.544375,4.1,0,"{""open"":""全天""}",风景名胜;公园广场;公园,免费开放，适合亲子安全教育。游览约1小时，建议避开午间高温，园内消防设施模型可互动，注意看护儿童。,高新区消防主题公园将消防知识融入景观设计，通过趣味展示提升公众防火意识，是寓教于乐的特色主题公园。,1.0,武侯区
588,望江楼公园-翠竹长廊,-,风景名胜,望江路30号望江楼公园内(北侧),104.092739,30.632024,4.4,0,"{""open"":""全天""}",风景名胜;风景名胜相关;旅游景点,望江楼公园免费，翠竹长廊建议上午游览，光线透过竹林最美。游览约1小时，注意竹林蚊虫多，穿长裤更佳。,翠竹长廊位于望江楼公园内，以竹类景观闻名，纪念唐代女诗人薛涛，竹文化深厚，是成都古典园林的代表地。,1.5,武侯区
589,新川儿童公园,-,风景名胜,高新区新川公园东区以东(新川路地铁站A口步行190米),104.098359,30.515256,4.2,0,"{""open"":""全天""}",风景名胜;公园广场;公园,适合亲子游玩，建议上午9-11点或下午4-6点前往，避开正午高温。免费开放，游玩约2小时，备好防晒和饮用水。,位于双流区新川创新科技园内，是成都新兴的社区儿童公园，设计注重自然与游乐融合，体现产城人一体化发展理念。,1.5,双流区
590,汇尚公园东区,-,风景名胜,吉庆五路与吉瑞一路交叉口东100米,104.067582,30.558875,4.0,0,"{""open"":""全天""}",风景名胜;风景名胜相关;旅游景点,免费开放，建议傍晚散步，时长1-2小时。公园内绿道平缓，适合休闲跑步，注意夏季蚊虫较多。,武侯区高密度城区中的社区公园，以生态绿化和居民休闲为主，展现成都公园城市建设的基层实践。,1.0,武侯区
591,银杏园,-,风景名胜,川大望江校区地铁站B口步行290米,104.074252,30.627063,4.1,0,"{""open"":""全天""}",风景名胜;公园广场;公园,秋季（10-11月）银杏金黄时最佳，免费入园，建议游览1小时。拍照注意安全，勿踩踏草坪。,成都人钟爱的秋日赏叶地之一，虽规模不大，但银杏树集中，是成都“市树”文化在日常生活中的体现。,1.0,武侯区
592,红牌楼市政公园,-,风景名胜,红牌楼路与永顺路交汇处西南角,104.023694,30.635251,4.0,0,"{""open"":""全天""}",风景名胜;公园广场;公园,免费开放，全天可游，建议晨练或傍晚散步，时长1小时。园内有健身设施，注意儿童游乐区安全。,红牌楼为成都古地名，源自明代蜀王府的红色牌楼，现为市政公园，承载着老成都的历史记忆与现代社区生活。,1.0,武侯区
593,新华社区运动公园,-,风景名胜,应龙路陆肖社区运动公园,104.092967,30.533588,4.2,0,"{""open"":""全天""}",风景名胜;公园广场;公园,免费开放，适合运动爱好者，建议傍晚6-8点前往。有篮球场、跑道等设施，注意运动前热身。,双流区近年新建的社区运动公园，响应全民健身号召，体现成都“15分钟健身圈”的社区规划理念。,1.5,双流区
594,府河西公园,-,风景名胜,步云巷492号,104.089502,30.608392,4.0,0,"{""open"":""全天""}",风景名胜;公园广场;公园,免费开放，沿府河而建，建议清晨或黄昏散步，时长1-1.5小时。雨季注意河岸湿滑，勿靠近水边。,府河是成都母亲河之一，公园依托河岸生态带而建，融合防洪、景观与休闲功能，展现成都水文化。,1.0,锦江区
595,桂溪生态公园东区-观景台,-,风景名胜,世纪城东路9号桂溪生态公园东区内(西侧),104.071293,30.563693,4.3,0,"{""open"":""全天""}",风景名胜;风景名胜;观景点,观景台免费，建议日落前1小时前往，可俯瞰桂溪生态公园全景，游览约1小时。注意防晒和携带相机。,桂溪生态公园是成都环城生态带重要节点，观景台提供城市绿肺的俯瞰视角，展现公园城市天际线。,0.5,武侯区
596,锦江公园,-,风景名胜,临江西路与大悲巷交叉口东北80米,104.063198,30.647174,4.2,0,"{""open"":""全天""}",风景名胜;公园广场;公园,免费开放，全天适宜，建议傍晚沿江边步道散步，时长2小时。可结合周边商圈用餐，注意保管财物。,锦江古称“解玉溪”，是成都千年水脉。锦江公园串联城市滨水空间，是成都历史与现代交汇的文旅走廊。,2.0,锦江区
597,樱之谷,-,风景名胜,高新区天府二街777号大源中央公园内(南侧),104.049114,30.548412,4.0,0,"{""open"":""全天""}",风景名胜;风景名胜相关;旅游景点,樱花季（3-4月）最佳，免费开放，建议上午前往避开人流，游览1-2小时。花期短，建议提前查花期。,以樱花为主题的社区公园，春季樱花盛开时吸引市民打卡，体现成都人对季节美景的浪漫生活追求。,1.5,武侯区
598,珠江路臻心公园,-,风景名胜,临港路五段250号,104.006321,30.571514,4.0,0,"{""open"":""全天""}",风景名胜;公园广场;公园,免费开放，适合周边居民散步，建议傍晚前往，时长1小时。园内座椅较多，适合休憩。,位于双流区珠江路沿线，为新建社区配套公园，体现成都以“小游园、微绿地”提升居住品质的规划思路。,1.0,双流区
599,玉东园,-,风景名胜,玉林东街50号(倪家桥地铁站E口步行470米),104.062914,30.628167,4.1,0,"{""open"":""全天""}",风景名胜;公园广场;公园,免费开放，小而精致，建议顺路游览，时长30分钟。适合拍照，注意保持安静，尊重周边居民。,武侯区街头绿地公园，名字取“玉林东苑”之意，反映成都老社区改造中见缝插绿、美化街区的努力。,1.0,武侯区
600,南湖公园湿地公园,-,风景名胜,天府新区华阳街道南湖北路与南湖东路交叉路口东北角,104.046008,30.502653,4.3,0,"{""open"":""全天""}",风景名胜;公园广场;公园,免费开放，建议春秋季全天游览，湿地步道约2-3小时。蚊虫较多，备驱蚊液，禁止垂钓和投喂水鸟。,南湖公园是成都大型湿地公园，融合湖泊、湿地与欧洲建筑风格，是成都生态修复与休闲旅游结合的典范。,2.5,双流区
601,锦城公园-水声杏色,-,风景名胜,益州大道北段1666号锦城公园内(东侧),104.056316,30.569886,4.2,0,"{""open"":""全天""}",风景名胜;风景名胜相关;旅游景点,免费开放，秋季银杏叶黄时最美，建议下午游览，时长1-2小时。公园较大，穿舒适鞋子，注意防晒。,锦城公园是成都环城生态区核心公园，“水声杏色”为其中特色景观节点，体现水生态与季节植被的融合。,1.5,武侯区
602,和贵·滨河公园,-,风景名胜,锦华路江安河桥旁,103.988146,30.565286,4.0,0,"{""open"":""全天""}",风景名胜;公园广场;公园,免费开放，滨河步道适合骑行或跑步，建议清晨或傍晚，时长1-2小时。注意河岸护栏，雨天路滑。,双流区依托江安河支流打造的滨水公园，强调“和贵”社区理念，是成都水岸宜居环境的缩影。,1.5,双流区
603,久居福运动公园,-,风景名胜,临港路一段,103.985571,30.565957,4.1,0,"{""open"":""全天""}",风景名胜;公园广场;公园,免费开放，运动设施齐全，建议傍晚6-9点使用，时长1-2小时。足球场等热门场地可能需预约。,“久居福”寓意长久居住的幸福感，公园以运动为主题，是双流区提升居民生活质量的社区公共空间。,2.0,双流区
604,新川之心公园东区运动公园,-,风景名胜,新川之心公园东区内(东侧),104.097828,30.512392,4.2,0,"{""open"":""全天""}",风景名胜;公园广场;公园,全天开放，免费入场。适合傍晚或周末运动，避开正午烈日。园内有跑道、球场，建议自备饮水，夏季注意防晒。,新川之心公园是中新合作打造的高新南区生态地标，东区运动公园主打全民健身理念，体现产城融合与绿色生活新风尚。,2.0,双流区
605,紫瑞公园,-,风景名胜,紫瑞北街5号对面(神仙树地铁站A口步行380米),104.043851,30.611979,4.0,0,"{""open"":""全天""}",风景名胜;公园广场;公园,免费社区公园，24小时开放。适合早晚散步、晨练，游玩约1小时。周边有居民区，注意文明游园，勿大声喧哗。,紫瑞公园为武侯区典型社区绿肺，以紫薇花为特色，承载周边居民日常休闲，体现成都“公园城市”微空间理念。,1.0,武侯区
606,高攀小游园,-,体育休闲服务,高攀路与高翔西路交叉口东南60米,104.081529,30.610065,3.9,0,"{""open"":""全天""}",体育休闲服务;娱乐场所;娱乐场所,免费开放，适合周边居民晨练、遛娃。建议上午或傍晚前往，游玩半小时至1小时。设施较基础，无专人管理，注意安全。,高攀小游园是武侯区街头微型体育休闲空间，利用城市边角地带建设，展现成都见缝插绿、全民健身的社区营造模式。,1.5,武侯区
607,双流三江公园(建设中),-,风景名胜,柏顺路,104.021189,30.511527,4.0,0,"{""open"":""全天""}",风景名胜;风景名胜;风景名胜,目前建设中，暂未完全开放。建议关注官方通知，预计建成后免费开放。勿擅自进入施工区域，安全第一。,双流三江公园规划依托三江河岸生态带，未来将成为双流区集滨水景观、休闲运动于一体的综合性公园，体现水城共融理念。,1.0,双流区
608,东篱菊园-紫石院,-,风景名胜,驸江路与赏菊路交叉口西南260米,104.140297,30.575899,4.1,0,"{""open"":""全天""}",风景名胜;风景名胜相关;旅游景点,位于三圣乡花乡农居内，免费进入。春秋菊花盛花期最美，游玩约1-2小时。建议自驾或骑行，周末人多，早去为宜。,东篱菊园取意陶渊明“采菊东篱下”，是锦江区三圣花乡“五朵金花”之一，以菊花种植和农家休闲闻名，展现川西田园文化。,1.5,锦江区
609,银杏廊,-,风景名胜,高新区天府二街777号大源中央公园内(东侧),104.051256,30.548756,4.0,0,"{""open"":""全天""}",风景名胜;风景名胜相关;旅游景点,免费开放式景观廊道，全天可游览。秋季银杏金黄时最佳，拍照约半小时。位于街道旁，注意来往车辆，勿滞留路中。,银杏廊是武侯区街道绿化景观，以银杏树阵构成金色长廊，深秋落叶如毯，是成都人赏秋、打卡的城市微景观代表。,1.5,武侯区
610,思蜀园,-,风景名胜,滨江东路,104.083879,30.645191,4.2,0,"{""open"":""全天""}",风景名胜;公园广场;公园,免费开放，全天可游。适合春日踏青、秋日赏桂，游玩约1小时。园内有纪念性雕塑，可静心游览，注意保护环境。,思蜀园位于锦江区，园名取自“乐不思蜀”典故，以三国蜀汉文化为主题，通过园林造景唤起人们对成都历史文脉的记忆。,1.0,锦江区
611,大观堰公园,-,风景名胜,锦绣大道3557号,104.130417,30.615764,4.1,0,"{""open"":""全天""}",风景名胜;公园广场;公园,免费开放，全天可游。适合清晨或黄昏散步，游玩约1小时。湖边注意安全，勿戏水；夏季蚊虫多，建议携带驱蚊液。,大观堰公园依托历史灌溉水系“大观堰”而建，是锦江区保留水乡记忆的生态湖泊公园，兼具蓄水与休闲功能，体现川西林盘意境。,1.5,锦江区
612,东站绿轴公园,-,风景名胜,沱江路与九寨沟路交叉口西北80米,104.13197,30.63216,4.3,0,"{""open"":""全天""}",风景名胜;公园广场;公园,免费开放，全天可游。适合傍晚散步、遛狗，游玩约1小时。紧邻成都东站，可结合候车时间游览，注意列车班次时间。,东站绿轴公园建于成都东客站上盖，是“高铁+公园”创新设计，将交通枢纽与城市绿廊结合，展示成都现代化门户形象。,1.5,成华区
613,幸福梅林-梅园,-,风景名胜,锦江大道幸福梅林内(南侧),104.136109,30.583376,4.2,0,"{""open"":""全天""}",风景名胜;风景名胜相关;旅游景点,免费进入，梅花花期1-2月最佳。适合早春赏梅、摄影，游玩约1-2小时。三圣乡内交通易拥堵，建议地铁+共享单车。,幸福梅林是锦江区三圣花乡“五朵金花”之一，以梅花种植闻名，冬季梅花盛开时香雪成海，是成都人传统踏青赏梅之地。,2.0,锦江区
614,河池乐活公园,-,风景名胜,华剑路,104.038377,30.522824,4.0,0,"{""open"":""全天""}",风景名胜;公园广场;公园,免费开放，全天可游。适合亲子露营、骑行，游玩约2小时。园区较大，建议自带野餐垫，注意防晒补水，周末人较多。,河池乐活公园为双流区新兴滨水休闲绿岛，以“乐活”理念打造，融合绿道、湿地与运动场地，体现健康可持续生活方式。,1.5,双流区
615,红墙夹道,-,风景名胜,望江路30号望江楼公园(东北角),104.092998,30.630141,3.9,0,"{""open"":""全天""}",风景名胜;风景名胜相关;旅游景点,免费开放，全天可游。位于武侯祠博物馆内红墙夹道，建议上午或傍晚光线柔和时拍照，游玩约30分钟。需购武侯祠门票进入。,红墙夹道是武侯祠博物馆内著名景观，红墙竹影相映，融合三国文化与川西园林美学，是摄影爱好者和汉服打卡热门地。,0.5,武侯区
616,狮头鱼身,-,风景名胜,新川之心中央公园西区,104.083457,30.514351,3.8,0,"{""open"":""全天""}",风景名胜;风景名胜相关;旅游景点,免费观赏，位于双流区公共广场或公园内。适合顺路打卡，游玩约15分钟。注意保护雕塑，勿攀爬触摸。,“狮头鱼身”为双流区一处特色城市雕塑或水景造型，融合传统瑞兽与鱼形元素，象征吉祥有余，反映当地民俗审美趣味。,0.5,双流区
617,彩蝶,-,风景名胜,晨辉东路89号彩蝶游园(琉璃场地铁站D口步行80米),104.101227,30.606735,3.7,0,"{""open"":""全天""}",风景名胜;风景名胜相关;旅游景点,免费观赏，位于锦江区街头绿地或文化广场。适合白天拍照，游玩约15分钟。周边可能有其他景观可串联游览。,“彩蝶”为锦江区城市公共艺术装置或景观小品，以蝴蝶为意象象征生态和谐与城市活力，体现成都街头艺术文化氛围。,0.5,锦江区
618,锦恩体育公园,-,风景名胜,万安纵4路与定安路交叉口东北80米,104.084726,30.496978,4.1,0,"{""open"":""全天""}",风景名胜;风景名胜;风景名胜,免费开放，全天可游。适合傍晚运动、夜跑，游玩约1-2小时。园内有体育设施，建议穿运动鞋，夏季注意补水。,锦恩体育公园是双流区以体育健身为主题的社区公园，配备多种运动场地，体现成都推动全民健身与公园城市融合发展的实践。,2.5,双流区
619,科苑,-,风景名胜,人民南路四段9号16附近,104.072353,30.630894,4.0,0,"{""open"":""全天""}",风景名胜;公园广场;公园,位于武侯区，建议春秋季下午游览，时长1-2小时。免费开放，适合散步休闲。注意防蚊，周边餐饮便利。,科苑为成都高新区内一处以科技与自然融合为特色的绿地，周边高校与科研机构环绕，体现现代城市生态休闲理念。,1.0,武侯区
620,新川环城公园,-,风景名胜,观东二街与新川北三路交叉口东180米,104.096475,30.528683,4.2,0,"{""open"":""全天""}",风景名胜;公园广场;公园,双流区环城公园，建议清晨或傍晚前往，游玩2小时。免费，可骑行或徒步。周末人多，注意防晒补水。,新川环城公园依托环城生态带而建，是成都公园城市建设的组成部分，串联绿道与社区，展现宜居水岸新风貌。,2.0,双流区
621,新川湿地公园4号园,-,风景名胜,崇和二街与新通北二路交叉口西北120米,104.09945,30.527815,4.1,0,"{""open"":""全天""}",风景名胜;风景名胜相关;旅游景点,湿地公园4号园，建议上午或黄昏观鸟，游玩1-2小时。免费开放，步道湿滑注意安全，禁止垂钓。,新川湿地公园群为人工修复湿地，兼具雨水净化与生态科普功能，体现成都践行绿色发展的生态智慧。,1.5,双流区
622,簇茧公园,-,风景名胜,簇桥上街,104.002433,30.607146,4.2,0,"{""open"":""全天""}",风景名胜;公园广场;公园,武侯区簇茧公园，建议春季赏花，游玩1小时。免费，适合周边居民晨练。园内无商店，自备饮水。,簇茧公园名称源于当地古蚕桑文化，簇为蚕结茧之具，公园设计融入了丝路与农耕记忆，纪念成都蚕桑历史。,1.0,武侯区
623,鲨鱼公园(置信丽都花园A区店),-,体育休闲服务,丽都路2号丽都花园A区栋102,104.034402,30.630181,3.8,0,"{""open"":""10:00"",""close"":""22:00""}",体育休闲服务;体育休闲服务场所;体育休闲服务场所,置信丽都花园A区内的体育休闲场所，建议周末带孩子游玩2-3小时。有儿童游乐设施，需购票或会员，请提前确认。,鲨鱼公园为社区型亲子体育乐园，以海洋主题装饰吸引儿童，体现成都住宅区配套休闲业态的多元化发展。,2.5,武侯区
624,双桂公园,-,风景名胜,双桂路,104.114151,30.641962,4.2,0,"{""open"":""全天""}",风景名胜;公园广场;公园,成华区双桂公园，建议早晨或傍晚散步，时长1小时。免费开放，园内有桂花树，秋季香气宜人。注意宠物牵绳。,双桂公园因园内两棵古桂花树得名，是成都老牌社区公园，承载周边居民数十年休闲记忆，颇具市井生活气息。,1.0,成华区
625,石牛堰水文化公园,-,风景名胜,石牛堰路与二环路交会处,104.089874,30.62113,4.3,0,"{""open"":""全天""}",风景名胜;公园广场;公园,锦江区石牛堰水文化公园，建议午后游览1-2小时。免费，可了解水利知识。夏季注意水域安全，勿下水。,石牛堰为都江堰灌区古堰遗址之一，公园以水文化为主题，展示成都平原治水历史与李冰精神的当代传承。,1.5,锦江区
626,锦江双拥主题公园,-,风景名胜,晨辉路公园(西南角),104.109713,30.605316,4.1,0,"{""open"":""全天""}",风景名胜;公园广场;公园,锦江区双拥主题公园，建议上午参观，时长1小时。免费，园内有双拥雕塑与展板，适合爱国主义教育。,双拥公园以“拥军优属、拥政爱民”为主题，成都作为全国双拥模范城，该园是军民鱼水情的城市公共表达。,1.0,锦江区
627,望池台,-,风景名胜,成都高新区天府二街777号大源中央公园(东南角),104.049862,30.547886,4.0,0,"{""open"":""全天""}",风景名胜;风景名胜相关;旅游景点,武侯区望池台，建议傍晚观景，游玩30-60分钟。免费小游园，无门票。蚊虫多，建议携带驱蚊液。,望池台为现代城市景观平台，得名于可眺望附近水景，是成都社区微更新中“金角银边”利用的典型小游园。,0.5,武侯区
628,听风廊,-,风景名胜,蜀郡园(西北角),104.062604,30.52915,4.0,0,"{""open"":""全天""}",风景名胜;风景名胜相关;旅游景点,双流区听风廊，建议春季或秋季午后漫步，时长30分钟。免费开放，廊下可避雨遮阳，适合短暂休憩。,听风廊为公园中的景观廊架，取“听风”雅意，体现中式园林借景与意境营造，是市民亲近自然的小型公共空间。,0.5,双流区
629,小雅公园,-,风景名胜,静康路398-临3号,104.121124,30.62082,4.2,0,"{""open"":""全天""}",风景名胜;公园广场;公园,锦江区小雅公园，建议工作日早晨游览，人少清静，时长1小时。免费开放，园内石凳多，适合阅读发呆。,小雅之名取自《诗经》，公园设计追求雅致小巧，在闹市中营造静谧绿洲，反映成都人闲适安逸的生活美学。,1.5,锦江区
630,芳草盛泰游园,-,风景名胜,诚通路与盛和二路交叉口南100米,104.058025,30.602275,4.0,0,"{""open"":""全天""}",风景名胜;公园广场;公园,武侯区芳草盛泰游园，建议傍晚散步，时长30分钟。免费小游园，景观看花木，注意爱护草坪。,芳草盛泰游园为社区口袋公园，以芳草为名寓意绿意盎然，是成都推进“公园城市”微绿地建设的生动案例。,1.0,武侯区
631,榴心花园,-,购物服务,紫竹北路85号1栋1层158号,104.05518,30.615482,3.8,0,"{""open"":""8:00"",""close"":""20:00""}",购物服务;综合市场;果品市场,榴心花园为购物服务类场所，建议周末逛街时顺访，停留1-2小时。消费视店铺而定，注意营业时间。,榴心花园以石榴为主题命名的商业街区，融合购物与园林景观，体现成都商业空间对生态与美学的重视。,1.0,武侯区
632,武侯体育公园,-,风景名胜,顺和街24号,103.99953,30.634405,4.3,0,"{""open"":""全天""}",风景名胜;公园广场;公园,武侯体育公园，建议早晨或傍晚运动，时长1-2小时。免费，有篮球场、健身步道。运动设施可能需预约。,武侯体育公园是集运动健身与生态休闲于一体的综合性公园，响应全民健身号召，服务周边居民健康生活。,2.5,武侯区
633,沙河东篱翠湖公园-府河南公园,-,风景名胜,柳翠路213号沙河东篱翠湖公园内(西侧),104.088753,30.608538,4.2,0,"{""open"":""全天""}",风景名胜;公园广场;公园,锦江区沙河东篱翠湖公园-府河南公园，建议春秋季沿河骑行，游玩2小时。免费开放，注意河岸安全，勿翻越护栏。,该公园依托沙河与府河生态廊道而建，融合东篱翠湖景观，体现成都河流治理与滨水空间活化的成果。,1.5,锦江区
634,白鹭洲,-,风景名胜,望江30号、40号、50号望江楼公园内(南侧),104.092713,30.628,4.0,0,"{""open"":""全天""}",风景名胜;风景名胜相关;旅游景点,建议春秋季傍晚前往，沿湖散步2小时最佳。免费开放，无需门票。注意蚊虫，携带驱蚊水。周末人较多。,白鹭洲湿地公园是成都市区重要的生态绿肺，以白鹭等鸟类栖息闻名，体现了城市与自然和谐共生的理念。,1.5,武侯区
635,锦江·艺术时尚创意公园,-,风景名胜,二环路东五段299号(东湖公园地铁站A口步行160米),104.088659,30.618947,3.9,0,"{""open"":""10:00"",""close"":""22:00""}",风景名胜;公园广场;水族馆,适合下午或傍晚游览，拍照打卡约1-2小时。免费入园，园区内有餐饮咖啡店。建议穿时尚服装便于拍照。,由老工业厂房改造的文创园区，融合艺术展览、时尚设计与休闲消费，是成都锦江畔新兴的创意地标。,2.0,锦江区
636,锦江公园·合江公园,-,风景名胜,滨江东路思蜀园,104.083965,30.645313,4.2,0,"{""open"":""全天""}",风景名胜;公园广场;公园,建议傍晚或夜晚前往，看合江亭夜景与灯光秀，游览约1小时。免费开放。可结合夜游锦江项目。注意江边风大。,合江公园地处府河与南河交汇处，合江亭为成都历史名亭，见证两江汇流，是成都水文化与传统城市记忆的核心地标。,1.5,锦江区
637,府河中公园,-,风景名胜,河滨路688号府河北公园(东南角),104.088567,30.609696,4.1,0,"{""open"":""全天""}",风景名胜;公园广场;公园,全天开放，适合清晨或黄昏散步，游览约1小时。免费。公园沿河而建，注意湿滑步道。周边有公交地铁可达。,府河中公园沿府河而建，是成都中心城区滨水绿廊的一部分，展现老成都水岸生活与近代河堤整治历史。,1.5,锦江区
638,双桂公园-西区,-,风景名胜,双桂公园,104.113366,30.642324,4.0,0,"{""open"":""全天""}",风景名胜;公园广场;公园,适合上午或下午休闲游，约1小时。免费开放。公园西区相对安静，适合亲子活动。夏季注意防晒。,双桂公园以桂花为特色，西区为传统园林式布局，承载成华区居民日常休闲记忆，体现成都公园城市的人居理念。,1.5,成华区
639,天府新区消防文化公园,-,风景名胜,天府新区梓州大道7301号,104.083728,30.49525,4.0,0,"{""open"":""全天""}",风景名胜;公园广场;公园,全天开放，免费。适合亲子消防科普教育，建议游览1-1.5小时。注意夏季高温，可自带水。消防设施请勿随意触碰。,以消防安全为主题的社区公园，兼具教育功能与休闲空间，展示天府新区对公共安全文化与社区治理的重视。,1.5,双流区
640,九龙湖社区公园,-,风景名胜,光电一路与泰华路交叉口,104.003425,30.525598,4.1,0,"{""open"":""全天""}",风景名胜;公园广场;公园,适合早晚锻炼或周末遛娃，免费开放，游览约1小时。公园有步道和儿童设施。注意遵守社区公园安静规定。,九龙湖社区公园是双流区典型居民社区绿地，反映成都“公园社区”建设模式，强调邻里交往与生态休闲融合。,1.0,双流区
641,爱情海绣球花公园,-,风景名胜,下沙河铺街37号(东大路地铁站D口步行410米),104.118275,30.631775,4.2,0,"{""open"":""全天""}",风景名胜;公园广场;公园,最佳观赏期为4-6月绣球花盛开时，建议上午前往，光线好且人少。免费开放。花期时注意保护花朵，勿踩踏。,以绣球花为主题的季节性网红公园，每年春夏吸引大量游客打卡，展现成都公园城市精细化景观营造与浪漫生活美学。,1.5,锦江区
642,江安河生态公园,-,风景名胜,簇桥马家河村,103.966872,30.584424,4.3,0,"{""open"":""全天""}",风景名胜;公园广场;公园,建议春秋季全天游览，沿河步道步行或骑行约1.5小时。免费开放。注意河道安全，勿靠近水边嬉戏。,江安河生态公园依托自然河道打造，是武侯区生态修复与亲水休闲结合的范例，体现成都水生态治理与绿色空间拓展。,2.0,武侯区
643,谷底公园,-,风景名胜,静安路东200米(四川师大地铁站C1口步行430米),104.116041,30.612583,4.0,0,"{""open"":""全天""}",风景名胜;公园广场;公园,建议下午游览，约1小时。免费开放。公园地势起伏，适合散步拍照。雨后路面湿滑，注意穿防滑鞋。,谷底公园利用原始地形高差设计，形成独特的下沉式景观空间，是锦江区城市立体绿化与生态游憩的创新尝试。,1.0,锦江区
644,芙蓉花海,-,风景名胜,簇马路一段69号天府芙蓉园,103.984486,30.591735,4.0,0,"{""open"":""全天""}",风景名胜;风景名胜;风景名胜,最佳观赏期为秋季（9-11月）芙蓉花盛开时，建议上午前往，游览约1小时。免费开放。注意花粉过敏者谨慎。,芙蓉花为成都市花，芙蓉花海景区集中展示成都“蓉城”文化符号，传承五代后蜀时期遍植芙蓉的历史典故。,1.5,武侯区
645,蓝牌体育公园,-,风景名胜,腾飞八路184号,103.994994,30.514126,4.0,0,"{""open"":""9:00"",""close"":""21:00""}",风景名胜;公园广场;公园,全天开放，免费。适合运动爱好者，建议傍晚前往锻炼1-2小时。内有篮球场、足球场等，需提前预约场地。,蓝牌体育公园是双流区面向市民的综合性体育公园，体现成都建设“世界赛事名城”背景下群众体育设施的普及。,2.0,双流区
646,吉顺街运动公园,-,风景名胜,吉顺街与武晋路交叉口东北200米,104.005971,30.636874,4.1,0,"{""open"":""9:00"",""close"":""21:00""}",风景名胜;公园广场;公园,适合清晨或傍晚运动，免费开放，游览约1小时。有健身器材和跑步道。注意运动前热身，夏季避开正午高温。,吉顺街运动公园是武侯区社区级体育绿地，满足周边居民日常健身需求，展现成都“15分钟健身圈”的基层实践。,1.5,武侯区
647,人民公园-君平园,-,风景名胜,少城街道君平街26号(人民公园地铁站J口步行480米),104.058367,30.654786,4.2,0,"{""open"":""全天""}",风景名胜;公园广场;公园,建议上午或下午游览，与人民公园主园区连游约1.5小时。免费开放。君平园相对清幽，适合静坐休憩。,君平园为纪念西汉隐士严君平（严遵）而设，位于人民公园内，体现成都道教文化与隐逸传统，兼具历史纪念意义。,1.0,青羊区
648,顺江社区公园,-,风景名胜,聚龙路与万兴路交汇处,103.997191,30.622721,4.0,0,"{""open"":""全天""}",风景名胜;公园广场;公园,全天开放，免费。适合傍晚散步或周末亲子活动，游览约1小时。社区公园设施较简，注意爱护公共设施。,顺江社区公园是武侯区典型的社区级生态绿地，反映成都老旧小区周边环境更新与居民日常生活空间的品质提升。,1.0,武侯区
649,华姿园,-,风景名胜,芳草街与芳草东街交叉口东80米(芳草街地铁站B口旁),104.052214,30.626567,4.0,0,"{""open"":""全天""}",风景名胜;风景名胜相关;旅游景点,建议春季或秋季前往，游览时长约1小时。园内免费开放，无需预约。注意蚊虫较多，建议携带防蚊液。,华姿园为武侯区一处以花卉景观为主的公园，融合川西园林风格，是市民休闲赏花的好去处。,1.5,武侯区
650,五感花园,-,科教文化服务,驸马联合三组36号,104.139197,30.575692,4.2,0,"{""open"":""9:00"",""close"":""17:00""}",科教文化服务;科教文化场所;科教文化场所,适合亲子游览，建议上午前往，游览时长1-2小时。部分互动展项可能收费，请提前查询。注意保护植物，勿随意采摘。,五感花园以视觉、听觉、嗅觉、触觉、味觉五感体验为设计理念，是成都锦江区一处寓教于乐的科教文化场所。,1.0,锦江区
651,人民公园-成都大轰炸纪念墙,-,风景名胜,小南街8号人民公园(人民公园地铁站B口步行190米),104.057876,30.657827,4.2,0,"{""open"":""全天""}",风景名胜;风景名胜相关;旅游景点,建议白天前往，游览时长约30分钟。免费参观。紧邻人民公园茶园，可顺道体验成都盖碗茶文化。,成都大轰炸纪念墙为纪念抗日战争时期日军对成都的轰炸而设，是城市历史记忆与爱国主义教育的重要地标。,0.5,青羊区
652,新川环城公园,-,风景名胜,新程南三路与新程大道交叉口南120米,104.093407,30.502029,4.1,0,"{""open"":""全天""}",风景名胜;公园广场;公园,建议傍晚或清晨游览，时长约1.5小时。免费开放。公园较大，建议穿舒适运动鞋，自带饮用水。,新川环城公园位于双流区，是依托新川创新科技园建设的生态绿廊，体现产城融合与绿色发展的现代理念。,2.0,双流区
653,卧龙园,-,风景名胜,通祠路39号正对面,104.0561,30.648228,4.0,0,"{""open"":""全天""}",风景名胜;公园广场;公园,建议春季赏花或秋季散步，游览时长约1小时。免费开放。公园内绿荫较多，适合野餐，但注意保持清洁。,卧龙园为武侯区社区公园，命名源于四川卧龙大熊猫保护区，园内设有熊猫主题雕塑，传递生态保护意识。,1.0,武侯区
654,望江楼公园-园林开放区,-,风景名胜,望江30号、40号、50号望江楼公园内(西南角),104.091619,30.628692,4.3,0,"{""open"":""全天""}",风景名胜;风景名胜相关;旅游景点,建议春夏季节前往，游览时长约2小时。园林开放区免费，但园内文物保护区需购票。注意竹林蚊虫，穿长裤更佳。,望江楼公园以纪念唐代女诗人薛涛而闻名，园林区保留大量翠竹与古建，是成都历史文化与园林艺术结合的典范。,2.5,武侯区
655,VeePapo哈哈公园,-,风景名胜,聚龙路与万兴路交叉口东120米,103.997875,30.621325,3.8,0,"{""open"":""全天""}",风景名胜;公园广场;公园广场,适合亲子游玩，建议周末上午前往，游览时长2-3小时。部分游乐设施收费，注意儿童安全。,VeePapo哈哈公园是武侯区以亲子娱乐为主题的乐园，提供多种互动游乐项目，是家庭休闲的热门去处。,1.5,武侯区
656,驼峰夕照,-,风景名胜,湿地路白鹭湾湿地公园内(东侧),104.143329,30.568376,4.0,0,"{""open"":""全天""}",风景名胜;风景名胜相关;旅游景点,建议傍晚前往观赏夕阳，游览时长约40分钟。免费开放。周边无遮挡，注意防晒，携带相机记录美景。,驼峰夕照为锦江区一处观景点，名称源自二战时期“驼峰航线”的纪念意象，象征和平与历史追忆。,0.8,锦江区
657,丹青台,-,风景名胜,江家艺苑内(西南角),104.122473,30.573645,4.0,0,"{""open"":""全天""}",风景名胜;风景名胜相关;旅游景点,建议春秋季游览，时长约1小时。免费开放。景点以文化展示为主，适合静心观赏，请勿触摸展品。,丹青台以中国传统书画艺术为主题，设有文化展示及互动空间，体现成都对传统美学的传承与弘扬。,0.8,锦江区
658,东区街心花园,-,风景名胜,通桂路与迎晖路辅路交叉口南40米,104.119366,30.638627,3.9,0,"{""open"":""全天""}",风景名胜;公园广场;公园,适合日常散步，建议早晨或傍晚前往，游览时长30-45分钟。免费开放，周边有社区商圈，可顺路购物用餐。,东区街心花园是锦江区典型的社区公共绿地，承载居民日常休闲功能，体现成都“公园城市”的微空间营造。,0.5,锦江区
659,紫藤长廊,-,风景名胜,三圣乡幸福路338号百花深处,104.137886,30.576756,3.8,0,"{""open"":""全天""}",风景名胜;风景名胜;风景名胜,建议春夏紫藤花期前往，游览时长约30分钟。免费开放。花期人多，注意错峰；长廊狭窄，请勿攀爬。,紫藤长廊以紫藤花架为特色，春季紫藤垂落如瀑，是锦江区热门拍照打卡点，展现城市园林的浪漫气息。,0.5,锦江区
660,梵谷中央公园,-,风景名胜,芙蓉东路890号,104.16023,30.596206,4.1,0,"{""open"":""全天""}",风景名胜;公园广场;公园,建议周末前往，游览时长约2小时。免费开放。公园较大，可骑行或野餐，注意垃圾分类。,梵谷中央公园位于龙泉驿区，以艺术与自然融合为设计理念，设有雕塑与景观小品，是新兴的城市文化绿地。,2.0,龙泉驿区
661,东华门遗址公园,-,风景名胜,人民中路一段11(天府广场地铁站出入口步行360米),104.066743,30.661694,4.2,0,"{""open"":""全天""}",风景名胜;公园广场;公园,建议白天参观，游览时长约1小时。免费开放，需提前预约（部分遗址区限制进入）。注意文物保护，勿跨越围栏。,东华门遗址公园是成都市中心明代蜀王府遗址所在地，出土大量历史遗迹，是研究成都古代城市格局的珍贵现场。,2.0,青羊区
662,高铁城市公园,-,风景名胜,杨柳路培育幼儿园西南200米,104.146822,30.637318,4.0,0,"{""open"":""全天""}",风景名胜;公园广场;公园,适合亲子及摄影爱好者，建议晴天前往，游览时长约1.5小时。免费开放，观景台视野佳，注意防晒。,高铁城市公园位于成华区，紧邻高铁线路，可近距离观赏列车穿行，结合铁路文化展示，体现城市交通发展。,2.0,成华区
663,友谊林,-,风景名胜,环行大道北段四川大学(江安校区),103.995522,30.559688,3.9,0,"{""open"":""全天""}",风景名胜;公园广场;公园,建议春秋季节前往，游览时长约1小时。免费开放。公园树木茂密，适合散步，但注意防蚊虫。,友谊林为双流区纪念国际友好城市交流而建的林地，象征中外友谊与生态共建，具有独特的国际友好意义。,1.0,双流区
664,成都漾亚体育公园,-,风景名胜,盛邦街与富华北路交叉口西100米,104.039925,30.555575,4.0,0,"{""open"":""9:00"",""close"":""21:00""}",风景名胜;公园广场;公园,全天开放，建议傍晚前往，光线柔和且凉爽。免费入场，适合周边居民散步或运动，无需预约，注意防晒补水。,以体育运动为主题的社区公园，体现成都全民健身与绿色生态结合的城市规划理念。,2.5,武侯区
665,人民公园-少城苑,-,风景名胜,小南街8号人民公园(人民公园地铁站H口步行390米),104.057573,30.656427,4.3,0,"{""open"":""全天""}",风景名胜;风景名胜相关;旅游景点,建议上午或傍晚游玩，园内茶馆需消费入座。免费入园，游览约1-2小时，可体验成都盖碗茶文化，注意蚊虫。,少城苑是人民公园内极具川西园林风格的院落，承载老成都休闲记忆，是体验市井茶文化与慢生活的代表地。,1.0,青羊区
666,龙港公园,-,风景名胜,G5(成渝环线高速公路),103.981569,30.510449,4.1,0,"{""open"":""全天""}",风景名胜;公园广场;公园,全天开放，免费入园，适合春秋季散步。园区不大，建议游览1小时，注意夏季蚊虫，自备饮用水。,双流区综合性滨水休闲公园，体现成都近郊生态修复与水岸宜居特色，是市民日常休闲的绿色空间。,1.5,双流区
667,乐奇冰雪乐园,-,体育休闲服务,海洋路1号(海昌路地铁站E口步行280米),104.072293,30.495733,3.8,0,"{""open"":""10:00"",""close"":""22:00""}",体育休闲服务;体育休闲服务场所;体育休闲服务场所,建议冬季或暑期前往，需购票并租借防寒服（约50元）。游玩时长2-3小时，注意场内低温，带手套和厚袜。,室内冰雪主题乐园，满足成都人对冰雪运动的向往，体现南方城市发展冰雪体育旅游的创新实践。,3.0,双流区
668,望江楼公园-薛涛厅,-,风景名胜,望江路300号望江楼公园内(东南角),104.09324,30.628525,4.2,0,"{""open"":""全天""}",风景名胜;风景名胜相关;旅游景点,开放时间约8:00-18:00，免费入园，薛涛厅需单独购票（约20元）。建议游览1-2小时，可结合望江楼公园一并游玩。,薛涛厅为纪念唐代女诗人薛涛而建，园内翠竹成林，是成都历史文化与古典园林艺术的重要载体。,1.0,武侯区
669,成都市成华区雕塑公园,-,风景名胜,双林中横路8号,104.106606,30.651752,4.0,0,"{""open"":""全天""}",风景名胜;公园广场;公园,全天开放，免费入园，建议白天游览，时长约1小时。园区以雕塑为主，可拍照打卡，注意保护展品。,成华区以公共艺术为主题的公园，通过雕塑展示城市记忆与工业文明，体现艺术融入日常生活的理念。,2.0,成华区
670,武侯20号体育公园,-,体育休闲服务,金航路53号(金花地铁站A口步行470米),103.967816,30.595826,4.2,0,"{""open"":""9:00"",""close"":""21:00""}",体育休闲服务;运动场馆;综合体育馆,全天开放，免费入场，建议傍晚或周末前往锻炼。场地以足球、篮球为主，注意提前预约场地，穿运动鞋。,武侯区新兴社区体育公园，利用城市闲置空间打造全民健身场所，反映成都推动健康城市建设的举措。,2.5,武侯区
671,摩诃池公园,-,风景名胜,西御河沿街35号(骡马市地铁站D口步行360米),104.063894,30.66449,4.3,0,"{""open"":""全天""}",风景名胜;公园广场;公园,全天开放，免费入园，建议清晨或黄昏游览，时长约1小时。公园较小，适合散步休憩，注意保护草坪。,摩诃池为隋唐时期成都著名皇家池苑，今复建为遗址公园，承载千年历史记忆，是成都古都文化的重要符号。,1.5,青羊区
672,望月台,-,风景名胜,望江30号、40号、50号望江楼公园内(东侧),104.093913,30.629615,4.0,0,"{""open"":""全天""}",风景名胜;风景名胜相关;旅游景点,全天开放，免费观景平台，建议夜晚前往赏月或看城市夜景。游览约30分钟，注意周边交通与安全。,望月台位于武侯区高坡或楼顶，是成都市民中秋赏月与登高远眺的民间地标，体现城市与自然景观的融合。,0.5,武侯区
673,樱花林,-,风景名胜,三圣乡驸马联合五组94号东篱菊园内,104.144632,30.574697,4.0,0,"{""open"":""全天""}",风景名胜;风景名胜相关;旅游景点,樱花季（3月中下旬）最佳，免费开放。建议清晨前往避开人流，游览1小时，可野餐，注意文明赏花。,锦江区城市公园中的樱花林，春季繁花似锦，是成都市民踏青赏花的热门去处，体现公园城市生态美学。,1.0,锦江区
674,红军长征邛崃纪念馆,4A,风景名胜,天台山镇高兴村三组,103.125009,30.308992,4.5,0,"{""open"":""9:00"",""close"":""17:00""}",风景名胜;风景名胜;纪念馆,开放时间9:00-17:00，免费参观（需身份证登记）。建议游览1-2小时，注意保持肃穆，禁止大声喧哗。,纪念红军长征经过邛崃的历史，馆内陈列革命文物与史料，是成都重要的爱国主义教育基地和红色旅游景点。,2.0,邛崃市
675,血战湘江雕塑,-,风景名胜,天台山镇高兴村三组红军长征邛崃纪念馆,103.126008,30.311399,4.2,0,"{""open"":""9:00"",""close"":""17:00""}",风景名胜;风景名胜;风景名胜,全天开放，免费参观，位于邛崃纪念馆园区内。建议与纪念馆一并游览，时长约30分钟，注意尊重历史氛围。,雕塑再现湘江战役的壮烈场景，铭记红军长征中牺牲的英烈，具有深刻的革命教育意义。,0.5,邛崃市
676,革命英雄墙,-,风景名胜,天台山镇高兴村三组红军长征邛崃纪念馆(东南角),103.125364,30.308604,4.2,0,"{""open"":""9:00"",""close"":""17:00""}",风景名胜;风景名胜;风景名胜,全天开放，免费参观，建议随纪念馆游览路线参观，约20分钟。可拍照留念，注意保持安静与整洁。,革命英雄墙上镌刻邛崃籍烈士姓名，是当地人民缅怀先烈、传承红色基因的重要纪念设施。,0.5,邛崃市
677,红军标语石刻长廊,-,风景名胜,天台山镇高兴村三组红军长征邛崃纪念馆,103.124162,30.308732,4.1,0,"{""open"":""9:00"",""close"":""17:00""}",风景名胜;风景名胜;风景名胜,全天开放，免费参观，建议白天游览，约30分钟。石刻内容珍贵，请勿触摸或涂画，注意保护文物。,长廊集中展示红军在邛崃留下的标语石刻，是研究川西革命历史的第一手实物资料，极具史料价值。,1.0,邛崃市
678,川军抗日阵亡将士纪念碑,-,风景名胜,祠堂街1号(天府广场地铁站西1南口步行320米),104.060213,30.656452,4.4,0,"{""open"":""9:00"",""close"":""17:00""}",风景名胜;风景名胜;纪念馆,位于人民公园内，全天可参观，免费。建议结合公园游览，约15分钟。可敬献鲜花，注意保持肃穆。,纪念川军出川抗日的阵亡将士，雕塑象征川人保家卫国之精神，是成都重要的抗战记忆与城市历史地标。,1.0,青羊区
679,成都战役纪念馆,4A,风景名胜,西来古镇铜鼓村,103.501852,30.307208,4.5,0,"{""open"":""9:00"",""close"":""17:00""}",风景名胜;风景名胜;纪念馆,建议春秋季上午前往，游览约1小时。免费开放，需提前电话预约。纪念馆周边有停车场，注意展馆内禁止拍照。,为纪念成都战役中牺牲的解放军指战员而建，是成都重要的红色教育基地，馆内陈列战役史料与实物。,2.5,蒲江县
680,成都战役英烈墙,-,风景名胜,西来古镇铜鼓村1组,103.501856,30.307127,4.3,0,"{""open"":""9:00"",""close"":""17:00""}",风景名胜;风景名胜;风景名胜,与战役纪念馆相邻，可一并参观，游览约30分钟。免费，注意保持肃穆，勿嬉闹。建议穿着得体，夏季注意防晒。,英烈墙上镌刻着成都战役牺牲烈士姓名，是缅怀先烈、进行爱国主义教育的重要场所，庄严肃穆。,0.5,蒲江县
681,大邑横山岗红军无名烈士纪念馆,-,风景名胜,大横路,103.185694,30.59764,4.0,0,"{""open"":""9:00"",""close"":""17:00""}",风景名胜;风景名胜;纪念馆,位于大邑山区，山路较窄，建议自驾并注意安全。免费开放，游览约1小时，建议上午前往，备好饮用水。,纪念长征中牺牲于横山岗的无名红军烈士，体现军民鱼水情，是当地重要的红色历史遗迹。,2.0,大邑县
682,诸葛亮故居,-,风景名胜,空港中央公园内(东侧),103.921121,30.584776,3.8,0,"{""open"":""9:00"",""close"":""17:00""}",风景名胜;风景名胜;纪念馆,位于双流区，建议春秋季前往，游览约1小时。部分区域需购票，具体以现场公告为准。周边有茶铺可歇脚。,传为三国蜀汉丞相诸葛亮早年耕读处，现为纪念性园林，含祠堂与塑像，体现对智慧的崇敬。,1.5,双流区
683,成都市李劼人故居纪念馆,-,风景名胜,外东沙河堡菱窠西路70号(川师大北门附近),104.124631,30.618716,4.2,0,"{""open"":""9:00"",""close"":""17:00""}",风景名胜;风景名胜;纪念馆,位于锦江区菱窠，地铁可达。免费开放，周二至周日9:00-17:00（周一闭馆），游览约1小时。院内可品茶。,现代作家李劼人故居，其代表作《死水微澜》等以成都为背景，故居保留原貌，展示其生平与创作。,1.5,锦江区
684,辛亥秋保路死事纪念碑,-,风景名胜,小南街8号人民公园(人民公园地铁站G口步行270米),104.05702,30.658342,4.3,0,"{""open"":""全天""}",风景名胜;风景名胜;纪念馆,位于人民公园内，免费入园，全天开放。建议清晨或傍晚游览，避开人流，约30分钟。公园内可喝茶休憩。,1913年为纪念四川保路运动中死难烈士而建，是辛亥革命的见证，碑体造型独特，为全国重点文保单位。,0.5,青羊区
685,四川保路运动史事陈列馆,-,风景名胜,小南街8号人民公园(人民公园地铁站J口步行260米),104.056257,30.657023,4.2,0,"{""open"":""9:00"",""close"":""17:00""}",风景名胜;风景名胜;纪念馆,在人民公园内，与纪念碑相邻，免费参观。开放时间通常为9:00-17:00，周一闭馆。游览约40分钟，注意闭馆时间。,系统展示1911年四川保路运动的历史背景、经过与影响，是了解近代四川革命史的重要窗口。,2.0,青羊区
686,毛主席视察红光社纪念馆,-,风景名胜,尚雅路9正北方向70米,103.93247,30.774762,3.9,0,"{""open"":""9:00"",""close"":""17:00""}",风景名胜;风景名胜;纪念馆,位于郫都区红光镇，免费开放，建议上午参观，游览约45分钟。注意保持安静，展馆内勿饮食。周边有公交可达。,纪念1958年毛泽东视察红光社，保留当年谈话场景与照片，是研究新中国农村史的重要实物资料。,1.5,郫都区
687,四川大学望江校区江姐纪念馆,-,风景名胜,望江路街道一环路南一段24号四川大学望江校区,104.090264,30.634739,4.3,0,"{""open"":""9:00"",""close"":""17:00""}",风景名胜;风景名胜;纪念馆,位于川大望江校区内，需凭身份证登记入校，免费参观。开放时间约9:00-17:00（周末闭馆），游览约1小时。,江姐江竹筠曾在此求学，纪念馆展示其革命事迹与狱中书信，是高校红色文化教育的重要基地。,2.0,武侯区
688,成都贺麟故居纪念馆,-,风景名胜,五凤镇金箱村1组,104.474904,30.596598,4.1,0,"{""open"":""9:00"",""close"":""17:00""}",风景名胜;风景名胜;纪念馆,位于金堂县，建议自驾前往，免费开放。游览约1.5小时，注意故居为木质结构，禁止吸烟。可结合周边乡村游。,著名哲学家贺麟的出生地，保留清代川西民居风貌，展示其学术思想与生平，体现中西哲学融合。,2.0,金堂县
689,成都游击斗争史料馆,-,风景名胜,稻乡旅游环线,103.608461,30.543149,4.0,0,"{""open"":""9:00"",""close"":""17:00""}",风景名胜;风景名胜;纪念馆|科教文化服务;科教文化场所;科教文化场所,位于崇州市，免费开放，建议提前电话确认开放时间。游览约1小时，适合团体学习，注意馆内资料勿翻拍。,记录成都地区地下党领导游击斗争的历史，含珍贵文献与口述史料，是成都革命史研究的重要补充。,1.5,崇州市
690,成都马鞍山烈士纪念园,-,风景名胜,马鞍山42号(梁家巷地铁站C2口步行390米),104.087409,30.682671,4.0,0,"{""open"":""全天""}",风景名胜;风景名胜;纪念馆,位于金牛区马鞍山，免费开放，全天可入。建议上午前往，游览约30分钟。陵园内肃静，禁止喧哗。,安葬成都解放及剿匪中牺牲的烈士，园内松柏常青，是市民凭吊英烈、传承红色基因的城市纪念地。,1.0,金牛区
691,艾芜故居,-,风景名胜,清流镇翠云村翠云路,104.055124,30.950645,4.0,0,"{""open"":""9:00"",""close"":""17:00""}",风景名胜;风景名胜;纪念馆,位于新都区，免费开放，建议春秋季前往，游览约1小时。故居环境清幽，可顺游新都桂湖。注意室内勿拍照。,现代作家艾芜故乡，其南行记系列影响深远。故居为川西民居，展示其手稿与生活遗物，纪念其流浪文学精神。,1.5,新都区
692,都江堰实灌一千万亩纪念碑,-,风景名胜,灌口街道公园路青城山·都江堰风景名胜区内,103.61125,30.99849,4.0,0,"{""open"":""全天""}",风景名胜;风景名胜相关;旅游景点,位于都江堰景区附近，可结合水利工程游览。免费观看，建议上午光线好时拍照，停留约20分钟。注意勿攀爬碑座。,为纪念都江堰灌区灌溉面积达一千万亩而立，碑文记录水利发展史，象征李冰父子治水精神的当代延续。,0.5,都江堰市
693,天府新区双流烈士陵园,-,生活服务,煎茶镇沿溪村3组,104.024638,30.3594,3.8,0,"{""open"":""全天""}",生活服务;丧葬设施;陵园|风景名胜;风景名胜;纪念馆,,,0.5,双流区
694,彭家珍大将军专祠纪念馆,-,风景名胜,城厢镇公园路26号,104.323989,30.854292,4.1,0,"{""open"":""9:00"",""close"":""17:00""}",风景名胜;风景名胜;纪念馆,位于青白江区城厢镇，免费开放，周二至周日9:00-17:00（周一闭馆）。游览约1小时，注意馆内保持安静。,纪念辛亥革命烈士彭家珍，其炸良弼而殉国。专祠为清代建筑，陈列烈士遗物与事迹，是省级文保单位。,1.5,青白江区
695,虹口深溪沟地震遗址纪念地,-,风景名胜,虹口乡白八路东50米龙溪虹口国家级自然保护区(西南角),103.617388,31.087206,4.0,0,"{""open"":""全天""}",风景名胜;风景名胜相关;旅游景点,建议上午前往，游览约1小时，免费开放。地处山区，注意防滑和地质灾害警示，雨后慎行。可结合虹口漂流一日游。,2008年汶川地震震中区域的重要遗址，保留地震断裂带和山体崩滑痕迹，是地震科普与纪念的重要场所，见证灾难与重生。,2.0,都江堰市
696,日本侵华罪行馆,-,风景名胜,安仁镇大新路建川博物馆聚落旅游区,103.621076,30.502426,4.0,0,"{""open"":""9:00"",""close"":""17:00""}",风景名胜;风景名胜相关;旅游景点,建议安排半天，门票约50元，可网上购票。展馆较大，内容沉重，建议预留2-3小时，不宜带幼童。周一闭馆，提前确认。,大邑建川博物馆聚落内专题馆，以日军侵华罪证史料、实物为展陈核心，警醒国人铭记历史，是重要的爱国主义教育基地。,2.5,大邑县
697,红军长征在四川纪念馆,-,风景名胜,建川博物馆聚落旅游区,103.620399,30.500626,4.1,0,"{""open"":""9:00"",""close"":""17:00""}",风景名胜;风景名胜;纪念馆,位于大邑建川博物馆聚落，可与其他馆联游，建议半天至一天。门票含在聚落通票内，约50元。展线长，穿舒适鞋。,系统展示红军长征在四川的历程、重要战役和会议，通过文物与场景复原再现长征精神，是了解四川革命史的关键窗口。,2.0,大邑县
698,黄霖故居,-,风景名胜,桂湖街道督桥村,104.176287,30.858422,3.8,0,"{""open"":""9:00"",""close"":""17:00""}",风景名胜;风景名胜;纪念馆,免费开放，位于新都城区，建议游览30-40分钟。注意开放时间（多为9:00-17:00），周末人少更宜参观，可结合桂湖游览。,革命先驱黄霖的出生地，保存清末川西民居风貌，展示其生平与革命事迹，是成都市重要的红色名人故居纪念地。,1.0,新都区
699,彭州市猎枪会纪念馆,-,风景名胜,桂花镇,103.776093,31.075135,3.7,0,"{""open"":""9:00"",""close"":""17:00""}",风景名胜;风景名胜;纪念馆,免费参观，建议上午前往，游览约1小时。场馆较小，可电话预约讲解。彭州山区交通需注意，自驾停车方便。,纪念彭州地区解放初期猎枪会（农民武装）革命活动的专题纪念馆，反映当地群众武装斗争历史，具有地方红色文化特色。,1.5,彭州市
700,何氏故居,-,风景名胜,顺江街与双辉路交叉口东北200米,104.54037,30.663738,3.9,0,"{""open"":""9:00"",""close"":""17:00""}",风景名胜;风景名胜相关;旅游景点,免费开放，位于金堂县乡镇，建议自驾前往，游览约40分钟。院落古朴，注意保护文物，不可触摸展品，可结合周边乡村游。,何氏家族故居，保存川西传统民居建筑格局，兼具家族历史与地方民俗展示，体现了金堂地区宗族文化与建筑特色。,1.0,金堂县
701,张大千故居,-,风景名胜,金牛大道金牛坝路辅路与迎宾大道交叉口北380米金牛宾馆内,104.016953,30.71679,4.2,0,"{""open"":""9:00"",""close"":""17:00""}",风景名胜;风景名胜;纪念馆,位于金牛宾馆内，需预约参观或入住宾馆方可进入。建议游览约1小时，免费。环境清幽，适合静赏，注意保持肃静。,国画大师张大千在成都的晚年居所，青瓦白墙，园内有其艺术生平陈列，是研究大千艺术与巴蜀文脉的重要纪念地。,1.5,金牛区
702,成都市双流区彭镇金桥社区徐茂森故居,-,风景名胜,民生街2号,103.823373,30.578079,3.8,0,"{""open"":""9:00"",""close"":""17:00""}",风景名胜;风景名胜;纪念馆,免费开放，位于双流彭镇，建议游览30分钟。多为社区性纪念点，可联系社区了解开放情况，结合彭镇老茶馆一并游览。,纪念革命烈士徐茂森的故居，展示其投身革命、英勇就义的事迹，是双流区重要的红色记忆点，传承地方革命精神。,1.0,双流区
703,望江楼公园-薛涛纪念馆,-,风景名胜,望江路30号望江楼公园(东北角),104.093162,30.630756,4.3,0,"{""open"":""9:00"",""close"":""17:00""}",风景名胜;风景名胜;纪念馆,望江楼公园免费进入，薛涛纪念馆在园内单独收费约20元。建议游览1-2小时，四季皆宜，春季竹林最美。地铁可直达。,为纪念唐代女诗人薛涛而建，馆内藏其诗作与笺谱，园内遍植翠竹，与望江楼古建筑群相映，是成都诗竹文化地标。,2.0,武侯区
704,温江公园-王光祈纪念馆,-,风景名胜,临江路南段13温江公园内(东侧),103.847177,30.697336,4.1,0,"{""open"":""全天""}",风景名胜;风景名胜;纪念馆,温江公园免费开放，王光祈纪念馆位于园内，免费参观。建议游览1小时，晨昏时分景色佳，可结合公园休闲散步。,纪念音乐学家、社会活动家王光祈，馆内陈列其生平著作与音乐贡献，是了解中国近代音乐史和温江人文的重要场所。,1.5,温江区
705,望丛祠-望帝丛帝纪念馆,-,风景名胜,望丛中路5号(望丛祠地铁站A口步行360米),103.874931,30.809751,4.2,0,"{""open"":""9:00"",""close"":""17:00""}",风景名胜;风景名胜;纪念馆,望丛祠门票约10元，纪念馆含在内。建议游览1.5小时，春秋两季最佳。祠内古柏参天，注意蚊虫，可顺游郫都城区。,纪念古蜀望帝杜宇和丛帝鳖灵的祠庙，是蜀文化源头象征。望帝丛帝纪念馆系统介绍古蜀传说与农耕文明起源。,2.0,郫都区
706,都江堰市虹口深溪沟地震遗迹纪念地-展览厅,-,风景名胜,深溪沟地震遗址纪念地东北侧,103.617489,31.087424,4.0,0,"{""open"":""9:00"",""close"":""17:00""}",风景名胜;风景名胜;纪念馆,与695为同一遗址区展览厅，建议参观前先看展厅再实地。免费开放，游览约1小时，山路注意安全，雨季最好避开。,作为地震遗迹纪念地的辅助展馆，通过图文、影像和实物展示地震破坏与重建过程，增强对防灾减灾的认知。,1.5,都江堰市
707,范家祠家风大院,-,风景名胜,丛桂路38号,104.183009,30.679459,3.6,0,"{""open"":""全天""}",风景名胜;风景名胜;风景名胜,位于成华区社区内，免费开放，建议游览30分钟。多为家风教育场所，可预约团体讲解，适合亲子家庭参观。,以范氏家族家训家风为主题的展示院落，弘扬孝廉文化与传统美德，是成都市基层家风教育和社区文化建设的典型。,1.0,成华区
708,青白江区英烈纪念园,-,风景名胜,凤凰大道三段319号,104.287003,30.894176,3.9,0,"{""open"":""9:00"",""close"":""17:00""}",风景名胜;风景名胜;纪念馆,免费开放，建议上午前往，游览约1小时。烈士陵园庄严肃穆，请保持安静，着装得体，可献花致敬，结合清明祭扫活动。,纪念青白江地区在各个革命时期牺牲的英烈，园内纪念碑与墓区庄重肃穆，是区级爱国主义教育基地和红色祭扫场所。,1.5,青白江区
709,巴金纪念馆,-,风景名胜,龙都南路588号,104.270881,30.568612,4.2,0,"{""open"":""9:00"",""close"":""17:00""}",风景名胜;风景名胜;纪念馆,位于龙泉驿，免费开放，建议游览1小时。馆内陈列巴金手稿与生平，需保持安静。可结合洛带古镇一日游，注意开放时间。,纪念文学巨匠巴金，馆内展示其创作历程与文学成就，体现其“讲真话”的精神，是研究中国现代文学和巴蜀文化的重要场馆。,2.0,龙泉驿区
710,人民公园-辛亥秋保路纪念广场,-,风景名胜,小南街8号人民公园(人民公园地铁站B口步行290米),104.057642,30.657695,4.3,0,"{""open"":""全天""}",风景名胜;公园广场;城市广场,建议春秋季上午前往，游览约1小时。公园免费，可顺逛鹤鸣茶社。周末人多，注意保管财物。,纪念1911年保路运动死难烈士，是辛亥革命重要导火索之一，广场碑塔庄重，见证四川近代史。公园也是成都茶文化体验地。,1.5,青羊区
711,元通古镇-王国英故居,-,风景名胜,涌泉街69号,103.626964,30.730596,4.0,0,"{""open"":""9:00"",""close"":""17:00""}",风景名胜;风景名胜;纪念馆,古镇免费开放，建议避开节假日，游览约2小时。故居内部空间小，注意保护文物，可结合元通古镇其他景点一并游览。,王国英为清代崇州籍抗英将领，故居保留清代川西民居风貌，体现崇州人文历史与爱国精神，是古镇文化重要节点。,1.0,崇州市
712,李一氓故居,-,风景名胜,东南市街19号,103.945793,30.983302,4.0,0,"{""open"":""9:00"",""close"":""17:00""}",风景名胜;风景名胜相关;旅游景点,故居位于彭州城区，免费参观，建议游览30分钟。周边停车不便，建议公交或步行，开放时间以现场公示为准。,李一氓是著名革命家、外交家，故居为川西传统院落，展示其生平与革命事迹，是彭州重要的红色文化教育基地。,1.0,彭州市
713,成都市双流区彭镇金桥社区革命传统教育基地十二桥烈士纪念碑,-,风景名胜,擦耳街与老双崇路交叉口西北20米,103.822458,30.577548,4.1,0,"{""open"":""全天""}",风景名胜;风景名胜相关;旅游景点,免费开放，建议上午前往，游览约40分钟。地处金桥社区，交通相对不便，可自驾导航，注意乡村道路。,纪念1949年成都十二桥惨案中牺牲的革命烈士，纪念碑承载成都解放前夕的斗争记忆，是双流区革命传统教育重要场所。,1.0,双流区
714,5·12抗震救灾纪念馆,-,风景名胜,安仁古镇迎宾路80号(建川博物馆聚落内),103.619154,30.499895,4.2,0,"{""open"":""9:00"",""close"":""17:00""}",风景名胜;风景名胜;纪念馆,纪念馆免费，周二至周日开放（周一闭馆），建议游览1-2小时。大邑县较远，可自驾或乘旅游专线，注意提前查开放信息。,为纪念2008年汶川地震而建，展示抗震救灾与灾后重建历程，是全国爱国主义教育基地，体现众志成城的中国精神。,2.0,大邑县
715,严君平纪念馆,-,风景名胜,唐昌镇平乐村,103.763707,30.907179,4.0,0,"{""open"":""9:00"",""close"":""17:00""}",风景名胜;风景名胜;纪念馆,免费参观，建议游览40分钟。位于郫都区，可乘地铁至犀浦再转公交，环境清幽，适合静心了解古代思想家。,严君平是西汉道家学者、易学大师，曾在成都卖卜讲学，纪念馆弘扬其学术思想与淡泊精神，是郫都文化地标之一。,1.0,郫都区
716,宝光桂湖文化旅游区-杨升庵纪念馆,4A,风景名胜,桂湖中路109号桂湖内,104.159435,30.822305,4.5,0,"{""open"":""9:00"",""close"":""17:00""}",风景名胜;风景名胜;纪念馆,景区需购门票（约20元），建议春秋季游览2-3小时。桂湖荷花与桂花季最美，杨升庵祠内注意安静参观，可结合宝光寺游览。,杨升庵为明代状元、学者，纪念馆设于桂湖内，湖光荷韵与明代建筑相融，纪念其文学成就与刚直品格，是新都文化名片。,2.0,新都区
717,成都工业学院陈毅纪念园,-,风景名胜,成都市郫都区中信大道二段1号成都工业学院内,103.888655,30.786413,4.1,0,"{""open"":""9:00"",""close"":""17:00""}",风景名胜;风景名胜;纪念馆,校园内免费开放，建议非教学时段前往，游览约1小时。需尊重校园秩序，勿影响学生活动，可乘公交或地铁到达郫都校区。,陈毅元帅早年就读于该校前身，纪念园陈列其青年时期学习与革命史料，是高校红色教育与校史文化的重要载体。,1.5,郫都区
718,都江堰市英烈纪念馆,-,风景名胜,建设路381号附1号都江堰市烈士陵园,103.620391,31.002295,4.0,0,"{""open"":""9:00"",""close"":""17:00""}",风景名胜;风景名胜;纪念馆,免费开放，建议上午参观，游览约40分钟。纪念馆庄严肃穆，注意着装得体，可结合都江堰景区一并安排行程。,纪念都江堰地区在革命、建设及抗震救灾中牺牲的英烈，展陈烈士事迹，传承红色基因，是都江堰市爱国主义教育基地。,1.5,都江堰市
719,石达开殉难死事纪念碑,-,风景名胜,正科甲巷17-附1号附近,104.078963,30.656427,3.8,0,"{""open"":""全天""}",风景名胜;风景名胜;纪念馆,纪念碑位于锦江区街边，免费随时可看，建议游览15分钟。周边为闹市区，可结合春熙路、合江亭游览，注意交通安全。,纪念太平天国翼王石达开在成都就义的历史事件，碑址见证清末农民起义悲壮结局，是研究太平天国史的实物遗存。,0.5,锦江区
720,二·一六革命烈士纪念碑,-,风景名胜,临江东路13号(新南门地铁站B口步行210米),104.076022,30.645413,3.9,0,"{""open"":""全天""}",风景名胜;风景名胜;纪念馆,免费开放，建议游览30分钟。位于武侯区，可乘地铁至磨子桥站步行前往，注意保持肃静，周边餐饮配套齐全。,纪念1928年成都二一六惨案中牺牲的共产党人与进步青年，是成都早期革命斗争的重要见证，具有深刻红色教育意义。,0.5,武侯区
721,流沙河故居,-,风景名胜,西街与坚强巷交叉口西100米,104.318625,30.854275,3.9,0,"{""open"":""9:00"",""close"":""17:00""}",风景名胜;风景名胜;纪念馆,故居免费参观，建议游览30-40分钟。位于青白江区城厢镇，可自驾或乘公交，开放时间有限，建议提前电话确认。,流沙河为当代著名诗人、学者，故居保留其生活与创作痕迹，展示蜀中人文底蕴，是青白江重要的文化名人纪念地。,1.0,青白江区
722,柳沟铺战址,-,风景名胜,万大路龙泉山城市森林公园(西南角),104.336039,30.52844,3.7,0,"{""open"":""全天""}",风景名胜;风景名胜相关;旅游景点,战址为户外遗迹，免费开放，建议自驾前往，游览约30分钟。地处龙泉驿区乡村，注意防蚊防晒，结合周边桃花故里游览。,柳沟铺为古代成都东出要道上的关隘，历史上曾发生多次战事，遗址承载地方军事记忆，是龙泉驿历史文化的重要节点。,1.0,龙泉驿区
723,川西剿匪殉国烈士纪念碑,-,风景名胜,烈士街与和兴街交叉口西南40米,103.773328,30.749655,3.8,0,"{""open"":""全天""}",风景名胜;风景名胜;纪念馆,纪念碑位于温江区，免费参观，建议游览20-30分钟。可乘地铁至温江再转公交，环境清幽，注意保持庄重。,纪念建国初期川西剿匪战斗中牺牲的解放军烈士，碑文记录剿匪平乱历史，是温江区重要的革命传统教育场所。,1.0,温江区
724,对越自卫反击战纪念馆,-,风景名胜,利济村九组94号,103.799207,31.034297,4.0,0,"{""open"":""9:00"",""close"":""17:00""}",风景名胜;风景名胜;纪念馆,纪念馆免费开放，建议游览1小时。位于彭州市，可自驾或乘班车前往，注意开放时间，馆内展品请勿触摸。,纪念对越自卫反击战中牺牲的川籍将士，展示战争实物与史料，弘扬爱国主义与英雄精神，是彭州独特的军事纪念场馆。,2.0,彭州市
725,车耀先纪念馆,-,风景名胜,蜀都大道金河路与小南街交叉口西40米,104.05583,30.660206,4.0,0,"{""open"":""9:00"",""close"":""17:00""}",风景名胜;风景名胜;纪念馆,位于青羊区，免费开放。建议上午前往，游览约1小时。周边有多个红色景点可串联参观，注意保持肃静，勿大声喧哗。,为纪念革命烈士车耀先而设，其曾参与领导成都地区革命活动，是了解成都近代革命史的重要场所。,1.5,青羊区
726,彭大将军纪念堂,-,风景名胜,城厢镇公园路26号,104.324125,30.853659,4.0,0,"{""open"":""9:00"",""close"":""17:00""}",风景名胜;风景名胜;纪念馆,位于青白江区，免费参观。建议春秋季前往，游览约40分钟。部分区域为室内展陈，注意开放时间，避开午休时段。,纪念清末四川保路运动领袖彭芬（彭大将军），该堂承载着四川人民反抗封建统治、争取民主的光辉历史记忆。,1.0,青白江区
727,伊藤纪念樱花园,-,风景名胜,锦江大道幸福梅林,104.132308,30.586016,4.0,0,"{""open"":""全天""}",风景名胜;风景名胜;风景名胜,位于锦江区，樱花季（3-4月）最佳，免费入园。游览约1小时。花期人多，建议工作日清晨前往，注意勿折花枝。,为纪念中日友好交流而植樱成园，园内樱花象征两国人民友谊，也是成都春季赏花的热门地标。,1.5,锦江区
728,新场古镇-刘成勋将军故居,-,风景名胜,下正街45-47,103.42599,30.531624,3.8,0,"{""open"":""9:00"",""close"":""17:00""}",风景名胜;风景名胜;纪念馆,位于大邑县新场古镇内，建议与古镇游结合，游览约30分钟。古镇免费，故居内部开放时间不固定，建议提前电话确认。,刘成勋为民国时期川军将领，其故居保存了川西民居风貌，是研究近代四川地方军事与古镇历史的重要实物。,1.5,大邑县
729,彭芬故居A,-,风景名胜,双流区附近,103.942319,30.572188,3.8,0,"{""open"":""9:00"",""close"":""17:00""}",风景名胜;风景名胜;纪念馆,位于双流区，免费参观。建议白天前往，游览约40分钟。老宅为木质结构，注意防火，参观时勿触摸展品。,彭芬为清末四川保路运动领导人之一，其故居是川西传统民居代表，见证了近代四川社会变革的风云岁月。,1.0,双流区
730,西岭雪山大飞水景区-英雄岗纪念碑,-,风景名胜,西岭雪山大飞水景区,103.199805,30.606375,4.0,0,"{""open"":""9:00"",""close"":""17:00""}",风景名胜;风景名胜;纪念馆,位于西岭雪山大飞水景区内，需购景区门票。建议夏季或秋季前往，登山游览约2小时。山路湿滑，穿防滑鞋，备好饮水。,英雄岗纪念碑为纪念在景区建设及抢险中牺牲的烈士而立，融自然山水与红色教育于一体，具有缅怀与警示意义。,0.5,大邑县
731,红色记忆馆,-,风景名胜,泉兴西街157号,103.698181,30.686661,3.8,0,"{""open"":""9:00"",""close"":""17:00""}",风景名胜;风景名胜;纪念馆,位于崇州市，免费开放。建议团队预约参观，游览约1小时。馆内展陈以图文实物为主，注意遵守馆内拍照规定。,红色记忆馆集中展示崇州地区革命斗争史和英烈事迹，是当地爱国主义教育和党史学习的重要基地。,1.5,崇州市
732,杨靖中故居,-,风景名胜,南正街54号,103.823956,30.925265,3.8,0,"{""open"":""9:00"",""close"":""17:00""}",风景名胜;风景名胜;纪念馆,位于郫都区，免费参观。建议白天前往，游览约30分钟。故居为传统院落，部分区域可能不开放，请尊重居民生活。,杨靖中为近代川西著名乡贤或革命人士，其故居保留了地方建筑特色，承载着郫都区的乡土记忆与人文精神。,1.0,郫都区
733,彭家珍大将军故居,-,风景名胜,成金大道2888号,104.36256,30.838635,3.8,0,"{""open"":""9:00"",""close"":""17:00""}",风景名胜;风景名胜;风景名胜,位于金堂县，免费开放。建议春秋季前往，游览约40分钟。故居规模不大，可与周边乡村游结合，注意爱护老建筑。,彭家珍为辛亥革命时期刺杀清廷要员的烈士，其故居是缅怀英烈、弘扬辛亥精神的重要纪念地。,1.0,金堂县
734,李家钰烈士旧居,-,风景名胜,文庙前街92号,104.057542,30.651549,4.0,0,"{""open"":""9:00"",""close"":""17:00""}",风景名胜;风景名胜;纪念馆,全天开放，免费参观。建议游览时长30-40分钟。位于文殊院附近，可顺路游览。注意保持肃静，尊重纪念场所。,李家钰为抗日殉国将领，旧居为民国时期建筑，现为成都市文物保护单位，纪念其生平事迹，是重要的爱国主义教育基地。,1.5,青羊区
735,树的纪念园,-,风景名胜,蜀贤路三段338号,103.87038,30.819233,4.0,0,"{""open"":""全天""}",风景名胜;风景名胜;纪念馆,位于郫都区，免费开放。建议春季或秋季前往，游览约30分钟。园区以纪念树为主，适合静思漫步，注意保护树木。,树的纪念园以植树寄托哀思，纪念特定历史事件或人物，体现绿色缅怀理念，是成都独特的纪念性公共空间。,1.0,郫都区
736,百丈关战役雕塑,-,风景名胜,天台山镇高兴村三组红军长征邛崃纪念馆红军长征小道,103.121652,30.310812,3.8,0,"{""open"":""全天""}",风景名胜;风景名胜;风景名胜,位于邛崃市，免费参观。建议自驾前往，游览约30分钟。雕塑位于开阔地带，注意防晒防风，可结合周边红色游线。,百丈关战役是红军长征中的重要战斗，雕塑再现了英勇奋战的场景，是邛崃红色旅游的核心地标之一。,0.5,邛崃市
737,胡慧姗纪念馆,-,风景名胜,大新路(建川博物馆聚落),103.61877,30.500685,3.8,0,"{""open"":""9:00"",""close"":""17:00""}",风景名胜;风景名胜;纪念馆,位于大邑县安仁镇，免费参观。建议提前预约，游览约30分钟。纪念馆设计独特，内部空间较小，注意分批进入。,胡慧姗纪念馆为纪念汶川地震遇难女孩而建，以民间力量推动，体现了对生命的尊重与灾难记忆的留存。,1.0,大邑县
738,刘邓潘起义,-,风景名胜,金桂街15号刘文辉旧居陈列馆内,103.626554,30.51038,3.8,0,"{""open"":""9:00"",""close"":""17:00""}",风景名胜;风景名胜相关;旅游景点,位于大邑县，免费参观。建议结合安仁古镇游览，约1小时。展陈多为历史图片和实物，注意开放时间安排。,1949年刘文辉、邓锡侯、潘文华在彭县起义，促成了四川和平解放，此处纪念这一重要历史转折事件。,0.5,大邑县
739,桃花故居,-,体育休闲服务,成简快速路东部新区快乐村10组51号,104.328573,30.510816,3.8,0,"{""open"":""9:00"",""close"":""21:00""}",体育休闲服务;体育休闲服务场所;体育休闲服务场所,位于简阳市，属体育休闲服务类场所。建议春秋季前往，免费或低收费。游览约1小时，可参与健身活动，注意防晒补水。,桃花故居以桃花为主题打造休闲空间，融合简阳地方生态文化，是市民健身赏景、感受田园乐趣的公共去处。,2.0,简阳市
740,5·12地震异地安置纪念碑,-,风景名胜,芦邛路,103.191942,30.447302,3.8,0,"{""open"":""全天""}",风景名胜;风景名胜;纪念馆,建议上午前往，游览约30分钟，免费开放。周边为居民区，注意保持安静肃穆，可结合邛崃城区其他景点一并游览。,纪念碑为纪念2008年汶川地震后异地安置受灾群众而建，见证灾后重建与全国支援的感人历史，具有特殊纪念意义。,0.5,邛崃市
741,抗日爱国将领刘湘,-,风景名胜,安仁镇金桂街15号大邑刘氏庄园博物馆内,103.627408,30.505521,3.8,0,"{""open"":""全天""}",风景名胜;风景名胜相关;旅游景点,位于大邑县安仁古镇附近，建议春秋季游览，时长约1小时。免费参观，可结合刘氏庄园博物馆、建川博物馆聚落一并游览。,纪念川军抗日名将刘湘，他率川军出川抗战，病逝前线。该景点体现四川军民在抗日战争中的巨大牺牲与贡献。,0.5,大邑县
742,彭州园-中山纪念堂,-,风景名胜,金彭西路375号彭州园,103.929091,30.986695,4.0,0,"{""open"":""9:00"",""close"":""17:00""}",风景名胜;风景名胜;纪念馆,位于彭州市区，建议周末白天游览，园内免费开放，游览约1小时。中山纪念堂内部可能不常开放，外观拍照即可。,彭州园内的中山纪念堂为纪念孙中山先生而建，是彭州近代革命历史的重要见证，体现当地民众对民主革命的追思。,1.5,彭州市
743,张采芹故居,-,风景名胜,宽巷子35号(宽窄巷子地铁站B口步行140米),104.052656,30.664234,3.9,0,"{""open"":""9:00"",""close"":""17:00""}",风景名胜;风景名胜;纪念馆,位于青羊区宽窄巷子附近，建议傍晚游览，免费参观，时长20分钟。可顺路逛宽窄巷子，注意故居可能为小型展馆，开放时间有限。,张采芹为四川现代著名国画家、美术教育家，故居保留其生活印记，是了解近代蜀中书画艺术与教育的重要场所。,1.0,青羊区
744,始祖李公珍魁纪念园,-,风景名胜,石木路529号,104.243893,30.716693,3.7,0,"{""open"":""全天""}",风景名胜;风景名胜;纪念馆,位于新都区乡镇，建议白天前往，免费开放，游览约30分钟。景点较偏远，建议自驾，注意尊重当地风俗。,始祖李公珍魁纪念园为地方家族纪念性园林，反映成都平原宗族文化与敬祖传统，是研究乡村社会史的小型实例。,1.0,新都区
745,罗汉山纪念公园,-,风景名胜,万大路龙泉山城市森林公园(东北角),104.445976,30.751596,4.1,0,"{""open"":""全天""}",风景名胜;公园广场;公园,位于青白江区，建议春秋季上午前往，免费开放，游览约1小时。园内为纪念性公园，注意保持肃静，适合散步缅怀。,罗汉山纪念公园是青白江区重要的公共纪念地，用于缅怀革命先烈和当地历史人物，承载社区集体记忆与爱国主义教育功能。,2.5,青白江区
746,新场古镇-川西坝子纪念馆,-,风景名胜,下正街94号新场古镇(东南角),103.428881,30.529936,4.0,0,"{""open"":""9:00"",""close"":""17:00""}",风景名胜;风景名胜;纪念馆,位于大邑县新场古镇内，建议古镇游览时顺访，免费，时长30分钟。古镇周末人多，建议平日清晨前往更清静。,川西坝子纪念馆展示川西平原农耕文化、民俗生活与古镇历史，是了解川西坝子传统生产生活方式的重要窗口。,2.0,大邑县
747,长江漂流纪念馆,-,风景名胜,安仁镇迎宾路二段550号建川博物馆人口文创广场旁,103.620064,30.500379,3.9,0,"{""open"":""9:00"",""close"":""17:00""}",风景名胜;风景名胜;纪念馆,位于大邑县，建议自驾前往，免费参观，游览约40分钟。纪念馆可能非每日开放，建议提前电话确认。,纪念1986年长江漂流探险活动中牺牲的勇士，该事件是中国漂流探险史上的里程碑，彰显勇于探索、不畏艰险的精神。,1.5,大邑县
748,飞龙桥东大路纪念碑,-,风景名胜,龙泉山风景区(西北角),104.289871,30.550965,3.8,0,"{""open"":""全天""}",风景名胜;风景名胜;纪念馆,位于龙泉驿区，建议白天前往，免费，游览20分钟。纪念碑在桥边，可结合东大路古道遗迹游览，注意来往车辆。,飞龙桥东大路纪念碑纪念古代川东通往成都的东大路交通要道，见证龙泉驿作为川渝古驿道重要节点的历史地位。,0.5,龙泉驿区
749,抗日远征印缅纪念碑,-,风景名胜,校西路与校东路交叉口西80米,104.07869,30.63882,3.9,0,"{""open"":""全天""}",风景名胜;风景名胜;纪念馆,位于武侯区，建议上午参观，免费，约30分钟。纪念碑可能在公园或单位内，注意开放情况，可查询后再前往。,纪念抗日战争时期中国远征军入缅作战的川籍将士，反映四川人民在二战中的国际贡献与牺牲精神，具有爱国主义教育意义。,1.0,武侯区
750,崇宁县抗日胜利纪念碑,-,风景名胜,公园路27号崇宁公园,103.824502,30.926969,3.8,0,"{""open"":""全天""}",风景名胜;风景名胜;纪念馆,位于郫都区（原崇宁县），建议白天前往，免费，游览20分钟。纪念碑可能位于乡镇广场，可结合周边乡村游。,崇宁县抗日胜利纪念碑为纪念抗日战争胜利而建，是成都近郊现存少数的抗战胜利纪念物，承载地方民众的抗战记忆。,1.0,郫都区
751,中国人民革命烈士纪念塔,-,风景名胜,晋原街道东壕沟南段109号,103.524868,30.58476,4.0,0,"{""open"":""9:00"",""close"":""17:00""}",风景名胜;风景名胜;纪念馆,位于大邑县，建议上午前往，免费，游览约30分钟。肃穆场合请保持安静，可结合建川博物馆聚落参观。,中国人民革命烈士纪念塔为纪念在革命战争中牺牲的烈士而建，是大邑县重要的红色纪念设施，用于缅怀先烈、传承革命精神。,1.0,大邑县
752,杨光烈纪念馆,-,风景名胜,金丹路与刘鸿路交叉路口往西北约280米,104.100018,30.337247,3.8,0,"{""open"":""9:00"",""close"":""17:00""}",风景名胜;风景名胜;纪念馆,位于双流区，建议白天前往，免费，游览约30分钟。纪念馆规模较小，可结合黄龙溪古镇或双流城区景点游览。,杨光烈为双流籍历史人物，纪念馆展示其生平事迹，弘扬地方先贤精神，是了解双流人文历史的小型纪念地。,1.5,双流区
753,南下解放纪念碑,-,风景名胜,迎宾路二段550号建川博物馆聚落内,103.620442,30.499688,3.8,0,"{""open"":""全天""}",风景名胜;风景名胜;纪念馆,位于大邑县，建议白天自驾前往，免费，游览约30分钟。纪念碑周边较安静，注意山路行车安全。,南下解放纪念碑纪念1949年人民解放军南下解放四川的历史事件，是大邑县红色革命史的重要见证，具有重要历史教育价值。,1.0,大邑县
754,烈士纪念碑广场,-,风景名胜,英烈路与东湖大街交叉口东南20米,103.957181,30.983682,4.0,0,"{""open"":""全天""}",风景名胜;公园广场;城市广场,位于彭州市区，建议上午前往，免费开放，游览约30分钟。广场空旷，夏季注意防晒，可结合彭州园游览。,烈士纪念碑广场为彭州市重要纪念地，用于公祭革命烈士，是当地爱国主义教育基地，体现对英雄的崇敬与缅怀。,1.0,彭州市
755,星念·宠物生命纪念馆,-,风景名胜,奎光东二街1-3号,103.619529,30.985817,3.7,0,"{""open"":""9:00"",""close"":""17:00""}",风景名胜;风景名胜;纪念馆,建议上午或下午前往，游览约1小时。免费开放，需提前预约。尊重逝者，保持安静肃穆，禁止喧哗拍照。,成都首家宠物生命纪念园，提供宠物殡葬、纪念服务，体现城市对动物生命的尊重与人文关怀。,1.5,都江堰市
756,四川省人体器官捐献缅怀纪念园,-,风景名胜,龙长路与021乡道交叉口南360米,104.285575,30.522475,3.8,0,"{""open"":""9:00"",""close"":""17:00""}",风景名胜;风景名胜;纪念馆,建议清明节或遗体捐献纪念日前往，游览约1小时。免费开放，可献花缅怀。注意庄重着装，勿嬉戏。,纪念人体器官捐献者的公益园区，弘扬无私奉献精神，是生命教育与感恩教育的基地。,1.5,龙泉驿区
757,楠木青年农场纪念地,-,风景名胜,府江路104号,103.92939,31.134306,3.7,0,"{""open"":""全天""}",风景名胜;风景名胜;风景名胜,建议春秋季前往，游览约1-2小时。免费开放，地处乡村，注意防晒防蚊，可结合周边田园游。,纪念知识青年上山下乡历史的农场旧址，保存了特定年代的生产生活痕迹，是知青文化见证地。,1.5,彭州市
758,何氏故居,-,风景名胜,利民街与059县道交叉口东南150米简阳市三星镇中心小学附近,104.614912,30.548088,3.9,0,"{""open"":""9:00"",""close"":""17:00""}",风景名胜;风景名胜相关;旅游景点,建议上午或下午前往，游览约40分钟。免费开放，注意保护文物，勿触摸展品，周边可品尝简阳羊肉汤。,近代川西民居风格故居，纪念当地历史人物何氏，展现简阳传统家族文化与建筑特色。,1.5,简阳市
759,崇宁县抗日阵亡将士纪念碑,-,风景名胜,公园路27号崇宁公园,103.824394,30.927018,3.8,0,"{""open"":""9:00"",""close"":""17:00""}",风景名胜;风景名胜;纪念馆,建议白天前往，游览约30分钟。免费开放，位于郫都区城区，可结合望丛祠游览，注意交通安全。,为纪念抗日阵亡的崇宁县籍将士而建，是川西地区重要的抗日历史遗迹，承载民族记忆。,1.0,郫都区
760,阳友鹤纪念馆,-,风景名胜,通济镇海窝子游客中心,103.852176,31.120009,3.8,0,"{""open"":""9:00"",""close"":""17:00""}",风景名胜;风景名胜;风景名胜,建议上午前往，游览约1小时。免费开放，周一闭馆。馆内可了解川剧艺术，注意保持安静。,纪念川剧表演艺术家阳友鹤，展示其生平与川剧艺术成就，是彭州重要的戏曲文化场馆。,1.5,彭州市
761,奎光塔公园-陈列馆,-,风景名胜,新乐巷奎光塔公园(西南角),103.618095,30.986471,3.9,0,"{""open"":""9:00"",""close"":""17:00""}",风景名胜;风景名胜相关;旅游景点,建议上午或傍晚前往，游览约1.5小时。公园免费，陈列馆可能收费（约10元）。可登奎光塔，注意台阶安全。,依托清代奎光塔而建的公园，陈列馆展示都江堰水利与地方历史，塔身雕刻精美，是城市文化地标。,1.5,都江堰市
762,张志和故居,-,风景名胜,市北街154号,103.46615,30.414158,3.8,0,"{""open"":""9:00"",""close"":""17:00""}",风景名胜;风景名胜;纪念馆,建议白天前往，游览约40分钟。免费开放，故居为传统川西建筑，注意保护环境，周边可游平乐古镇。,纪念近代学者张志和的故居，保存了其生活场景，反映邛崃地方文脉与名人历史。,1.5,邛崃市
763,和尚崖红军战壕和临时指挥所,-,风景名胜,天台山镇高兴村三组红军长征邛崃纪念馆红军长征小道,103.122108,30.310706,3.7,0,"{""open"":""全天""}",风景名胜;风景名胜;风景名胜,建议春秋季前往，游览约1小时。免费开放，地处山区，需徒步，穿舒适鞋，备好水和干粮。,红军长征时期在邛崃留下的战壕与指挥所遗址，是红色革命教育的重要实地教材。,1.5,邛崃市
764,英雄林,-,风景名胜,好秾人红色文化区,104.264471,30.701693,3.8,0,"{""open"":""全天""}",风景名胜;风景名胜相关;旅游景点,建议上午前往，游览约1小时。免费开放，位于龙泉山城市森林公园内，可结合徒步，注意防火。,为纪念英雄模范而种植的纪念林，象征崇高精神，是爱国主义教育与生态旅游融合的景点。,1.0,龙泉驿区
765,平窝乡革命烈士纪念碑,-,风景名胜,平窝街79号,104.566306,30.50162,3.8,0,"{""open"":""9:00"",""close"":""17:00""}",风景名胜;风景名胜;纪念馆,建议清明节或烈士纪念日前往，游览约30分钟。免费开放，可献花祭扫，保持肃穆，勿穿鲜艳衣物。,纪念平窝乡在革命斗争中牺牲的烈士，是简阳重要的烈士纪念设施和红色教育基地。,1.0,简阳市
766,常瑞广陈静烈士纪念碑,-,风景名胜,彭白路,103.84828,31.289911,3.8,0,"{""open"":""9:00"",""close"":""17:00""}",风景名胜;风景名胜;纪念馆,建议白天前往，游览约30分钟。免费开放，纪念碑位于乡镇，可结合当地集市，注意防晒。,纪念在革命或建设时期牺牲的常瑞广、陈静两位烈士，弘扬英烈精神，传承地方红色记忆。,1.0,彭州市
767,双流区收藏家协会邓小平纪念室,-,风景名胜,白衣下街白依小区,103.913762,30.578029,3.7,0,"{""open"":""9:00"",""close"":""17:00""}",风景名胜;风景名胜;纪念馆,建议预约后前往，游览约1小时。免费开放，多为私人藏品展示，需尊重主人意愿，勿随意拍照。,由双流区收藏家协会设立的邓小平主题纪念室，收藏相关文献、图片等，反映民间对伟人的缅怀。,1.0,双流区
768,辛未夏刘公升迁开渠白堰纪念碑,-,风景名胜,安仁公馆老街安仁戏院对面,103.618572,30.510335,3.8,0,"{""open"":""9:00"",""close"":""17:00""}",风景名胜;风景名胜;纪念馆,建议白天前往，游览约30分钟。免费开放，碑刻位于乡村，注意道路指示，可结合大邑安仁古镇游。,纪念民国时期刘公主持开凿白堰水利工程的历史碑刻，反映大邑地方水利开发与乡贤功绩。,1.0,大邑县
769,彭大将军纪念碑,-,风景名胜,城厢镇公园路26号,104.324077,30.854191,3.7,0,"{""open"":""全天""}",风景名胜;风景名胜;风景名胜,建议白天前往，游览约30分钟。免费开放，位于青白江区，可结合凤凰湖公园，注意碑体保护。,纪念彭姓大将军（疑为彭家珍等）的纪念碑，弘扬辛亥革命或近代军事人物事迹，是地方历史地标。,1.0,青白江区
770,宠物生命纪念馆,-,风景名胜,万华街与晋阳路辅路交叉口北100米,103.992879,30.64967,3.6,0,"{""open"":""9:00"",""close"":""17:00""}",风景名胜;风景名胜;纪念馆,全年可访，建议春秋季下午前往，游览约1小时。免费开放，需提前电话确认开放时间。馆内请保持肃穆，勿大声喧哗。,四川首个以宠物为主题的生命纪念场所，体现都市人对动物伴侣的情感追思，融合生命教育与人文关怀，是成都宠物文化发展的见证。,1.5,武侯区
771,飞将军陈纳德雕塑,-,风景名胜,迎宾路二段550号建川博物馆聚落内,103.619617,30.498661,3.8,0,"{""open"":""全天""}",风景名胜;风景名胜相关;旅游景点,位于大邑建川博物馆聚落内，随博物馆开放时间（9:00-17:30）参观，需购博物馆门票。建议安排半天游览，注意防晒补水。,纪念抗战时期美国志愿航空队（飞虎队）指挥官陈纳德将军，雕塑展现其历史贡献，是中美共同抗日友谊的见证，属建川博物馆抗战系列展品。,0.5,大邑县
772,四川军阀混战,-,风景名胜,安仁镇安仁古镇(东北角),103.626625,30.510398,3.6,0,"{""open"":""全天""}",风景名胜;风景名胜相关;旅游景点,此景点为历史主题展区，位于大邑建川博物馆内，建议随博物馆导览参观，需购门票。游览约2小时，注意展区内禁止拍照。,反映民国时期四川军阀混战的历史专题，通过实物与图片展示地方割据的动荡岁月，是了解四川近代史的重要窗口，具有警示教育意义。,0.5,大邑县
773,忠孝人文纪念园,-,风景名胜,协和上街与滨河路一段交叉口南20米,104.046375,30.507725,3.9,0,"{""open"":""9:00"",""close"":""17:00""}",风景名胜;风景名胜;纪念馆,全年开放，建议上午前往，游览1-2小时。免费入园，需遵守园区规定，禁止吸烟及携带宠物。园区环境清幽，适合静思。,双流区以忠孝文化为主题的纪念园，传承中华传统美德，园内设有雕塑与碑刻，供市民追思先贤、弘扬家风，是地方道德教育基地。,1.5,双流区
774,任洪渊诗歌纪念馆,-,风景名胜,福惠街136号平乐古镇(东北角),103.336047,30.346829,3.8,0,"{""open"":""9:00"",""close"":""17:00""}",风景名胜;风景名胜;纪念馆,位于邛崃城区，建议周末参观，开放时间9:00-17:00，免费入馆。游览约1小时，馆内可翻阅诗集，请爱护书籍。,纪念当代诗人、学者任洪渊，展示其诗歌创作与学术手稿，弘扬地方文化名人精神，是邛崃重要的文学地标，推动诗歌文化传播。,1.5,邛崃市
775,宋育仁故居,-,风景名胜,文庙后街与横陕西街交叉口东20米,104.058825,30.653775,3.9,0,"{""open"":""9:00"",""close"":""17:00""}",风景名胜;风景名胜;风景名胜,位于青羊区老城区，建议工作日参观，免费开放，但需预约。游览约40分钟，故居为传统院落，注意保护文物，勿触摸展品。,晚清维新派思想家、教育家宋育仁的故居，他曾创办《渝报》，推动四川近代化，故居保留清代川西民居风貌，是研究地方文化史的重要遗迹。,1.0,青羊区
776,成都露天音乐公园-金钟奖纪念广场,-,风景名胜,北星大道一段出口与熊猫大道西段辅路交叉口东南240米,104.076885,30.728892,4.2,0,"{""open"":""全天""}",风景名胜;公园广场;城市广场,金钟奖纪念广场为露天场所，建议傍晚游览，免费进入。广场开阔，适合拍照，游览约30分钟。音乐公园内可乘坐公交，注意防晒。,位于成都露天音乐公园内，为纪念中国音乐金钟奖落户成都而设，广场设计融合音乐符号，是城市音乐文化的新地标，体现成都“音乐之都”建设。,1.0,金牛区
777,吴虞故居,-,风景名胜,新繁街道,104.016672,30.885293,3.8,0,"{""open"":""9:00"",""close"":""17:00""}",风景名胜;风景名胜;纪念馆,位于新都区，开放时间不定，建议提前电话咨询。免费参观，游览约1小时。故居为古朴院落，注意防蚊，尊重历史遗迹。,近代思想家、新文化运动先驱吴虞的故居，他率先批判封建礼教，在四川传播新思想，故居是五四运动时期川蜀进步文化的重要见证。,1.5,新都区
778,朱英汉烈士纪念碑,-,风景名胜,羊付路14号,103.65915,30.457372,3.7,0,"{""open"":""全天""}",风景名胜;风景名胜;纪念馆,位于邛崃山区，建议春夏季节上午登山祭拜，免费参观。需步行山路，穿舒适运动鞋，游览约1小时，备足饮水。,纪念革命烈士朱英汉，他在解放战争或地方革命中英勇牺牲，纪念碑矗立山间，是邛崃红色旅游点，激励后人缅怀先烈、传承革命精神。,0.5,邛崃市
779,纪念堂,-,风景名胜,应天寺,103.910824,30.531995,3.8,0,"{""open"":""9:00"",""close"":""17:00""}",风景名胜;风景名胜;纪念馆,位于双流区，具体开放时间需现场确认，免费进入。游览约30分钟，纪念堂内请保持安静，禁止拍照，遵守管理人员指引。,双流区一处公共纪念堂，多用于举办追思与纪念活动，承载地方集体记忆，建筑风格体现川西近现代纪念性空间的特色，具有社区文化功能。,1.5,双流区
780,红军墙,-,风景名胜,天邛高速与天邛高速入口交叉口东300米,103.469524,30.366483,3.9,0,"{""open"":""全天""}",风景名胜;风景名胜;风景名胜,位于邛崃高何镇，建议红色旅游线路安排，免费参观。墙体为室外文物，注意勿涂写触摸，游览约20分钟，周边有红军长征纪念馆。,红军长征经过邛崃时留下的宣传标语墙，是珍贵的革命文物，真实反映苏区时期群众动员历史，为四川省文物保护单位，具有重要爱国主义教育价值。,0.8,邛崃市
781,博爱纪念碑,-,风景名胜,万花街温江区公平街道社区卫生服务中心,103.867271,30.70321,3.7,0,"{""open"":""全天""}",风景名胜;风景名胜;纪念馆,位于温江区，全天可参观，免费开放。纪念碑周围为绿地，适合散步，游览约30分钟。注意保持环境整洁，勿攀爬碑体。,温江区为纪念博爱精神而立的纪念碑，体现孙中山“博爱”理念及慈善文化，是地方公益精神象征，周边环境宁静，供市民缅怀与休憩。,0.8,温江区
782,世界和平与发展纪念馆,-,风景名胜,安惠里街68号丰泽园7-8栋共品钱币博物馆内,103.628273,30.508386,3.8,0,"{""open"":""9:00"",""close"":""17:00""}",风景名胜;风景名胜;纪念馆,位于大邑县，建议与建川博物馆联游，需购门票。开放时间9:00-17:30，游览约2小时。馆内互动展项较多，适合亲子。,以和平与发展为主题的专题纪念馆，通过历史资料与艺术展陈反思战争、倡导和平，是建川博物馆体系的重要组成部分，传递普世价值。,1.5,大邑县
783,紫楠苑纪念馆,-,风景名胜,花木城内,103.610597,30.926558,3.8,0,"{""open"":""9:00"",""close"":""17:00""}",风景名胜;风景名胜;纪念馆,位于都江堰市，建议春秋季前往，开放时间9:00-17:00，免费或收少量维护费。游览约1小时，馆内可了解紫楠木文化，注意保护植物。,纪念与紫楠木相关的历史或工艺文化，馆内展示紫楠木雕艺术及生态价值，结合都江堰自然人文资源，是地方特色文化的小型展示窗口。,1.5,都江堰市
784,古盘龙会纪念碑,-,风景名胜,丰乐南街与广场北街交叉口西20米,103.767442,31.028573,3.6,0,"{""open"":""全天""}",风景名胜;风景名胜相关;旅游景点,位于彭州市，需自驾前往，免费参观。纪念碑为露天设置，建议晴天上午游览，时长约20分钟。注意山路安全，备好地图。,纪念古盘龙会这一地方古代民间组织或集会传统，碑刻记录彭州地区民俗历史，是研究川西民间结社文化的重要实物资料，具有地方认同意义。,0.5,彭州市
785,彩虹度宠物纪念馆,-,风景名胜,新都街道派都广场派都广场C座,104.198881,30.827055,3.7,0,"{""open"":""9:00"",""close"":""17:00""}",风景名胜;风景名胜;纪念馆,建议春秋季前往，游览约1小时。免费开放，需提前电话确认营业时间。宠物主人可带爱宠祭扫，注意保持环境整洁。,成都首家宠物殡葬纪念场所，为失去爱宠的家庭提供告别与追思空间，体现现代都市人对动物伴侣的情感关怀。,1.5,新都区
786,廉政碑廊,-,风景名胜,天台山镇高兴村三组红军长征邛崃纪念馆(西北角),103.124516,30.30921,3.8,0,"{""open"":""全天""}",风景名胜;风景名胜相关;旅游景点,位于邛崃市文君公园内，建议结合公园游览，时长约30分钟。免费开放，夏季注意防蚊。,廊内镌刻历代廉政官员诗词碑文，弘扬清正廉洁精神，与邛崃历史名人卓文君、司马相如故事相呼应。,0.8,邛崃市
787,路易·艾黎,-,风景名胜,迎宾路二段550号建川博物馆聚落内,103.619294,30.497689,3.9,0,"{""open"":""全天""}",风景名胜;风景名胜相关;旅游景点,大邑县安仁古镇内，建议上午参观，游览约1小时。可购买古镇联票，注意各展馆开放时间。,纪念新西兰友人路易·艾黎，他抗战时期在四川从事工业合作运动，支持中国抗战，是国际友谊的象征。,0.5,大邑县
788,放翁堂,-,风景名胜,大东街52-54号罨画池内(东侧),103.675413,30.627094,4.0,0,"{""open"":""9:00"",""close"":""17:00""}",风景名胜;风景名胜;风景名胜,位于崇州市罨画池公园内，建议春秋季游览，时长约1小时。公园门票约8元，可与陆游祠一并参观。,纪念南宋诗人陆游（号放翁），他曾任蜀州通判，在此留下诗篇，堂内展示其生平与作品，体现川西文脉。,1.0,崇州市
789,援华义士广场群雕,-,风景名胜,迎宾路二段550号建川博物馆聚落内,103.619338,30.497798,4.0,0,"{""open"":""全天""}",风景名胜;风景名胜相关;旅游景点,位于大邑县建川博物馆聚落内，建议上午参观，游览约1-2小时。需购买博物馆门票，注意防晒。,群雕纪念抗战时期来华支援的美国飞虎队等国际友人，展现中外共同抗击法西斯的壮举，是爱国主义教育地。,1.0,大邑县
790,都江堰景区-李冰纪念馆,5A,风景名胜,离堆公园路都江堰景区内(东侧),103.613153,31.003308,4.6,80,"{""open"":""8:00"",""close"":""18:00""}",风景名胜;风景名胜;纪念馆,景区内景点，建议结合都江堰整体游览（约半天），门票含在景区内（80元）。夏季人流大，建议早到。,纪念战国水利家李冰，他主持修建都江堰，使成都平原成为天府之国，纪念馆展示其治水功绩与工程技术。,1.5,都江堰市
791,忠孝人文纪念公园,-,风景名胜,簇桥下街与望锦中街交叉口东20米,103.992147,30.599335,4.1,0,"{""open"":""全天""}",风景名胜;公园广场;公园,位于武侯区，建议白天参观，时长约1小时。免费开放，园区为纪念性公园，请保持肃穆。,以忠孝文化为主题的纪念公园，融合传统伦理与现代教育，园内有相关雕塑和展览，弘扬中华美德。,1.0,武侯区
792,民国·长乐永康银质双耳高足纪念杯,-,风景名胜,安仁镇金桂街15号刘氏庄园博物馆内,103.627749,30.505819,3.7,0,"{""open"":""9:00"",""close"":""17:00""}",风景名胜;风景名胜相关;旅游景点,大邑县建川博物馆内展品，建议随博物馆参观，时长约30分钟。需购博物馆门票，注意展馆导览时间。,民国时期银质纪念杯，工艺精美，反映当时社会组织与庆典文化，是研究民国物质生活的实物资料。,0.5,大邑县
793,文联纪念杨升庵书法展,-,风景名胜,香城南路60号区文广中心,104.179999,30.808157,4.0,0,"{""open"":""9:00"",""close"":""17:00""}",风景名胜;风景名胜;风景名胜,新都区文联举办的活动，建议关注官方公告，展览通常免费。参观时长约1小时，注意展期限制。,纪念明代状元杨慎（升庵）的书法展，弘扬其文学成就与艺术价值，新都为其故乡，文化底蕴深厚。,1.0,新都区
794,贺麟故居,-,风景名胜,五凤镇金箱村,104.475628,30.596695,4.2,0,"{""open"":""9:00"",""close"":""17:00""}",风景名胜;风景名胜;纪念馆,位于金堂县，建议自驾前往，春秋季最佳，游览约1.5小时。免费开放，注意古宅保护规定。,近代哲学家贺麟故居，他是新心学代表人物，故居保存完好，展示其学术生涯与川西民居建筑特色。,1.5,金堂县
795,都江堰景区-张孔山纪念馆,5A,风景名胜,公园路青城山·都江堰风景名胜区内,103.614374,31.002494,4.5,80,"{""open"":""8:00"",""close"":""18:00""}",风景名胜;风景名胜;纪念馆,都江堰景区内，建议与二王庙等景点串联游览，时长约30分钟。已含景区门票，注意开放时间。,纪念清代道士张孔山，他精于古琴，曾在此修行并整理《流水》曲谱，体现道教音乐与山水文化的融合。,1.5,都江堰市
796,青城山青城前山,5A,风景名胜,青城山内,103.57292,30.897272,4.7,80,"{""open"":""8:00"",""close"":""17:00""}",风景名胜;风景名胜相关;旅游景点,建议春秋季游览，避开雨季。全程徒步需4-6小时，可乘索道。门票80元，前山道观密集，注意着装得体。,青城山是道教发源地之一，前山宫观林立，如天师洞、上清宫，体现“天人合一”的道教哲学与建筑艺术。,3.5,都江堰市
797,雅文化园,-,风景名胜,大石东路与锦里滨河路交叉口东120米,104.048753,30.651496,4.0,0,"{""open"":""全天""}",风景名胜;公园广场;公园,位于青羊区文化公园内，建议结合公园游览，时长约1小时。免费开放，夏季注意防晒。,展示成都雅文化（琴棋书画、茶艺等）的园区，设有体验互动区，是了解川西文人生活方式的窗口。,1.0,青羊区
798,红砖记忆园,-,风景名胜,北站西三巷与北站西一路交叉口西南40米,104.069428,30.687954,4.0,0,"{""open"":""全天""}",风景名胜;公园广场;公园,金牛区工业遗址改造项目，建议周末前往，游览约1小时。免费开放，可拍照打卡，注意安全。,由老厂房红砖建筑改造的文化创意园，保留工业记忆，融入现代艺术，是成都城市更新与工业遗产保护的案例。,1.0,金牛区
799,李家祠堂,-,风景名胜,成都市双流区,104.11732,30.324367,4.1,0,"{""open"":""9:00"",""close"":""17:00""}",风景名胜;风景名胜;纪念馆,位于双流区，建议自驾或公交前往，游览约1小时。免费开放，注意是私人祠堂，尊重当地习俗。,清代李氏家族祠堂，建筑保存较完整，体现川西宗族祭祀文化与传统木构技艺，是研究地方家族史的重要实物。,1.5,双流区
800,胡祠堂,-,风景名胜,宝清路,103.892883,30.372579,4.0,0,"{""open"":""9:00"",""close"":""17:00""}",风景名胜;风景名胜;纪念馆,建议春秋季游览，约1小时。免费开放，祠堂为川西民居风格，注意保护文物，周边可顺游老君山。,胡祠堂为当地胡氏家族宗祠，是研究成都平原宗族文化与清代建筑的重要实物，体现耕读传家的传统。,1.5,新津区
801,名人园,-,风景名胜,金西路金山森林公园,104.414353,30.864335,4.0,0,"{""open"":""全天""}",风景名胜;风景名胜相关;旅游景点,全年适宜，约1-2小时。免费参观，园内绿植多，适合散步拍照，夏季注意防蚊。,名人园以展示金堂县历史名人事迹为主题，是当地爱国主义教育和乡土文化宣传的重要场所。,1.0,金堂县
802,青城山景区,5A,风景名胜,青城山镇青城山路168号,103.563817,30.9044,4.7,80,"{""open"":""8:00"",""close"":""17:00""}",风景名胜;风景名胜;世界遗产,最佳3-6月或9-11月，建议游玩半天至一天。前山门票80元，后山20元，缆车另计。山路湿滑，穿防滑鞋，节假日人多需早到。,青城山为道教发源地之一，天师道祖庭，以幽深著称，是世界文化遗产，承载千年道教养生与自然哲学。,4.0,都江堰市
803,成都天台山旅游景区,4A,风景名胜,天台山镇三角社区天水路55号,103.126302,30.278048,4.5,25,"{""open"":""9:00"",""close"":""17:00""}",风景名胜;风景名胜;国家级景点,夏季避暑最佳，建议游玩3-4小时。门票约50元，景区内有观光车。山路较多，备好水和干粮，注意防晒。,天台山为邛崃名山，以高山流水、丹霞地貌和佛教遗迹闻名，素有“天台灵秀”之誉，是川西休闲胜地。,3.5,邛崃市
804,雷音寺,-,风景名胜,天台山镇三角社区天水路55号成都天台山旅游景区(西南角),103.108528,30.261928,4.0,0,"{""open"":""8:00"",""close"":""17:00""}",风景名胜;风景名胜;寺庙道观,全年可游，建议1小时。免费或随缘捐赠，寺庙清净，需着装得体，勿大声喧哗。,雷音寺为邛崃地区古刹，名称取自佛经，历史上为禅宗道场，现为当地信众礼佛与游客访古的重要去处。,1.0,邛崃市
805,龙兴寺,-,风景名胜,龙兴北街1号,103.942502,30.990803,4.1,0,"{""open"":""8:00"",""close"":""17:00""}",风景名胜;风景名胜;寺庙道观,建议上午游览，约1-2小时。免费入寺，部分殿堂或有香火费。寺内古树参天，注意保持安静。,龙兴寺为彭州著名古寺，始建年代久远，曾为蜀中佛教重镇，寺内舍利塔及碑刻具有较高历史价值。,1.5,彭州市
806,宝光桂湖文化旅游区宝光寺,4A,风景名胜,宝光街81号,104.160803,30.831962,4.5,5,"{""open"":""8:00"",""close"":""17:00""}",风景名胜;风景名胜;寺庙道观,最佳春秋季，建议2小时。宝光寺门票5元，桂湖另收20元。寺内可体验数罗汉，注意殿堂内禁拍照。,宝光寺是成都地区规模最大的禅宗丛林之一，始建于东汉，寺藏舍利及众多文物，与桂湖共同构成新都文化地标。,2.0,新都区
807,宝光寺-罗汉堂,-,风景名胜,宝光街81号宝光寺,104.161597,30.831999,4.2,0,"{""open"":""8:00"",""close"":""17:00""}",风景名胜;风景名胜;寺庙道观,随宝光寺一同游览，约30-40分钟。可参与“数罗汉”民俗，按自己年龄数到对应罗汉求签解意，尊重宗教礼仪。,罗汉堂为宝光寺精华，塑有五百罗汉像，造型生动，是清代佛教雕塑艺术的珍品，体现民间信仰与艺术结合。,1.0,新都区
808,普照寺,-,风景名胜,大观街道青城外山,103.559976,30.846233,4.2,0,"{""open"":""8:00"",""close"":""17:00""}",风景名胜;风景名胜;寺庙道观,建议春秋季，游览1-2小时。无门票，可随喜功德。寺庙位于山林，环境清幽，注意山路安全。,普照寺是都江堰著名尼众道场，历史悠远，香火旺盛，以清净修行和慈善事业闻名，为川西佛教文化代表之一。,1.5,都江堰市
809,猫猫庙,-,体育休闲服务,玉堂镇赵公山社区龙凤村赵公祖庙内,103.545295,30.953146,3.8,0,"{""open"":""9:00"",""close"":""21:00""}",体育休闲服务;体育休闲服务场所;体育休闲服务场所,全年可游，建议1小时。免费开放，实为户外休闲步道区，适合亲子或散步，注意山区天气变化。,猫猫庙虽名为庙，现为都江堰郊野体育休闲地，名称源于当地传说，融合了民俗记忆与户外运动功能。,2.0,都江堰市
810,光严禅院,-,风景名胜,042乡道附近,103.525726,30.814894,4.3,0,"{""open"":""9:00"",""close"":""17:00""}",风景名胜;风景名胜;风景名胜,建议春季或秋季，游览1-2小时。无门票，寺内可素斋（需提前问询）。山路较陡，穿舒适鞋子。,光严禅院为崇州古寺，始建于隋唐，曾为皇家赐名道场，现存明清殿宇，是川西禅宗文化的重要遗产。,2.0,崇州市
811,三圣寺,-,风景名胜,桂花镇,103.775274,31.012924,3.9,0,"{""open"":""8:00"",""close"":""17:00""}",风景名胜;风景名胜;寺庙道观,适合周末短游，约1小时。免费开放，寺庙古朴，周围田园风光，注意尊重宗教习俗。,三圣寺为彭州乡村古寺，供奉佛教三圣，兼具地方民间信仰色彩，反映了成都平原乡村宗教生活传统。,1.5,彭州市
812,开化寺,-,风景名胜,雾山乡,103.359184,30.68913,4.0,0,"{""open"":""8:00"",""close"":""17:00""}",风景名胜;风景名胜;寺庙道观,建议夏秋前往避暑，游览1-2小时。门票约10元，寺内有古树和摩崖石刻，注意保护文物。,开化寺位于大邑山区，始建于唐代，是蜀中早期佛教寺庙之一，曾为高僧驻锡地，现以古刹与自然景观著称。,1.5,大邑县
813,般若寺,-,风景名胜,蒲阳街道花溪村一组,103.718866,31.061036,4.1,0,"{""open"":""8:00"",""close"":""17:00""}",风景名胜;风景名胜;寺庙道观,全年可游，建议1小时。免费开放，寺庙静谧，适合静心参访，注意着装得体，勿扰修行。,般若寺为都江堰佛教古刹，寺名源于《般若经》，历史上为禅净双修道场，体现佛教智慧文化的传承。,1.5,都江堰市
814,观音寺,-,风景名胜,九莲胜景(西北角),103.773714,30.358357,4.0,0,"{""open"":""8:00"",""close"":""17:00""}",风景名胜;风景名胜;寺庙道观,建议春秋季，游览约1-2小时。免费或少量香火费，寺内明代壁画和塑像精美，禁止闪光灯拍照。,观音寺为新津著名古寺，以明代佛教壁画和悬塑闻名，是四川地区珍贵的古代艺术遗存，具有极高研究价值。,1.5,新津区
815,白云寺,-,风景名胜,驿道街66号青城后山内(西北角),103.479789,30.94746,3.9,0,"{""open"":""8:00"",""close"":""17:00""}",风景名胜;风景名胜;寺庙道观,建议春秋季上午前往，游览约1-2小时。寺庙免费开放，可随缘功德。注意着装庄重，保持安静，尊重宗教习俗。,白云寺位于都江堰青城山麓，始建于明代，依山而建，环境清幽，是川西著名佛教禅林，以晨钟暮鼓和山间云雾缭绕闻名。,1.5,都江堰市
816,清凉寺,-,风景名胜,龙门山镇太阳湾风景区团山村六组,103.79428,31.252953,4.2,0,"{""open"":""8:00"",""close"":""17:00""}",风景名胜;风景名胜;寺庙道观,建议夏季或秋季下午前往，游览约1小时。无门票，可自带香烛。山路湿滑，注意穿防滑鞋，避免雨天出行。,清凉寺位于彭州丹景山镇，始建于唐代，因寺周林木葱郁、气候凉爽而得名，历史上为川西著名避暑修行胜地，现存清代殿堂。,1.0,彭州市
817,大乘院,-,风景名胜,天乡路一段(国控四川医药物流中心北侧约250米),103.865713,30.712527,4.1,0,"{""open"":""8:00"",""close"":""17:00""}",风景名胜;风景名胜;寺庙道观,建议上午前往，游览约1小时。免费开放，可随缘捐赠。寺庙较小，适合顺路参观，注意保持安静，勿喧哗。,大乘院是温江区一处历史悠久的佛教寺院，以弘扬大乘佛法为宗旨，建筑古朴，香火虽不盛但信众虔诚，是当地传统文化活动场所。,1.0,温江区
818,三昧禅林,-,风景名胜,丹景山镇双松村5组52号,103.831208,31.070899,4.3,0,"{""open"":""8:00"",""close"":""17:00""}",风景名胜;风景名胜;寺庙道观,建议春秋季清晨前往，游览约2小时。门票约10元，可请香。山势陡峭需攀爬，穿舒适运动鞋，自带饮用水。,三昧禅林位于彭州丹景山，因高僧修得“三昧”禅定而得名，有千年古刹和摩崖造像，是成都地区重要的禅宗文化遗址。,2.0,彭州市
819,城隍庙,-,风景名胜,离堆公园路都江堰景区内(东南角),103.615409,31.00016,4.0,0,"{""open"":""8:00"",""close"":""17:00""}",风景名胜;风景名胜;寺庙道观,建议平时上午前往，游览约1小时。免费开放，可随缘。庙会期间（农历五月）人流大，注意保管财物，遵守秩序。,都江堰城隍庙始建于明代，供奉守护城池的城隍神，建筑依山而建，气势恢宏，是研究川西道教民俗和城隍信仰的重要实物。,1.0,都江堰市
820,龙潭寺,-,风景名胜,火神庙路108号,104.172684,30.7054,4.0,0,"{""open"":""8:00"",""close"":""17:00""}",风景名胜;风景名胜;寺庙道观,建议工作日前往，游览约1小时。免费开放，可随缘。寺庙位于闹市，注意停车不便，建议公共交通出行。,龙潭寺位于成华区龙潭寺街道，相传因寺旁龙潭而得名，始建于清代，是成都东郊历史悠久的佛教活动场所，见证当地移民文化。,1.0,成华区
821,金华寺,-,风景名胜,天回镇金华村5组801号,104.117784,30.777266,4.0,0,"{""open"":""8:00"",""close"":""17:00""}",风景名胜;风景名胜;寺庙道观,建议春秋季上午前往，游览约1小时。免费开放，可随缘。寺庙周边交通便利，适合顺路游览，注意尊重宗教礼仪。,金华寺位于金牛区天回镇，始建于明代，清代重建，是成都北郊少有的古建筑群，其木雕和彩绘具有较高艺术价值，反映川西民间信仰。,1.0,金牛区
822,慈云寺,-,风景名胜,境内龙泉山脉中段金堂县云顶石城风景区内(北侧),104.486984,30.738001,4.0,0,"{""open"":""8:00"",""close"":""17:00""}",风景名胜;风景名胜;风景名胜,建议春秋季前往，游览约1.5小时。门票约5元，可请香。寺庙位于金堂山上，山路较陡，注意安全，自备水。,慈云寺位于金堂县云顶山上，始建于南朝齐梁时期，历代高僧辈出，曾为川西佛教中心之一，现存宋代石塔和明清殿堂，文化积淀深厚。,2.0,金堂县
823,净土寺,-,风景名胜,七号支渠路东150米,103.998955,30.979031,4.0,0,"{""open"":""8:00"",""close"":""17:00""}",风景名胜;风景名胜;寺庙道观,建议夏季清晨前往，游览约1小时。免费开放，可随缘。寺庙地处乡间，环境宁静，注意蚊虫防护，穿长裤。,净土寺位于彭州隆丰镇，始建于宋代，以专修净土宗而得名，寺内古树参天，现存清代大雄宝殿，是当地信众重要的念佛道场。,1.5,彭州市
824,高山古寺,-,风景名胜,元通镇花果山十一组,103.579402,30.717822,4.0,0,"{""open"":""8:00"",""close"":""17:00""}",风景名胜;风景名胜;寺庙道观,建议春秋季下午前往，游览约1-1.5小时。免费开放，可随缘。山寺台阶较多，适合慢游，注意携带雨具以防阵雨。,高山古寺位于崇州街子镇凤栖山，始建于隋代，因山势高耸得名，是川西著名禅林，明代蜀王曾赐匾，环境幽静，古木参天。,1.5,崇州市
825,白衣寺,-,风景名胜,双关道附近,103.883111,30.659776,4.0,0,"{""open"":""8:00"",""close"":""17:00""}",风景名胜;风景名胜;寺庙道观,建议上午前往，游览约40分钟。免费开放，可随缘。寺庙较小，适合顺路参观，注意保持安静，勿打扰修行。,白衣寺位于温江区和盛镇，始建于清代，因供奉白衣观音而得名，建筑简洁素雅，是当地重要的观音信仰场所，香火延续至今。,1.0,温江区
826,汉昭烈庙,4A,风景名胜,武侯祠大街231号成都武侯祠博物馆,104.049384,30.6446,4.6,50,"{""open"":""8:00"",""close"":""18:00""}",风景名胜;风景名胜;国家级景点,建议上午或下午前往，游览约2小时。门票50元（含武侯祠），学生半价。建议避开节假日人流高峰，最好请讲解。,汉昭烈庙即武侯祠，是纪念刘备与诸葛亮的合祀祠庙，始建于蜀汉末年，是全国唯一的君臣合祀祠，也是成都三国文化核心地标。,2.0,武侯区
827,中兴寺,-,风景名胜,正港路,103.889828,30.778255,4.0,0,"{""open"":""8:00"",""close"":""17:00""}",风景名胜;风景名胜;寺庙道观,建议春秋季前往，游览约1小时。免费开放，可随缘。寺庙位于郫都区乡村，环境清幽，注意交通不便，建议自驾。,中兴寺位于郫都区唐昌镇，始建于明代，清代重修，是郫都区现存较完整的古寺之一，建筑风格朴素，承载当地佛教与乡土记忆。,1.0,郫都区
828,金龙寺,-,风景名胜,长安街社区8组,104.364895,30.685647,4.0,0,"{""open"":""8:00"",""close"":""17:00""}",风景名胜;风景名胜;寺庙道观,建议春季桃花盛开时前往，游览约1.5小时。免费开放，可随缘。位于龙泉山腰，可俯瞰平原，注意山路弯多，自驾慢行。,金龙寺位于龙泉驿区山泉镇，始建于清代，依山而建，寺周遍植桃树，春季桃花与古寺相映成趣，是集佛教文化与自然景观于一体的场所。,1.0,龙泉驿区
829,灵岩观音山,-,风景名胜,百花岭路54号,103.614324,31.025855,4.3,0,"{""open"":""全天""}",风景名胜;风景名胜;风景名胜,建议春秋季晴天前往，游览约2-3小时。门票约20元，可坐景区观光车。山高路陡，穿登山鞋，备足饮水，注意防晒。,灵岩观音山位于都江堰灵岩山，以巨型观音石像和古刹遗址闻名，相传唐代高僧曾在此修行，是融合自然奇观与观音信仰的胜地。,2.5,都江堰市
830,白塔寺,-,风景名胜,道明镇明道乡境,103.590857,30.667982,4.0,0,"{""open"":""8:00"",""close"":""17:00""}",风景名胜;风景名胜;寺庙道观,建议春季或秋季前往，游览约1-2小时。寺庙免费开放，但需注意崇州白塔寺为当地文物保护单位，请遵守寺规，勿大声喧哗。,崇州白塔寺因寺内白塔而得名，始建于宋代，为川西著名古刹，白塔造型古朴，具有较高的历史和建筑价值。,1.5,崇州市
831,铁佛寺,-,风景名胜,福锦路一段155号,103.991063,30.612449,4.1,0,"{""open"":""8:00"",""close"":""17:00""}",风景名胜;风景名胜;寺庙道观,位于武侯区，交通便利。建议工作日前往，游览约1小时。免费开放，注意寺庙为尼众道场，请尊重宗教习俗。,铁佛寺因供奉铁铸佛像而得名，始建于明代，是成都市区内少有的古寺之一，体现了老成都的佛教文化传承。,1.0,武侯区
832,灵开寺,-,风景名胜,淮口街道炮台山,104.515263,30.741256,4.0,0,"{""open"":""8:00"",""close"":""17:00""}",风景名胜;风景名胜;寺庙道观,位于金堂县山区，建议自驾或包车前往。春秋两季最佳，游览约1小时。免费开放，山路弯多，注意行车安全。,灵开寺地处金堂龙泉山脉，环境清幽，历史悠久，为川中佛教胜地，历代高僧辈出，以禅修和自然景观闻名。,1.5,金堂县
833,泰安古寺,-,风景名胜,都江堰青成后山泰安古镇(西北角),103.490245,30.92151,4.2,0,"{""open"":""8:00"",""close"":""17:30""}",风景名胜;风景名胜;寺庙道观,位于都江堰青城山景区内，建议跟随青城山游览路线。夏季避暑最佳，游览约1-2小时。需购买青城山门票，注意保护古建。,泰安古寺是青城山著名古刹，始建于唐代，与道教文化交融，是青城山佛教活动中心，寺内保存有珍贵文物和古树。,2.0,都江堰市
834,大佛寺,-,风景名胜,黄龙溪古镇,103.99377,30.318532,4.0,0,"{""open"":""8:00"",""close"":""17:00""}",风景名胜;风景名胜;寺庙道观,位于双流区，建议结合黄龙溪古镇游玩。游览约1小时。免费开放，注意寺庙日常法会时间，可提前电话咨询。,双流大佛寺因供奉大佛而得名，明清时期已有记载，是当地百姓祈福的重要场所，寺庙建筑风格古朴，具有民间信仰特色。,1.5,双流区
835,三学禅院,-,风景名胜,005乡道与天圣路交叉口西南约100米栖贤乡,104.495148,30.857962,4.1,0,"{""open"":""8:00"",""close"":""17:00""}",风景名胜;风景名胜;寺庙道观,位于金堂县，建议自驾前往。春秋宜人，游览约1.5小时。免费开放，三学禅院为禅宗道场，可体验禅修，但需提前预约。,三学禅院以“戒、定、慧”三学命名，体现禅宗修行理念。寺庙建于清代，环境静谧，是川西禅修与文化交流之地。,1.5,金堂县
836,木兰寺,-,风景名胜,木兰社区200号,104.193163,30.777697,4.0,0,"{""open"":""8:00"",""close"":""17:00""}",风景名胜;风景名胜;寺庙道观,位于新都区木兰镇，建议春季赏花时顺访。游览约1小时。免费开放，注意木兰寺为道教与佛教共处，尊重不同信仰。,木兰寺因地处木兰山而得名，历史上与道教木兰信仰相关，后成为佛道融合的寺庙，反映了川西民间宗教多元共存的特点。,1.0,新都区
837,永祚寺,-,风景名胜,东升街道迎春路一段34号,103.926612,30.57853,3.9,0,"{""open"":""8:00"",""close"":""17:00""}",风景名胜;风景名胜;寺庙道观,位于双流区，建议结合周边农家乐游玩。游览约40分钟。免费开放，寺庙较小，注意保持安静。,永祚寺为双流区小型古刹，始建年代不详，现存建筑多为清代风格，是当地社区佛教活动中心，承载乡土记忆。,1.0,双流区
838,梓橦寺,-,风景名胜,[],104.141572,30.45546,3.9,0,"{""open"":""8:00"",""close"":""17:00""}",风景名胜;风景名胜;寺庙道观,位于双流区，建议自驾导航前往。游览约1小时。免费开放，注意寺庙部分区域可能未开放，尊重现场管理。,梓橦寺以供奉梓橦帝君（文昌）与佛教融合而得名，是川西地区少见的佛道合祀庙宇，体现科举文化与宗教的关联。,1.0,双流区
839,莲池寺,-,风景名胜,龙门山镇团山村10组,103.808035,31.256023,4.0,0,"{""open"":""8:00"",""close"":""17:00""}",风景名胜;风景名胜;寺庙道观,位于彭州市，建议夏季避暑或秋季赏红叶时前往。游览约1小时。免费开放，注意山区天气多变，带好雨具。,莲池寺因寺前莲池而得名，始建于明代，历经兴废，现为彭州佛教活动点，周围自然环境优美，适合静心游览。,1.5,彭州市
840,弥陀寺,-,风景名胜,简城街道升阳洞路75号,104.539773,30.392996,3.9,0,"{""open"":""8:00"",""close"":""17:00""}",风景名胜;风景名胜;寺庙道观,位于简阳市，建议结合简阳城区游览。游览约1小时。免费开放，注意寺庙为当地文物保护单位，请勿触摸文物。,简阳弥陀寺供奉阿弥陀佛，历史可追溯至清代，是简阳地区重要的净土宗道场，每年佛诞日有大型法会活动。,1.0,简阳市
841,白水寺,-,风景名胜,柏水路336号(柏水场地铁站A口步行490米),104.092781,30.818336,3.9,0,"{""open"":""8:00"",""close"":""17:00""}",风景名胜;风景名胜;寺庙道观,位于新都区，建议自驾前往。春秋最佳，游览约1小时。免费开放，注意白水寺周边有步道，可结合徒步。,白水寺因寺旁白水河得名，始建年代不详，清代重修，寺庙小巧精致，是当地乡村佛教文化的重要载体。,1.0,新都区
842,大悲寺,-,风景名胜,[],103.744812,31.225458,4.0,0,"{""open"":""8:00"",""close"":""17:00""}",风景名胜;风景名胜;寺庙道观,位于彭州市，建议自驾或包车。游览约1.5小时。免费开放，大悲寺为尼众道场，请遵守礼仪，勿喧哗。,大悲寺以供奉千手观音（大悲菩萨）闻名，为彭州地区佛教圣地，寺庙建筑宏伟，香火旺盛，尤以观音法会著称。,1.5,彭州市
843,古龙寺,-,风景名胜,黄龙溪镇皇金路78号黄龙溪古镇旅游景区内,103.971604,30.314163,4.1,0,"{""open"":""8:00"",""close"":""18:00""}",风景名胜;风景名胜;寺庙道观,位于双流区黄龙溪古镇内，建议随古镇游览。古镇门票免费，寺内游览约30分钟。注意节假日人多，错峰出行。,古龙寺是黄龙溪古镇最古老的寺庙之一，与镇江寺、潮音寺并称古龙三寺，保存有古戏台和古树，是川西民俗文化缩影。,1.0,双流区
844,开照寺,-,风景名胜,栖贤乡栖贤街道三学寺,104.48387,30.858074,3.9,0,"{""open"":""8:00"",""close"":""17:00""}",风景名胜;风景名胜;寺庙道观,位于金堂县，建议自驾前往，山路注意驾驶。游览约1小时。免费开放，开照寺为禅宗道场，可体验早课（需提前联系）。,开照寺始建于明代，意为“开启光明”，曾为高僧修行之地，寺庙藏于山林，环境清幽，是金堂禅宗文化的重要代表。,1.5,金堂县
845,南岳明心寺,-,风景名胜,万春镇春江北路98号,103.829788,30.733808,4.0,0,"{""open"":""8:00"",""close"":""17:00""}",风景名胜;风景名胜;寺庙道观,建议春秋季游览，时长约1-2小时。免费开放，可随缘功德。寺院较小，注意保持安静，尊重宗教礼仪。,南岳明心寺为温江地区历史悠久的佛教禅宗道场，以“明心见性”为宗旨，建筑古朴，环境清幽，是当地信众重要的修行场所。,1.0,温江区
846,佛山古寺,-,风景名胜,丹景山街道南郡西街18号,103.848851,31.072058,4.2,0,"{""open"":""8:00"",""close"":""17:00""}",风景名胜;风景名胜;寺庙道观,建议春季或秋季前往，游览约2小时。免费入内，可自驾或乘车至彭州，山路较陡，注意穿舒适鞋子。,佛山古寺位于彭州山区，因背靠佛山而得名，历史可追溯至唐宋，曾为川西著名佛教圣地，现存古建筑与摩崖造像具有较高文物价值。,1.5,彭州市
847,丹景山佛兴寺,-,风景名胜,丹景街道全安村二组,104.218918,30.373177,4.1,0,"{""open"":""8:00"",""close"":""17:00""}",风景名胜;风景名胜;寺庙道观,建议晴天游览，时长2-3小时。门票约10元，可结合丹景山景区游玩。山路台阶多，老人需注意体力。,丹景山佛兴寺地处简阳丹景山，为川中佛教名刹，始建于明代，依山而建，寺内古木参天，历来有“丹景第一峰”之美誉，文化底蕴深厚。,1.5,简阳市
848,兴福寺,-,风景名胜,银杏坪,103.201057,30.344107,4.1,0,"{""open"":""8:00"",""close"":""17:00""}",风景名胜;风景名胜;寺庙道观,建议夏秋季节前往，游览约1.5小时。免费开放，位于邛崃山间，空气清新，可顺访周边古镇，注意防蚊虫。,兴福寺为邛崃市一座历史悠久的乡村寺庙，始建年代不详，历代重修，融合川西民间信仰与佛教文化，香火延续至今，体现本土宗教生活传统。,1.5,邛崃市
849,护国寺,-,风景名胜,宋白路300号,103.908575,30.826815,4.0,0,"{""open"":""8:00"",""close"":""17:00""}",风景名胜;风景名胜;寺庙道观,建议春秋季游览，时长1小时左右。免费开放，寺庙不大，可乘公交或自驾前往郫都区，注意寺庙开放时间。,护国寺位于郫都区，名称寓意护国安民，历史可溯至清代，曾为地方官民祈福之所，建筑风格简洁，是研究川西寺庙文化的实例之一。,1.0,郫都区
850,大林寺,-,风景名胜,大林镇中山路九号,104.123297,30.286165,4.0,0,"{""open"":""8:00"",""close"":""17:00""}",风景名胜;风景名胜;寺庙道观,建议工作日前往，避开人流，游览1-2小时。免费开放，位于双流区，可结合周边农家乐行程，注意着装庄重。,大林寺为双流地区古刹，相传始建于宋代，历经兴衰，现为区级文保单位，寺内保留有古井、碑刻等遗迹，承载当地佛教记忆。,1.0,双流区
851,石象寺,-,风景名胜,石象湖生态风景区(成雅高速公路86号公里出口处),103.421046,30.193642,4.1,0,"{""open"":""8:00"",""close"":""17:00""}",风景名胜;风景名胜;寺庙道观,建议春秋季前往，游览约2小时。门票约10元，可结合石象湖景区游玩。山路湿滑，雨后注意安全。,石象寺因附近石象山、石象湖得名，蒲江佛教重要节点，始建于明代，曾供奉石雕佛像，自然景观与宗教文化交融，地方特色显著。,1.0,蒲江县
852,万佛寺,-,风景名胜,怡心街道万佛寺路1号(三江公交首末站背后),104.017295,30.520733,4.0,0,"{""open"":""8:00"",""close"":""17:00""}",风景名胜;风景名胜;寺庙道观,建议上午前往，游览1-2小时。免费开放，位于双流城区附近，交通方便。寺庙常有法会，可提前了解日程。,万佛寺为双流知名佛教寺院，寺内曾供奉万尊佛像而得名，历史可溯至清代，现为信众聚集地，体现川西平原佛教传播的延续性。,1.0,双流区
853,赵公庙,-,风景名胜,赵公山西线3号休息亭东侧420米,103.517613,30.97144,4.0,0,"{""open"":""8:00"",""close"":""17:00""}",风景名胜;风景名胜;寺庙道观,建议春秋季游览，时长1.5小时。免费开放，都江堰景区附近，可顺道参观。注意尊重道教礼仪，勿大声喧哗。,赵公庙为道教宫观，祭祀财神赵公明，因都江堰为道教发源地之一，此庙香火旺盛，融合财神信仰与青城山道教文化，极具民俗特色。,0.8,都江堰市
854,善安寺,-,风景名胜,花园村11组(云石路),104.409526,30.750899,3.9,0,"{""open"":""8:00"",""close"":""17:00""}",风景名胜;风景名胜;寺庙道观,建议晴天前往，游览1小时左右。免费开放，位于青白江乡镇，可自驾或乘乡村公交，注意寺庙周边餐饮设施较少。,善安寺为青白江区乡村古寺，名称寓意“善念平安”，地方信众常来祈福，建筑朴素，反映川西乡村佛教的日常形态与民间信仰。,0.8,青白江区
855,龙华寺,-,风景名胜,成龙大道二段与银河路交叉口东北60米,104.180367,30.570954,4.0,0,"{""open"":""8:00"",""close"":""17:00""}",风景名胜;风景名胜;寺庙道观,建议春季桃花节期间游览，时长1.5小时。免费开放，龙泉驿区交通便利，可结合桃花山游玩，周末人多需错峰。,龙华寺位于龙泉驿，依山傍水，历史可追溯至清代，为当地佛教活动中心，寺庙与龙泉山果园相映，形成独特的人文自然景观。,1.0,龙泉驿区
856,齐一寺,-,风景名胜,新津工业园区兴园六路359号,103.800638,30.433032,3.9,0,"{""open"":""8:00"",""close"":""17:00""}",风景名胜;风景名胜;寺庙道观,建议秋季游览，时长1-2小时。免费开放，新津区可乘公交到达，寺庙清静，适合静心，注意夏季蚊虫较多。,齐一寺为新津区古刹，取“万法归一”之意，始建年代久远，历经多次修缮，保存有部分古建筑构件，是研究新津宗教史的重要实物。,0.8,新津区
857,彭州市磁峰镇莲花寺,-,风景名胜,024乡道北30米,103.77358,31.090011,3.9,0,"{""open"":""8:00"",""close"":""17:00""}",风景名胜;风景名胜;寺庙道观,建议夏季避暑前往，游览约2小时。免费开放，位于彭州磁峰镇，山路弯多，自驾需谨慎，可品尝当地山野菜。,莲花寺因所在山形似莲花而得名，彭州山区古寺，历史与当地移民开发相关，环境幽静，承载山区民众的信仰寄托与乡土记忆。,1.0,彭州市
858,蜀州天目寺,-,风景名胜,西河村2组15号,103.664173,30.643966,4.0,0,"{""open"":""8:00"",""close"":""17:00""}",风景名胜;风景名胜;寺庙道观,建议春秋季游览，时长1.5小时。免费开放，崇州天目山附近，可徒步登山，注意穿防滑鞋，自备饮水。,蜀州天目寺因天目山得名，崇州历史上为蜀州治所，此寺曾为地方名刹，文人墨客多有题咏，现虽规模缩减，仍具历史文化价值。,0.8,崇州市
859,龙桥观音寺,-,风景名胜,古窖路与古窑路交叉口北160米,104.007883,30.822892,4.0,0,"{""open"":""8:00"",""close"":""17:00""}",风景名胜;风景名胜;寺庙道观,建议农历初一十五前往体验民俗，游览1小时。免费开放，新都区交通方便，可乘地铁转公交，注意保管财物。,龙桥观音寺位于新都龙桥镇，主供观音菩萨，香火传承百年，为周边信众重要朝拜地，体现川西民间观音信仰的广泛流传与地方化特色。,0.8,新都区
860,三圣寺,-,风景名胜,赵公路,103.579294,30.965184,4.0,0,"{""open"":""8:00"",""close"":""17:00""}",风景名胜;风景名胜;寺庙道观,位于都江堰市，建议春季或秋季前往，游览约1小时。寺庙免费开放，可随缘功德。交通不便，建议自驾或打车前往。,三圣寺为都江堰地区古刹，供奉三圣（或指佛教西方三圣），历史悠久，环境清幽，是当地信众祈福的重要场所。,1.0,都江堰市
861,黑水寺,-,风景名胜,五凤山森林公园内(东侧),104.484825,30.184501,4.0,0,"{""open"":""全天""}",风景名胜;风景名胜;寺庙道观,位于简阳市，建议白天前往，游览约1小时。免费开放，注意寺庙内勿喧哗。可结合周边乡村游安排行程。,黑水寺因寺旁有黑水河或古井而得名，简阳地方古寺，承载当地民间信仰，建筑风格古朴，具有乡土文化特色。,0.8,简阳市
862,三义庙,-,风景名胜,武侯祠大街231号成都武侯祠博物馆内,104.049476,30.646713,4.1,0,"{""open"":""全天""}",风景名胜;风景名胜;寺庙道观,位于武侯祠内，游览时间随武侯祠（门票50元）。建议与武侯祠、锦里一并游览，需2-3小时。旺季人多，宜早去。,三义庙供奉刘备、关羽、张飞，象征桃园结义之义气，为武侯祠重要组成部分，体现蜀汉文化中忠义精神。,0.8,武侯区
863,天池寺,-,风景名胜,丹景山镇石河村三组14号,103.855277,31.087391,4.0,0,"{""open"":""全天""}",风景名胜;风景名胜;寺庙道观,位于彭州市，建议夏季避暑前往，游览约1小时。免费开放，山路崎岖，注意穿着舒适防滑鞋。可自驾前往。,天池寺因寺旁山间天池得名，彭州古刹，历史悠久，背山面水，环境清雅，为当地佛教活动场所和避暑胜地。,1.0,彭州市
864,财神庙,-,风景名胜,百花岭路3号,103.609968,31.006043,3.9,0,"{""open"":""全天""}",风景名胜;风景名胜;寺庙道观,位于都江堰市，全天开放，免费。建议游览30-40分钟，可结合都江堰景区行程。注意尊重宗教习俗，勿大声喧哗。,财神庙供奉财神赵公明或比干等，是民间祈求财运的庙宇，反映了成都平原商业文化中对财富的朴素信仰。,0.8,都江堰市
865,财神祖庙,-,风景名胜,赵公路,103.543761,30.953199,4.0,0,"{""open"":""全天""}",风景名胜;风景名胜;寺庙道观,位于都江堰市，建议白天前往，游览约1小时。免费开放，可焚香祈福。交通需自驾或打车，注意山路安全。,财神祖庙相传为财神赵公明祖庭所在，都江堰为道教发源地之一，此庙在道教财神信仰中地位尊崇，香火较旺。,1.0,都江堰市
866,竹林寺,-,风景名胜,百花岭路,103.620024,31.01237,4.0,0,"{""open"":""全天""}",风景名胜;风景名胜;寺庙道观,位于都江堰市，建议春秋季游览，时长约1小时。免费开放，周围竹林环绕，蚊虫较多，建议携带驱蚊用品。,竹林寺因四周翠竹成林而得名，都江堰古寺，环境清幽，体现禅意与自然融合，为当地信众静修礼佛之地。,0.8,都江堰市
867,石塔寺,-,风景名胜,高何镇高兴村,103.124693,30.308818,4.0,0,"{""open"":""全天""}",风景名胜;风景名胜;寺庙道观,位于邛崃市，建议白天游览，约1小时。免费开放，注意保护文物。可结合邛崃古城、平乐古镇安排一日游。,石塔寺以寺内古代石塔著称，邛崃历史古迹，石塔造型古朴，具有唐宋时期佛教建筑风格，是研究地方宗教史的重要实物。,0.8,邛崃市
868,东塔寺,-,风景名胜,东塔社区二组,104.12104,30.961226,3.9,0,"{""open"":""全天""}",风景名胜;风景名胜;寺庙道观,位于彭州市，建议上午前往，游览约40分钟。免费开放，寺庙规模较小，适合顺路参访。注意保持安静。,东塔寺因位于彭州城东且有古塔而得名，地方古刹，历史悠久，虽塔已不存，但寺名延续，承载当地居民记忆与信仰。,0.8,彭州市
869,卧云寺,-,风景名胜,永兴镇,104.164483,30.334572,3.8,0,"{""open"":""全天""}",风景名胜;风景名胜;寺庙道观,位于双流区，建议傍晚前往观景，游览约1小时。免费开放，可自驾或乘地铁至双流后打车。注意蚊虫。,卧云寺得名于云雾缭绕之景，双流地区古寺，历史上为文人雅士游赏之地，环境清幽，具有川西园林式寺庙特色。,0.8,双流区
870,祖灵寺,-,风景名胜,鸡冠山路,103.47322,30.749889,3.9,0,"{""open"":""全天""}",风景名胜;风景名胜;寺庙道观,位于崇州市，建议节假日参加庙会活动，游览约1小时。免费开放，但逢初一十五人流多，注意安全。可自驾前往。,祖灵寺为崇州地方宗族祭祀与佛教结合之庙宇，体现川西“祖灵崇拜”传统，每年清明等节日有祭祖活动。,1.0,崇州市
871,丹景山风景名胜区-金华寺,-,风景名胜,丹景村4组16号,103.826719,31.093057,4.2,0,"{""open"":""全天""}",风景名胜;风景名胜;寺庙道观,位于彭州丹景山景区内，需购景区门票（约30元）。建议春季牡丹花会时前往，游览2-3小时。山路陡峭，注意体力。,金华寺位于丹景山巅，始建于唐代，为川西著名佛教圣地，与丹景山牡丹文化相融合，每年四月举办牡丹花会，香客游人众多。,2.0,彭州市
872,罗汉寺,-,风景名胜,大新路与动大路交叉口西北360米,103.664472,30.474616,4.0,0,"{""open"":""全天""}",风景名胜;风景名胜;寺庙道观,位于大邑县，建议上午游览，约1小时。免费开放，可结合安仁古镇、西岭雪山行程。注意尊重寺院规矩。,罗汉寺因供奉五百罗汉而得名，大邑地方名刹，寺内罗汉造像生动，体现佛教艺术与民间信仰结合，为当地重要宗教场所。,1.0,大邑县
873,玉佛寺,-,风景名胜,刘白路,104.26647,30.449702,3.8,0,"{""open"":""全天""}",风景名胜;风景名胜;寺庙道观,位于简阳市，建议白天前往，游览约1小时。免费开放，注意寺内佛像禁止拍照。可自驾或乘班车至简阳后转当地交通。,玉佛寺因供奉缅甸玉佛而得名，简阳佛教寺庙，玉佛雕刻精美，具有东南亚佛教风格，是当地较有特色的宗教景点。,1.0,简阳市
874,白塔寺(淮白路),-,风景名胜,淮口街道淮州大道瑞光花园,104.558443,30.709901,3.9,0,"{""open"":""全天""}",风景名胜;风景名胜;寺庙道观,建议春秋季上午前往，游览约1小时。寺庙免费开放，但需注意淮白路周边停车不便，可乘公交或打车。寺内请保持安静，尊重宗教场所秩序。,白塔寺位于金堂县淮口镇，因寺内南宋白塔而得名，是川西地区保存较完好的古塔之一，具有重要的建筑史与佛教文化价值。,1.0,金堂县
875,观音寺,-,风景名胜,黄龙溪廊桥旁,103.978631,30.321466,4.0,0,"{""open"":""全天""}",风景名胜;风景名胜;寺庙道观,建议春秋季上午前往，游览约1小时。该寺为区级文保单位，免费开放，请注意保持安静，尊重宗教场所秩序。,始建于明代，历经多次修缮，现存建筑为清代风格，是双流地区保存较好的古寺庙之一，体现川西传统宗教建筑特色。,1.5,双流区
876,观音庙,-,风景名胜,成都盛高车业有限公司东侧150米,103.992622,30.825809,4.0,0,"{""open"":""全天""}",风景名胜;风景名胜;寺庙道观,位于新都城区，可结合宝光寺一并游览。建议游览30-40分钟，免费进入，注意寺庙开放时间，避免中午休息时段。,新都历史上寺庙众多，此观音庙为地方信众祈福之所，反映了川西民间观音信仰的深厚传统，与宝光寺佛教文化圈相呼应。,0.8,新都区
877,高祖寺,-,风景名胜,文井玉龙村1组,103.756314,30.473473,3.9,0,"{""open"":""全天""}",风景名胜;风景名胜;寺庙道观,位于新津区乡镇，建议自驾前往，游览约1小时。无门票，注意寺庙可能有早晚课时间，避开法会日人流高峰。,高祖寺得名与地方历史传说相关，新津古为蜀地要冲，寺庙承载了乡土记忆与信仰传承，是研究川西乡村宗教生态的实例。,1.0,新津区
878,团林寺,-,风景名胜,彭青路,103.706293,30.894449,3.8,0,"{""open"":""全天""}",风景名胜;风景名胜;寺庙道观,都江堰山区寺庙，建议春夏季节上午前往，游览1-1.5小时。山路湿滑，穿防滑鞋，无门票，可随缘功德。,团林寺地处青城山麓，受道教文化影响，佛道交融现象明显，体现了都江堰地区多元宗教和谐共生的历史文化特征。,1.5,都江堰市
879,净土寺,-,风景名胜,黄河北路38号附1-30附近,103.996458,30.576909,3.9,0,"{""open"":""全天""}",风景名胜;风景名胜;寺庙道观,双流区净土寺，建议平日前往，游览约40分钟。免费开放，注意着装得体，寺庙内禁止喧哗和拍照（部分殿堂）。,净土宗为汉传佛教重要宗派，寺名即源于净土信仰，该寺是双流地区净土宗传播的小型道场，反映民间信众对西方净土的向往。,1.0,双流区
880,永圣寺,-,风景名胜,崇庆北路505-509号,103.679253,30.642298,3.7,0,"{""open"":""全天""}",风景名胜;风景名胜;寺庙道观,崇州乡镇寺庙，建议春秋季前往，游览约1小时。无门票，可结合周边川西林盘游览，注意乡村道路行车安全。,永圣寺为崇州地方古刹，历史上曾多次兴废，现存建筑多为近年修复，反映了当代乡村寺庙复兴和民间信仰的延续。,1.0,崇州市
881,大悲寺,-,风景名胜,崇新路一段248号,103.776426,30.539424,3.8,0,"{""open"":""全天""}",风景名胜;风景名胜;寺庙道观,崇州山间寺庙，建议夏秋季节上午前往，游览1小时左右。无门票，注意蚊虫防护，寺庙素斋需提前询问。,大悲寺供奉观音菩萨，大悲之名源于《大悲咒》，该寺体现了观音慈悲信仰在川西民间的盛行，是地方信众精神寄托之所。,1.0,崇州市
882,观音寺,-,风景名胜,上升街37-39号,104.205941,30.429238,3.9,0,"{""open"":""全天""}",风景名胜;风景名胜;寺庙道观,双流区另一观音寺，与875号同名不同址。建议先电话确认具体位置，游览约40分钟，免费开放，注意区分两寺。,双流区现存多处观音寺，反映了明清以来观音信仰在成都平原的广泛传播，此类寺庙多为乡绅捐建，承载社区祈福功能。,1.5,双流区
883,灵荫寺,-,风景名胜,[],104.507346,30.602971,3.7,0,"{""open"":""全天""}",风景名胜;风景名胜;寺庙道观,简阳乡镇寺庙，建议自驾前往，游览约1小时。无门票，注意寺庙周边停车条件有限，可提前了解当地赶集日（人较多）。,灵荫寺为简阳地区传统寺庙，简阳历史上隶属成都府，寺庙见证了行政区划变迁下的文化延续，具有乡土记忆价值。,1.0,简阳市
884,兴隆寺,-,风景名胜,元秀路与南华路交叉口东南120米,104.037934,30.528593,3.8,0,"{""open"":""全天""}",风景名胜;风景名胜;寺庙道观,双流兴隆寺，建议工作日前往，游览约30分钟。免费开放，注意寺庙规模较小，可结合附近黄龙溪古镇游览。,兴隆寺为地方小庙，寺名寓意兴旺隆盛，反映了民间对地方繁荣的期许，是典型的乡村社区寺庙，体现基层信仰生态。,1.0,双流区
885,城厢镇寿佛寺,-,风景名胜,城厢镇家珍公园内,104.3231,30.854229,3.9,0,"{""open"":""全天""}",风景名胜;风景名胜;寺庙道观,青白江城厢古镇内，建议游览古镇时一并参观，约30分钟。城厢古镇免费，部分古迹需预约，注意开放时间。,寿佛寺为佛教净土信仰道场，城厢镇为成都历史文化名镇，该寺与古镇文庙、武庙等共同构成多元宗教文化景观，具有历史叠加价值。,1.0,青白江区
886,蓥华圣庙,-,风景名胜,古镇驿道街112号青城后山内(北侧),103.486096,30.953021,4.0,0,"{""open"":""全天""}",风景名胜;风景名胜;风景名胜,都江堰景区附近，建议游览都江堰时顺访，约30分钟。免费开放，注意雨季（7-8月）部分时段可能闭门。,蓥华圣庙祭祀川西地方神祇蓥华祖师，反映了都江堰灌区民间对治水功臣和山岳神灵的崇拜，与都江堰水利文化密切相关。,1.5,都江堰市
887,马祖寺,-,风景名胜,马角路与徐兴路交叉口西北100米,103.666607,30.844403,3.8,0,"{""open"":""全天""}",风景名胜;风景名胜;寺庙道观,都江堰寺庙，与禅宗马祖道一相关。建议上午前往，游览约1小时。无门票，可结合青城山旅游线路，注意山路交通。,马祖寺为纪念唐代禅宗高僧马祖道一而建，马祖为四川什邡人，该寺体现了禅宗在蜀地的传播，具有重要宗教历史意义。,1.0,都江堰市
888,旃檀寺,-,风景名胜,斑竹园街道,104.099513,30.805563,3.9,0,"{""open"":""全天""}",风景名胜;风景名胜;寺庙道观,新都区寺庙，建议春秋季前往，游览约40分钟。免费开放，注意寺庙可能不常有僧人驻守，可提前电话确认。,旃檀为佛家香木，寺名取自佛典，新都佛教文化底蕴深厚，该寺与宝光寺同属禅宗法脉，是区域佛教网络的小型节点。,1.0,新都区
889,报恩寺,-,风景名胜,龙门山镇宝山村龙门山风景旅游区九峰山风景名胜区内(西南角),103.855,31.314638,3.8,0,"{""open"":""全天""}",风景名胜;风景名胜;寺庙道观,彭州寺庙，建议春季或秋季前往，游览约1小时。无门票，注意彭州山区冬季较冷，夏季多雨，出行前查天气预报。,报恩寺为传统报恩思想与佛教结合的寺庙，彭州地处龙门山前，历史上寺庙屡遭地震损毁又重建，体现了信众的坚韧与信仰传承。,1.0,彭州市
890,九龙寺,-,风景名胜,玉泉街与红岩路交叉口东南400米,103.524931,30.796102,3.7,0,"{""open"":""全天""}",风景名胜;风景名胜;寺庙道观,建议春秋季前往，游览约1-2小时。寺庙免费开放，但需注意山路较陡，穿舒适鞋子。周边可顺游崇州街子古镇。,九龙寺位于崇州山区，依山而建，环境清幽，为川西地区典型的山林古刹，历史可追溯至清代，以古朴建筑和自然风光著称。,1.0,崇州市
891,雾中山,-,风景名胜,城北雾山乡,103.359067,30.689206,4.0,0,"{""open"":""全天""}",风景名胜;风景名胜;国家级景点,最佳游览时间为4-10月，山中云雾缭绕，适合徒步。建议安排半天至一天，需自备干粮饮水，部分路段无护栏，注意安全。,雾中山因常年云雾缭绕得名，是川西佛教名山之一，山中有多处古寺遗址，相传为唐代高僧修行之地，文化底蕴深厚。,2.5,大邑县
892,石观音寺,-,风景名胜,观胜镇天胜路3组2号,103.671761,30.735847,3.8,0,"{""open"":""9:00"",""close"":""17:00""}",风景名胜;风景名胜;寺庙道观,位于崇州城区，可随时前往，游览约1小时。无门票，寺庙规模较小，建议与附近罨画池、文庙串联游览。,石观音寺为崇州地方古刹，始建于明代，曾供奉石雕观音像，历经兴废，现存建筑多为清代风格，体现当地民间佛教信仰。,1.0,崇州市
893,城厢武庙,-,风景名胜,城厢镇东街城厢中学内,104.322335,30.856615,3.8,0,"{""open"":""9:00"",""close"":""17:00""}",风景名胜;风景名胜;寺庙道观,位于青白江区城厢古镇内，建议春秋游览，约1小时。可免费参观，周边有古镇老街可逛，注意保护文物，勿触摸塑像。,城厢武庙始建于明代，供奉关羽，为典型的川西武庙建筑，是青白江区重要的历史遗迹，体现了明清时期崇武尚义的文化传统。,0.8,青白江区
894,石笋寺,-,风景名胜,高何镇何场村,103.191605,30.350788,3.8,0,"{""open"":""9:00"",""close"":""17:00""}",风景名胜;风景名胜;寺庙道观,位于邛崃山区，建议自驾前往，游览约1小时。寺庙免费，山路弯多，注意行车安全。可顺游天台山景区。,石笋寺因寺旁有石笋状孤峰得名，始建于唐代，历代有修葺，是邛崃地区佛教文化的重要载体，周边自然景观奇特。,0.8,邛崃市
895,白鹤寺,-,风景名胜,蒲塘路与紫薇路交叉口北420米,103.5162,30.210749,3.8,0,"{""open"":""9:00"",""close"":""17:00""}",风景名胜;风景名胜;寺庙道观,位于蒲江县郊，建议春秋季前往，游览约1小时。无门票，寺庙较清静，适合自驾或骑行，注意防蚊虫。,白鹤寺相传因白鹤栖集而得名，始建年代不详，现存为明清建筑，是蒲江地方佛教活动场所，周边田园风光优美。,1.0,蒲江县
896,观音寺,-,风景名胜,青城山白云村32号又一村,103.473358,30.93513,3.8,0,"{""open"":""9:00"",""close"":""17:00""}",风景名胜;风景名胜;寺庙道观,位于都江堰市区，建议与都江堰景区同游，游览约1小时。免费开放，注意遵守寺院礼仪，夏季多雨带伞。,都江堰观音寺始建于明代，供奉观音菩萨，历史上屡经重建，是当地重要的佛教信仰场所，建筑风格融合川西民居特色。,1.2,都江堰市
897,龙泉寺,-,风景名胜,南华街80号,104.642203,30.337971,3.8,0,"{""open"":""9:00"",""close"":""17:00""}",风景名胜;风景名胜;寺庙道观,位于简阳城区，可随时前往，游览约1小时。无门票，寺庙规模不大，建议与简阳白塔等古迹串联游览。,龙泉寺虽名龙泉，实际位于简阳，为清代所建佛教寺庙，香火延续至今，反映了简阳地区佛教文化的传承与民间信仰。,0.8,简阳市
898,圆通寺,-,风景名胜,丹景山街道龙门山湔江河谷生态旅游区内(南侧),103.84729,31.159337,3.8,0,"{""open"":""9:00"",""close"":""17:00""}",风景名胜;风景名胜;寺庙道观,位于彭州山区，建议春夏秋三季前往，游览约1-2小时。免费开放，部分路段需要步行，穿运动鞋，注意山区天气多变。,圆通寺取“圆融通达”之意，为彭州历史古刹，环境清幽，建筑古朴，是研究川西佛教建筑和宗教活动的实例。,1.0,彭州市
899,慈云寺,-,风景名胜,沙渠街道三安路,103.725136,30.529552,3.8,0,"{""open"":""9:00"",""close"":""17:00""}",风景名胜;风景名胜;寺庙道观,位于大邑县山区，建议自驾，游览约1-2小时。无门票，山路崎岖，注意驾驶安全，可顺游西岭雪山或安仁古镇。,慈云寺始建于唐宋时期，取“慈云普覆”之意，历史悠久，曾为川西著名禅林，现保存有古建筑和石刻，具有较高历史价值。,1.2,大邑县
900,将军庙,-,风景名胜,[],103.189787,30.499535,3.8,0,"{""open"":""9:00"",""close"":""17:00""}",风景名胜;风景名胜;寺庙道观,位于邛崃市郊，建议春秋前往，游览约1小时。免费参观，将军庙规模较小，周边可游览邛崃古城及文君井。,将军庙为纪念古代地方将领或战神而建，体现了民间对英雄的崇拜，也是邛崃地方历史记忆的载体，建筑风格简朴。,0.8,邛崃市
901,唐代大佛,-,风景名胜,天台山镇三角社区天水路55号成都天台山旅游景区,103.119734,30.278922,4.0,0,"{""open"":""全天""}",风景名胜;风景名胜;风景名胜,位于邛崃山区，建议白天前往，游览约1小时。无门票，需步行爬坡，注意脚下安全。可结合花楸山或平乐古镇游览。,唐代大佛为唐代摩崖石刻造像，是邛崃地区佛教艺术的重要遗存，造型古朴庄重，反映了唐代佛教传播和石刻技艺。,0.5,邛崃市
902,隆源寺,-,风景名胜,[],104.007385,30.53733,3.8,0,"{""open"":""9:00"",""close"":""17:00""}",风景名胜;风景名胜;寺庙道观,位于双流区，交通便利，可随时前往，游览约1小时。免费开放，周边有黄龙溪古镇可顺游，注意寺内安静。,隆源寺为双流地区历史悠久的佛教寺庙，始建年代不详，现存建筑多为清代重修，是当地信众重要的宗教活动场所。,1.0,双流区
903,布金寺,-,风景名胜,环河路与三斗渠路交叉口西240米,103.653173,30.770274,3.8,0,"{""open"":""9:00"",""close"":""17:00""}",风景名胜;风景名胜;寺庙道观,位于都江堰市郊，建议与青城山或都江堰景区同游，游览约1小时。无门票，注意尊重宗教习俗，勿大声喧哗。,布金寺名称源自佛典“布金满地”典故，为都江堰地区古刹，历代有高僧驻锡，体现了佛教文化与川西地方社会的融合。,0.8,都江堰市
904,九峰山-接引禅院,-,风景名胜,龙门山镇宝山村龙门山银厂沟内,103.88664,31.33706,3.8,0,"{""open"":""9:00"",""close"":""17:00""}",风景名胜;风景名胜;寺庙道观,位于彭州九峰山景区内，建议5-10月登山季前往，需安排半天至一天。可能有景区门票，山路陡峭，需体力好并备足水粮。,九峰山为川西名山，接引禅院为山间古寺，是登山者歇脚和朝拜之地，兼具自然景观与佛教文化，历史可追溯至明清。,2.0,彭州市
905,观音寺,-,风景名胜,青霞乡-烟霞湖,103.52203,30.68029,3.8,0,"{""open"":""9:00"",""close"":""17:00""}",风景名胜;风景名胜;寺庙道观,建议春秋季前往，游览约1-2小时。大邑县观音寺为县级文保单位，免费开放，注意寺庙清净，勿喧哗。,始建于明代，供奉观音菩萨，当地信众常来祈福，寺庙建筑古朴，体现川西民间佛教信仰特色。,1.0,大邑县
906,正觉寺,-,风景名胜,白塔店村九组100号,104.019931,31.121396,4.0,0,"{""open"":""全天""}",风景名胜;风景名胜;寺庙道观,彭州山区寺庙，夏季凉爽宜人，游览约1小时。免费开放，山路较陡，穿舒适防滑鞋，自带饮水。,正觉寺为传统禅宗道场，名称寓意‘正觉正悟’，历史悠久，曾为当地高僧修行之所，环境清幽。,1.0,彭州市
907,金台寺,-,风景名胜,金阳水库右侧,103.476073,30.714546,3.9,0,"{""open"":""全天""}",风景名胜;风景名胜;寺庙道观,大邑县境内，建议自驾前往，游览约1小时。免费参观，寺庙较小，可结合周边鹤鸣山等景点一日游。,金台寺得名于‘金台’意象，寓意佛法庄严，当地乡村佛教活动中心，信众以周边村民为主。,0.8,大邑县
908,金花寺,-,风景名胜,安西镇蔡埂村九组,103.746827,30.390083,3.8,0,"{""open"":""全天""}",风景名胜;风景名胜;寺庙道观,新津区，春季梨花节期间可顺道游览，约1小时。免费开放，注意寺庙内禁止拍照，尊重宗教礼仪。,金花寺历史可溯至清代，供奉释迦牟尼及诸菩萨，新津水陆交汇之地，佛教文化传播历史悠久。,1.0,新津区
909,洪恩寺,-,风景名胜,养马街道,104.529445,30.48997,3.8,0,"{""open"":""全天""}",风景名胜;风景名胜;寺庙道观,简阳市区附近，建议上午前往，游览约1小时。免费开放，寺庙香火较旺，初一十五人多，可错峰。,洪恩寺取‘洪恩浩荡’之意，历史上曾为地方官民祈福之所，现为简阳佛教活动重要场所。,0.8,简阳市
910,瑞光寺,-,风景名胜,淮白路观音殿,104.559148,30.709665,3.9,0,"{""open"":""全天""}",风景名胜;风景名胜;寺庙道观,金堂县云顶山区域，适合春秋登山礼佛，游览约1.5小时。免费或随缘功德，山路多台阶，注意体力分配。,瑞光寺与云顶山石城遗址相邻，历史上曾为军事防御与宗教结合之地，寺名寓意祥瑞之光，承载宋元时期记忆。,1.0,金堂县
911,元通寺,-,风景名胜,元通村,103.894918,30.937167,3.8,0,"{""open"":""全天""}",风景名胜;风景名胜;寺庙道观,彭州市，建议自驾或打车，游览约1小时。免费开放，寺庙规模不大，可结合白鹿镇等周边景点游览。,元通寺始建于清代，取‘圆融通达’之意，体现佛教与地方民俗融合，当地居民常于节庆日进香祈福。,1.0,彭州市
912,东佛寺,-,风景名胜,新华路东侧,104.286891,30.716619,3.9,0,"{""open"":""全天""}",风景名胜;风景名胜;寺庙道观,新都区，靠近宝光寺可一并游览，约1小时。免费开放，注意保持安静，尊重僧侣修行。,东佛寺为川西平原典型乡村寺庙，供奉东方三圣，体现佛教东传后本土化特色，历史虽不显赫但香火延续。,1.0,新都区
913,新安寺,-,风景名胜,菜园大道72号,103.869857,30.556847,3.8,0,"{""open"":""全天""}",风景名胜;风景名胜;寺庙道观,双流区，交通便利，建议平日前往，游览约0.5-1小时。免费开放，周边有农田，可体验乡村宁静。,新安寺取‘新近安宁’之意，始建于清代，曾为过往商旅祈福之所，现为双流区不可移动文物点。,1.0,双流区
914,华藏寺,-,风景名胜,成都市郫都区共和村,103.752077,30.876584,3.9,0,"{""open"":""全天""}",风景名胜;风景名胜;寺庙道观,郫都区，临近望丛祠，可安排半日游。免费开放，寺庙较小，注意着装得体，勿穿短裙短裤。,华藏寺名称源自佛教‘华藏世界’，寓意庄严净土，郫都区古为蜀都核心，佛教文化底蕴深厚。,1.0,郫都区
915,金牛白马寺,-,风景名胜,白马后巷8号院,104.063178,30.684045,3.9,0,"{""open"":""全天""}",风景名胜;风景名胜;寺庙道观,金牛区市中心，交通方便，建议上午或傍晚前往，游览约30分钟。免费开放，寺庙紧邻居民区，保持低声。,白马寺与金牛区地名呼应，历史上与‘金牛古道’传说相关，当地信众视为守护一方平安的伽蓝圣地。,1.0,金牛区
916,武童寺,-,风景名胜,桑园互通,103.455606,30.495854,3.8,0,"{""open"":""全天""}",风景名胜;风景名胜;寺庙道观,大邑县山区，建议自驾，春秋季最佳，游览约1小时。免费开放，山道湿滑注意安全，夏季防蚊虫。,武童寺名称独特，传说与古代武术童子修炼有关，融合佛道民间信仰，地方志有零星记载，充满神秘色彩。,1.0,大邑县
917,法藏寺,-,风景名胜,新富街与民和路交叉口西480米,104.138125,30.55514,3.8,0,"{""open"":""全天""}",风景名胜;风景名胜;寺庙道观,双流区，建议结合黄龙溪古镇游览，约1小时。免费开放，寺庙古朴，注意防火，勿燃大香大烛。,法藏寺取‘佛法宝藏’之意，历史上或为藏经讲学之所，双流地处成都南门，是佛教传播重要通道。,1.0,双流区
918,法华寺,-,风景名胜,大兴镇九仙山,103.408602,30.245013,3.8,0,"{""open"":""全天""}",风景名胜;风景名胜;寺庙道观,蒲江县，适合春季采茶季前往，游览约1小时。免费开放，寺庙周围茶园环绕，可品当地雀舌茶。,法华寺以《法华经》命名，体现天台宗影响，蒲江佛教历史久远，寺庙为乡民讲经说法的重要场所。,1.0,蒲江县
919,百堰寺,-,风景名胜,石塔村,104.857323,30.423752,3.8,0,"{""open"":""全天""}",风景名胜;风景名胜;寺庙道观,简阳市，建议自驾，游览约1小时。免费开放，寺庙位于乡间，注意道路狭窄，停车需提前寻找位置。,百堰寺得名于附近水利设施‘百堰’，反映农耕社会寺庙与水利共生的特点，为当地祈求风调雨顺之所。,1.0,简阳市
920,顶佛寺新居-西区,-,商务住宅,龙兴路与汽车城大道三段辅路交叉口西北260米,104.256994,30.615031,3.6,0,"{""open"":""全天""}",商务住宅;商务住宅相关;商务住宅相关,,,0.5,龙泉驿区
921,明月寺,-,风景名胜,鹤鸣镇,103.353772,30.68697,4.0,0,"{""open"":""全天""}",风景名胜;风景名胜;寺庙道观,建议春秋季上午前往，游览约1小时。明月寺为开放式山林古迹，无门票，需自驾或打车前往，山路较窄，注意行车安全。,明月寺坐落于大邑县山林深处，历史上为当地信众祈福之所，环境清幽，现虽规模不大，仍保留古寺遗风，是体验川西乡村禅意的小众去处。,1.0,大邑县
922,都江堰刘海寺,-,风景名胜,友爱路,103.672045,30.973926,3.9,0,"{""open"":""全天""}",风景名胜;风景名胜;寺庙道观,建议与都江堰景区联游，游览1-2小时。无门票，需自驾导航，寺旁有停车场。雨后路滑，注意防滑。,刘海寺位于都江堰青城山麓，相传与道教人物刘海蟾传说相关，融佛道文化于一体，周边山水灵秀，是感受都江堰水利文化之外的一处静谧禅修地。,1.0,都江堰市
923,东林寺,-,风景名胜,成都市郫都区,103.86008,30.748874,4.0,0,"{""open"":""全天""}",风景名胜;风景名胜;寺庙道观,建议春秋季下午游览，时长约1小时。无门票，公交P11路可达附近，步行进入。寺内部分区域不开放，请尊重宗教礼仪。,东林寺地处郫都区古城镇，始建于明代，历经兴废，现为当地佛教活动场所，寺内古木参天，体现川西平原寺庙建筑与乡土信仰的融合。,1.0,郫都区
924,香炉寺,-,风景名胜,四车路,104.513847,30.796849,3.8,0,"{""open"":""全天""}",风景名胜;风景名胜;寺庙道观,建议夏秋季清晨前往，游览1小时。无门票，需自驾至金堂山脚后徒步登阶，穿舒适鞋，自带饮水。,香炉寺因山形似香炉得名，位于金堂县龙泉山脉中段，历史上是川中佛教名刹，现存清代重建殿宇，香火延续至今，登临可俯瞰沱江峡谷。,1.0,金堂县
925,弥陀寺,-,风景名胜,状元街171-173号,104.153561,30.82478,3.9,0,"{""open"":""全天""}",风景名胜;风景名胜;寺庙道观,建议春季上午前往，游览约1小时。无门票，地铁3号线钟楼站转公交可达。寺内免费香，注意着装得体。,弥陀寺位于新都区老城区，始建于明代，主供阿弥陀佛，为净土宗道场。寺宇虽历经变迁，仍保留古朴木构殿堂，是新都佛教文化的重要遗存。,1.0,新都区
926,大邑雾中山开华寺,-,风景名胜,南侧,103.359075,30.689125,3.8,0,"{""open"":""全天""}",风景名胜;风景名胜;寺庙道观,建议夏季避暑前往，游览2小时。无门票，需自驾经盘山公路，雾多路险，注意慢行，建议上午出发。,开华寺位于大邑雾中山深处，雾中山为古佛道圣地，寺庙始建于明代，曾为川西高僧驻锡之所，现存残碑古塔，具有深厚禅宗历史底蕴。,1.5,大邑县
927,永兴寺,-,风景名胜,金华镇,103.864161,30.39264,3.9,0,"{""open"":""全天""}",风景名胜;风景名胜;寺庙道观,建议春秋季黄昏前往，游览1小时。无门票，自驾或乘新津公交可达，寺前有停车场。傍晚光线适合拍照。,永兴寺位于新津区五津镇，始建于宋代，历代修缮，主供释迦牟尼。寺内保存明清壁画与匾额，是研究成都南部宗教民俗的实物资料。,1.0,新津区
928,法门寺,-,风景名胜,蒲阳街道蟠龙社区9组,103.629264,31.048836,3.8,0,"{""open"":""全天""}",风景名胜;风景名胜;寺庙道观,建议与青城山同游，游览约40分钟。无门票，自驾至都江堰玉堂镇，路况良好。注意寺内不可大声喧哗。,法门寺位于都江堰市玉堂镇，虽非扶风法门寺，但同为佛教禅寺，始建年代不详，清代重修，现存三重大殿，体现川西民居式寺庙建筑风格。,1.0,都江堰市
929,罗汉寺,-,风景名胜,昆景路与佘文路交叉口西南240米,103.84637,30.532061,4.0,0,"{""open"":""全天""}",风景名胜;风景名胜;寺庙道观,建议工作日前往，游览约1小时。无门票，地铁10号线双流站转公交。寺内常有法事，参观时请保持安静。,罗汉寺位于双流区黄水镇，因供奉五百罗汉而得名，始建于清代，民国时期香火鼎盛。现存大雄宝殿与罗汉堂，是双流地区规模最大的佛教寺院。,1.0,双流区
930,三昧水-安国寺,-,风景名胜,丹景山街道丹景村丹景山内(南侧),103.830396,31.072448,3.8,0,"{""open"":""全天""}",风景名胜;风景名胜;寺庙道观,建议春季踏青前往，游览2-3小时。无门票，需自驾至彭州丹景山镇，沿步道上山，注意石阶湿滑。,三昧水安国寺位于彭州丹景山，因唐代高僧悟达国师在此洗愈人面疮而闻名，三昧水为佛教圣泉。安国寺遗址与摩崖石刻并存，具有极高宗教文化价值。,1.5,彭州市
931,龙宝寺,-,风景名胜,葛仙山风景区,103.949134,31.193213,3.9,0,"{""open"":""全天""}",风景名胜;风景名胜;寺庙道观,建议秋季前往，游览约1小时。无门票，自驾至彭州白鹿镇附近，山路崎岖，建议越野车，备好干粮。,龙宝寺位于彭州山区，因山势蜿蜒似龙、寺藏宝地而得名，始建于明，曾为川北禅宗支脉道场，现仅存部分殿宇，周边森林覆盖率高，环境原始。,1.0,彭州市
932,罗汉寺,-,风景名胜,丽春街道平桥村三组,103.871054,30.970124,3.8,0,"{""open"":""全天""}",风景名胜;风景名胜;寺庙道观,建议夏季避暑前往，游览1.5小时。无门票，自驾导航彭州敖平镇，寺前有小型停车场，可顺游当地川芎田。,彭州罗汉寺与双流罗汉寺同名，始建于明代，清代重修，以供奉十六罗汉塑像著称。寺院布局严谨，体现成都平原北部佛教建筑地方特色。,1.0,彭州市
933,香积寺,-,风景名胜,两盐路n18县,103.5667,30.869324,3.9,0,"{""open"":""全天""}",风景名胜;风景名胜;寺庙道观,建议与都江堰城区步行游览结合，游览约40分钟。无门票，公交1路可达，寺内提供素斋需提前预约。,香积寺位于都江堰市区，始建于唐代，因古时寺僧行香积善而得名，历经水患重建，现为市级文保单位，见证都江堰灌区佛教兴衰史。,1.0,都江堰市
934,石佛寺,-,风景名胜,古茗(传媒大学校内店)东北侧190米,103.889944,30.847185,3.9,0,"{""open"":""全天""}",风景名胜;风景名胜;寺庙道观,建议春秋季下午前往，游览约1小时。无门票，地铁6号线红高路站转公交，寺旁有农田步道，可顺道散步。,石佛寺位于郫都区三道堰镇，因寺内供奉唐代石刻佛像而得名，石窟造像具有典型盛唐风格，是郫都区现存最早的地面佛教文物之一。,1.0,郫都区
935,中华寺,-,风景名胜,崇双大道二段与划石路交叉口北140米,103.732465,30.586743,3.8,0,"{""open"":""全天""}",风景名胜;风景名胜;寺庙道观,建议春季赏花时节前往，游览1小时。无门票，自驾至崇州街子镇附近，停车方便，可结合古镇游。,中华寺位于崇州市街子古镇旁，始建于清初，因寓意中华正统而名。寺内藏有清代木刻佛经板，是崇州佛教文化及移民历史的见证。,1.0,崇州市
936,寒山寺,-,风景名胜,何释路与何家场西街交叉口东北80米,103.816714,30.795005,4.0,0,"{""open"":""全天""}",风景名胜;风景名胜;风景名胜,建议春秋季上午游览，时长1小时。免费开放，寺内环境清幽。注意蚊虫，部分殿堂可能未开放。,寒山寺为郫都区古刹，虽非苏州同名寺，但历史悠久，是当地传统佛教活动场所，建筑古朴，香火延续至今。,1.5,郫都区
937,三义庙,-,风景名胜,月池坝街与南街交叉口东120米,103.523549,30.582848,4.2,0,"{""open"":""9:00"",""close"":""17:00""}",风景名胜;风景名胜;寺庙道观,建议结合安仁古镇游览，时长30-40分钟。无门票，注意开放时间，多为上午至傍晚。,三义庙祭祀刘备、关羽、张飞，体现蜀地三国文化传统，大邑县内保存较好，反映民间对忠义精神的崇敬。,1.0,大邑县
938,漏米寺,-,风景名胜,火石岩站东北侧,104.01055,30.403658,4.0,0,"{""open"":""全天""}",风景名胜;风景名胜;寺庙道观,乡村小庙，交通不便建议自驾。游览约30分钟，免费。注意周边道路较窄，错峰前往。,漏米寺为双流区传统佛教小庙，名称源于民间传说，寺庙虽小但承载周边信众的日常祈福习俗。,1.0,双流区
939,近慈寺-观音殿,-,风景名胜,剑南大道899号(锦城公园西大门),104.047134,30.573807,4.0,0,"{""open"":""9:00"",""close"":""17:00""}",风景名胜;风景名胜;寺庙道观,建议与近慈寺主殿一并游览，时长约1小时。免费，注意殿堂内禁止拍照，保持安静。,近慈寺为近代高僧能海法师住持之地，汉藏佛教交流重地。观音殿供奉观音菩萨，是武侯区重要的佛教文化遗存。,0.8,武侯区
940,白马寺,-,风景名胜,简三路西南侧,104.365487,30.311916,4.1,0,"{""open"":""全天""}",风景名胜;风景名胜;寺庙道观,简阳白马寺距城区较远，建议自驾。游览1小时，免费。夏季注意防暑，寺内可停车。,白马寺为简阳地区历史寺庙，名称可能与白马驮经传说有关，是当地佛教信仰中心之一，现为文物保护单位。,1.0,简阳市
941,玉皇观,-,风景名胜,[],104.278993,30.471212,4.0,0,"{""open"":""全天""}",风景名胜;风景名胜;寺庙道观,建议上午前往，游览约1小时。免费开放，为道教宫观，注意着装得体，避免大声喧哗。,玉皇观为简阳道教活动场所，供奉玉皇大帝，体现川西民间道教信仰传统，建筑风格具有地方特色。,0.8,简阳市
942,小桥庙山,-,风景名胜,中庙路与新三路交叉口东北100米,104.14501,30.54851,4.0,0,"{""open"":""全天""}",风景名胜;风景名胜相关;旅游景点,小桥庙山为自然与人文结合点，建议徒步游览1-2小时，免费。山路较滑，穿运动鞋，自备水。,小桥庙山位于双流，山上有小型庙宇，是当地居民登高祈福之地，兼具自然景观与乡土信仰特色。,1.2,双流区
943,佛林寺,-,风景名胜,通济镇鹿坪街11-12号海窝子古镇(西北角),103.85147,31.123753,4.0,0,"{""open"":""全天""}",风景名胜;风景名胜;寺庙道观,彭州佛林寺建议自驾前往，游览约1小时。免费，部分区域正在修缮，注意安全。,佛林寺为彭州山区古寺，环境幽静，历史上为僧人修行之所，现仍为周边信众提供宗教服务。,1.0,彭州市
944,道佐三教禅寺,-,风景名胜,道佐乡西街,103.281319,30.310609,4.0,0,"{""open"":""9:00"",""close"":""17:00""}",风景名胜;风景名胜;寺庙道观,邛崃道佐三教禅寺交通较偏，建议自驾。游览1小时，免费。寺内可上香，注意防火。,三教禅寺融合儒释道三教信仰，反映川西民间宗教兼容并蓄的特点，建筑布局多样，地方文化价值较高。,1.0,邛崃市
945,古大圣慈寺-请香处(成都太古里店),-,风景名胜,中纱帽街8号成都太古里,104.084025,30.655225,4.3,0,"{""open"":""10:00"",""close"":""22:00""}",风景名胜;风景名胜相关;旅游景点,位于太古里商圈，建议逛街时顺访，游览20-30分钟。请香处免费，但请香需付费，注意着装。,古大圣慈寺为成都千年名刹，玄奘曾受戒于此。今仅存部分殿宇，请香处为现代增设，连接历史与都市生活。,1.5,锦江区
946,万佛寺遗址,-,风景名胜,中太路与韩双路交叉口东40米,104.131707,30.483167,3.8,0,"{""open"":""全天""}",风景名胜;风景名胜;风景名胜,万佛寺遗址为废墟状态，建议白天参观，时长30分钟。免费，注意地面残砖，勿攀爬。,万佛寺为唐代著名寺院，后毁于战火，遗址出土大量石刻造像，现藏于四川博物院，具有极高佛教艺术史价值。,0.5,双流区
947,王爷庙,-,风景名胜,高甘路西150米,104.266576,30.811247,4.0,0,"{""open"":""全天""}",风景名胜;风景名胜;寺庙道观,青白江王爷庙建议下午游览，时长40分钟。免费，庙宇临河，注意防水，周边有停车场。,王爷庙为祭祀水神或镇江王爷的庙宇，反映川西水运历史与民间治水信仰，青白江段曾是重要水路。,0.8,青白江区
948,奉国寺,-,风景名胜,成仁路,104.01856,30.42125,4.0,0,"{""open"":""全天""}",风景名胜;风景名胜;寺庙道观,奉国寺在双流，建议自驾，游览约45分钟。免费，逢初一十五香客多，避开高峰。,奉国寺为双流区佛教古刹，名称有“奉佛护国”之意，历史上可能受官方支持，现为地方宗教活动点。,1.0,双流区
949,明水寺,-,风景名胜,成都市双流区明水寺,104.169546,30.341139,3.9,0,"{""open"":""全天""}",风景名胜;风景名胜;回教寺,明水寺位于双流乡村，建议自驾，游览30-40分钟。免费，周边有农田，注意防晒和蚊虫。,明水寺因寺旁泉水得名，为小型佛教道场，历史悠久但记载较少，体现乡村寺庙的朴素传承。,0.8,双流区
950,佛缘寺,-,风景名胜,简城镇磨盘山路282号,104.56064,30.365889,3.9,0,"{""open"":""全天""}",风景名胜;风景名胜;回教寺,简阳佛缘寺建议上午游览，约1小时。免费，寺庙较新，注意尊重佛教礼仪，可随缘捐赠。,佛缘寺为简阳较新的佛教寺院，取“佛缘”之意，服务于当地信众，建筑风格仿古，体现当代宗教复兴。,1.0,简阳市
951,龙王寺,-,风景名胜,113乡道与草幸路交叉口北220米,104.412012,30.322598,3.8,0,"{""open"":""全天""}",风景名胜;风景名胜;风景名胜,建议春秋季前往，游览约1小时。寺庙免费开放，可随缘功德。地处简阳乡间，交通不便，建议自驾并注意道路指示。,龙王寺为简阳地区传统佛教寺庙，供奉龙王，历史上承担周边村民祈雨祈福功能，体现川西民间信仰与佛教融合的特色。,1.5,简阳市
952,简阳莲花山观音寺,-,风景名胜,观音寺(厦蓉高速公路北),104.585654,30.294002,3.9,0,"{""open"":""8:00"",""close"":""17:00""}",风景名胜;风景名胜;寺庙道观,推荐春夏季游览，时长约1小时。无门票，可随喜功德。山路较陡，穿舒适鞋，自驾前往需注意停车位置。,莲花山观音寺因山形似莲花得名，主供观音菩萨，是简阳地区重要的观音道场，香火延续数百年，反映当地信众对观音信仰的虔诚。,1.5,简阳市
953,蒲江大佛寺,-,风景名胜,鹤山街道京昆高速,103.558161,30.194342,3.9,0,"{""open"":""8:00"",""close"":""17:00""}",风景名胜;风景名胜;寺庙道观,建议上午前往，游览约1-2小时。寺庙免费，可随缘。蒲江多雨，带雨具；寺内石刻须爱护，禁止触摸。,蒲江大佛寺以摩崖石刻大佛闻名，佛像雕凿于唐代，是川西地区现存较早的佛教石刻艺术遗存，具有重要历史与艺术研究价值。,1.0,蒲江县
954,成都迎祥寺,-,风景名胜,战斗乡迎祥村附近,103.635738,30.346419,3.8,0,"{""open"":""8:00"",""close"":""17:00""}",风景名胜;风景名胜;寺庙道观,春秋季最佳，游览约1小时。免费开放，可随喜功德。位于邛崃市区，公交可达；寺内殿堂多，注意保持安静。,迎祥寺为邛崃古城历史悠久的佛教寺院，始建年代久远，历经兴衰仍存，是研究邛崃地方佛教传播与建筑演变的重要实物例证。,1.5,邛崃市
955,古龙门寺,-,风景名胜,[],104.656764,30.289803,3.8,0,"{""open"":""全天""}",风景名胜;风景名胜;寺庙道观,建议自驾前往，游览约1小时。免费无门票，可随缘。寺周环境清幽，注意山路弯多，夏季蚊虫多需备驱蚊水。,古龙门寺地处简阳丘陵地带，寺名寓‘龙门’之意，地方志载其曾为乡民祈福求安之所，体现川中乡村佛教与地域文化的结合。,1.5,简阳市
956,黄宗寺,-,风景名胜,朝阳湖镇白云村朝阳路18号朝阳湖风景名胜区,103.425335,30.137014,3.8,0,"{""open"":""8:00"",""close"":""17:00""}",风景名胜;风景名胜;寺庙道观,最佳游览时间为春季，时长约1小时。无门票，随喜功德。寺庙较偏僻，建议自驾，并提前确认开放情况。,黄宗寺为蒲江县境内小型佛教寺院，名称或与黄姓宗族捐建有关，反映明清时期四川地方家族与寺庙共建的传统模式。,1.0,蒲江县
957,幽居寺,-,风景名胜,邛芦路白鹤山,103.416486,30.418457,3.8,0,"{""open"":""8:00"",""close"":""17:00""}",风景名胜;风景名胜;寺庙道观,建议春夏季节下午游览，时长约1小时。免费参观，但山路较窄，自驾需谨慎。周边植被茂密，注意防蚊虫，建议穿舒适步行鞋。,幽居寺地处邛崃山间，环境清幽，为川西地区小型古刹。其历史与当地佛教传播及邛崃山水文化相关，以宁静禅意著称。,1.5,邛崃市
958,接引寺,-,风景名胜,九峰村8组九峰山(东南角),103.891461,31.344542,3.8,0,"{""open"":""8:00"",""close"":""17:00""}",风景名胜;风景名胜;寺庙道观,春秋两季宜游，时长约1小时。免门票，可随喜。彭州多雨，备伞；寺庙规模较小，参观时请尊重宗教场所秩序。,接引寺以‘接引’为名，源自佛教接引众生往生净土之理念，反映净土宗信仰在彭州民间的流传，寺内常有信众念佛共修。,1.0,彭州市
959,崇镇寺,-,风景名胜,崇镇村11组66号,103.742701,30.578081,3.8,0,"{""open"":""8:00"",""close"":""17:00""}",风景名胜;风景名胜;寺庙道观,建议春季前往，游览约1小时。免费开放，随缘功德。位于崇州乡镇，可乘公交到镇后步行；寺内香火旺盛，注意防火。,崇镇寺为崇州地区古刹，名称含‘镇’字，或与古代镇场护卫风俗相关，兼具佛教功能与地方社会秩序象征，历史底蕴深厚。,1.5,崇州市
960,丹景山-水亭寺,-,风景名胜,丹景山街道丹景村丹景山,103.8274,31.076117,3.9,0,"{""open"":""8:00"",""close"":""17:00""}",风景名胜;风景名胜;寺庙道观,丹景山为著名赏牡丹地，水亭寺建议3-4月牡丹花期前往，游览约2-3小时。丹景山门票约30元，水亭寺含在内，注意台阶湿滑。,水亭寺位于彭州丹景山景区内，与山中牡丹文化相伴，历史上为文人墨客游山赏花驻足之所，融合佛教与蜀地牡丹文化传统。,2.0,彭州市
961,河游寺,-,风景名胜,五乡道,104.72986,30.472439,3.8,0,"{""open"":""8:00"",""close"":""17:00""}",风景名胜;风景名胜;寺庙道观,建议自驾前往，游览约1小时。无门票，可随缘。寺庙地处简阳乡村，道路较窄，注意导航更新；夏季备水防暑。,河游寺因临河而建得名，简阳沱江支流水系发达，此类临水寺庙多承载水运平安祈愿，反映川中水乡民间信仰特色。,1.0,简阳市
962,千佛寺,-,风景名胜,螺简路,104.818337,30.43367,3.8,0,"{""open"":""8:00"",""close"":""17:00""}",风景名胜;风景名胜;寺庙道观,推荐春秋季游览，时长约1-1.5小时。免费开放，可随喜。千佛造像珍贵，请勿拍照使用闪光灯，遵守寺规。,千佛寺因寺内供奉千佛造像或摩崖千佛石刻而得名，简阳地区佛教艺术遗存之一，体现唐代以来川中地区佛教造像传统。,1.5,简阳市
963,川主庙,-,风景名胜,金芙蓉大道与锦绣路交叉口西60米,104.3056,30.78049,3.7,0,"{""open"":""全天""}",风景名胜;风景名胜;寺庙道观,建议上午前往，游览约40分钟。无门票，随喜功德。位于青白江城区附近，交通方便；庙会期间人较多，可错峰。,川主庙祭祀蜀郡太守李冰，青白江为古蜀水利受益区，此庙是川主信仰在成都平原的重要遗存，体现民众对治水先贤的感恩与崇拜。,0.5,青白江区
964,绍觉寺,-,风景名胜,清味路,103.58123,30.777659,3.8,0,"{""open"":""8:00"",""close"":""17:00""}",风景名胜;风景名胜;寺庙道观,春秋两季宜游，时长约1小时。免费开放，可随缘。崇州多古树，寺内环境清幽，但蚊虫多，建议穿长裤并备防蚊用品。,绍觉寺为崇州地区佛教寺院，‘绍觉’取继承觉道之意，历史上或为禅宗法脉传承地，体现川西丛林注重法脉延续的传统。,1.5,崇州市
965,圆通寺,-,风景名胜,[],103.32344,30.55558,3.8,0,"{""open"":""8:00"",""close"":""17:00""}",风景名胜;风景名胜;寺庙道观,建议自驾前往，游览约1小时。无门票，可随喜。大邑山区路弯多雾，注意行车安全；寺内可远眺山景，春秋最佳。,圆通寺以观音‘圆通’法门命名，大邑地处龙门山前山带，此类深山寺院常为古道朝圣驿站，体现观音信仰与山地古道文化的交融。,1.5,大邑县
966,鱼骨寺,-,风景名胜,养马街道三元村八组,104.521496,30.484847,3.8,0,"{""open"":""全天""}",风景名胜;风景名胜;寺庙道观,建议春秋季前往，游览约1小时。免门票，山路较陡，穿舒适防滑鞋。可结合简阳周边景点一日游。,鱼骨寺因山形似鱼骨得名，为简阳当地历史悠久的佛教场所，香火延续至今，体现川中丘陵民间信仰特色。,1.0,简阳市
967,国宁寺,-,风景名胜,聚源镇界牌村11组,103.73453,30.896625,4.0,0,"{""open"":""全天""}",风景名胜;风景名胜;寺庙道观,建议清晨或傍晚前往，游览约1小时。位于都江堰市区，交通便利，无门票。可搭配都江堰景区、南桥同游。,国宁寺为都江堰著名古刹，历史上多次修缮，承载灌区民众祈福传统，与都江堰水利文化紧密相连。,1.5,都江堰市
968,云峰寺,-,风景名胜,[],104.50129,30.698832,4.0,0,"{""open"":""全天""}",风景名胜;风景名胜;寺庙道观,建议春季或秋季前往，游览约1.5小时。山路较远，自驾最佳，注意停车。无门票，可自带香火。,云峰寺位于金堂山间，为川西丘陵地区代表性佛教寺庙，以清幽环境著称，历史上为周边乡民朝拜之地。,1.0,金堂县
969,大观寺,-,风景名胜,先锋村七组52号,103.822367,30.763045,3.9,0,"{""open"":""全天""}",风景名胜;风景名胜;寺庙道观,建议周末上午前往，游览约1小时。位于温江城区附近，交通方便，无门票。可结合温江绿道骑行游玩。,大观寺是温江地区历史悠久的佛教活动场所，体现成都平原寺庙与社区生活融合，周边居民常来进香祈福。,1.0,温江区
970,龙凤地母庙,-,风景名胜,快鳗都江堰核桃园露营地汽车充电站东北侧,103.541299,30.96128,3.7,0,"{""open"":""全天""}",风景名胜;风景名胜;风景名胜,建议自驾前往，游览约40分钟。山路狭窄，注意会车。无门票，可顺游都江堰周边村落。,龙凤地母庙以供奉地母娘娘为特色，反映川西民间土地崇拜，与都江堰农耕文化及道教影响密切相关。,1.0,都江堰市
971,青龙寺,-,风景名胜,崇德路268号,103.836711,31.174065,4.0,0,"{""open"":""全天""}",风景名胜;风景名胜;寺庙道观,建议春夏季节前往，游览约1小时。位于彭州山区，自驾需注意路况。无门票，可与白鹿镇等景点串联。,青龙寺为彭州地区古寺，名称源于风水青龙意象，历史上兼具佛教与民间信仰功能，是当地文化地标之一。,1.0,彭州市
972,文庙,-,风景名胜,鹤山街道鹤山街道鹤山街道鹤山街道鹤山街道鹤山镇大北街59号蒲江县博物馆,103.507462,30.198686,4.1,0,"{""open"":""9:00"",""close"":""17:00""}",风景名胜;风景名胜;寺庙道观,建议上午前往，游览约1小时。位于蒲江县城内，步行可达。无门票，注意开放时间，常为当地文保单位。,蒲江文庙是祭祀孔子的重要场所，反映清代儒学教育体系在川西的普及，现存建筑具有地方文庙建筑特色。,1.0,蒲江县
973,太安寺,-,风景名胜,[],103.621654,30.811663,3.9,0,"{""open"":""全天""}",风景名胜;风景名胜;寺庙道观,建议春秋季自驾前往，游览约1小时。山道弯多，注意安全。无门票，可结合青城山后山或街子古镇游览。,太安寺地处都江堰山区，历史悠久，为周边信众提供宗教服务，与川西山区寺庙隐修传统一脉相承。,1.0,都江堰市
974,弥陀寺,-,风景名胜,[],103.343386,30.684816,4.0,0,"{""open"":""全天""}",风景名胜;风景名胜;寺庙道观,建议夏季避暑时前往，游览约1小时。位于大邑山区，自驾方便，无门票。可搭配安仁古镇或西岭雪山游览。,弥陀寺以供奉阿弥陀佛得名，体现净土宗信仰在川西的流传，大邑地区寺庙多与山林环境融合，宁静致远。,1.0,大邑县
975,桃花古寺,-,风景名胜,宝胜村三组200号,104.289766,30.655901,4.0,0,"{""open"":""全天""}",风景名胜;风景名胜;风景名胜,建议3-4月桃花盛开时前往，游览约1小时。位于龙泉驿区，交通便利，可乘地铁转公交。无门票，花期人多。,桃花古寺因龙泉驿桃花文化而知名，寺庙与当地春季赏花民俗结合，体现了佛教与地方节庆活动的交融。,1.5,龙泉驿区
976,云华庙,-,风景名胜,[],103.564052,31.003556,3.6,0,"{""open"":""全天""}",风景名胜;风景名胜;风景名胜,建议自驾前往，游览约40分钟。位于都江堰乡镇，路况一般。无门票，可顺访周边农家乐。,云华庙为地方民间神庙，供奉当地保护神，反映川西乡村多神信仰传统，是社区祭祀和民俗活动中心。,0.8,都江堰市
977,川主庙,-,风景名胜,旅游环线与西环线交叉口东北360米,104.534929,30.725465,3.8,0,"{""open"":""全天""}",风景名胜;风景名胜;寺庙道观,建议春秋季前往，游览约1小时。位于金堂乡镇，自驾较方便。无门票，可结合五凤溪古镇游览。,川主庙是纪念治水英雄李冰的庙宇，川西多地可见，体现都江堰水利文化对金堂地区的深远影响。,1.0,金堂县
978,弥陀寺,-,风景名胜,榕城路,103.80646,31.169138,3.9,0,"{""open"":""全天""}",风景名胜;风景名胜;寺庙道观,建议上午前往，游览约1小时。位于彭州城区或近郊，交通方便。无门票，注意寺庙开放时间。,彭州弥陀寺为净土宗道场，与本地佛教发展史相关，历史上承担教化民众功能，现为信众日常礼佛之所。,1.0,彭州市
979,王爷庙,-,风景名胜,名犬训养特种犬培训基地彭州分基地西北侧120米,103.973225,31.058182,3.7,0,"{""open"":""全天""}",风景名胜;风景名胜;寺庙道观,建议自驾前往，游览约40分钟。位于彭州乡镇，道路较窄。无门票，可结合当地古镇或自然景点游玩。,王爷庙在川西多供奉镇江王爷，反映古代水运与航运信仰，彭州王爷庙见证了沱江流域商贸活动的历史。,0.8,彭州市
980,金龟寺,-,风景名胜,[],104.756197,30.59045,3.8,0,"{""open"":""全天""}",风景名胜;风景名胜;寺庙道观,建议春秋季前往，游览约1小时。位于金堂县乡村，自驾需导航。无门票，注意乡村道路错车。,金龟寺因地形似龟得名，龟象征长寿与吉祥，寺庙融合佛教与地方风水观念，是金堂民间信仰的活态遗存。,1.0,金堂县
981,万寿寺,-,风景名胜,沙西线附近,103.69123,30.976119,3.9,0,"{""open"":""全天""}",风景名胜;风景名胜;寺庙道观,建议春秋季上午前往，游览约1小时。寺庙免费开放，需注意部分殿宇可能未开放，可顺游都江堰景区。,万寿寺为都江堰地区历史悠久的佛教寺庙，地处青城山麓，与道教文化交融，体现川西民间信仰特色。,1.0,都江堰市
982,杨泗庙,-,风景名胜,重庆路与A26县道交叉口西北160米,103.494011,30.718937,3.7,0,"{""open"":""全天""}",风景名胜;风景名胜;风景名胜,全年可游，推荐清晨或傍晚，游览半小时。免费参观，位于崇州街子古镇附近，可搭配古镇行程。,杨泗庙祭祀水神杨泗将军，反映川西平原依水而居的民间信仰，是研究崇州地方民俗的重要遗存。,0.8,崇州市
983,平隐寺,-,风景名胜,白南路北50米,103.564249,30.957755,3.8,0,"{""open"":""全天""}",风景名胜;风景名胜;寺庙道观,春秋最佳，游览约1小时。免费开放，山路较陡，建议穿防滑鞋，自带饮用水。,平隐寺为都江堰深山古刹，环境清幽，历史上为僧人隐修之所，承载着川西佛教禅修传统。,1.0,都江堰市
984,宝林寺,-,风景名胜,双河路,103.78376,30.525134,3.8,0,"{""open"":""全天""}",风景名胜;风景名胜;寺庙道观,建议上午前往，游览40分钟。免费，寺庙规模较小，可结合崇州罨画池、元通古镇一日游。,宝林寺为崇州地方古寺，历代屡有兴废，体现了成都平原乡村佛教寺庙的典型格局与信众文化。,1.0,崇州市
985,璧山庙,-,风景名胜,壁沙路与稻乡旅游环线交叉口北340米,103.58366,30.546552,3.7,0,"{""open"":""全天""}",风景名胜;风景名胜;寺庙道观,全年可游，游览半小时。免费开放，庙会期间（农历六月）较热闹，平日清静，适合静心参观。,璧山庙供奉璧山神，为川西特有的地方神祇信仰，融合道教与民间崇拜，反映崇州地域文化交融。,0.8,崇州市
986,导江白果光明寺,-,风景名胜,聚青路3号,103.699403,30.927114,3.8,0,"{""open"":""全天""}",风景名胜;风景名胜;寺庙道观,建议春秋下午游览，时长约1小时。免费，寺内有古银杏，秋季观赏极佳，需注意乡道通行。,导江白果光明寺因寺前古白果树得名，传说与蜀汉导江县有关，是都江堰东部历史地名的重要见证。,1.2,都江堰市
987,顶佛寺1号地,-,风景名胜,顶佛寺路与汽车城大道三段辅路交叉口东南180米,104.259925,30.611575,3.6,0,"{""open"":""全天""}",风景名胜;风景名胜;寺庙道观,此为考古遗址地，非开放景点，不建议单独前往。可关注文保信息，或参观龙泉驿博物馆了解背景。,顶佛寺1号地为唐宋时期佛教寺院遗址，考古发现印证了龙泉驿地区古代佛教传播与聚落发展历史。,0.5,龙泉驿区
988,白雀寺,-,风景名胜,宿仙村社区4组29号,103.545263,30.843461,3.8,0,"{""open"":""全天""}",风景名胜;风景名胜;风景名胜,春夏之际最佳，游览约40分钟。免费开放，寺庙周边田园风光好，可顺游青城山外山。,白雀寺为都江堰传统寺庙，名称源自佛教典故，历史上为周边乡民祈福、庙会活动的重要场所。,1.0,都江堰市
989,盘龙寺,-,风景名胜,金乐路与川锅路交叉口北360米,104.447475,30.834975,3.8,0,"{""open"":""全天""}",风景名胜;风景名胜;寺庙道观,推荐春秋前往，游览1小时。免费，寺庙位于金堂山麓，可登山观景，注意蚊虫防护。,盘龙寺依山势而建，形如盘龙，为金堂县佛教名刹，历史悠久，香火延续，展现川中丘陵宗教景观。,1.0,金堂县
990,张家寺,-,风景名胜,古泰辅寺东北侧150米,103.92223,30.918989,3.8,0,"{""open"":""全天""}",风景名胜;风景名胜;寺庙道观,全年可游，建议上午，游览30分钟。免费，位于新都城区，可结合宝光寺、桂湖公园游览。,张家寺为新都区小型历史寺庙，与宝光寺同属佛教系统，反映新都作为佛教文化重镇的乡村寺庙网络。,1.0,新都区
991,宝山观音寺,-,风景名胜,人防路,103.597566,31.024767,3.8,0,"{""open"":""全天""}",风景名胜;风景名胜;寺庙道观,春秋最佳，游览约1小时。免费，需自驾上山，路窄弯多，注意安全，可俯瞰都江堰水利工程。,宝山观音寺位于都江堰宝山村，以观音信仰为主，融合当地山民祈福传统，是灾后重建中保留的民俗节点。,1.5,都江堰市
992,华光寺,-,风景名胜,幸福路102-106号,103.620764,30.996865,3.8,0,"{""open"":""全天""}",风景名胜;风景名胜;寺庙道观,建议上午或黄昏，游览40分钟。免费，寺庙古朴，周边有农家乐，适合休闲半日游。,华光寺为都江堰乡村古寺，名称取自佛教“华光如来”，体现了民间对光明与智慧的朴素祈愿。,1.0,都江堰市
993,崇州大佛寺,-,风景名胜,重庆路,103.48039,30.724339,3.8,0,"{""open"":""全天""}",风景名胜;风景名胜;寺庙道观,推荐初一、十五或佛教节日前往，游览1小时。大佛寺可能收取香火费（约10元），需着装庄重。,崇州大佛寺因供奉大型佛像得名，历史上为川西著名禅林，现仍为崇州佛教活动中心之一，香客众多。,1.5,崇州市
994,碧云寺,-,风景名胜,朝阳湖镇银杏路144号,103.433162,30.158641,3.8,0,"{""open"":""全天""}",风景名胜;风景名胜;寺庙道观,春秋两季最佳，游览1小时。免费，寺庙位于蒲江深山，环境清幽，需步行一段山路，建议穿舒适鞋。,碧云寺取“碧云深处”之意，为蒲江县明清古寺，藏于山林，是文人隐士与僧侣清修之地，富有禅意。,1.0,蒲江县
995,天宫寺,-,风景名胜,金华佛山景区内,103.297646,30.333483,3.8,0,"{""open"":""全天""}",风景名胜;风景名胜;寺庙道观,全年可游，建议午后，游览40分钟。免费开放，位于邛崃乡村，可搭配平乐古镇或天台山行程。,天宫寺以“天宫”命名，寄托民众对天界祥瑞的想象，为邛崃地方信仰与佛教结合的小型寺庙，历史悠久。,1.0,邛崃市
996,三圣寺,-,风景名胜,街安路,103.59918,30.773571,4.0,0,"{""open"":""全天""}",风景名胜;风景名胜;寺庙道观,建议春季或秋季前往，游览约1小时，无门票。寺庙位于崇州山区，山路较窄，自驾需谨慎，可顺访街子古镇。,三圣寺为崇州古刹，供奉佛教三圣（阿弥陀佛、观音、大势至），历史可溯至明清，是当地民间信仰与禅修结合的小型寺院。,1.5,崇州市
997,天宫庙,-,风景名胜,金简路,104.644931,30.659699,3.9,0,"{""open"":""全天""}",风景名胜;风景名胜;寺庙道观,四季皆宜，游览约1小时，免费开放。位于金堂山区，可搭配云顶山、炮台山一日游，注意山路弯多，备好饮用水。,天宫庙为金堂地方道教宫观，供奉玉皇等神祇，建筑古朴，反映川西民间道教信仰和祭祀传统，每年庙会时香火较旺。,1.0,金堂县
998,古泰辅寺,-,风景名胜,三公路与公和路交叉口东480米,103.921126,30.917917,4.0,0,"{""open"":""全天""}",风景名胜;风景名胜;寺庙道观,建议上午参观，游览1小时内，免费。位于新都城区，可从宝光寺步行前往。注意寺庙较小，尊重清修环境。,古泰辅寺（应为泰辅寺）新都区历史小庙，与宝光寺同属佛教文化圈，历代有修缮，承载本地信众祈福传统，建筑风格简朴。,1.0,新都区
999,丹景山-净水寺,-,风景名胜,彭白路丹景山风景名胜区内,103.830794,31.09015,4.0,0,"{""open"":""全天""}",风景名胜;风景名胜;寺庙道观,最佳在春季（牡丹花会）或秋季，游览2-3小时，丹景山需门票约30元。净水寺在山上，穿舒适徒步鞋，注意台阶湿滑。,净水寺位于彭州丹景山风景区，与牡丹文化紧密相连，唐代以来为佛教圣地，山寺清幽，融自然景观与宗教人文于一体。,1.5,彭州市
1000,永乐寺,-,风景名胜,天台山镇三角社区天水路55号成都天台山旅游景区(东北角),103.148291,30.292917,3.9,0,"{""open"":""全天""}",风景名胜;风景名胜;寺庙道观,春秋两季宜游，游览约1小时，无门票。位于邛崃山区，道路较窄，建议自驾或包车，可搭配天台山等周边景点。,永乐寺为邛崃明代古寺，曾名永乐院，历史上香火旺盛，后渐衰败，现存建筑体现川西明代木构风格，具有文物研究价值。,1.0,邛崃市
1001,大佛寺,-,风景名胜,[],104.677126,30.493482,4.0,0,"{""open"":""全天""}",风景名胜;风景名胜;寺庙道观,全年可游，建议晴天前往，游览约1小时，免费。简阳市区附近，交通便利，注意大殿内勿喧哗，可顺游沱江沿岸。,简阳大佛寺因早年供奉大佛而得名，属汉传佛教寺院，历史可溯至清代，是简阳老城文化记忆的一部分，现仍为信众朝拜地。,1.5,简阳市
1002,铁佛寺,-,风景名胜,青龙镇,104.644961,30.498715,3.9,0,"{""open"":""全天""}",风景名胜;风景名胜;寺庙道观,建议白天游览，时长约40分钟，免费。位于简阳乡镇，公共交通较少，适合自驾，注意乡村道路窄，可结合当地农家乐。,铁佛寺以供奉铁铸佛像得名，简阳地方古刹，始建年代不详，清代重修，反映川中民间冶铸与佛教信仰结合的传统。,1.0,简阳市
1003,状元庙,-,风景名胜,夹关镇二龙村十一组,103.205047,30.278602,3.8,0,"{""open"":""全天""}",风景名胜;风景名胜;风景名胜,春秋季最佳，游览约1小时，免费。邛崃乡间，需自驾前往，建议穿舒适步行鞋，周边有农田风光，尊重祭祀场所。,状元庙为纪念本地科举状元而建，邛崃历史上文风鼎盛，此庙寄托崇文重教传统，兼具祠堂与庙宇功能，地方文化符号。,0.5,邛崃市
1004,大佛禅寺,-,风景名胜,平乐古镇石头乡青华社区,103.325912,30.30385,4.0,0,"{""open"":""全天""}",风景名胜;风景名胜;寺庙道观,四季可游，游览约1-2小时，免费。位于邛崃市区或近郊，交通较便。注意寺庙为宗教活动场所，着装得体，勿打扰法事。,大佛禅寺为邛崃较大佛教道场，曾有大佛造像，禅净双修，现为当地重要宗教活动中心，定期举办佛事和禅修活动。,1.5,邛崃市
1005,转龙寺,-,风景名胜,体育公园路与汽车城大道三段辅路交叉口西北500米,104.237641,30.6024,4.0,0,"{""open"":""全天""}",风景名胜;风景名胜;寺庙道观,建议春秋前往，游览约1小时，免费。位于龙泉驿区山麓，可结合桃花故里或洛带古镇游览，注意周末人多，提前规划停车。,转龙寺是龙泉驿地方古庙，名称与道教“转龙”或风水相关，历史变迁中融合佛道民间信仰，是山地居民祈福平安的场所。,1.0,龙泉驿区
1006,东岳庙,-,风景名胜,唐太路与渔长路交叉口东北160米,103.863961,30.85222,3.9,0,"{""open"":""全天""}",风景名胜;风景名胜;寺庙道观,全年开放，游览约40分钟，免费。位于郫都区（原郫县），交通便利，可乘公交或自驾。庙宇较小，注意保护文物，勿乱涂写。,东岳庙为祭祀泰山神东岳大帝的道教庙宇，郫都区此庙反映明清移民文化带来的信仰，每年农历三月廿八庙会曾有盛况。,1.0,郫都区
1007,迎祥寺,-,风景名胜,聚兴大道375号,103.68016,30.928943,4.0,0,"{""open"":""全天""}",风景名胜;风景名胜;寺庙道观,最佳春秋季，游览约1小时，免费。位于都江堰市，可搭配青城山或都江堰景区。注意寺庙地处山林，蚊虫多，备驱蚊液。,迎祥寺为都江堰古刹，名含“迎祥纳福”之意，历史上与灌区水利文化相伴，曾为地方祈福雨场所，体现川西水文化信仰。,1.0,都江堰市
1008,高峰寺,-,风景名胜,N三一县道,103.619376,30.475149,3.9,0,"{""open"":""全天""}",风景名胜;风景名胜;寺庙道观,建议春夏秋三季，游览1-2小时，免费。大邑山区，路况一般，自驾注意安全。可结合西岭雪山前山或安仁古镇行程。,高峰寺因建于山峦高处置寺得名，大邑县境内佛教遗迹，早期为僧侣清修地，现为周围村民朝山礼佛之所，自然生态良好。,1.5,大邑县
1009,院山寺,-,风景名胜,G4201成都绕城高速西150米,104.201197,30.707989,4.0,0,"{""open"":""全天""}",风景名胜;风景名胜相关;旅游景点,位于成都城区成华区，交通方便，建议工作日前往，游览约1小时，免费。周边有地铁，注意寺庙开放时间可能缩短，提前查询。,院山寺为成都近郊小型寺院，因所在院山得名，历史虽不显赫，但作为城市中保留的宗教空间，服务周边信众，体现都市佛教缩影。,1.0,成华区
1010,鲁班庙,-,风景名胜,丰乐北街32号,103.768517,31.029607,3.9,0,"{""open"":""全天""}",风景名胜;风景名胜;寺庙道观,全年宜游，建议上午，游览约40分钟，免费。彭州乡镇，自驾前往，可结合葛仙山或白鹿镇。注意庙内为老人管理，保持安静。,鲁班庙为祭祀工匠祖师鲁班的庙宇，彭州历史上工匠行业兴盛，此庙体现传统行会信仰，是研究川西民间工艺文化的活化石。,1.0,彭州市
1011,高墩寺,-,风景名胜,成都市郫都区,103.794819,30.842598,4.0,0,"{""open"":""全天""}",风景名胜;风景名胜;寺庙道观,建议春秋季清晨或傍晚前往，免费开放。寺庙规模较小，游览约30分钟。注意尊重宗教场所秩序，避免喧哗。,高墩寺为郫都区历史悠久的佛教寺庙，始建年代不详，现存建筑多为清代风格，是当地居民祈福和民俗活动的重要场所。,1.0,郫都区
1012,五凤镇王爷庙,-,风景名胜,五凤溪古镇内(东侧),104.487158,30.606987,3.8,0,"{""open"":""全天""}",风景名胜;风景名胜;寺庙道观,最佳游览时间为春秋季，建议游览1小时。王爷庙免费开放，但需注意庙内台阶湿滑。可结合五凤溪古镇一同游览。,王爷庙位于金堂五凤溪古镇，供奉镇江王爷，是川西地区典型的码头神庙，见证了清代沱江水运的繁荣与商贸历史。,0.8,金堂县
1013,新积庙,-,风景名胜,天岭路与蜀陵路交叉口南220米,104.124125,30.734675,3.8,0,"{""open"":""全天""}",风景名胜;风景名胜;寺庙道观,建议白天前往，免费开放，游览约20分钟。周边为居民区，注意停车不便，可乘坐公交或地铁前往。,新积庙是成华区一处小型民间信仰场所，现存建筑为清末民初风格，反映了成都近郊乡村的宗教习俗与社区文化。,0.8,成华区
1014,岐山寺,-,风景名胜,岐山寺路与北泉路交叉口北120米,104.240075,30.572675,3.9,0,"{""open"":""全天""}",风景名胜;风景名胜;寺庙道观,建议春秋季前往，免费开放，游览约40分钟。山路较陡，穿舒适运动鞋。可顺游龙泉山城市森林公园。,岐山寺位于龙泉驿区山间，历史上为佛教修行地，寺庙依山而建，环境清幽，体现了成都东山地区山林寺庙的格局与文化。,1.0,龙泉驿区
1015,观音庙,-,风景名胜,高新路,104.38962,30.70241,3.8,0,"{""open"":""全天""}",风景名胜;风景名胜;寺庙道观,建议白天游览，免费开放，参观约30分钟。寺庙香火较旺，初一十五人多，可避开高峰。注意穿着得体。,观音庙为青白江区民间观音信仰场所，每年观音诞辰日有庙会活动，反映了川西平原深厚的观音崇拜传统和乡土民俗。,0.8,青白江区
1016,天泉寺,-,风景名胜,川西旅游环线,103.54831,30.76178,3.9,0,"{""open"":""全天""}",风景名胜;风景名胜;寺庙道观,建议春夏秋季前往，免费开放，游览约40分钟。寺庙较清幽，可静心参观。注意保持安静，部分殿堂可能不对外开放。,天泉寺位于崇州，相传始建于明代，以泉水得名。寺庙虽历经修缮，仍保留古朴风貌，是当地佛教文化的重要载体。,1.0,崇州市
1017,天承寺,-,风景名胜,成都经济区环线高速,103.71239,31.02022,3.9,0,"{""open"":""全天""}",风景名胜;风景名胜;寺庙道观,建议游览1小时，免费开放。寺庙靠近都江堰景区，可结合一日游。注意雨季部分路段有落石，行车需谨慎。,天承寺地处都江堰灌区，与李冰治水文化相关，历史上为纪念水利功绩而建，体现了川西人民对水神的敬畏与感恩。,1.0,都江堰市
1018,郫县古城遗址,-,风景名胜,蜀汉西街邻城家园北侧,103.925857,30.901271,4.0,0,"{""open"":""全天""}",风景名胜;风景名胜;风景名胜,遗址免费开放，建议游览30-60分钟。为露天遗址，注意防晒防雨。可结合郫都区博物馆了解出土文物。,郫县古城遗址为新石器时代至商周时期古城址，是成都平原早期文明重要见证，出土陶器、石器等，对研究古蜀文化具有极高价值。,1.5,郫都区
1019,郫县古城遗址碑刻,-,风景名胜,郫县古城遗址内(东侧),103.928825,30.900209,3.8,0,"{""open"":""全天""}",风景名胜;风景名胜;风景名胜,碑刻位于遗址内，免费观看，建议游览15分钟。注意保护文物，请勿触摸碑面。可请当地文管所工作人员讲解。,郫县古城遗址碑刻为后人所立，记录了遗址发现与保护历程，文字内容具有史料价值，是了解该遗址考古历史的直接物证。,0.5,郫都区
1020,水井街酒坊遗址,4A,风景名胜,水井街21号(东门大桥地铁站B口步行430米),104.086004,30.645027,4.5,0,"{""open"":""9:00"",""close"":""17:00""}",风景名胜;风景名胜;风景名胜,建议游览1小时，部分区域需门票（参考价50元）。开放时间约9:00-17:00，周一闭馆。可参观酒坊遗址及博物馆。,水井街酒坊遗址是明清时期酿酒作坊遗址，距今600余年，出土大量酒窖、灶台等，证明成都酿酒业历史悠久，被誉为中国白酒第一坊。,1.5,锦江区
1021,小渔洞大桥遗址,-,风景名胜,龙门山镇彭白路小鱼洞大桥遗址,103.76917,31.184197,3.8,0,"{""open"":""全天""}",风景名胜;风景名胜;风景名胜,遗址免费开放，适合春秋季游览，约30分钟。为地震遗址，注意安全，勿攀爬破损桥梁。可结合小鱼洞镇其他景点游览。,小渔洞大桥遗址是2008年汶川地震中被毁的桥梁遗迹，现保留为抗震纪念地，警示后人铭记灾难，也展现了灾后重建的坚韧精神。,0.8,彭州市
1022,邛窑国家考古遗址公园,4A,风景名胜,临邛镇滨江路下段与邛陶路南段交叉口西南400米,103.447024,30.397773,4.6,0,"{""open"":""9:00"",""close"":""17:00""}",风景名胜;风景名胜;风景名胜,建议游览2-3小时，门票约50元（以景区公告为准）。开放时间9:00-17:00。春秋季最佳，注意防晒，可参与陶艺体验。,邛窑国家考古遗址公园是中国古代著名民窑——邛窑的遗址，创烧于南朝，盛于唐五代，以彩绘瓷和邛三彩闻名，是四川陶瓷文化的摇篮。,2.5,邛崃市
1023,宝墩古城遗址,4A,风景名胜,成都平原史前城址东南侧,103.752967,30.447767,4.4,0,"{""open"":""9:00"",""close"":""17:00""}",风景名胜;风景名胜相关;旅游景点,建议游览1-2小时，免费开放。遗址范围大，建议穿舒适鞋。春秋季前往，夏季注意防暑。可参观发掘现场及陈列馆。,宝墩古城遗址是成都平原最早的古城之一，距今约4500年，属新石器时代宝墩文化，为探索古蜀文明起源提供了关键实物证据。,2.0,新津区
1024,东华门考古遗址公园-外场遗址,-,风景名胜,人民中路一段东华门遗址公园,104.067477,30.661878,4.2,0,"{""open"":""9:00"",""close"":""17:00""}",风景名胜;风景名胜;风景名胜,建议游览1小时，免费开放。为露天考古遗址，注意防晒和雨天湿滑。可结合成都博物馆参观。开放时间以官方为准。,东华门考古遗址公园位于成都市中心，遗址包含唐宋时期城市遗迹，出土大量生活器物，是研究成都古代城市格局与市民生活的重要遗址。,1.5,青羊区
1025,三国八阵图遗址,-,风景名胜,弥牟镇茶树街,104.203722,30.880827,3.8,0,"{""open"":""全天""}",风景名胜;风景名胜;风景名胜,建议春秋季前往，免费开放，游览约30分钟。遗址为土台遗迹，注意保护，勿攀爬。可结合青白江博物馆了解三国文化。,三国八阵图遗址相传为诸葛亮操演兵阵之地，现存土堆为后世附会遗迹，反映了三国文化在成都地区的深远影响与民间记忆。,1.0,青白江区
1026,大垭口冰川遗址,-,风景名胜,小夫路白鹿森林公园,103.935409,31.222367,4.0,0,"{""open"":""全天""}",风景名胜;风景名胜相关;旅游景点,建议5-10月前往，徒步约2-3小时，免费开放。山路湿滑需穿防滑鞋，备足饮水。,冰川消融后形成的U形谷地貌，是研究古气候与龙门山地质演变的天然教科书。,1.0,彭州市
1027,古青城文化遗址公园,-,风景名胜,玉沿路,103.680865,30.850716,4.1,0,"{""open"":""全天""}",风景名胜;公园广场;公园,全年适宜，游览1-2小时，免费。建议结合都江堰一日游，注意保护遗址环境。,相传为古蜀国先民活动区域，遗址出土陶片等遗物，印证早期蜀文化在岷江上游的传播。,2.0,都江堰市
1028,唐代遗址,-,风景名胜,草堂路28号成都杜甫草堂博物馆内,104.028302,30.661522,4.0,0,"{""open"":""9:00"",""close"":""17:00""}",风景名胜;风景名胜相关;旅游景点,位于市区，建议春秋季游览，约1小时。免费参观，注意不可触摸遗迹。,唐代成都城市生活的重要考古发现，出土大量瓷器与建筑构件，反映唐代成都的繁荣商贸。,1.0,青羊区
1029,水利衙门遗址,-,风景名胜,幸福路270号,103.616903,30.998756,3.8,0,"{""open"":""全天""}",风景名胜;风景名胜相关;旅游景点,建议与都江堰景区联游，游览30分钟。免费，需注意遗址区无遮挡，夏季防晒。,清代负责都江堰水利管理的官署旧址，体现了历代对岷江水利工程的制度化管控。,0.8,都江堰市
1030,下书院遗址公园,-,风景名胜,白鹿镇白鹿河中法友谊桥(遗址旁),103.915596,31.208893,4.0,0,"{""open"":""全天""}",风景名胜;公园广场;公园,免费开放，春秋最佳，游览1小时。地处彭州山区，建议自驾，注意山路弯道。,清代书院遗址，曾为当地培养人才的重要场所，现存石基与碑刻，见证川西教育史。,1.5,彭州市
1031,宣家渡古渡口遗址,-,风景名胜,古渡口遗址(滨河路东),103.769036,30.685594,3.9,0,"{""open"":""全天""}",风景名胜;风景名胜相关;旅游景点,免费，四季皆宜，游览30-40分钟。位于温江城区，可步行或骑行前往，注意河岸安全。,古代岷江支流重要渡口，曾是川西物资集散地，遗址残留古码头痕迹，诉说着水运兴衰。,1.0,温江区
1032,云顶山-遗址,-,风景名胜,云顶石城风景区,104.487473,30.73994,4.2,0,"{""open"":""全天""}",风景名胜;风景名胜;风景名胜,建议春秋登山游览，约半天。可能收小门票，山势陡峭，老人小孩需谨慎。,云顶山自古为军事要地，遗址包含宋蒙战争城防遗迹，是研究古代山城防御体系的珍贵实例。,3.0,金堂县
1033,九里堤遗址,-,风景名胜,九里堤中路与群星路交叉口东南20米,104.055417,30.70417,4.0,0,"{""open"":""全天""}",风景名胜;风景名胜相关;旅游景点,免费，位于市区，建议傍晚散步游览，约30分钟。周边为居民区，注意交通。,相传为三国时期蜀汉所筑防洪堤，后历代维修，是成都城市水利史的重要地标。,0.5,金牛区
1034,鱼凫村遗址,-,风景名胜,郫温路,103.833392,30.751674,4.1,0,"{""open"":""全天""}",风景名胜;风景名胜;风景名胜,免费，全年开放，游览1小时。为田野遗址，建议穿平底鞋，夏季注意蚊虫。,新石器时代晚期至商周遗址，出土大量陶器石器，被认为是古蜀鱼凫氏活动核心区，文化价值极高。,1.5,温江区
1035,地震遗址,-,风景名胜,龙池镇虹口社区三组虹口花谷景区(东南角),103.691704,31.13722,4.3,0,"{""open"":""全天""}",风景名胜;风景名胜;风景名胜,免费，建议白天参观，约1小时。位于映秀镇附近，需注意部分区域可能限制进入。,2008年汶川地震保存的典型破坏现场，是防灾减灾教育的重要基地，令人警醒自然之力。,2.0,都江堰市
1036,成都东门城墙遗址(青莲下街城墙遗址),-,风景名胜,青莲上街38号对面,104.082378,30.645994,4.0,0,"{""open"":""全天""}",风景名胜;风景名胜;风景名胜,免费，位于锦江区老城区，游览20分钟。建议结合合江亭、水井坊游览，注意保护墙体。,明代成都府城墙残段，青砖垒砌，见证了成都古城格局变迁与明清筑城技术。,0.5,锦江区
1037,北较场城墙遗址,-,风景名胜,北较场西路18号成都古城墙内(北侧),104.062765,30.680634,3.9,0,"{""open"":""全天""}",风景名胜;风景名胜相关;旅游景点,免费，位于青羊区，建议白天前往，游览20-30分钟。周边为学校或单位，注意安静。,清代成都满城（少城）的城墙遗迹，是研究清代旗人驻防及城市民族格局的重要实物。,0.5,青羊区
1038,中法桥遗址,-,风景名胜,小夫路附近白鹿中法风情小镇内,103.916059,31.208522,3.8,0,"{""open"":""全天""}",风景名胜;风景名胜相关;旅游景点,免费，位于彭州白鹿镇，四季皆宜，游览30分钟。可结合白鹿中法风情小镇游玩。,建于清代的中式石拱桥，后因地震受损，现为纪念性遗址，象征中法文化交流与灾后重生。,0.5,彭州市
1039,宽窄巷子文物挖掘遗址,-,风景名胜,宽巷子31号(宽窄巷子地铁站B口步行270米),104.053617,30.663833,4.0,0,"{""open"":""全天""}",风景名胜;风景名胜;风景名胜,免费，位于宽窄巷子景区内，游览10-20分钟。人流量大，注意保管财物，可随时参观。,在宽窄巷子改造中发现的明清街巷遗迹，出土生活器物，反映清代成都民居与市井生活。,1.0,青羊区
1040,宽窄巷子文物挖掘遗址-宽径,-,风景名胜,宽巷子27号附1号(宽窄巷子地铁站B口步行310米),104.053345,30.663855,4.0,0,"{""open"":""全天""}",风景名胜;风景名胜;风景名胜,免费，位于宽窄巷子宽径一侧，游览10分钟。建议避开节假日高峰，注意脚下展坑。,为宽窄巷子遗址群的一部分，展示局部发掘断面，直观呈现老成都院落叠压地层与历史层次。,0.5,青羊区
1041,白药厂遗址,-,风景名胜,高阳路与高远一路交叉口西南40米,104.082759,30.613483,4.0,0,"{""open"":""全天""}",风景名胜;风景名胜;风景名胜,全天开放，建议白天游览1-2小时。免费进入。工业遗址改造的文创园区，可拍照打卡，注意部分建筑内部不开放。,前身为清末四川机器局白药厂，是成都近代工业发源地之一，现保留老厂房与防空洞，见证城市工业变迁。,1.0,武侯区
1042,宽窄巷子文物挖掘遗址-恺庐,-,风景名胜,宽巷子11号(宽窄巷子地铁站B口步行400米),104.054586,30.663274,4.2,0,"{""open"":""全天""}",风景名胜;风景名胜相关;旅游景点,位于宽窄巷子景区内，全天开放，免费。建议傍晚游览，避开人流高峰。注意保护文物，不可触摸挖掘遗迹。,恺庐是宽窄巷子内保存的清代民居院落，院落内曾发现明代至民国时期文化堆积层，反映成都老城街巷生活演变。,0.5,青羊区
1043,县衙遗址,-,风景名胜,西街11号,104.32036,30.854473,3.8,0,"{""open"":""全天""}",风景名胜;风景名胜;风景名胜,位于青白江区城厢镇，建议上午参观1小时。免费开放，部分区域为保护性围挡。周边有古街可顺游。,城厢县衙遗址为唐宋至明清时期金堂县治所遗迹，现存古井、石阶等，是研究成都平原古代地方行政建筑的重要实物。,1.0,青白江区
1044,宝墩遗址考古工作站,-,风景名胜,宝墩镇宝墩村3组,103.758003,30.446308,4.1,0,"{""open"":""9:00"",""close"":""17:00""}",风景名胜;风景名胜;风景名胜,需提前预约参观，建议春秋季上午前往，游览1-2小时。免费，但需遵守考古工作站规定，不可进入未开放探方。,宝墩遗址是成都平原最早的新石器时代城址（约4500年前），考古工作站负责发掘与研究，是古蜀文明起源的关键证据。,2.0,新津区
1045,高山古城遗址,-,风景名胜,高山唐王寺西侧,103.579529,30.452005,4.0,0,"{""open"":""全天""}",风景名胜;风景名胜相关;旅游景点,野外遗址，无门票，建议自驾前往，游览30-60分钟。注意田间道路，夏季蚊虫多，带好防护。,高山古城遗址距今约4500年，属宝墩文化类型，出土陶器石器，揭示成都平原早期聚落与农业社会形态。,1.5,大邑县
1046,千年隋唐福感寺遗址,-,风景名胜,小通巷1号(宽窄巷子地铁站B口步行490米),104.05372,30.666983,3.9,0,"{""open"":""全天""}",风景名胜;风景名胜相关;旅游景点,位于实业街附近，全天可外观，免费。建议结合周边景点游览30分钟，注意遗址区有围挡，不可进入。,福感寺为隋唐时期成都著名佛寺，史载玄奘曾在此受戒，遗址出土大量石刻造像，反映唐宋成都佛教繁盛。,1.0,青羊区
1047,成都平原史前城址·芒城遗址,-,风景名胜,芒桃路南200米,103.609748,30.87582,4.2,0,"{""open"":""全天""}",风景名胜;风景名胜相关;旅游景点,位于都江堰市青城山镇，全天开放，免费。建议春秋季游览1小时，遗址为田园区，注意穿防滑鞋。,芒城遗址属宝墩文化晚期城址，距今约4000年，双重城墙结构独特，为古蜀先民防洪与防御智慧的重要见证。,1.5,都江堰市
1048,芦沟竹海-宋代纸坊遗址,-,风景名胜,金华村10组芦沟竹海内(东侧),103.303488,30.371319,4.0,0,"{""open"":""全天""}",风景名胜;风景名胜相关;旅游景点,芦沟竹海景区需购票（约30元），建议上午游览2-3小时。宋代纸坊遗址在竹海深处，需徒步，注意路滑。,芦沟竹海是邛崃造纸发源地，宋代纸坊遗址保留有沤竹池、碾料槽等遗迹，见证古代手工造纸工艺与南方丝绸之路商贸。,2.5,邛崃市
1049,上书院遗址,-,风景名胜,清河街,103.915824,31.228091,4.1,0,"{""open"":""9:00"",""close"":""17:00""}",风景名胜;风景名胜相关;旅游景点,位于彭州市白鹿镇，免费开放，建议白天游览1小时。建筑为法式风格，可拍照，注意尊重历史场所。,上书院为1908年法国天主教传教士所建神哲学院，融合中西建筑风格，曾为西南地区重要宗教教育机构，现为文保单位。,1.5,彭州市
1050,成都动物园-将军碑遗址,-,风景名胜,成都动物园西北门(动物园地铁站A口步行130米),104.102822,30.711998,3.9,0,"{""open"":""全天""}",风景名胜;风景名胜相关;旅游景点,遗址位于动物园内，需购动物园门票（20元）。建议上午游览，参观遗址约30分钟，注意动物园开放时间。,将军碑遗址为明代蜀王府将军墓神道碑，碑刻精美，反映明代蜀藩王宗室葬制，与成都明蜀文化密切相关。,0.5,成华区
1051,丰都庙古遗址,-,风景名胜,丰都庙,103.431168,30.547064,3.8,0,"{""open"":""全天""}",风景名胜;风景名胜相关;旅游景点,野外遗址，无管理设施，免费。建议自驾前往，春秋季游览30分钟，注意村庄道路狭窄。,丰都庙古遗址推测为唐宋时期宗教祭祀场所，地面可见瓦砾与台基，民间传说与地方信仰相关，尚待考古确认。,1.0,大邑县
1052,驷马桥场遗址,-,风景名胜,赤虎桥南街与赤虎桥东路交叉口南40米,104.094138,30.699858,3.7,0,"{""open"":""全天""}",风景名胜;风景名胜相关;旅游景点,位于成华区驷马桥片区，全天可外观，免费。建议结合驷马桥历史街区游览30分钟，注意道路车流。,驷马桥场遗址为古代成都北门商贸集市遗存，因汉代司马相如题柱典故得名，是研究成都古代交通与市井经济的节点。,0.5,成华区
1053,羊子山古蜀祭坛遗址,-,风景名胜,羊子山路与横桥街交叉口西南40米,104.093957,30.7022,3.8,0,"{""open"":""全天""}",风景名胜;风景名胜相关;旅游景点,位于成华区羊子山路，免费，全天开放。建议白天游览30-60分钟，考古遗址区有护栏，请勿攀爬。,羊子山古蜀祭坛遗址为距今约3000年的土台建筑，是古蜀王国举行祭祀天地的礼仪中心，出土大量陶器与玉器，极显神圣。,1.0,成华区
1054,努力餐遗址,-,风景名胜,蜀都大道金河路与小南街交叉口西20米,104.055879,30.660202,3.9,0,"{""open"":""全天""}",风景名胜;风景名胜相关;旅游景点,位于祠堂街，现为餐馆兼纪念地，免费参观外观。建议中午或傍晚前往，可顺便品尝川菜，注意营业时间。,努力餐为中共地下党联络点，由车耀先创办于1930年代，以“努力餐”为暗号掩护革命活动，是成都红色文化地标。,0.5,青羊区
1055,十方堂邛窑遗址,-,风景名胜,邛窑国家考古遗址公园内(东侧),103.448479,30.398305,4.3,0,"{""open"":""9:00"",""close"":""17:00""}",风景名胜;风景名胜相关;旅游景点,邛窑遗址公园免费，建议上午游览2-3小时。可参观窑包与博物馆，注意园区较大，穿舒适鞋。,十方堂邛窑始于南朝，盛于唐宋，是四川最大青瓷窑场，首创高温彩绘瓷，产品远销南方丝绸之路，堪称古代民间瓷都。,1.5,邛崃市
1056,江南馆唐宋街坊遗址,-,风景名胜,春熙路A号(春熙路地铁站C口步行80米),104.080947,30.653865,4.0,0,"{""open"":""全天""}",风景名胜;风景名胜;风景名胜,位于春熙路商圈，建议工作日傍晚前往，避开人流。免费开放，游览约1小时。注意遗址区为露天保护，雨天路滑。,唐代至宋代成都城市街坊格局的重要实证，出土大量瓷器与生活遗迹，展现唐宋时期成都繁华的市井生活与商业形态。,1.0,锦江区
1057,蚕丛祠遗址,-,风景名胜,二仙洞东北侧180米,103.896814,30.5001,3.8,0,"{""open"":""全天""}",风景名胜;风景名胜;风景名胜,遗址较为隐蔽，建议自驾导航或打车前往。免费参观，游览约30分钟。周边无餐饮，需自备饮水。,相传为古蜀王蚕丛的祭祀地，是古蜀文明起源的重要传说遗址，体现了成都地区对蚕桑始祖的崇敬与早期农耕文化记忆。,0.5,双流区
1058,十二桥遗址,-,风景名胜,十二桥路与蜀都大道十二桥路交叉口南80米,104.044564,30.663265,4.1,0,"{""open"":""全天""}",风景名胜;风景名胜;风景名胜,位于市区，可乘地铁2/4号线至中医大省医院站步行前往。免费开放，游览约45分钟。建议春秋季前往，夏季注意防晒。,商代晚期至西周时期的古蜀聚落遗址，出土大量陶器和干栏式建筑遗迹，是研究古蜀国早期城市形态与十二桥文化命名的核心地点。,1.0,青羊区
1059,成汶铁路二王庙隧道遗址,-,风景名胜,建设路413号,103.61737,31.006964,3.9,0,"{""open"":""全天""}",风景名胜;风景名胜;风景名胜,位于都江堰景区附近，可结合二王庙一同游览。免费参观，但需注意部分隧道段可能有落石，勿进入非开放区域。游览约1小时。,见证了20世纪成汶铁路建设历史，隧道遗址保留当年工程遗迹，反映了近代川西交通开发与都江堰水利工程周边人文变迁。,0.5,都江堰市
1060,踏水村遗址,-,风景名胜,千佛路与什新路交叉口西南300米,104.126912,30.923634,3.7,0,"{""open"":""全天""}",风景名胜;风景名胜;风景名胜,位于彭州山区，交通不便，建议自驾前往。免费参观，游览约1小时。山路崎岖，需穿防滑鞋，雨季慎行。,新石器时代晚期至商周时期的古文化遗址，出土磨制石器与陶片，对了解成都平原早期聚落分布与古蜀先民生产生活有重要价值。,1.0,彭州市
1061,芦沟竹海-芦沟造纸作坊遗址,-,风景名胜,金华村10组芦沟竹海(东南角),103.309819,30.356355,4.2,0,"{""open"":""全天""}",风景名胜;风景名胜相关;旅游景点,建议春秋季游览，竹海清凉，夏季亦避暑。可徒步参观造纸作坊遗迹，门票约30元。游览约2-3小时，注意防蚊。,芦沟竹海内保存有清代至民国时期的古法造纸作坊遗址，是川西竹纸制作技艺的活化石，反映邛崃山区传统手工业与生态智慧。,2.5,邛崃市
1062,水东门城墙遗址,-,风景名胜,武成大街1-附1号,104.089602,30.657091,4.0,0,"{""open"":""全天""}",风景名胜;风景名胜;风景名胜,位于锦江区老城区，可徒步或骑行探访。免费开放，游览约20分钟。遗址紧邻居民区，请保持安静，勿攀爬墙体。,明代成都府城墙东门遗迹，见证了成都古城防御体系与城市变迁，是研究明清成都城市格局和水利防洪的重要实物资料。,0.5,锦江区
1063,成都西城墙遗址(二道桥街城墙遗址),-,风景名胜,下同仁路63号,104.05201,30.66894,3.9,0,"{""open"":""全天""}",风景名胜;风景名胜;风景名胜,位于青羊区二道桥街附近，可乘公交或打车前往。免费参观，游览约20分钟。周边为居民区，注意保护遗址环境。,成都明代西城墙残段，保存有夯土墙体，是成都古城墙历史的重要片段，见证了城市军事防御和空间演变的千年历程。,0.5,青羊区
1064,彭州恐龙遗址,-,风景名胜,钟鼓楼路与蟠江路交叉口东420米,103.784617,31.103485,3.8,0,"{""open"":""全天""}",风景名胜;风景名胜;风景名胜,位于彭州，建议自驾前往，部分路段为乡村道路。免费参观，但遗址现场可能不开放，可先咨询当地文管所。游览约30分钟。,彭州地区发现的恐龙化石点，属于白垩纪地层，对研究四川盆地古生物演化与古地理环境具有重要意义，也是科普教育的实地教材。,1.5,彭州市
1065,杜鹃城遗址,-,风景名胜,S9省道韩家沟,103.589331,30.988657,4.0,0,"{""open"":""全天""}",风景名胜;风景名胜相关;旅游景点,位于都江堰市区，可乘公交或打车。免费开放，游览约30分钟。遗址面积不大，建议与都江堰景区分开安排行程。,相传为古蜀王杜宇（望帝）所建杜鹃城的遗迹，与“杜鹃啼血”传说相关，承载了古蜀国历史记忆和成都平原早期王都的传说色彩。,1.0,都江堰市
1066,龙兴寺遗址,-,风景名胜,西环路62号,103.454758,30.41804,3.9,0,"{""open"":""全天""}",风景名胜;风景名胜;风景名胜,位于邛崃市区，可步行或打车前往。免费参观，遗址为露天保护，游览约30分钟。建议携带遮阳伞，夏季注意防晒。,唐代佛教寺院龙兴寺的遗址，曾出土精美石刻造像与建筑构件，反映了邛崃地区唐代佛教文化的兴盛与寺院建筑艺术的高超。,1.5,邛崃市
1067,观音桥遗址,-,风景名胜,天台山镇三角社区天水路55号成都天台山旅游景区,103.124775,30.278642,3.8,0,"{""open"":""全天""}",风景名胜;风景名胜相关;旅游景点,位于邛崃乡村，自驾较方便。免费参观，游览约30分钟。乡间道路较窄，注意会车安全，雨季路面湿滑。,古代交通与水利设施遗址，可能为宋元时期的石桥或渡口遗迹，对研究邛崃地区古代交通网络和河流变迁有一定参考价值。,0.5,邛崃市
1068,紫竹遗址,-,风景名胜,顺西街233号,103.595001,30.560782,3.7,0,"{""open"":""全天""}",风景名胜;风景名胜;风景名胜,位于崇州郊区，建议自驾前往。免费参观，游览约40分钟。遗址周边为农田，注意田间道路，夏季备好驱蚊水。,成都平原新石器时代晚期遗址，出土大量陶器、石器及房屋基址，是探索古蜀文明源头与早期农耕聚落形态的重要地点。,1.0,崇州市
1069,兴福寺遗址,-,风景名胜,伍田村5组,103.240447,30.582059,3.8,0,"{""open"":""全天""}",风景名胜;风景名胜;风景名胜,位于大邑县山区，需自驾并徒步一段。免费参观，游览约1小时。山路难行，建议穿登山鞋，雨天不宜前往。,大邑地区古代佛教寺院遗址，可能始建于唐宋时期，现存基址与残碑，反映了川西山区宗教传播与地方信仰的历史脉络。,1.0,大邑县
1070,水西门城墙遗址,-,风景名胜,下同仁路17号(通惠门地铁站D口步行310米),104.050102,30.66436,3.9,0,"{""open"":""全天""}",风景名胜;风景名胜;风景名胜,位于青羊区，可乘地铁至宽窄巷子站步行前往。免费开放，游览约20分钟。遗址紧邻街巷，请勿涂鸦或攀爬。,成都明代西城墙南段水门遗迹，是古城水系与城墙结合的重要节点，见证了成都“因水而兴”的城市水利智慧与防御格局。,0.5,青羊区
1071,下同仁路抗战时期防空洞遗址,-,风景名胜,实业街39号,104.051887,30.666952,3.6,0,"{""open"":""全天""}",风景名胜;风景名胜;风景名胜,全天开放，位于下同仁路路边，免费参观。建议结合宽窄巷子行程顺路游览，约15分钟。注意遗址为露天展示，夏季注意防晒。,抗战时期成都为防日军空袭修建的防空掩体，见证了成都大轰炸历史，是研究近现代城市防御与民众避难生活的重要遗迹。,0.5,青羊区
1072,金沙遗址路口站,-,风景名胜,金凤路17-附9号附近,104.009197,30.681258,3.5,0,"{""open"":""全天""}",风景名胜;风景名胜;风景名胜,该点为路口交通节点，无独立游览内容。建议在参观金沙遗址博物馆时留意路口标识，可拍照打卡，无需专门停留。,位于金沙遗址核心区路口，因紧邻举世闻名的金沙遗址而得名，是连接现代城市与古蜀文明的重要地理坐标。,0.5,青羊区
1073,唐代罗城城门遗址,-,风景名胜,锦里滨河路与锦里西路交叉口南40米,104.045998,30.656093,4.0,0,"{""open"":""全天""}",风景名胜;风景名胜相关;旅游景点,露天遗址，免费开放。建议白天前往，结合周边街区游览约20分钟。遗址规模较小，注意保护现场，勿攀爬。,唐代成都罗城（外城）城墙的残留城门基础，展现了唐宋时期成都城市格局与军事防御体系，是研究古代城市建制的实物见证。,0.8,青羊区
1074,张飞营遗址,-,风景名胜,东街与东大路街交叉口南200米,104.317149,30.535094,3.8,0,"{""open"":""全天""}",风景名胜;风景名胜;风景名胜,位于龙泉山区域，建议自驾前往，春秋季游览最佳。免费开放，可徒步登山，约1-2小时。山路较陡，穿舒适运动鞋。,相传与三国蜀汉名将张飞驻军相关，遗址地处龙泉山要冲，是研究蜀汉军事布防与地方民间传说的珍贵遗迹。,1.0,龙泉驿区
1075,双河遗址,-,风景名胜,街子镇上元乡忙城村,103.600646,30.76659,3.9,0,"{""open"":""全天""}",风景名胜;风景名胜相关;旅游景点,位于崇州市郊，需自驾或打车前往。免费参观，建议游览30分钟。遗址多为农田区域，注意田间道路湿滑，夏季防蚊。,属成都平原新石器时代至商周时期遗址，出土陶片石器等，为探索古蜀文明在成都西部的发展传播提供了重要考古材料。,1.0,崇州市
1076,广济寺遗址,-,风景名胜,希望街356号,104.492439,30.857209,3.7,0,"{""open"":""全天""}",风景名胜;风景名胜;风景名胜,位于金堂县乡村，建议自驾导航前往。免费开放，游览约30分钟。遗址环境较原生态，注意防晒防虫，勿进入未开放区域。,广济寺为川西地区历史悠久的佛教寺院遗址，现存基址与散落构件，反映了金堂一带古代宗教信仰与民间建筑工艺。,0.8,金堂县
1077,百叶路遗址,-,风景名胜,新创路与百川路交叉口东北180米,103.953984,30.735346,3.6,0,"{""open"":""全天""}",风景名胜;风景名胜相关;旅游景点,位于郫都区，位置较隐蔽，建议提前查好路线。免费开放，游览约20分钟。遗址为田野遗迹，适合考古爱好者，注意保护耕地。,属成都平原早期聚落遗址，文化层包含宝墩文化至商周时期遗存，对研究古蜀农业聚落形态与生态环境有重要学术价值。,0.8,郫都区
1078,汉晋新都城遗址,-,风景名胜,城厢古城,104.32021,30.854664,3.8,0,"{""open"":""全天""}",风景名胜;风景名胜;风景名胜,位于青白江区，建议自驾前往。免费参观，可结合周边古镇游览，约1小时。遗址区较空旷，注意防风防晒，带好饮用水。,汉晋时期新都城治所遗址，城址轮廓依稀可辨，出土汉砖瓦当等，是研究四川地区汉晋城市建制与地方行政史的珍贵实物。,1.0,青白江区
1079,金沙遗址博物馆-陈列馆,4A,科教文化服务,金博路与青羊大道交叉口西220米,104.014275,30.683075,4.5,0,"{""open"":""9:00"",""close"":""17:00""}",科教文化服务;博物馆;博物馆,建议预留2-3小时，周二至周日9:00-17:00开放（周一闭馆）。门票70元，需提前预约。馆内禁止闪光灯，可租讲解器或跟免费讲解。,金沙遗址博物馆陈列馆集中展示古蜀文明瑰宝，包括太阳神鸟金饰、金面具、象牙器等，是了解距今3000年古蜀国祭祀文化核心场所。,2.5,金牛区
1080,金堂县怀安军遗址公园,-,风景名胜,滨河路怀安路口,104.551426,30.712177,4.1,0,"{""open"":""全天""}",风景名胜;公园广场;公园,位于金堂县城区附近，免费开放。建议白天游览，约1小时。公园内有步道和说明牌，适合亲子休闲，注意夏季高温时段。,怀安军为宋代川西重要军事建制，遗址公园在原址上展示宋代城墙、练兵场遗迹，反映古代沱江流域军事防御与地方治理历史。,1.5,金堂县
1081,杜鹃城遗址,-,风景名胜,鹃城西街101号,103.894017,30.819528,3.9,0,"{""open"":""全天""}",风景名胜;风景名胜;风景名胜,位于郫都区，免费开放。建议春秋季上午前往，游览约40分钟。遗址为土台地貌，周边为农田，注意穿防滑鞋，勿攀爬土坎。,相传为古蜀国望帝杜宇所建都城遗址，是古蜀传说与考古发现交织的重要地点，存有汉代文化层，承载蜀文化起源记忆。,1.0,郫都区
1082,和尚崖红军战壕遗址,-,风景名胜,邛芦路与高兴路交叉口西北500米,103.121925,30.310575,3.8,0,"{""open"":""全天""}",风景名胜;风景名胜;风景名胜,位于邛崃山区，需自驾并徒步上山。免费开放，建议晴天前往，游览约1-2小时。山路崎岖，备足饮水，注意安全。,红军长征时期在邛崃山区留下的战壕防御工事，是川西地区红色革命历史的重要见证，具有爱国主义教育意义。,1.0,邛崃市
1083,芦沟竹海-芦沟造纸作坊遗址,-,风景名胜,金华村10组芦沟竹海,103.296497,30.371056,4.0,0,"{""open"":""全天""}",风景名胜;风景名胜相关;旅游景点,位于芦沟竹海景区内，需购景区门票（约15元）。建议春季或雨后游览，空气清新，游览约1.5小时。山路湿滑，穿防滑鞋。,宋代以来邛崃山区造纸作坊遗址群，保留石槽、碾盘等工具，见证古代竹纸制作工艺与南方丝绸之路文化传播，环境清幽。,1.5,邛崃市
1084,红桥村遗址,-,风景名胜,凤凰北大街与江安路交叉口西北40米,103.891154,30.687952,3.7,0,"{""open"":""全天""}",风景名胜;风景名胜相关;旅游景点,位于温江区，免费开放。建议白天前往，游览约20分钟。遗址多在地表下，现场有说明牌，适合考古爱好者，注意周边交通。,属成都平原新石器时代晚期遗址，与宝墩文化同期，出土陶器石器等，为研究古蜀聚落分布与成都平原文明起源提供线索。,0.8,温江区
1085,固驿瓦窑山遗址,-,风景名胜,龙窑街,103.582929,30.370058,3.8,0,"{""open"":""全天""}",风景名胜;风景名胜;风景名胜,位于邛崃固驿镇，需自驾或打车。免费参观，建议游览30分钟。窑山为丘陵地貌，注意防晒防滑，可结合当地古镇游览。,古代砖瓦窑遗址，烧制年代涵盖汉至唐宋，窑炉残壁与废品堆积清晰可见，是研究四川地区古代建筑材料烧制技术的重要遗存。,1.0,邛崃市
1086,宽窄巷子文物挖掘遗址-宽庭,-,风景名胜,井巷子22号(宽窄巷子地铁站B口步行90米),104.051861,30.664704,4.2,0,"{""open"":""全天""}",风景名胜;风景名胜相关;旅游景点,位于宽窄巷子景区内，建议避开节假日高峰，上午或傍晚游览。无需单独门票，可随景区免费参观。注意保护文物，禁止触摸。,宽窄巷子清朝古街区改造时发现的文物挖掘遗址，保留明清院落基址与生活遗物，展示老成都街巷格局与市井文化。,0.8,青羊区
1087,明会府遗址,-,风景名胜,忠烈祠西街43号附6号(太升南路地铁站D口步行50米),104.075369,30.665151,3.8,0,"{""open"":""全天""}",风景名胜;风景名胜相关;旅游景点,位于青羊区，遗址地面遗存较少，建议结合周边文殊院、天府广场游览。免费开放，参观约15分钟。注意现场标识，勿进入未开放区域。,明会府为明代成都府署衙门的附属建筑遗址，是研究明代成都城市行政与建筑制度的重要实物遗存。,0.5,青羊区
1088,平落冶铁遗址,-,风景名胜,兴新街139号平乐古镇景区,103.335738,30.336822,3.9,0,"{""open"":""全天""}",风景名胜;风景名胜;风景名胜,位于邛崃市平落古镇附近，建议自驾前往，春秋季最佳。免费参观，游览约30分钟。道路较窄，注意安全，勿攀爬冶炼遗迹。,平落冶铁遗址为汉代至唐宋时期冶铁工场遗迹，反映古代邛崃地区发达的金属冶炼技术和手工业经济。,1.0,邛崃市
1089,大渔村邛窑遗址,-,风景名胜,白鹤街1号,103.424824,30.409538,4.0,0,"{""open"":""全天""}",风景名胜;风景名胜;风景名胜,位于邛崃市大渔村，建议自驾，春秋季前往。免费参观，游览约40分钟。部分区域为野外，注意防蚊虫，勿带走陶片。,大渔村邛窑遗址是南朝至宋代邛窑系重要窑场，以烧制青瓷、彩绘瓷闻名，是四川古代陶瓷文化代表性遗址。,1.2,邛崃市
1090,华星路城墙遗址,-,风景名胜,猛追湾街178号,104.093779,30.665667,3.7,0,"{""open"":""全天""}",风景名胜;风景名胜;风景名胜,位于锦江区华星路，城墙残段位于街边，免费参观，建议结合附近东门码头游览。参观约10分钟，注意来往车辆。,华星路城墙遗址为明代成都府城墙残段，见证了成都城市防御体系变迁，是锦江区少有的古城墙遗存。,0.5,锦江区
1091,西区大道遗址,-,风景名胜,迪康大道9号,103.962971,30.749015,3.8,0,"{""open"":""全天""}",风景名胜;风景名胜相关;旅游景点,位于郫都区西区大道，为考古发掘现场，可能不对外开放。建议先查询当地文保部门公告，或远观遗址标识。若开放，免费参观约20分钟。,西区大道遗址为近年发现的多时代文化层遗址，含战国至唐宋时期遗存，对研究成都平原古代聚落演变有重要价值。,1.0,郫都区
1092,芦沟竹海-邛人遗址,-,风景名胜,平乐镇金华村10组芦沟竹海(东南角),103.311156,30.360481,4.1,0,"{""open"":""全天""}",风景名胜;风景名胜相关;旅游景点,位于邛崃芦沟竹海景区内，需购景区门票（约30-50元）。建议春夏竹海葱郁时前往，徒步游览约1-2小时。山路湿滑，穿防滑鞋。,芦沟竹海内的邛人遗址相传与古代邛族先民活动相关，结合竹海生态，体现了邛崃地区自然与人文交融的历史。,2.0,邛崃市
1093,下同仁路城墙遗址,-,风景名胜,实业街39号(宽窄巷子地铁站B口步行290米),104.051922,30.666939,3.7,0,"{""open"":""全天""}",风景名胜;风景名胜;风景名胜,位于青羊区下同仁路，城墙残段临街，免费参观。建议结合宽窄巷子步行游览，约10分钟。注意保护墙体，勿刻画。,下同仁路城墙遗址为清代成都满城城墙残段，曾是满蒙八旗驻防区域边界，反映了清代成都民族与军事格局。,0.5,青羊区
1094,宽窄巷子文物挖掘遗址-韵香,-,风景名胜,窄巷子25号(宽窄巷子地铁站B口步行330米),104.053482,30.663201,4.2,0,"{""open"":""全天""}",风景名胜;风景名胜相关;旅游景点,位于宽窄巷子景区内，免费参观。建议清晨或傍晚人少时游览，结合景区其他遗址参观，约20分钟。注意地面标识。,韵香遗址为宽窄巷子改造时发现的生活遗迹，出土瓷器、钱币等，命名取自清代巷内老茶馆“韵香”，体现休闲文化。,0.8,青羊区
1095,宽窄巷子文物挖掘遗址-双眼井,-,风景名胜,宽窄巷子景区(宽窄巷子地铁站B口步行210米),104.051966,30.663719,4.2,0,"{""open"":""全天""}",风景名胜;风景名胜相关;旅游景点,位于宽窄巷子景区内，双眼井为可见古井，免费参观。建议白天游览，约10分钟。井口有护栏，请勿投掷物品。,双眼井为清代宽窄巷子区域居民取水用双孔古井，是成都老城区公共生活与水利设施的历史见证。,0.5,青羊区
1096,杨遇春墓地遗址,-,风景名胜,林阳路5号,103.563708,30.679578,3.8,0,"{""open"":""全天""}",风景名胜;风景名胜;风景名胜,位于崇州市，墓地遗址较为偏僻，建议自驾，导航至杨遇春墓。免费参观，游览约20分钟。周边为农田，注意田间道路。,杨遇春为清代名将，官至陕甘总督，其墓地遗址体现清代高官墓葬制度与川西丧葬文化，具有历史纪念意义。,1.0,崇州市
1097,西陵遗址牌坊,-,风景名胜,三河街道承顺街17号(绕城新都出口)锦门景区(西北角),104.129646,30.780412,3.9,0,"{""open"":""全天""}",风景名胜;风景名胜相关;旅游景点,位于新都区西陵遗址，牌坊为地面建筑，免费参观。建议结合新都宝光寺游览，约15分钟。注意牌坊结构，勿攀爬。,西陵遗址牌坊疑为古代陵墓前标识性石构建筑，雕刻精美，反映新都地区明清时期墓葬礼仪与石刻艺术。,0.8,新都区
1098,刻石记时遗址,-,风景名胜,平乐镇茶马古道中段川西竹海景区(东南角),103.307285,30.340437,3.8,0,"{""open"":""全天""}",风景名胜;风景名胜相关;旅游景点,位于邛崃市，遗址较隐秘，建议提前查地图或咨询当地文旅局。免费参观，约20分钟。野外环境，注意安全。,刻石记时遗址为古代以石刻方式记录时间或历法的遗迹，对研究邛崃地区古代天文、民俗与文字刻写有独特价值。,0.5,邛崃市
1099,杜康墓遗址,-,风景名胜,同裕村委会附近,103.98866,30.84615,3.8,0,"{""open"":""全天""}",风景名胜;风景名胜;风景名胜,位于新都区，相传为杜康墓，但真实性存疑。免费参观，地点较偏僻，建议自驾。游览约15分钟，注意周边环境。,杜康墓遗址为民间传说中酒圣杜康的衣冠冢，反映蜀地酿酒文化对历史人物的崇敬，虽无确证，但有民俗价值。,0.5,新都区
1100,拴马石遗址,-,风景名胜,平乐镇茶马古道中段川西竹海景区(东南角),103.307057,30.34047,3.8,0,"{""open"":""全天""}",风景名胜;风景名胜;风景名胜,位于邛崃市，拴马石为古代交通遗物，免费参观。建议结合附近古镇游览，约10分钟。石质文物，请勿踩踏。,拴马石遗址为古代驿道或宅院前拴系马匹的石柱或石孔，是研究邛崃地区古代交通、商贸与出行方式的重要实物。,0.5,邛崃市
1101,房屋震损遗址,-,风景名胜,龙池镇龙池国家森林公园内(东侧),103.61706,31.08725,3.8,0,"{""open"":""全天""}",风景名胜;风景名胜;风景名胜,建议上午参观，游览约1小时。免费开放，位于都江堰市区，可步行或打车前往。注意地面不平，穿舒适鞋。,2008年汶川地震中都江堰城区房屋受损的典型遗址，保留震后原貌，是重要的地震灾害教育纪念地。,1.5,都江堰市
1102,宝光寺-庐山遗迹,-,风景名胜,宝光街81号宝光桂湖文化旅游区宝光寺(西南角),104.160452,30.83114,3.9,0,"{""open"":""全天""}",风景名胜;风景名胜相关;旅游景点,位于新都区宝光寺内，可结合寺庙一起游览，建议游玩2-3小时。门票5元，开放时间8:00-17:00，注意寺内禁止喧哗。,宝光寺为清代古刹，寺内保存有唐代佛塔地宫及历代碑刻，庐山遗迹指寺后山体中的古文化层，反映新都千年佛教文化。,2.0,新都区
1103,河池遗址,-,风景名胜,协泰南街与协和巷交叉口广场处,104.044231,30.508254,3.7,0,"{""open"":""全天""}",风景名胜;风景名胜;风景名胜,位于双流区，建议自驾前往，游览约1小时。免费开放，无专门停车场，注意文明参观，保护遗址环境。,河池遗址为成都平原早期人类聚落遗址，出土新石器时代陶器与石器，对研究古蜀文明起源有重要价值。,0.8,双流区
1104,宽窄巷子文物挖掘遗址-裕德苑,-,风景名胜,宽窄巷子景区(宽窄巷子地铁站B口步行170米),104.052156,30.663933,3.8,0,"{""open"":""全天""}",风景名胜;风景名胜相关;旅游景点,位于宽窄巷子景区内，可结合参观宽窄巷子一并游览，建议下午前往，游览约30分钟。免费，无需预约，注意保护文物。,裕德苑为清代民居院落，其地下考古发掘出土唐宋时期街坊遗迹，展现了宽窄巷子区域千年城市演变历史。,0.8,青羊区
1105,岩居遗址,-,风景名胜,平乐镇茶马古道中段川西竹海景区(东南角),103.30735,30.340434,3.6,0,"{""open"":""全天""}",风景名胜;风景名胜相关;旅游景点,位于邛崃山区，建议春秋季前往，需自驾或包车，游览约1.5小时。免费，山路崎岖，注意安全，备好饮用水。,岩居遗址是古代邛崃先民在崖壁上开凿的居住遗迹，距今约数千年，反映了川西地区早期人类适应自然的生存智慧。,0.5,邛崃市
1106,彭州龙门山地震遗址公园,-,风景名胜,小渔洞大桥遗址(西北角),103.768424,31.184801,4.0,0,"{""open"":""全天""}",风景名胜;公园广场;公园,位于彭州市龙门山镇，建议上午前往，游览2-3小时。免费开放，需自驾，注意景区部分区域未完全修复，穿防滑鞋。,纪念2008年汶川地震，保留山体崩塌、房屋损毁等震后遗迹，是国家级地震遗址公园，具有重大科普与纪念意义。,3.0,彭州市
1107,青白江遗址公园(暂停开放),-,风景名胜,团结中路与政府南路交叉口西南140米,104.249254,30.871334,3.5,0,"{""open"":""全天""}",风景名胜;公园广场;公园,目前暂停开放，不建议前往。恢复开放后可自驾前往，建议游览1小时，免费参观，具体开放时间请关注官方公告。,遗址公园内保留有汉代古城墙及唐宋时期文化层，是青白江区重要的考古遗址，见证了成都北郊古代城市发展脉络。,1.0,青白江区
1108,唐亭台遗址(暂停开放),-,风景名胜,草堂路28号成都杜甫草堂博物馆内,104.028205,30.661264,3.6,0,"{""open"":""全天""}",风景名胜;风景名胜相关;旅游景点,暂停开放，请勿前往。恢复后位于青羊区市区，可公交或地铁到达，游览约1小时，免费，注意查看最新公告。,唐亭台遗址为唐代成都城内的亭台建筑基址，出土大量唐代瓦当与瓷器碎片，是研究盛唐成都城市景观的珍贵实物。,0.5,青羊区
1109,金沙遗址博物馆游客中心(暂停营业),-,生活服务,金沙遗址路2号金沙遗址南门,104.011273,30.679444,3.9,0,"{""open"":""9:00"",""close"":""17:00""}",生活服务;信息咨询中心;服务中心,,,0.5,青羊区
1110,金沙遗址博物馆东门售票处(暂停营业),-,生活服务,青羊大道227号(金沙博物馆地铁站C口步行300米),104.014575,30.680485,3.8,0,"{""open"":""9:00"",""close"":""17:00""}",生活服务;售票处;公园景点售票处,,,0.5,青羊区
1111,白云寺遗址,-,风景名胜,五凤镇白岩村,104.458899,30.646996,3.7,0,"{""open"":""全天""}",风景名胜;风景名胜;风景名胜,位于金堂县山区，建议自驾前往，春秋季最佳，游览约1小时。免费，无商业设施，请自带水和食物，注意山路安全。,白云寺遗址为明清时期川西著名佛教寺院旧址，现存山门石阶与柱础，在民间有‘白云古刹’传说，承载金堂地方宗教记忆。,1.0,金堂县
1112,成都动物园-河马之家,-,风景名胜,昭觉寺南路234号成都动物园内(东侧),104.108353,30.708965,4.0,0,"{""open"":""8:00"",""close"":""17:00""}",风景名胜;风景名胜相关;旅游景点,位于成都动物园内，需购买动物园门票（20元），建议上午或下午凉爽时参观，游览约20分钟。注意文明投喂，勿拍打玻璃。,成都动物园河马之家是园内特色河马展区，饲养有非洲河马，让游客在市区即可观察大型水生哺乳动物，是亲子科普教育场所。,0.5,成华区
1113,成都动物园售票处,-,生活服务,昭觉寺南路234号成都动物园北大门,104.109072,30.70995,4.0,20,"{""open"":""8:00"",""close"":""17:00""}",生活服务;售票处;公园景点售票处,,,0.5,成华区
1114,成都动物园北门售票处,-,生活服务,昭觉寺南路234号成都动物园内(西北角),104.104542,30.711577,4.0,20,"{""open"":""8:00"",""close"":""17:00""}",生活服务;售票处;公园景点售票处,,,0.5,成华区
1115,成都动物园(南门),4A,风景名胜,昭明路与荆泰一路交叉口东北300米,104.104467,30.709316,4.5,20,"{""open"":""8:00"",""close"":""17:00""}",风景名胜;公园广场;动物园,成都动物园南门为主入口，建议上午9点前到避开人流，门票20元，游玩3-4小时。地铁3号线动物园站直达，注意保管随身物品。,成都动物园始建于1953年，是西南地区历史最悠久的城市动物园之一，南门为标志性大门，承载几代成都人的童年记忆。,3.0,成华区
1116,成都动物园游客服务中心,-,生活服务,昭觉寺南路234号成都动物园内(东侧),104.109072,30.70995,4.0,0,"{""open"":""全天""}",生活服务;信息咨询中心;服务中心,,,0.5,成华区
1117,动物园(地铁站),-,交通设施服务,3号线,104.103142,30.713648,4.2,0,"{""open"":""全天""}",交通设施服务;地铁站;地铁站,,,0.0,成华区
1118,成都动物园-火烈鸟,4A,风景名胜,昭觉寺南路234号成都动物园内(西南角),104.103489,30.708908,4.5,20,"{""open"":""8:00"",""close"":""17:30""}",风景名胜;风景名胜相关;旅游景点,建议上午或傍晚游览，避开正午炎热。动物园门票20元，需提前通过官方渠道购买。火烈鸟区靠近北门，建议游玩30分钟，注意保持安静，勿投喂食物。,成都动物园火烈鸟展区是园内特色水禽区之一，展示了大红鹳等珍稀鸟类。动物园作为西南地区重要科普基地，承载了城市生态教育与休闲功能。,0.5,成华区
1119,成都动物园-水禽湖,4A,风景名胜,昭觉寺南路234号成都动物园内(西南角),104.103986,30.708749,4.5,20,"{""open"":""8:00"",""close"":""17:30""}",风景名胜;风景名胜相关;旅游景点,位于成都动物园内，建议春秋季下午游览，光线好，观赏约30分钟。门票含在动物园门票内，注意保持安静，勿惊吓水鸟。,水禽湖是成都动物园的生态水域景观，栖息多种鹭类、雁鸭及鹈鹕，体现城市动物园的湿地保护与野生动物栖息功能。,0.5,成华区
1120,成都动物园-熊山,4A,风景名胜,昭觉寺南路234号成都动物园内(东侧),104.107087,30.710524,4.4,20,"{""open"":""8:00"",""close"":""17:30""}",风景名胜;风景名胜相关;旅游景点,位于成都动物园内，建议上午动物活跃时参观，游览约20分钟。含在动物园门票内，注意不要向熊投掷食物，遵守安全护栏。,熊山是成都动物园传统猛兽展区，饲养亚洲黑熊、棕熊等，通过模拟山石环境展示熊类习性，是园内历史最久的展馆之一。,0.5,成华区
1121,成都动物园-鹦鹉馆,4A,风景名胜,昭觉寺南路234号成都动物园内(西侧),104.104154,30.709845,4.4,20,"{""open"":""8:00"",""close"":""17:30""}",风景名胜;公园广场;动物园,位于成都动物园内，建议下午参观，游览约20分钟。含在门票内，鹦鹉馆可能较吵，注意不要伸手入笼，保护鸟类。,鹦鹉馆展示金刚鹦鹉、葵花凤头鹦鹉等多种热带鹦鹉，色彩艳丽，叫声悦耳，是动物园中深受儿童喜爱的科普互动展区。,0.5,成华区
1122,两栖爬行动物馆,4A,风景名胜,昭觉寺南路234号成都动物园内(西侧),104.103932,30.709924,4.3,20,"{""open"":""8:00"",""close"":""17:30""}",风景名胜;风景名胜相关;旅游景点,建议上午9-11点游览，避开周末人流高峰。门票含在动物园通票内，约2小时可看完。注意馆内灯光较暗，拍照勿开闪光灯。,成都动物园的两栖爬行动物馆是西南地区重要的两爬类展示场馆，饲养有扬子鳄、大鲵等珍稀物种，兼具科普教育与保护研究功能。,0.5,成华区
1123,成都动物园北门游客服务中心,-,生活服务,青龙街道昭觉寺南路234号,104.10457,30.711906,4.0,0,"{""open"":""全天""}",生活服务;信息咨询中心;服务中心,,,0.5,成华区
1124,成都动物园-羚羊馆,4A,风景名胜,昭觉寺南路234号成都动物园内(东侧),104.108328,30.71025,4.3,20,"{""open"":""8:00"",""close"":""17:30""}",风景名胜;风景名胜相关;旅游景点,羚羊馆靠近北门，建议清晨或傍晚观赏，此时动物较活跃。游览时长约20分钟，无需单独购票，注意保持安静，不要投喂。,成都动物园羚羊馆主要展示扭角羚、藏羚羊等高原物种，体现了四川西部山地生态特色，是了解青藏高原动物多样性的窗口。,0.5,成华区
1125,成都动物园-园庭部,4A,风景名胜,昭觉寺南路234号成都动物园内(东南角),104.107799,30.707661,4.2,20,"{""open"":""8:00"",""close"":""17:30""}",风景名胜;风景名胜相关;旅游景点,园庭部为动物园后勤区域，游客一般不能进入，若开放可快速路过。建议以观赏主干道动物为主，此处停留不超过10分钟。,园庭部是成都动物园的园林养护与后勤管理区域，虽不对公众开放，但代表了公园日常运营的支撑体系，体现现代动物园的综合管理功能。,0.5,成华区
1126,成都动物园-山魈馆,4A,风景名胜,昭觉寺南路234号成都动物园内(东南角),104.106196,30.71005,4.4,20,"{""open"":""8:00"",""close"":""17:30""}",风景名胜;风景名胜相关;旅游景点,山魈馆建议上午10点左右参观，喂食时最为活跃。游览15分钟即可，注意保持距离，不要拍打玻璃，周末需排队。,山魈是非洲雨林珍稀灵长类，成都动物园的山魈馆为西南地区少有展示，其鲜艳面部花纹极具观赏性，同时承担濒危物种异地保护职责。,0.5,成华区
1127,成都动物园-马鹿,4A,风景名胜,昭觉寺南路234号成都动物园(东北角),104.107058,30.711919,4.2,20,"{""open"":""8:00"",""close"":""17:30""}",风景名胜;风景名胜相关;旅游景点,马鹿展区位于草食区，春秋季天气凉爽时观赏最佳。游览时长约15分钟，可结合周边鹿苑一并参观，勿大声喧哗以免惊扰动物。,马鹿为国家二级保护动物，在四川主要分布于川西高原。成都动物园的饲养展示有助于公众认识这一青藏高原边缘地带的典型有蹄类。,0.5,成华区
1128,成都动物园-猴山,4A,风景名胜,昭觉寺南路234号成都动物园内,104.106372,30.710858,4.5,20,"{""open"":""8:00"",""close"":""17:30""}",风景名胜;风景名胜相关;旅游景点,猴山是热门展区，建议工作日午后前往，人少且猴子活跃。游览20-30分钟，注意保管好随身物品，猴子可能抓挠，禁止投喂自带食物。,猴山是成都动物园经典展区，饲养有猕猴等种类，模拟自然山石环境，一直深受市民喜爱，承载了几代成都人的童年记忆。,0.5,成华区
1129,成都动物园-大羊驼,4A,风景名胜,昭觉寺南路234号成都动物园内(东侧),104.107896,30.710773,4.3,20,"{""open"":""8:00"",""close"":""17:30""}",风景名胜;风景名胜相关;旅游景点,大羊驼展区靠近儿童区，建议周末上午带小孩游玩。游览15分钟，羊驼温顺可近距离观察，但勿伸手喂食，注意地面清洁。,大羊驼原产南美安第斯山脉，成都动物园引进展示，既增加动物多样性，也让游客了解高原驯化动物的生态价值与外来物种保护意义。,0.5,成华区
1130,成都动物园-大鹿苑,4A,风景名胜,昭觉寺南路234号成都动物园内,104.106995,30.712268,4.3,20,"{""open"":""8:00"",""close"":""17:30""}",风景名胜;公园广场;动物园,大鹿苑面积较大，建议步行慢游，清晨或黄昏鹿群活动频繁。游览约30分钟，可结合草食动物区整体规划，注意步道湿滑。,大鹿苑集中展示梅花鹿、马鹿等多种鹿科动物，模拟林缘栖息环境，反映四川山地森林生态系统的物种组成，是自然教育的重要场所。,0.5,成华区
1131,成都动物园-美洲红鹮,-,风景名胜,昭觉寺南路234号成都动物园内(西南角),104.103489,30.709063,4.5,20,"{""open"":""8:30"",""close"":""17:30""}",风景名胜;风景名胜相关;旅游景点,美洲红鹮展区临近水禽湖，建议晴天上午观赏，红色羽毛在阳光下更鲜艳。游览10-15分钟，带长焦镜头拍摄效果更佳。,美洲红鹮是世界上最红的鸟类之一，原产南美洲。成都动物园的引进展示，丰富了水鸟展区色彩，也传递了全球生物多样性保护理念。,0.5,成华区
1132,成都动物园-薮猫,-,风景名胜,昭觉寺南路234号成都动物园内(东侧),104.107904,30.709583,4.5,20,"{""open"":""8:30"",""close"":""17:30""}",风景名胜;风景名胜相关;旅游景点,薮猫展区建议下午2-4点参观，此时猫科动物较活跃。游览约15分钟，注意保持安静，薮猫听觉灵敏，勿用闪光灯。,薮猫是非洲特有的小型猫科动物，以长腿大耳著称。成都动物园展示薮猫，有助于公众了解非洲草原生态及猫科动物进化多样性。,0.5,成华区
1133,成都动物园科普馆(暂停营业),-,科教文化服务,昭觉寺南路234号成都动物园内(西南角),104.103473,30.708537,3.8,0,"{""open"":""9:00"",""close"":""17:00""}",科教文化服务;科教文化场所;科教文化场所,该馆暂停营业，请勿前往。可关注成都动物园官方公众号获取重新开放时间，或改游园内其他科普展板与讲解活动。,成都动物园科普馆原为面向青少年的动物知识教育基地，定期举办主题展览与互动课堂，是连接动物园与公众科学素养培养的核心平台。,1.5,成华区
1134,成都动物园-白沙长角羚,-,风景名胜,昭觉寺南路234号成都动物园内(东侧),104.108517,30.709993,4.5,20,"{""open"":""8:30"",""close"":""17:30""}",风景名胜;风景名胜相关;旅游景点,白沙长角羚展区位于非洲动物区，建议上午10点或下午3点喂食时间观赏。游览10-15分钟，注意展区围栏，勿攀爬。,白沙长角羚原产非洲干旱地区，以长而弯曲的角著称，是极度濒危物种。成都动物园参与其国际保护计划，展示具有全球保护教育意义。,0.5,成华区
1135,成都动物园-激战鲨鱼岛,-,风景名胜,昭觉寺南路234号成都动物园内(东北角),104.106897,30.71081,4.3,20,"{""open"":""8:30"",""close"":""17:30""}",风景名胜;风景名胜相关;旅游景点,激战鲨鱼岛为游乐设施，非动物展区。需另购票（约20元/人），游玩时间约10分钟，适合亲子，注意身高限制及安全提示。,激战鲨鱼岛是成都动物园内配套的机械游乐项目，以鲨鱼为主题的水上射击游戏，为家庭游客提供休闲娱乐，缓解纯观赏的疲劳。,1.0,成华区
1136,成都动物园地下停车场(出入口),-,交通设施服务,昭觉寺南街地下停车场(动物园地铁站A口步行180米),104.102866,30.711819,3.8,0,"{""open"":""全天""}",交通设施服务;停车场;停车场出入口,,,0.0,成华区
1137,成都动物园-岩羊,-,风景名胜,昭觉寺南路234号成都动物园内(东侧),104.108219,30.710429,4.5,20,"{""open"":""8:30"",""close"":""17:30""}",风景名胜;风景名胜相关;旅游景点,岩羊展区在假山区，建议上午观赏，它们善于攀爬，跳跃活动多。游览15分钟，注意安全护栏，勿向笼内扔杂物。,岩羊又称崖羊，栖息于高原裸岩地带，善攀陡峭山崖。成都动物园的展示模拟岩石生境，让游客感受高山动物的生存智慧。,0.5,成华区
1138,成都动物园-羊驼,-,风景名胜,昭青横路与昭晖路交叉口北400米,104.105073,30.707769,4.5,20,"{""open"":""8:30"",""close"":""17:30""}",风景名胜;风景名胜相关;旅游景点,羊驼区人气高，建议周末上午或中午前往，互动性较强。游览15-20分钟，可购买园内专用饲料喂食，但注意手部卫生。,羊驼性情温和，外形可爱，是南美安第斯山区传统家畜。成都动物园饲养羊驼，既满足游客亲近动物的需求，也科普了驯化物种的经济价值。,0.5,成华区
1139,成都动物园-鸸鹋,-,风景名胜,昭觉寺南路234号成都动物园内(东南角),104.107844,30.708158,4.5,20,"{""open"":""8:30"",""close"":""17:30""}",风景名胜;风景名胜相关;旅游景点,建议上午9-10点或下午3-4点参观，避开正午炎热。动物园门票20元，含所有展区。鸸鹋区靠近北门，可顺路游览。,鸸鹋是澳大利亚国鸟，成都动物园引进展示，体现国际动物交流合作，科普价值高，适合亲子教育。,0.5,成华区
1140,成都动物园-双峰驼,-,风景名胜,昭觉寺南路234号成都动物园内(东侧),104.108248,30.710764,4.5,20,"{""open"":""8:30"",""close"":""17:30""}",风景名胜;风景名胜相关;旅游景点,双峰驼展区位于园区中部，建议春秋季游览，夏季注意防暑。游览时长约15分钟，无需额外购票。可自带胡萝卜（需确认是否允许投喂）。,双峰驼是丝绸之路重要交通工具，成都作为南方丝绸之路起点，展示骆驼具有历史呼应意义，唤起对古商道的记忆。,0.5,成华区
1141,成都动物园管理处,-,政府机构及社会团体,昭觉寺南路234号成都动物园内(西北角),104.10534,30.711444,3.8,0,"{""open"":""9:00"",""close"":""17:00""}",政府机构及社会团体;政府机关;地市级政府及事业单位,,,0.0,成华区
1142,成都动物园-狼,-,风景名胜,昭觉寺南路234号成都动物园内(东南角),104.10743,30.707477,4.5,20,"{""open"":""8:30"",""close"":""17:30""}",风景名胜;风景名胜相关;旅游景点,狼展区建议清晨或傍晚参观，此时狼活动频繁。游览时长10-15分钟。注意保持安静，不要拍打玻璃。门票含在动物园20元内。,狼在中国传统文化中象征勇猛与团结，成都动物园通过科普展板介绍狼的生态习性，纠正对狼的负面刻板印象。,0.5,成华区
1143,成都动物园-海豹馆,-,风景名胜,昭明路与荆泰一路交叉口东280米,104.105027,30.708041,4.5,20,"{""open"":""8:30"",""close"":""17:30""}",风景名胜;公园广场;动物园,海豹馆有固定喂食表演时间（约上午10:30和下午2:30），建议提前10分钟到场。游览时长20-30分钟。室内凉爽，夏季避暑好去处。,海豹馆是成都动物园热门展区，展示海洋哺乳动物，帮助内陆城市居民了解海洋生态，强调海洋保护的重要性。,0.8,成华区
1144,成都动物园-美洲豹,-,风景名胜,昭觉寺南路234号成都动物园内(东侧),104.107933,30.709484,4.5,20,"{""open"":""8:30"",""close"":""17:30""}",风景名胜;风景名胜相关;旅游景点,美洲豹展区建议午后参观，它们常在午后活动。游览时长约15分钟。注意与玻璃保持距离，不要使用闪光灯拍照。门票20元含此区。,美洲豹是美洲最大猫科动物，成都动物园参与国际濒危物种保护计划，展出同时开展保育研究，体现生物多样性保护理念。,0.5,成华区
1145,成都动物园-类人猿馆,-,风景名胜,昭觉寺南路234号成都市野生动物救护中心,104.105048,30.710164,4.5,20,"{""open"":""8:30"",""close"":""17:30""}",风景名胜;风景名胜相关;旅游景点,类人猿馆建议上午参观，猿类上午较活跃。游览时长20-30分钟。馆内有科普讲解牌，可结合讲解了解灵长类进化知识。保持安静。,类人猿馆展示黑猩猩、猩猩等，与人类基因相似度高，成都动物园借此开展灵长类行为学研究，促进公众对进化论的理解。,0.8,成华区
1146,成都动物园-藏酋猴,-,风景名胜,昭觉寺南路234号成都动物园内,104.106339,30.710619,4.3,20,"{""open"":""8:00"",""close"":""17:00""}",风景名胜;风景名胜相关;旅游景点,藏酋猴展区建议上午参观，它们上午觅食活跃。游览时长10-15分钟。注意不要投喂自带食物，园区有指定饲料售卖。位于园区山坡处。,藏酋猴是中国特有物种，主要分布于四川等地，成都动物园作为本土物种展示窗口，强调川西高原生态保护意义。,0.5,成华区
1147,成都动物园-凉亭,-,风景名胜,昭觉寺南路234号成都动物园内(西南角),104.098313,30.718556,4.1,0,"{""open"":""全天""}",风景名胜;风景名胜;风景名胜,凉亭位于园区休憩带，适合游览中途休息。建议安排在上午或下午行程中段，停留10-20分钟。免费使用，可自备茶水点心。,凉亭为游客提供休憩场所，体现中国园林建筑中'亭'的实用与美学结合，也是动物园人性化设计的组成部分。,0.5,成华区
1148,成都动物园-毛冠鹿,-,风景名胜,昭觉寺南路234号成都动物园内(东北角),104.107581,30.711171,4.2,20,"{""open"":""8:00"",""close"":""17:00""}",风景名胜;公园广场;动物园,毛冠鹿展区建议清晨或傍晚参观，此时鹿群活跃。游览时长约10分钟。展区有树荫，夏季较舒适。门票包含在动物园20元内。,毛冠鹿是小型鹿科动物，分布于中国南方山林，成都动物园展示本土珍稀鹿种，有助于公众了解西南地区野生动物资源。,0.5,成华区
1149,成都动物园-圆悟禅师墓,-,风景名胜,昭觉寺南路234(成都动物园),104.105771,30.711631,4.0,20,"{""open"":""8:00"",""close"":""17:00""}",风景名胜;风景名胜相关;旅游景点,圆悟禅师墓位于动物园内僻静处，建议文化爱好者专程探访。游览时长15-20分钟。注意保持肃静，尊重历史遗迹。无需额外费用。,圆悟克勤是宋代高僧，曾在成都昭觉寺讲法，其墓园在动物园范围内，见证成都佛教文化历史，是园内重要人文遗迹。,0.5,成华区
1150,成都动物园-孟加拉白虎,-,风景名胜,昭觉寺南路234号成都动物园内(东侧),104.107689,30.709842,4.2,20,"{""open"":""8:00"",""close"":""17:00""}",风景名胜;公园广场;动物园,孟加拉白虎展区建议午后参观，白虎常在午后活动。游览时长15分钟。白虎为珍稀变种，注意观看时不要投喂。门票含动物园20元。,孟加拉白虎是基因突变个体，极为稀有。成都动物园展出白虎，兼具观赏与科普功能，讲解白化基因的遗传学知识。,0.8,成华区
1151,成都动物园-金丝猴馆,-,风景名胜,昭觉寺南路234号成都动物园内(西侧),104.104834,30.710395,4.3,20,"{""open"":""8:00"",""close"":""17:00""}",风景名胜;公园广场;动物园,金丝猴馆建议上午9-11点参观，此时猴群活跃且喂食后状态好。游览时长20-30分钟。馆内有科普讲解，适合亲子。保持安静勿惊扰。,金丝猴是中国国家一级保护动物，主要分布于四川、陕西等地。成都动物园的金丝猴馆是川金丝猴保育研究重要基地，展现四川生态名片。,0.8,成华区
1152,成都动物园-非洲狮,-,风景名胜,昭觉寺南路234号成都动物园内(东侧),104.107302,30.709737,4.1,20,"{""open"":""8:00"",""close"":""17:00""}",风景名胜;公园广场;动物园,非洲狮展区建议上午或傍晚参观，狮子此时较活跃。游览时长15分钟。注意保持距离，禁止投喂。门票含动物园20元。,非洲狮是草原之王，成都动物园通过模拟栖息地环境展示，向公众传达野生动物保护理念，同时参与国际狮类繁育计划。,0.5,成华区
1153,成都动物园-平原斑马,-,风景名胜,昭觉寺南路234号成都动物园内(东南角),104.107934,30.707885,4.0,20,"{""open"":""8:00"",""close"":""17:00""}",风景名胜;风景名胜相关;旅游景点,平原斑马展区建议午后参观，斑马午后常站立或慢走。游览时长10-15分钟。展区开阔，适合拍照。门票含动物园20元。,平原斑马来自非洲，其黑白条纹具有独特生物学意义。成都动物园展出斑马，丰富物种多样性，科普斑马群体生活习性。,0.5,成华区
1154,成都动物园-公共厕所,-,公共设施,昭觉寺南路234号成都动物园内(西南角),104.10439,30.708206,3.5,0,"{""open"":""全天""}",公共设施;公共厕所;公共厕所,,,0.0,成华区
1155,成都动物园-日本猴,-,风景名胜,昭觉寺南路234号成都动物园内,104.106393,30.710611,4.0,20,"{""open"":""8:00"",""close"":""17:00""}",风景名胜;公园广场;动物园,日本猴展区建议上午参观，猴群上午活跃。游览时长约15分钟。注意不要模仿猴群动作，保持安静。位于园区东北角。,日本猴又称雪猴，以泡温泉闻名。成都动物园引进日本猴，促进中日动物交流，同时科普灵长类社会行为研究内容。,0.5,成华区
1156,成都动物园-貉狸,-,风景名胜,昭觉寺南路234号成都动物园内(东南角),104.107277,30.70747,3.9,20,"{""open"":""8:00"",""close"":""17:00""}",风景名胜;风景名胜相关;旅游景点,建议上午9-10点或下午3-4点参观，此时貉狸较活跃。游览约30分钟，含在动物园门票内（20元），无需额外付费。注意保持安静，勿投喂。,貉狸为本土野生动物，成都动物园长期致力于其保护与科普展示，体现四川盆地生物多样性及人与自然和谐共处理念。,0.5,成华区
1157,成都动物园-碰碰车,-,风景名胜,荆竹中路与东昌路交叉口南220米,104.106716,30.711214,3.8,20,"{""open"":""8:00"",""close"":""17:00""}",风景名胜;风景名胜相关;旅游景点,适合亲子游玩，建议避开周末高峰期。每次约10分钟，需另购票（约10元/人）。身高1.2米以下儿童需家长陪同，注意安全。,动物园内的传统游乐设施，承载成都几代人的童年记忆，是城市公园娱乐文化与动物科普结合的典型代表。,0.5,成华区
1158,成都动物园-碑林,-,风景名胜,昭青路333号昭觉寺内,104.107402,30.708626,3.9,20,"{""open"":""8:00"",""close"":""17:00""}",风景名胜;风景名胜相关;旅游景点,位于动物园内僻静处，建议上午参观，光线好适合阅读碑文。游览约20分钟，无需额外门票。注意蚊虫，可备驱蚊液。,碑林收集了四川地区历代石刻及书法作品，具有地方历史文献价值，是动物园中难得的静观人文景观。,1.5,成华区
1159,成都动物园-公共厕所,-,公共设施,昭觉寺南路辅路与荆竹西路交叉口南160米,104.103088,30.712184,3.5,0,"{""open"":""全天""}",公共设施;公共厕所;公共厕所,,,0.0,成华区
1160,成都动物园-松鼠猴,-,风景名胜,昭觉寺南路234号成都动物园内(西侧),104.105718,30.710141,4.0,20,"{""open"":""8:00"",""close"":""17:00""}",风景名胜;风景名胜相关;旅游景点,建议上午10点前或下午4点后参观，松鼠猴最活跃。游览约20分钟，含门票内。观赏时勿用闪光灯，保持距离，防止惊扰。,松鼠猴原产南美，成都动物园引进饲养多年，通过展陈与讲解，向公众传递外来物种保护及生态平衡的重要性。,0.5,成华区
1161,儿童动物园,-,风景名胜,昭明路与昭觉寺南路辅路交叉口东380米,104.104578,30.708121,4.2,20,"{""open"":""全天""}",风景名胜;公园广场;动物园,适合带3-10岁儿童，建议周末上午前往，人少动物精神好。游览1小时左右，含门票内。注意看护孩子，勿攀爬围栏。,专为儿童设计的互动式动物园，提供温和动物接触体验，培养孩子爱护动物的意识，是成都亲子教育的重要场所。,1.0,成华区
1162,企鹅馆,-,风景名胜,昭觉寺南路(成都动物园),104.104658,30.708609,4.3,20,"{""open"":""8:00"",""close"":""17:00""}",风景名胜;风景名胜相关;旅游景点,企鹅馆夏季凉爽宜人，建议午后参观避暑。游览约20分钟，含门票内。馆内温度较低，带小孩可备薄外套。,成都虽非企鹅原生地，但馆内模拟极地环境，展示企鹅生活习性，体现现代动物园的异地保护与科普教育功能。,0.5,成华区
1163,成都动物园熊猫馆停车点,-,交通设施服务,昭觉寺南路与荆竹西路交叉口南200米,104.102982,30.711827,3.8,0,"{""open"":""全天""}",交通设施服务;停车场;公共停车场,,,0.0,成华区
1164,动物园枢纽站,-,交通设施服务,昭觉寺南路232号(动物园地铁站D口步行310米),104.102007,30.710701,3.9,0,"{""open"":""全天""}",交通设施服务;交通服务相关;交通服务相关,,,0.0,成华区
1165,龙泉山城市森林公园天府森林动物园,-,风景名胜,东山大道一段与蜀州路交叉口东南20米,104.076525,30.470875,4.1,0,"{""open"":""9:00"",""close"":""18:00""}",风景名胜;风景名胜相关;旅游景点,位于双流区，建议自驾前往，开放时间约9:00-17:00。游览2-3小时，门票约30元。山路较多，穿舒适运动鞋，备足饮水。,依托龙泉山城市森林公园建设，融合山地森林生态与动物观赏，体现成都公园城市理念与近郊生态旅游发展。,3.0,双流区
1166,动物园(公交站),-,交通设施服务,(停运)漫花庄园(农家乐)假日专线;166路;198路;198路区间;428路;70路;87路区间;凤凰湖赏花专线;城厢古镇休闲专线;天府国际机场公交专线3号线;天府国际机场公交专线3号线区间;天府国际机场公交专线夜间3号线;熊猫基地动物园假日专线;社区巴士1035路;锦门休闲专线,104.102396,30.711076,3.7,0,"{""open"":""全天""}",交通设施服务;公交车站;公交车站相关,,,0.0,成华区
1167,成都野生动物世界,-,风景名胜,和盛镇友庆兰亭社区天乡路三段,103.802062,30.704221,4.2,80,"{""open"":""9:00"",""close"":""17:00""}",风景名胜;公园广场;动物园,位于温江区，建议春秋季前往，天气宜人。开放时间9:00-17:00，门票约100元。游览半天，可提前网上购票优惠。注意防晒防蚊。,成都较早的野生动物园之一，以散放式饲养和表演为特色，曾为温江旅游名片，推动区域休闲产业与科普教育。,3.5,温江区
1168,狮虎苑,-,风景名胜,昭觉寺南路234号成都动物园内(东侧),104.107321,30.709799,4.0,20,"{""open"":""8:00"",""close"":""17:00""}",风景名胜;风景名胜相关;旅游景点,建议午后参观，猛兽午休后较活跃。游览约20分钟，含门票内。保持安全距离，禁止投喂、拍打玻璃。,狮虎同苑展示大型猫科动物，是动物园传统核心展区，体现猛兽保护与公众安全教育，象征力量与野性之美。,0.5,成华区
1169,成都动物园熊猫基地昭觉寺地铁公交站普通公寓,-,交通设施服务,荆竹坝东街与荆翠南一街交叉口西南180米,104.098714,30.709735,3.5,0,"{""open"":""全天""}",交通设施服务;交通服务相关;交通服务相关,,,0.0,成华区
1170,棣棣的Mini动物园(青石桥店),-,风景名胜,新开街与南府街交叉口东北120米,104.069725,30.649425,3.8,0,"{""open"":""10:00"",""close"":""22:00""}",风景名胜;公园广场;动物园,位于锦江区青石桥商圈，属小型室内宠物互动店。建议非高峰时段前往，体验约1小时，按项目收费（30-80元）。提前电话确认营业时间。,城市商业区中的迷你动物园，代表新兴宠物互动经济，满足都市人近距离接触动物的需求，体现现代休闲消费趋势。,0.5,锦江区
1171,动物园地铁站A口,-,交通设施服务,3号线,104.103343,30.712846,3.9,0,"{""open"":""全天""}",交通设施服务;地铁站;出入口,,,0.0,成华区
1172,成都动物园-猴馆公共厕所,-,公共设施,昭觉寺南路234号,104.105976,30.710233,3.8,0,"{""open"":""8:00"",""close"":""17:00""}",公共设施;公共厕所;公共厕所,,,0.0,成华区
1173,金鱼廊,-,风景名胜,昭觉寺南路234号成都动物园内(西侧),104.104079,30.710592,4.0,20,"{""open"":""8:00"",""close"":""17:00""}",风景名胜;风景名胜相关;旅游景点,金鱼廊光线柔和，适合全天参观，上午观赏更佳。游览约15分钟，含门票内。可带孩子认识不同品种，但勿投食。,金鱼养殖是中国传统园艺文化，成都动物园金鱼廊展示多种珍稀品种，延续川西园林审美与观赏鱼文化底蕴。,0.5,成华区
1174,园宸酒店(成都昭觉寺南路动物园地铁站店),-,住宿服务,双水碾街道双荆路2号16栋7楼717号,104.099143,30.708369,4.0,0,"{""open"":""全天""}",住宿服务;宾馆酒店;宾馆酒店,,,0.0,成华区
1175,颜家味·老成都家常菜(动物园店),-,餐饮服务,昭觉寺南路280号(动物园地铁站B口旁),104.104181,30.714299,4.1,0,"{""open"":""10:00"",""close"":""22:00""}",餐饮服务;中餐厅;中餐厅,,,1.0,成华区
1176,豹猫,-,风景名胜,昭觉寺南路234号成都动物园内(东侧),104.107797,30.709648,4.0,0,"{""open"":""全天""}",风景名胜;风景名胜相关;旅游景点,豹猫为夜行性动物，建议上午开园或傍晚闭园前参观。游览约15分钟，含门票内。保持安静，勿使用闪光灯。,豹猫为国家二级保护动物，成都动物园参与其救助与繁育，展示本土猫科动物生态，促进公众对野生猫科保护认知。,0.5,成华区
1177,博客庄园·禅茶酒店(成都动物园地铁站店),-,住宿服务,昭觉寺南路260号华润熙悦广场2号楼11层(动物园旁),104.103498,30.712721,4.0,0,"{""open"":""全天""}",住宿服务;宾馆酒店;宾馆酒店,,,0.0,成华区
1178,塔斯汀中国汉堡(成都市成华动物园店),-,餐饮服务,荆竹中路337号附109、119号1层,104.104426,30.712701,3.8,0,"{""open"":""10:00"",""close"":""22:00""}",餐饮服务;餐饮相关场所;餐饮相关,,,1.0,成华区
1179,7天酒店成都动物园东大门店地下停车点(出口),-,交通设施服务,东紫路与东丽街交叉口西北80米,104.10854,30.711043,3.5,0,"{""open"":""全天""}",交通设施服务;停车场;停车场出口,,,0.0,成华区
1180,成都鑫派酒店(动物园驷马桥地铁站店),-,住宿服务,解放路一段192号(卡拉卡拉温泉旁6楼),104.089497,30.692535,4.0,0,"{""open"":""全天""}",住宿服务;宾馆酒店;宾馆酒店,,,0.0,金牛区
1181,成都熊猫基地动物园憬黎酒店及服务公寓,-,住宿服务,青龙路143号,104.108417,30.704692,4.2,0,"{""open"":""全天""}",住宿服务;住宿服务相关;住宿服务相关,,,0.0,成华区
1182,成都农商银行(动物园分理处),-,金融保险服务,荆竹中路266-268(动物园地铁站B口步行230米),104.105872,30.713633,3.8,0,"{""open"":""9:00"",""close"":""17:00""}",金融保险服务;银行;农村商业银行,,,0.0,成华区
1183,甘食记·成都肥肠粉(成都动物园店),-,餐饮服务,昭觉寺南路270号华润熙悦广场B1层,104.103997,30.71286,4.0,0,"{""open"":""10:00"",""close"":""22:00""}",餐饮服务;中餐厅;四川菜(川菜),,,1.0,成华区
1184,耀KTV(成都动物园店),-,体育休闲服务,昭觉寺南路260号华润·熙悦广场B1层,104.104556,30.713187,3.8,0,"{""open"":""12:00"",""close"":""24:00""}",体育休闲服务;体育休闲服务场所;体育休闲服务场所,位于动物园附近，非景区内设施。建议晚间前往，营业时间通常至凌晨。以量贩式为主，价格适中，适合朋友聚会。,依托动物园客流形成的休闲配套，体现成都“吃喝玩乐”城市文化，是游客游园后放松的常见选择。,2.5,成华区
1185,昭觉寺南街地下停车场,-,交通设施服务,昭觉寺南路234号成都动物园(西北角),104.102988,30.711944,3.8,0,"{""open"":""全天""}",交通设施服务;停车场;公共停车场,,,0.0,成华区
1186,大象馆,-,风景名胜,昭觉寺南路234号成都动物园内(东南角),104.108417,30.708402,4.2,20,"{""open"":""8:00"",""close"":""18:00""}",风景名胜;公园广场;动物园,建议上午9-11点参观，大象室外活动频繁。游览约20分钟，含门票内。留意气味较重，可戴口罩。勿攀爬围栏。,大象馆是成都动物园标志性展馆之一，饲养亚洲象，承载数十年科普教育历史，象征动物园对大型哺乳动物的保护责任。,1.5,成华区
1187,慕森主题酒店(成都动物园店),-,住宿服务,昭觉寺南路260号华润熙悦广场2号楼8层,104.103544,30.71268,4.0,0,"{""open"":""全天""}",住宿服务;宾馆酒店;宾馆酒店,,,0.0,成华区
1188,易住酒店(成都动物园地铁站店),-,住宿服务,荆翠西路金科中心8栋4楼(川陕立交内侧),104.103505,30.717869,4.0,0,"{""open"":""全天""}",住宿服务;宾馆酒店;宾馆酒店,,,0.0,成华区
1189,木子酒店(成都熊猫基地动物园地铁站店),-,住宿服务,东紫路618号东林生活广场F6层,104.110083,30.713918,4.0,0,"{""open"":""全天""}",住宿服务;宾馆酒店;宾馆酒店,,,0.0,成华区
1190,长颈鹿馆,-,风景名胜,昭觉寺南路234号成都动物园内(东南角),104.107452,30.707683,4.2,20,"{""open"":""8:00"",""close"":""18:00""}",风景名胜;公园广场;动物园,长颈鹿馆上午喂食时间（约10:30）最适合观赏。游览约20分钟，含门票内。部分时段提供投喂体验（另收费），遵守工作人员指引。,长颈鹿是非洲草原代表物种，成都动物园通过高仿真栖地设计，展示其生活习性，传递全球野生动物保护理念。,1.5,成华区
1191,尚里酒店(成都动物园地铁站店),-,住宿服务,荆翠西路118号金科中心5栋,104.102839,30.717236,3.9,0,"{""open"":""全天""}",住宿服务;住宿服务相关;住宿服务相关,,,0.0,成华区
1192,成都赤诚公寓(动物园店),-,住宿服务,仁爱路166号泛悦城市广场8号公寓20楼08号,104.100876,30.704839,3.8,0,"{""open"":""全天""}",住宿服务;旅馆招待所;旅馆招待所,,,0.0,成华区
1193,朗丽兹酒店(成都动物园昭觉寺南路地铁站店),-,住宿服务,昭觉寺横路40号(近昭觉寺南路地铁站),104.102292,30.702307,3.9,0,"{""open"":""全天""}",住宿服务;住宿服务相关;住宿服务相关,,,0.0,成华区
1194,金瑞轩酒店(成都熊猫基地动物园地铁站店),-,住宿服务,龙绵街1614号,104.110707,30.709061,3.9,0,"{""open"":""全天""}",住宿服务;宾馆酒店;宾馆酒店,,,0.0,成华区
1195,星兴酒店(成都动物园驷马桥地铁站店),-,住宿服务,解放路一段204新银商务楼F3层,104.09098,30.694935,3.8,0,"{""open"":""全天""}",住宿服务;宾馆酒店;宾馆酒店,,,0.0,金牛区
1196,成都春天酒店(动物园李家沱地铁站店),-,住宿服务,二环路北三段21号,104.088651,30.693036,3.8,0,"{""open"":""全天""}",住宿服务;宾馆酒店;宾馆酒店,,,0.0,金牛区
1197,如家商旅酒店(成都熊猫基地动物园地铁站店),-,住宿服务,龙绵街1650-1652号,104.109964,30.709168,4.0,0,"{""open"":""全天""}",住宿服务;宾馆酒店;宾馆酒店,,,0.0,成华区
1198,成都美宜居公寓(动物园昭觉寺南路地铁站店),-,住宿服务,羊子山路88号融锦城3栋1单元9层21号,104.097752,30.705666,3.8,0,"{""open"":""全天""}",住宿服务;住宿服务相关;住宿服务相关,,,0.0,成华区
1199,飓之龙电竞酒店(成都动物园地铁站店),-,住宿服务,金科中心5栋1楼,104.102859,30.717135,3.7,0,"{""open"":""全天""}",住宿服务;住宿服务相关;住宿服务相关,,,0.0,成华区
1200,有巢公寓(成都动物园二店),-,商务住宅,龙绵街1666号,104.110319,30.709016,3.7,0,"{""open"":""全天""}",商务住宅;商务住宅相关;商务住宅相关,,,0.5,成华区
1201,宿盟民宿(成都动物园昭觉寺地铁站店),-,住宿服务,昭觉寺横路9号一栋三单元一楼103门市,104.101603,30.70639,3.7,0,"{""open"":""全天""}",住宿服务;旅馆招待所;旅馆招待所,,,0.0,成华区
1202,如家商旅酒店(成都熊猫基地动物园地铁站店)·餐厅,-,餐饮服务,龙绵街1666号青龙广场F1,104.109797,30.709086,3.6,0,"{""open"":""10:00"",""close"":""22:00""}",餐饮服务;中餐厅;中餐厅,,,1.0,成华区
1203,七栖酒店(成都动物园驷马桥地铁站店),-,住宿服务,解放北路一段202号附12号,104.090648,30.694349,3.8,0,"{""open"":""全天""}",住宿服务;宾馆酒店;宾馆酒店,,,0.0,金牛区
1204,动物园出口(北三环路三段东向),-,地名地址信息,成华区,104.095133,30.71911,3.5,0,"{""open"":""全天""}",地名地址信息;交通地名;城市快速路出口,,,0.0,成华区
1205,成都锐进花园假日酒店(成都动物园店),-,住宿服务,金科中心7栋4楼,104.103322,30.71708,3.9,0,"{""open"":""全天""}",住宿服务;宾馆酒店;宾馆酒店,,,0.0,成华区
1206,金美辰酒店(成都动物园地铁站店),-,住宿服务,荆翠西路2号金科中心8栋,104.103525,30.717925,3.8,0,"{""open"":""全天""}",住宿服务;住宿服务相关;住宿服务相关,,,0.0,成华区
1207,纯悦酒店(成都动物园店),-,住宿服务,青龙街道仁爱路166号泛悦城市广场9号公寓1楼大厅纯悦酒店前台,104.100425,30.704941,3.9,0,"{""open"":""全天""}",住宿服务;宾馆酒店;宾馆酒店,,,0.0,成华区
1208,味子夫鸡柳(成都动物园店),-,餐饮服务,青龙街道荆竹中路199号1栋-1层2241号自编号A10,104.104123,30.713174,3.7,0,"{""open"":""10:00"",""close"":""22:00""}",餐饮服务;餐饮相关场所;餐饮相关,,,1.0,成华区
1209,春季酒店(成都动物园昭觉寺南路店),-,住宿服务,昭觉寺南路50号金科星耀天都2号楼1层,104.096744,30.700844,3.8,0,"{""open"":""全天""}",住宿服务;宾馆酒店;宾馆酒店,,,0.0,成华区
1210,吾之屋(成都市昭觉寺动物园店),-,住宿服务,昭文路69号2栋27楼2711,104.102093,30.706719,3.8,0,"{""open"":""全天""}",住宿服务;宾馆酒店;宾馆酒店,,,0.0,成华区
1211,成都星语轻奢公寓(成都动物园昭觉寺地铁站店),-,住宿服务,昭文路36号大陆潮里4幢22楼2216号,104.101696,30.705346,3.7,0,"{""open"":""全天""}",住宿服务;住宿服务相关;住宿服务相关,,,0.0,成华区
1212,TOWO上品酒店(成都动物园府青路地铁站店),-,住宿服务,青龙街道致顺南二街33号,104.110329,30.698173,3.8,0,"{""open"":""全天""}",住宿服务;宾馆酒店;宾馆酒店,,,0.0,成华区
1213,海滨铂雅酒店(成都动物园熊猫馆店),-,住宿服务,昭觉寺南路270号华润熙悦广场1栋11楼-16楼,104.103922,30.713196,3.9,0,"{""open"":""全天""}",住宿服务;住宿服务相关;住宿服务相关,,,0.0,成华区
1214,元峰电竞酒店(成都动物园昭觉寺地铁站店),-,住宿服务,昭觉寺南路金科星耀天都2栋,104.096787,30.700636,3.6,0,"{""open"":""全天""}",住宿服务;宾馆酒店;宾馆酒店,,,0.0,成华区
1215,藤華酒店(成都动物园店),-,住宿服务,羊子山路297号(近动物园、昭觉寺汽车站),104.095554,30.705168,3.8,0,"{""open"":""全天""}",住宿服务;住宿服务相关;住宿服务相关,,,0.0,成华区
1216,子龙阁精品酒店(成都动物园店),-,住宿服务,驷马桥羊子山路68号圣地亚家居广场5层,104.096662,30.703549,3.8,0,"{""open"":""全天""}",住宿服务;宾馆酒店;宾馆酒店,,,0.0,成华区
1217,宸玥酒店(成都熊猫基地动物园地铁站店),-,住宿服务,龙绵街1650-1652号,104.109866,30.709074,3.9,0,"{""open"":""全天""}",住宿服务;宾馆酒店;宾馆酒店,,,0.0,成华区
1218,益禾堂(成都华润熙悦动物园店),-,餐饮服务,昭觉寺南路270号1栋1单元1层106号,104.104025,30.713325,3.7,0,"{""open"":""10:00"",""close"":""22:00""}",餐饮服务;冷饮店;冷饮店,,,1.0,成华区
1219,书亦烧仙草(成都动物园店),-,餐饮服务,荆竹中路285号,104.103775,30.713275,3.7,0,"{""open"":""10:00"",""close"":""22:00""}",餐饮服务;休闲餐饮场所;休闲餐饮场所,,,1.0,成华区
1220,雨点公寓(成都动物园2号店),-,住宿服务,驷马桥西林一街19号金科星耀天都,104.096255,30.700947,3.7,0,"{""open"":""全天""}",住宿服务;住宿服务相关;住宿服务相关,,,0.0,成华区
1221,橙乐主题酒店公寓(成都动物园地铁站店),-,住宿服务,荆翠西路2号金科中心9栋15层,104.104092,30.717427,3.8,0,"{""open"":""全天""}",住宿服务;旅馆招待所;旅馆招待所,,,0.0,成华区
1222,瑞喜国际酒店(成都动物园熊猫大道南大门地铁站店),-,住宿服务,荆翠西路2号金科中心6栋,104.102877,30.717784,4.0,0,"{""open"":""全天""}",住宿服务;宾馆酒店;四星级宾馆,,,0.0,成华区
1223,刀马旦老成都板凳面(动物园店),-,餐饮服务,羊子山西路19号附五号,104.097725,30.706425,3.9,0,"{""open"":""10:00"",""close"":""22:00""}",餐饮服务;餐饮相关场所;餐饮相关,,,1.0,成华区
1224,宿铂漫酒店(成都动物园地铁站店),-,住宿服务,荆翠西路2号金科中心5栋,104.102854,30.717087,3.8,0,"{""open"":""全天""}",住宿服务;住宿服务相关;住宿服务相关,,,0.0,成华区
1225,云上民宿(成都动物园昭觉寺南路店),-,住宿服务,青龙街道昭文路69号大陆颐府2栋2202号,104.10196,30.706824,3.7,0,"{""open"":""全天""}",住宿服务;旅馆招待所;旅馆招待所,,,0.0,成华区
1226,线所酒店(成都动物园昭觉寺南路地铁站店),-,住宿服务,昭觉寺南路50号金科星耀天都4号楼13层,104.096421,30.699791,3.8,0,"{""open"":""全天""}",住宿服务;住宿服务相关;住宿服务相关,,,0.0,成华区
1227,都悦时尚酒店(成都动物园地铁站店),-,住宿服务,昭觉寺南路270号华润熙悦广场F9层,104.103981,30.713309,3.8,0,"{""open"":""全天""}",住宿服务;宾馆酒店;宾馆酒店,,,0.0,成华区
1228,宜必思酒店(成都动物园地铁站店),-,住宿服务,荆翠西路2号金科中心9栋4-8层和11层,104.104223,30.717305,4.0,0,"{""open"":""全天""}",住宿服务;宾馆酒店;经济型连锁酒店,,,0.0,成华区
1229,成都上乘假日酒店(成都动物园店),-,住宿服务,荆翠西路2号金科中心5栋4层,104.102986,30.717052,3.8,0,"{""open"":""全天""}",住宿服务;住宿服务相关;住宿服务相关,,,0.0,成华区
1230,香榭丽榭酒店(成都动物园昭觉寺南路地铁站店),-,住宿服务,双荆路2号招商雍华府16栋,104.099204,30.708662,3.8,0,"{""open"":""全天""}",住宿服务;住宿服务相关;住宿服务相关,,,0.0,成华区
1231,成都昭觉寺北欧风情公寓(成都动物园店),-,住宿服务,驷马桥西林一街19号金科星耀天都,104.095475,30.699925,3.7,0,"{""open"":""全天""}",住宿服务;住宿服务相关;住宿服务相关,,,0.0,成华区
1232,栖悦民宿(成都动物园昭觉寺地铁站店),-,住宿服务,青龙街道昭觉寺横路31号梵锦108公寓1栋3单元403室,104.101694,30.70597,3.9,0,"{""open"":""全天""}",住宿服务;宾馆酒店;经济型连锁酒店,,,0.0,成华区
1233,有巢公寓(成都动物园店),-,商务住宅,东紫路499号,104.10919,30.711602,3.5,0,"{""open"":""全天""}",商务住宅;商务住宅相关;商务住宅相关,,,0.5,成华区
1234,且停民宿(成都动物园店),-,住宿服务,青龙街道昭觉寺横路31号1栋3单元616室,104.101557,30.705907,3.7,0,"{""open"":""全天""}",住宿服务;旅馆招待所;旅馆招待所,,,0.0,成华区
1235,铂星球电竞酒店(成都动物园店),-,住宿服务,昭觉寺横路99号,104.105566,30.701363,3.8,0,"{""open"":""全天""}",住宿服务;宾馆酒店;宾馆酒店,,,0.0,成华区
1236,优堡联盟酒店(成都动物园店),-,住宿服务,昭觉寺南路金科星耀天都2号楼,104.096301,30.701002,3.8,0,"{""open"":""全天""}",住宿服务;宾馆酒店;宾馆酒店,,,0.0,成华区
1237,平头哥电竞酒店(成都动物园昭觉寺南路地铁站店),-,住宿服务,洪山北路99号附201号,104.094162,30.7056,3.9,0,"{""open"":""全天""}",住宿服务;住宿服务相关;住宿服务相关,,,0.0,成华区
1238,停车场(暂停营业),-,交通设施服务,昭觉寺南路234号(动物园地铁站D口步行360米),104.101947,30.71035,3.5,0,"{""open"":""全天""}",交通设施服务;停车场;公共停车场,,,0.0,成华区
1239,永和大王(成都动物园),-,餐饮服务,青龙街道东紫路404号永和大王,104.109315,30.709425,3.8,0,"{""open"":""10:00"",""close"":""22:00""}",餐饮服务;餐饮相关场所;餐饮相关,,,1.0,成华区
1240,切果NOW(成都动物园店),-,购物服务,沙河北岸南区东门旁,104.092991,30.711924,3.7,0,"{""open"":""10:00"",""close"":""22:00""}",购物服务;综合市场;果品市场,位于动物园地铁站附近，建议出园后顺路购买鲜切水果。营业时间约10:00-22:00，可提前手机下单减少等待，注意核对价格标签。,成都动物园商圈配套服务点，体现成都人休闲生活中对新鲜、便捷消费的追求，是亲子游客补充能量的常见选择。,0.5,成华区
1241,御凤甲柴火鸡(成都动物园店),-,餐饮服务,兴元华盛1期1号门东130米,104.095213,30.707868,3.9,0,"{""open"":""10:00"",""close"":""22:00""}",餐饮服务;餐饮相关场所;餐饮相关,,,1.0,成华区
1242,骏海轩智住酒店(成都动物园地铁站店),-,住宿服务,昭觉寺南路270号华润熙悦广场F8层,104.103577,30.712558,3.8,0,"{""open"":""全天""}",住宿服务;宾馆酒店;宾馆酒店,,,0.0,成华区
1243,艾u酒店(成都昭觉寺南路地铁站动物园店),-,住宿服务,青龙街道昭觉寺南路50号金科星耀天都2号楼713室,104.096152,30.701009,3.8,0,"{""open"":""全天""}",住宿服务;宾馆酒店;宾馆酒店,,,0.0,成华区
1244,熊猫抱抱酒店(成都动物园地铁站店),-,住宿服务,金科中心5栋,104.102675,30.717125,3.9,0,"{""open"":""全天""}",住宿服务;宾馆酒店;宾馆酒店,,,0.0,成华区
1245,雨点公寓(成都动物园19号店),-,住宿服务,成都成华璟宸世家7-1508,104.101086,30.711461,3.7,0,"{""open"":""全天""}",住宿服务;住宿服务相关;住宿服务相关,,,0.0,成华区
1246,美栖民宿(成都动物园昭觉寺南路地铁站店),-,住宿服务,昭文路69号2栋1单元24层2409号,104.102338,30.706469,3.8,0,"{""open"":""全天""}",住宿服务;住宿服务相关;住宿服务相关,,,0.0,成华区
1247,光享公寓(成都动物园昭觉寺地铁站店),-,住宿服务,羊子山路88号融锦城3栋1单元6楼604号,104.097762,30.705565,3.7,0,"{""open"":""全天""}",住宿服务;住宿服务相关;住宿服务相关,,,0.0,成华区
1248,成都新弘扬连锁酒店(成都动物园地铁站店),-,住宿服务,东紫路606号东林生活广场F1层,104.110044,30.713723,3.8,0,"{""open"":""全天""}",住宿服务;宾馆酒店;宾馆酒店,,,0.0,成华区
1249,精典汽车(成都动物园店),-,汽车服务,昭觉寺南路426号16栋1层、428号16栋1层、430号16栋1层,104.104721,30.715777,3.6,0,"{""open"":""08:00"",""close"":""20:00""}",汽车服务;汽车服务相关;汽车服务相关,,,0.0,成华区
1250,小七·轻奢影院酒店(成都动物园店),-,住宿服务,西林路138号瑞祥商厦9层,104.099825,30.699125,3.9,0,"{""open"":""全天""}",住宿服务;宾馆酒店;宾馆酒店,,,0.0,成华区
1251,蜀里亲子酒店(成都动物园店),-,住宿服务,荆翠南一街38号龙湖金地商置璟宸世家7栋8层821,104.100693,30.711273,4.0,0,"{""open"":""全天""}",住宿服务;宾馆酒店;宾馆酒店,,,0.0,成华区
1252,居未子公寓(成都动物园店),-,住宿服务,荆翠南一街38号龙湖金地商置璟7栋1单元322室,104.101086,30.711461,3.9,0,"{""open"":""全天""}",住宿服务;住宿服务相关;住宿服务相关,,,0.0,成华区
1253,成都双居度假公寓(动物园店),-,住宿服务,昭觉寺横路51号大陆潮里4幢23层2314,104.101936,30.70519,3.8,0,"{""open"":""全天""}",住宿服务;旅馆招待所;旅馆招待所,,,0.0,成华区
1254,成都尚町酒店(动物园昭觉寺车站店),-,住宿服务,双荆路2号招商•雍华府2期商业13栋2层,104.100192,30.709336,4.0,0,"{""open"":""全天""}",住宿服务;宾馆酒店;宾馆酒店,,,0.0,成华区
1255,大米智能酒店(成都动物园地铁站店),-,住宿服务,荆翠西路2号金科中心4栋2层,104.10227,30.717193,3.9,0,"{""open"":""全天""}",住宿服务;宾馆酒店;宾馆酒店,,,0.0,成华区
1256,成都卡拉卡拉漫温泉精致民宿(成都动物园店),-,住宿服务,驷马桥三路与高车三路交叉口西40米,104.100475,30.690275,3.8,0,"{""open"":""全天""}",住宿服务;住宿服务相关;住宿服务相关,,,0.0,成华区
1257,良品铺子(动物园地铁店),-,购物服务,成都动物园地铁站C口负一楼,104.10265,30.714015,4.0,0,"{""open"":""10:00"",""close"":""22:00""}",购物服务;专卖店;专营店,地铁3号线动物园站出口即达，适合游园前后快速采购零食饮料。建议避开周末下午高峰，店内支持自助扫码结账，可备零钱。,全国连锁零食品牌在成都动物园交通枢纽的布局，反映成都作为休闲之都的商业活力，以及游客对便捷购物体验的依赖。,0.5,成华区
1258,成都第一江南水汇城中屋民宿(成都动物园店),-,住宿服务,赤虎桥南街与赤虎桥东路交叉口南120米,104.091175,30.699525,3.8,0,"{""open"":""全天""}",住宿服务;住宿服务相关;住宿服务相关,,,0.0,成华区
1259,成都木子李青年旅舍(动物园店),-,住宿服务,昭觉寺南路260号2栋1单元6楼619号,104.103425,30.712625,3.7,0,"{""open"":""全天""}",住宿服务;住宿服务相关;住宿服务相关,,,0.0,成华区
1260,成都优盛汽车服务有限公司(成都动物园店),-,汽车维修,昭觉寺南路426号16栋1层(上东1号·万华苑西门旁),104.104693,30.715808,3.6,0,"{""open"":""9:00"",""close"":""18:00""}",汽车维修;汽车维修;汽车维修,,,0.0,成华区
1261,歪马送酒(成都动物园店),-,购物服务,昭觉寺南路221号(动物园地铁站D口步行180米),104.10191,30.711948,3.9,0,"{""open"":""10:00"",""close"":""22:00""}",购物服务;专卖店;烟酒专卖店,提供酒类即时配送服务，覆盖动物园周边。若野餐或聚会需要，可提前1小时下单。注意年龄限制，需现场验身份证。,成都夜经济和即时零售发展的缩影，体现年轻人随叫随到的消费习惯，也反映本地“微醺社交”文化的流行。,0.5,成华区
1262,清雅居酒店(动物园店),-,餐饮服务,荆翠西路2号金科中心9栋1楼,104.104076,30.717336,3.8,0,"{""open"":""10:00"",""close"":""22:00""}",餐饮服务;餐饮相关场所;餐饮相关,,,1.0,成华区
1263,铂舍精选酒店(成都动物园昭觉寺地铁站店),-,住宿服务,仁爱路166号8栋附113号一楼大厅,104.10112,30.704866,4.0,0,"{""open"":""全天""}",住宿服务;住宿服务相关;住宿服务相关,,,0.0,成华区
1264,成都昭觉寺复式民宿(成都动物园店),-,住宿服务,荆翠南一街与荆竹坝东街交叉口东北140米,104.100875,30.711725,3.9,0,"{""open"":""全天""}",住宿服务;住宿服务相关;住宿服务相关,,,0.0,成华区
1265,适界悠享公寓(李家沱地铁站成都动物园店),-,住宿服务,二环路北四段39号2栋2单元13楼14号,104.097475,30.687675,3.9,0,"{""open"":""全天""}",住宿服务;住宿服务相关;住宿服务相关,,,0.0,成华区
1266,成都第一江南水汇北欧风情公寓(成都动物园店),-,住宿服务,红旗巷与解放路一段交叉口西北140米,104.089325,30.694575,3.8,0,"{""open"":""全天""}",住宿服务;宾馆酒店;宾馆酒店,,,0.0,金牛区
1267,蜜橙青年旅社(成都动物园店),-,住宿服务,双水碾街道荆翠西路2号金科中心5栋4层402号,104.102825,30.717233,3.7,0,"{""open"":""全天""}",住宿服务;旅馆招待所;青年旅舍,,,0.0,成华区
1268,归屿ISLAND设计师民宿(天府国际动漫城成都动物园店),-,住宿服务,弘阳梵锦108公寓1栋3单元109号,104.101495,30.706093,3.9,0,"{""open"":""全天""}",住宿服务;旅馆招待所;旅馆招待所,,,0.0,成华区
1269,OYO禅茶酒店昭觉寺南路动物园地铁站店地下停车点,-,交通设施服务,博客庄园·禅茶酒店(成都动物园地铁站店),104.10451,30.712475,3.5,0,"{""open"":""全天""}",交通设施服务;停车场;公共停车场,,,0.0,成华区
1270,百鸟苑-丹顶鹤,-,风景名胜,昭觉寺南路234号成都动物园内(西侧),104.103588,30.709381,4.2,0,"{""open"":""8:00"",""close"":""18:00""}",风景名胜;风景名胜相关;旅游景点,位于成都动物园内百鸟苑，建议上午9-11点参观，此时丹顶鹤较活跃。游览时长约20分钟，无需单独购票（含在动物园门票内），禁止投喂。,丹顶鹤在中国文化中象征长寿与高洁，成都动物园的百鸟苑是西南地区重要的鹤类饲养展示场所，兼具科普与保护教育功能。,2.0,成华区
1271,宜必思酒店成都动物园地铁站店地下停车点,-,交通设施服务,宜必思酒店(成都动物园地铁站店),104.103416,30.717307,3.5,0,"{""open"":""全天""}",交通设施服务;停车场;公共停车场,,,0.0,成华区
1272,舒宁精品酒店(成都动物园李家沱地铁站店),-,住宿服务,驷马桥三路229号11栋1301室,104.100487,30.690185,3.8,0,"{""open"":""全天""}",住宿服务;宾馆酒店;宾馆酒店,,,0.0,成华区
1273,动物园站(公交站),-,交通设施服务,1076路;145路;146路;166路;18路;198路;198路区间;32路;32路快线;428路;64路;650路;87路;87路区间;9路;9路区间;9路赶集快线;夜间3路;社区巴士1030路,104.102385,30.711692,3.5,0,"{""open"":""全天""}",交通设施服务;公交车站;公交车站相关,,,0.0,成华区
1274,成都美宜居北欧风情公寓(成都动物园店),-,住宿服务,驷马桥街与西林路交叉口东60米,104.095551,30.699957,3.8,0,"{""open"":""全天""}",住宿服务;住宿服务相关;住宿服务相关,,,0.0,成华区
1275,动物园地铁站公共厕所,-,公共设施,动物园(地铁站)附近公交站旁边,104.102455,30.71358,3.5,0,"{""open"":""全天""}",公共设施;公共厕所;公共厕所,,,0.0,成华区
1276,小美好公寓(成都动物园店),-,住宿服务,龙锦街青龙广场1栋2单元,104.111025,30.709375,3.8,0,"{""open"":""全天""}",住宿服务;住宿服务相关;住宿服务相关,,,0.0,成华区
1277,ZOO DISCOVERY动物园国际自然营地,-,体育休闲服务,成佳镇成都市蒲江成佳茶乡旅游景区,103.377325,30.194025,4.0,0,"{""open"":""9:00"",""close"":""17:00""}",体育休闲服务;休闲场所;休闲场所,位于蒲江县，距成都市区约1.5小时车程。适合亲子研学，建议春秋季前往，开放时间以官方公告为准，需提前预约，穿运动鞋。,以“动物园+自然营地”为特色的新兴业态，依托蒲江生态本底，倡导体验式自然教育，呼应都市人群回归田园的休闲趋势。,3.0,蒲江县
1278,百货公司动物园地面停车场(出入口),-,交通设施服务,昭觉寺南路575号百货公司动物园地面停车场,104.104056,30.716468,3.5,0,"{""open"":""全天""}",交通设施服务;停车场;停车场出入口,,,0.0,成华区
1279,动物园站(北行)(公交站),-,交通设施服务,145路,104.102385,30.711692,3.5,0,"{""open"":""全天""}",交通设施服务;公交车站;公交车站相关,,,0.0,成华区
1280,漫享轻奢民宿(成都动物园昭觉寺南路地铁站店),-,住宿服务,仁爱路166号泛悦城市广场8栋22楼2210,104.100323,30.704208,3.8,0,"{""open"":""全天""}",住宿服务;住宿服务相关;住宿服务相关,,,0.0,成华区
1281,浣熊,-,风景名胜,昭觉寺南路234号成都动物园内(东南角),104.107476,30.707477,4.2,0,"{""open"":""全天""}",风景名胜;风景名胜相关;旅游景点,成都动物园浣熊展区，建议下午3-4点参观（喂食时段更活跃）。游览约15分钟，注意保持安静，勿拍打玻璃，可观察其洗食行为。,浣熊因灵巧和“洗手”习性受喜爱，是动物园热门小型兽类，展区设计注重模拟野外环境，寓教于乐中传递野生动物保护理念。,0.5,成华区
1282,宜必思酒店成都动物园地铁站店地下停车点(入口),-,交通设施服务,宜必思酒店成都动物园地铁站店地下停车点,104.103496,30.717027,3.8,0,"{""open"":""全天""}",交通设施服务;停车场;停车场入口,,,0.0,成华区
1283,沪上阿姨·精选茶饮(成都动物园店),-,餐饮服务,青龙街道荆竹中路199号1栋-1层2232号,104.103754,30.712927,4.0,0,"{""open"":""10:00"",""close"":""22:00""}",餐饮服务;冷饮店;冷饮店,,,1.0,成华区
1284,成都猴拉拉青年电竞民宿(动物园昭觉寺南路地铁站店),-,住宿服务,双水碾街道羊子山路68号东立国际广场4栋1单元19层2号,104.095402,30.701989,4.0,0,"{""open"":""全天""}",住宿服务;宾馆酒店;宾馆酒店,,,0.0,成华区
1285,动物园站(南行)(公交站),-,交通设施服务,145路,104.101952,30.711111,3.5,0,"{""open"":""全天""}",交通设施服务;公交车站;公交车站相关,,,0.0,成华区
1286,疯狂动物城乐园,-,风景名胜,府通路68号,103.782632,30.696923,4.0,0,"{""open"":""9:00"",""close"":""17:00""}",风景名胜;公园广场;动物园,位于温江区，适合亲子家庭游玩。建议错开周末节假日，开放时间约9:00-17:30。可提前网上购票，园内项目另收费，注意防晒。,以“疯狂动物城”为主题的亲子乐园，融合动画IP与游乐设施，反映成都近郊主题乐园经济的蓬勃发展，满足家庭微度假需求。,3.0,温江区
1287,豪客来牛排(成都动物园东门餐厅),-,餐饮服务,龙绵街1666号招港青龙广场1栋2楼商铺,104.109376,30.709802,4.0,0,"{""open"":""10:00"",""close"":""22:00""}",餐饮服务;外国餐厅;牛扒店(扒房),,,1.0,成华区
1288,東紫酒店(熊猫基地动物园地铁站店),-,住宿服务,东紫路494号附118号,104.109275,30.712077,4.0,0,"{""open"":""全天""}",住宿服务;宾馆酒店;宾馆酒店,,,0.0,成华区
1289,麻爪爪(成都动物园店),-,餐饮服务,东昌路62号,104.107037,30.713954,3.9,0,"{""open"":""10:00"",""close"":""22:00""}",餐饮服务;餐饮相关场所;餐饮相关,,,1.0,成华区
1290,京东养车(动物园店),-,汽车服务,昭明路50号,104.10203,30.707467,3.8,0,"{""open"":""9:00"",""close"":""18:00""}",汽车服务;汽车养护/装饰;汽车养护,,,0.0,成华区
1291,成都丨MCLAREN·HOTEL丨迈凯伦酒店(熊猫基地天府国际动漫城店),-,住宿服务,昭觉寺横路99号,104.105242,30.701432,4.0,0,"{""open"":""全天""}",住宿服务;宾馆酒店;宾馆酒店,,,0.0,成华区
1292,芳芳民宿(成都动物园店),-,住宿服务,五块石街道玉局庵东路云景豪庭1栋1单元2814号,104.071125,30.699775,3.9,0,"{""open"":""全天""}",住宿服务;旅馆招待所;旅馆招待所,,,0.0,成华区
1293,成都蓉城护生园流浪动物救助站,-,生活服务,[],103.494966,30.701307,3.8,0,"{""open"":""9:00"",""close"":""17:00""}",生活服务;生活服务场所;生活服务场所,,,0.5,大邑县
1294,犀牛馆,-,风景名胜,昭觉寺南路234号成都动物园内(东侧),104.10831,30.70952,4.0,0,"{""open"":""9:00"",""close"":""17:00""}",风景名胜;风景名胜相关;旅游景点,成都动物园犀牛馆，建议上午参观，犀牛多在泥浴或进食。游览约20分钟，可结合非洲动物区一同游览，禁止投喂自带食物。,犀牛是珍稀濒危物种，成都动物园长期参与犀牛迁地保护与研究，展馆兼具科普展示功能，提醒公众关注非法盗猎问题。,0.8,成华区
1295,菲凌美发连锁(成都动物园店),-,生活服务,昭觉寺南路270号华润熙悦广场F5层,104.103939,30.712925,3.8,0,"{""open"":""10:00"",""close"":""22:00""}",生活服务;美容美发店;美容美发店,,,0.5,成华区
1296,成都民大动物医院,-,医疗保健服务,武侯祠横街9号附1号,104.046735,30.639083,3.8,0,"{""open"":""9:00"",""close"":""18:00""}",医疗保健服务;动物医疗场所;宠物诊所,,,0.0,武侯区
1297,智猴便利店(天府国际动漫城店),-,购物服务,成都动物园东南门南260米,104.108379,30.707109,3.9,0,"{""open"":""全天""}",购物服务;便民商店/便利店;便民商店/便利店,位于天府国际动漫城，建议动漫城游玩时顺路购物。营业时间通常10:00-21:00，支持移动支付，可买饮料零食补充体力。,依托天府国际动漫城的新兴商业配套，体现动漫主题商圈与便利零售的结合，服务年轻客群和二次元爱好者，反映成都文创消费活力。,0.5,成华区
1298,黑猩猩,-,风景名胜,昭觉寺南路234号成都动物园内,104.10482,30.709965,4.0,0,"{""open"":""全天""}",风景名胜;风景名胜相关;旅游景点,成都动物园黑猩猩馆，建议上午或饲养员讲解时段参观（约10:30/15:00）。游览约25分钟，观察社交行为时保持安静，勿用闪光灯。,黑猩猩是与人类亲缘最近的动物之一，动物园通过丰容设施和社群展示，向公众传递灵长类保护与伦理认知，具有重要科研教育价值。,1.0,成华区
1299,白唇鹿,-,风景名胜,昭觉寺南路234号成都动物园内(北侧),104.106383,30.711743,4.0,0,"{""open"":""全天""}",风景名胜;风景名胜相关;旅游景点,成都动物园白唇鹿展区，建议春秋季凉爽时参观，鹿群较活跃。游览约15分钟，可结合青藏高原动物展区，注意保持距离。,白唇鹿为中国特有珍稀动物，主要分布于青藏高原，成都动物园的饲养展示有助于公众了解西部生态，推动濒危物种保护意识。,1.0,成华区
1300,麋鹿,-,风景名胜,昭觉寺南路234号成都动物园内(东北角),104.107346,30.711451,4.0,0,"{""open"":""全天""}",风景名胜;风景名胜相关;旅游景点,成都动物园麋鹿展区，建议上午10点前参观，麋鹿常在水边活动。游览约15分钟，可观察其角型，注意园区指示牌，勿跨越护栏。,麋鹿俗称“四不像”，是中国特有的湿地物种，曾一度野外灭绝。成都动物园的种群参与全国再引入工程，是生物多样性保护的活教材。,1.0,成华区
1301,成都华爱动物医院,-,医疗保健服务,万福一街121号,103.993612,30.737231,3.8,0,"{""open"":""9:00"",""close"":""18:00""}",医疗保健服务;动物医疗场所;宠物诊所,,,0.0,郫都区
1302,成都贝思动物医院,-,医疗保健服务,双锦路51号附11号(快乐空间北门西120米),104.014113,30.673132,3.8,0,"{""open"":""9:00"",""close"":""18:00""}",医疗保健服务;动物医疗场所;宠物诊所,,,0.0,青羊区
1303,植物园(地铁站),-,交通设施服务,3号线,104.1213,30.763356,4.0,0,"{""open"":""全天""}",交通设施服务;地铁站;地铁站,,,0.0,新都区
1304,珍稀植物园,-,风景名胜,蓉都大道(植物园地铁站B口步行400米),104.1241,30.764215,4.2,0,"{""open"":""8:00"",""close"":""18:00""}",风景名胜;公园广场;植物园,位于新都区（可能为植物园或生态园区），建议春季或秋季前往，游览约1小时。部分园区需门票，请提前查询，穿舒适鞋子。,珍稀植物园以收集保护濒危植物为特色，承担迁地保育和科普功能，体现成都对生物多样性及生态文明建设的重视。,2.0,新都区
1305,成都市植物园海棠园,-,风景名胜,蓉都大道天回路1116号成都植物园(西北角),104.125756,30.76488,4.3,0,"{""open"":""8:00"",""close"":""18:00""}",风景名胜;公园广场;植物园,成都市植物园内海棠园，最佳观赏期3-4月海棠花期。建议工作日早晨前往，游览约40分钟，植物园需门票，可带相机。,海棠自古为成都园林文化重要元素，植物园海棠园汇集多个品种，兼具观赏与科研价值，传承蜀地花木审美传统。,1.5,金牛区
1306,成都市植物园-梨园,-,风景名胜,蓉都大道天回路1116号成都市植物园内(北侧),104.128309,30.766198,4.2,0,"{""open"":""8:00"",""close"":""18:00""}",风景名胜;公园广场;植物园,成都市植物园梨园，最佳游览期3月中下旬梨花盛开。建议上午入园，游览约30分钟，植物园门票通用，花期人多可错峰。,梨花在成都平原农耕文化中有悠久种植历史，植物园梨园既展示果树品种资源，也延续了川西林盘“花重锦官城”的田园诗意。,1.5,金牛区
1307,成都市植物园木兰园,-,风景名胜,成植路成都植物园内(西侧),104.124581,30.763281,4.2,0,"{""open"":""8:00"",""close"":""18:00""}",风景名胜;公园广场;植物园,木兰园位于植物园中东部，春季3-4月赏花最佳，建议游览30分钟。门票10元（植物园通票），园内步行即可，注意赏花时勿采摘。,木兰园集中展示木兰科植物，包括白玉兰、紫玉兰等，是成都植物园春季早花观赏核心区，体现川西园林植物造景特色。,1.5,金牛区
1308,成都植物园-桃花林,-,风景名胜,蓉都大道天回路1116号成都植物园(西北角),104.125489,30.764877,4.2,0,"{""open"":""8:00"",""close"":""18:00""}",风景名胜;风景名胜;风景名胜,桃花林紧邻桃花园，3月中旬桃花盛开，建议游览20-30分钟。植物园门票10元，桃花季游客较多，建议工作日早晨前往。,成都龙泉驿桃花文化闻名，植物园内桃花林为城市近郊赏桃胜地，延续川西平原春日赏桃民俗，象征吉祥与爱情。,1.0,金牛区
1309,成都市植物园桃花园,-,风景名胜,蓉都大道天回路1116号成都植物园内(西侧),104.125678,30.764636,4.2,0,"{""open"":""8:00"",""close"":""18:00""}",风景名胜;公园广场;植物园,桃花园与桃花林相连，最佳游览时间为3月，建议搭配梅花园、樱花园一并游览，总时长约2小时。门票10元，注意防晒。,桃花园以传统桃花品种为主，呼应成都“花重锦官城”的历史意象，是市民踏青、摄影的热门场所，承载春日游园习俗。,1.5,金牛区
1310,成都市植物园南门售票处,-,生活服务,蓉都大道天回路1116号成都植物园内(西侧),104.126745,30.762932,4.0,0,"{""open"":""8:00"",""close"":""17:00""}",生活服务;售票处;公园景点售票处,,,0.5,金牛区
1311,成都市植物园市花园,-,风景名胜,昭觉寺南路成都市植物园(西南门)附近,104.1267,30.763234,4.2,0,"{""open"":""全天""}",风景名胜;公园广场;植物园,市花园展示成都市花芙蓉等特色花卉，秋季芙蓉盛开最佳，建议游览30分钟。门票10元，可结合中心广场休息。,芙蓉为成都市花，五代后蜀主孟昶在城头遍植芙蓉，成都因此得名“蓉城”。市花园是了解成都花文化的重要窗口。,1.5,金牛区
1312,成都市植物园桂花园,-,风景名胜,成都市植物园,104.126038,30.764581,4.0,0,"{""open"":""全天""}",风景名胜;公园广场;植物园,桂花园秋季9-10月桂花飘香，建议游览20-30分钟。门票10元，园内石凳可小憩，适合中老年游客，注意蜜蜂。,桂花在川西文化中象征富贵吉祥，桂花园收集多种桂花品种，秋日香满全园，体现成都人爱桂、赏桂的闲适生活传统。,1.5,金牛区
1313,成都市植物园-中心广场,-,风景名胜,成都市植物园植物科普馆,104.128401,30.764966,4.0,0,"{""open"":""全天""}",风景名胜;公园广场;城市广场,中心广场为植物园核心集散地，全天开放，建议停留15-30分钟。无需额外门票，广场有长椅和导览图，适合休整。,中心广场是植物园举办花展、科普活动的公共空间，兼具游憩与教育功能，体现成都公园城市中人与自然和谐共处的理念。,1.0,金牛区
1314,成都市植物园西门售票处,-,生活服务,蓉都大道天回路1116号成都植物园内(西侧),104.123778,30.764508,3.8,0,"{""open"":""8:00"",""close"":""18:00""}",生活服务;售票处;公园景点售票处,,,0.5,新都区
1315,成都市植物园大草坪,-,风景名胜,向海路成都市植物园(东侧),104.13183,30.763574,4.1,0,"{""open"":""全天""}",风景名胜;公园广场;植物园,大草坪适合野餐、放风筝，春秋两季最佳，建议游玩1小时。植物园门票10元，草坪可坐卧，请带走垃圾，禁止明火。,大草坪是成都市民周末家庭休闲的热门地，体现成都人热爱户外、享受阳光的生活方式，也是植物园公共开放性的象征。,1.5,金牛区
1316,成都植物园-观景台,-,风景名胜,天回镇蓉都大道天回路1116号成都植物园内(西侧),104.125059,30.763543,4.0,0,"{""open"":""全天""}",风景名胜;风景名胜;观景点,观景台位于园内高地，可俯瞰植物园全景，建议傍晚前往看日落，游览15-30分钟。门票10元，注意台阶湿滑。,观景台是植物园制高点，远眺可望见成都平原天际线，将园林景观与城市风貌融合，是摄影爱好者的经典机位。,1.0,金牛区
1317,成都市植物园游客服务中心,-,生活服务,外北天回镇蓉都大道1116号成都植物园内(西侧),104.123802,30.764505,3.9,0,"{""open"":""9:00"",""close"":""17:00""}",生活服务;信息咨询中心;服务中心,,,0.5,新都区
1318,成都市植物园樱花园,-,风景名胜,蓉都大道天回路1116号成都植物园内(西侧),104.125475,30.763076,4.1,0,"{""open"":""全天""}",风景名胜;公园广场;植物园,樱花园春季2-3月樱花盛开，建议游览30分钟。门票10元，樱花期短且人多，建议早到；园内小路多，穿舒适鞋子。,樱花在成都种植历史悠久，樱花园以日本晚樱、染井吉野等为主，春日落樱缤纷，象征短暂而绚烂的生命之美。,1.5,金牛区
1319,成都市植物园梅花园,-,风景名胜,蓉都大道天回路1116号成都植物园内(西侧),104.125241,30.764462,4.1,0,"{""open"":""全天""}",风景名胜;公园广场;植物园,梅花园冬季12月至次年2月赏梅最佳，建议游览30分钟。门票10元，梅花傲寒，注意保暖；可与腊梅园相邻游览。,梅花在中国文化中象征高洁坚韧，成都自古有赏梅传统，梅花园收集红梅、白梅等，冬日暗香浮动，体现文人雅趣。,1.5,金牛区
1320,成都市植物园千丈林,-,风景名胜,蓉都大道天回路1116号成都植物园内(东侧),104.130648,30.764096,4.0,0,"{""open"":""全天""}",风景名胜;公园广场;植物园,千丈林为高大乔木林区，四季皆宜，建议游览40分钟。门票10元，林间步道清凉，夏季避暑好去处，注意防蚊虫。,千丈林以高大挺拔的杉树、柏树为主，形成“林深见鹿”的意境，展现川西平原人工林生态，是植物园内静谧的天然氧吧。,1.5,金牛区
1321,成都市植物园东门售票处,-,生活服务,蓉都大道1116号成都植物园内(东侧),104.136083,30.76364,3.8,0,"{""open"":""8:00"",""close"":""18:00""}",生活服务;售票处;公园景点售票处,,,0.5,金牛区
1322,成都植物园家属区,-,商务住宅,蓉都大道天回路1116号,104.12303,30.763678,3.5,0,"{""open"":""全天""}",商务住宅;住宅区;住宅区,,,0.5,新都区
1323,成都植物园停车场(装修中),-,交通设施服务,成植路与蓉都大道天河路交叉口东南500米,104.126634,30.762903,3.5,0,"{""open"":""全天""}",交通设施服务;停车场;停车场相关,,,0.0,金牛区
1324,成都市植物园腊梅园,-,风景名胜,蓉都大道天回路1116号成都植物园内(西侧),104.125262,30.764078,4.1,0,"{""open"":""全天""}",风景名胜;公园广场;植物园,腊梅园冬季12月至次年1月腊梅盛开，建议游览20-30分钟。门票10元，腊梅香气浓郁，适合拍照，注意枝干脆易断。,腊梅又称寒客，在成都寒冬中率先绽放，象征坚韧与希望。腊梅园与梅花园呼应，构成植物园冬春赏花序列的起点。,1.0,金牛区
1325,成都市植物园-后山生态林,-,风景名胜,成都植物园内(北侧),104.128979,30.766307,4.0,0,"{""open"":""全天""}",风景名胜;公园广场;植物园,后山生态林为植物园最原始区域，步道较长且坡度缓，建议游览1-1.5小时。门票10元，穿运动鞋，注意山路安全。,后山生态林保留部分原生植被，是城市中难得的野趣之地，体现成都生物多样性保护意识，也是自然教育的重要场所。,2.0,金牛区
1326,LEMON GARDEN柠檬植物园,-,风景名胜,东风路北一巷21号附2号,104.092833,30.652797,4.0,0,"{""open"":""全天""}",风景名胜;公园广场;植物园,柠檬植物园位于成华区，建议春季或夏季游览，时长1小时。具体门票以现场为准，园内以柠檬类植物为主，适合亲子科普。,柠檬植物园以柑橘属柠檬植物为主题，展示其生长习性与用途，呼应川渝地区柑橘种植传统，兼具观赏与科普教育意义。,1.0,成华区
1327,鹿石植物园,-,风景名胜,柳月路与成万路交叉口东南280米,104.164849,30.568497,4.0,0,"{""open"":""全天""}",风景名胜;公园广场;植物园,鹿石植物园位于锦江区，为小型特色植物园，建议春秋游览，时长约1小时。门票及开放时间请提前查询，适合园艺爱好者。,鹿石植物园以“鹿”与“石”为景观意象，结合园林植物造景，体现成都现代都市园艺的创新尝试，为市民提供新颖的绿色空间。,1.0,锦江区
1328,成都市植物园茶花园,-,风景名胜,蓉都大道天回路1116号成都市植物园内,104.125769,30.763664,4.1,0,"{""open"":""全天""}",风景名胜;公园广场;植物园,茶花盛花期2-3月，建议春季上午前往，游览1-2小时。植物园门票10元，园内可乘坐观光车。,成都市植物园茶花园是西南地区收集茶花品种最全的专类园之一，展示了川茶花的独特魅力，融合科研与观赏功能。,1.0,金牛区
1329,成都市植物园停车场(出入口),-,交通设施服务,成都植物园停车场(植物园地铁站B口步行350米),104.123559,30.764588,3.8,0,"{""open"":""全天""}",交通设施服务;停车场;停车场出入口,,,0.0,新都区
1330,成都市植物园山樱花,-,风景名胜,蓉都大道天回路1116号成都植物园内(西侧),104.125846,30.763016,4.1,0,"{""open"":""全天""}",风景名胜;公园广场;植物园,樱花花期3月中下旬至4月初，建议错峰周末前往，游览1小时。植物园门票10元，需提前预约。,山樱花是成都春季赏花的重要景观，植物园引种多种樱花品种，结合本地气候打造城市春日赏樱胜地。,1.0,金牛区
1331,成都中医药大学温江校区药用植物园,-,风景名胜,金府路东段成都中医药大学,103.807589,30.68886,4.0,0,"{""open"":""全天""}",风景名胜;公园广场;植物园,药用植物园免费开放，建议春秋季工作日前往，游览1小时，注意勿采摘植物，部分品种有毒性。,依托成都中医药大学教学资源，园内种植数百种道地药材，是中医药文化科普与教学实践的重要基地。,1.5,温江区
1332,成都市植物园植物科普馆(暂停开放),-,科教文化服务,黄金别墅西南侧200米,104.128606,30.765237,3.9,0,"{""open"":""9:00"",""close"":""17:00""}",科教文化服务;科技馆;科技馆,暂停开放，请勿前往。可关注植物园官网恢复开放通知，建议选择其他植物园区参观。,科普馆原为展示植物多样性、生态保护知识的窗口，因维护升级暂停开放，承载着公众自然教育功能。,1.5,金牛区
1333,成都市植物园西门停车场,-,交通设施服务,蓉都大道1116号(植物园地铁站B口步行350米),104.123525,30.764184,3.8,0,"{""open"":""全天""}",交通设施服务;停车场;公共停车场,,,0.0,新都区
1334,成都世界园艺博览会康奈尔植物园园,-,风景名胜,成都世界园艺博览会国际园艺展区(东南角),104.338997,30.325014,4.2,0,"{""open"":""全天""}",风景名胜;风景名胜;风景名胜,世园会期间开放，建议白天游览2-3小时，门票需购买世园会通票，注意防晒和补水。,2024成都世园会国际展园之一，展现康奈尔大学植物园理念，融合植物科研与园艺艺术，体现国际交流。,2.5,简阳市
1335,龙椅山植物园,-,风景名胜,柏合街道双碑村8组,104.256735,30.470748,4.0,0,"{""open"":""全天""}",风景名胜;公园广场;植物园,园区较偏远，建议自驾前往，门票约20元，游览半天。山路湿滑，穿舒适运动鞋，备好驱蚊水。,龙椅山植物园位于龙泉山脉，以山地植物景观为主，是成都近郊生态休闲与乡土植物保育的示范点。,2.0,龙泉驿区
1336,成都植物园-游览车上车点,-,风景名胜,天回镇蓉都大道1116号成都植物园内(西侧),104.124072,30.764317,3.9,0,"{""open"":""全天""}",风景名胜;风景名胜相关;旅游景点,此为植物园内游览车站点，建议购票后乘车游览，班次约15分钟一趟，可节省步行时间。,成都市植物园（新都区部分）配套观光车服务，方便游客高效游览园区，体现大型植物园的人性化管理。,0.5,新都区
1337,植物园(公交站),-,交通设施服务,(停运)一叶禅林绿道假日线;143路;650路;653路;660路;660路区间;X05路;蜀龙学校专线;锦门休闲专线,104.123362,30.767561,3.8,0,"{""open"":""全天""}",交通设施服务;公交车站;公交车站相关,,,0.0,新都区
1338,成都市植物园西门停车场(出入口),-,交通设施服务,蓉都大道1116号(植物园地铁站B口步行350米),104.123571,30.764613,3.8,0,"{""open"":""全天""}",交通设施服务;停车场;停车场出入口,,,0.0,新都区
1339,成都世界园艺博览会植物馆,-,风景名胜,三岔街道公园大街3199号成都世界园艺博览园(东北角),104.339073,30.325932,4.2,0,"{""open"":""全天""}",风景名胜;风景名胜;风景名胜,世园会核心展馆，建议上午早去避开人流，游览2小时，需持世园会门票，室内有空调。,世园会植物馆集中展示全球珍稀植物与园艺科技，是成都践行公园城市理念、推动绿色发展的标志性场馆。,2.0,简阳市
1340,梦幻成都水上乐园,-,风景名胜,黄甲镇平安大道1号,103.935315,30.510764,4.0,0,"{""open"":""9:00"",""close"":""21:00""}",风景名胜;风景名胜;风景名胜|体育休闲服务;体育休闲服务场所;体育休闲服务场所,夏季开放，建议下午4点后入场避免暴晒，门票约80元，需自带泳衣和防水袋，注意儿童安全。,梦幻成都水上乐园是双流区大型夏季亲水娱乐场所，结合成都湿热气候，提供清凉休闲空间，深受家庭游客喜爱。,3.0,双流区
1341,成都市植物园-公共厕所,-,公共设施,蓉都大道天河路1116号,104.129558,30.764432,3.8,0,"{""open"":""全天""}",公共设施;公共厕所;公共厕所,,,0.0,金牛区
1342,成都市植物园科研苗圃,-,风景名胜,蓉都大道天回路1116号成都植物园(东北角),104.131118,30.766154,4.2,0,"{""open"":""全天""}",风景名胜;公园广场;植物园,科研苗圃一般不对外开放，仅限科研人员进入，普通游客请勿尝试进入，可在外围参观。,科研苗圃承担植物引种驯化、育种实验等任务，是成都市植物园科研体系的重要支撑，不向公众开放。,1.0,金牛区
1343,植物园地铁站A口,-,交通设施服务,3号线,104.12094,30.762913,4.0,0,"{""open"":""全天""}",交通设施服务;地铁站;出入口,,,0.0,新都区
1344,植物园路,-,地名地址信息,金牛区,104.123534,30.762412,3.7,0,"{""open"":""全天""}",地名地址信息;交通地名;道路名,,,0.0,金牛区
1345,天彭牡丹植物园,-,风景名胜,东前社区,103.855266,31.070054,4.0,0,"{""open"":""全天""}",风景名胜;公园广场;植物园,牡丹花期4月，建议自驾前往，门票约30元，游览2小时，山区气温较低，需带外套。,天彭牡丹是川西名花，彭州栽培牡丹历史悠久，植物园以牡丹为主题，传承地方花文化，每年举办牡丹花会。,2.0,彭州市
1346,成都植物园-西大门北侧地上停车场,-,交通设施服务,成植路与蓉都大道天河路辅路交叉口东180米,104.124025,30.764825,3.9,0,"{""open"":""全天""}",交通设施服务;停车场;公共停车场,,,0.0,新都区
1347,植物园路,-,地名地址信息,新都区,104.120987,30.762705,3.7,0,"{""open"":""全天""}",地名地址信息;交通地名;道路名,,,0.0,新都区
1348,芳香植物园,-,风景名胜,公平大道五月玫瑰庄园Rosedemai,103.878777,30.724687,4.1,0,"{""open"":""全天""}",风景名胜;公园广场;植物园,温江芳香植物园免费入园，建议春秋季傍晚游览，约1小时，可体验香草采摘，注意部分植物有刺。,芳香植物园集中种植薰衣草、迷迭香等香草，结合温江花木产业，推广芳香疗愈与园艺生活理念。,1.5,温江区
1349,成都市植物园-公共厕所,-,公共设施,成植路与蓉都大道天河路辅路交叉口东280米,104.125314,30.765339,3.8,0,"{""open"":""全天""}",公共设施;公共厕所;公共厕所,,,0.0,新都区
1350,华西亚高山植物园,-,风景名胜,白南路与赵公路交叉口东160米,103.59205,30.958747,4.2,0,"{""open"":""9:00"",""close"":""17:00""}",风景名胜;公园广场;植物园,位于都江堰山区，建议自驾前往，门票约30元，海拔较高，需备保暖衣物，游览2-3小时。,华西亚高山植物园专注高山杜鹃等珍稀植物保育，是华西雨屏带生物多样性研究的野外基地，科研价值突出。,2.5,都江堰市
1351,植物园地铁站B口,-,交通设施服务,3号线,104.121508,30.763841,4.0,0,"{""open"":""全天""}",交通设施服务;地铁站;出入口,,,0.0,新都区
1352,植物园巴士换乘站(公交站),-,交通设施服务,143路;465A路,104.120835,30.762735,3.9,0,"{""open"":""全天""}",交通设施服务;公交车站;公交车站相关,,,0.0,新都区
1353,五感花园,-,风景名胜,蓉都大道天回路1116号成都植物园,104.127819,30.764518,4.0,0,"{""open"":""全天""}",风景名胜;风景名胜相关;旅游景点,位于植物园内，免费参观，建议亲子游览，约30分钟，可触摸、闻嗅植物，注意看护儿童。,五感花园通过视觉、触觉、嗅觉、听觉、味觉设计，引导游客用多感官体验植物，是自然教育创新空间。,1.0,金牛区
1354,成都市植物园员工宿舍,-,商务住宅,成植路与蓉都大道天河路辅路交叉口东南160米,104.123064,30.764066,3.5,0,"{""open"":""全天""}",商务住宅;商务住宅相关;商务住宅相关,,,0.5,新都区
1355,成都思苑客房(植物园地铁站店),-,住宿服务,蓉都大道互助佳园3幢9楼(植物园地铁站A口步行90米),104.120095,30.763127,3.8,0,"{""open"":""全天""}",住宿服务;住宿服务相关;住宿服务相关,,,0.0,新都区
1356,多肉植物园,-,风景名胜,街安路,103.642541,30.637153,4.0,0,"{""open"":""全天""}",风景名胜;公园广场;植物园,崇州多肉植物园免费或低收费，建议春秋季前往，游览1小时，选购多肉注意检查根系健康。,多肉植物园展示数百种仙人掌与多浆植物，结合崇州现代农业，推广耐旱植物园艺，适合年轻游客打卡。,1.5,崇州市
1357,成都新园苗木水生植物基地,-,公司企业,两友路胡家碾,103.852625,30.904775,3.8,0,"{""open"":""9:00"",""close"":""17:00""}",公司企业;农林牧渔基地;其它农林牧渔基地|政府机构及社会团体;社会团体;社会团体相关,,,0.0,郫都区
1358,龙椅山植物园停车场,-,交通设施服务,柏合街道双碑村8组龙椅山植物园,104.256406,30.470325,3.8,0,"{""open"":""全天""}",交通设施服务;停车场;公共停车场,,,0.0,龙泉驿区
1359,荚蒾园,-,风景名胜,天回镇蓉都大道1116号成都植物园内(西北角),104.127791,30.765096,4.0,0,"{""open"":""全天""}",风景名胜;风景名胜相关;旅游景点,春季荚蒾花期最佳，建议游玩1小时。植物园门票10元，园内步行即可。注意保护植物，勿采摘花朵。,荚蒾园是成都植物园专类园区，收集多种荚蒾属植物，以观花赏叶为特色，体现四川本土植物多样性。,1.0,金牛区
1360,沙生植物馆,-,风景名胜,天回镇蓉都大道1116号成都植物园内(东北角),104.130659,30.764667,4.0,0,"{""open"":""全天""}",风景名胜;风景名胜相关;旅游景点,沙生植物馆室内恒温，全年可游，建议游玩40分钟。含在植物园门票内，注意馆内干燥，多喝水。,沙生植物馆展示仙人掌等多肉植物，模拟沙漠环境，是成都植物园科普教育重要场所，展示异域植物生态。,1.0,金牛区
1361,成都芙蓉花开植物园艺有限公司,-,公司企业,玉林北街与一环路南三段交叉口南160米,104.059975,30.631875,3.8,0,"{""open"":""9:00"",""close"":""17:00""}",公司企业;农林牧渔基地;其它农林牧渔基地,,,0.0,武侯区
1362,梦幻成都植物迷宫主题园地上停车场,-,交通设施服务,梦幻成都水上乐园西北侧430米,103.933748,30.514468,3.8,0,"{""open"":""全天""}",交通设施服务;停车场;公共停车场,,,0.0,双流区
1363,山茶园,-,风景名胜,外北天回镇蓉都大道天回路1116号成都植物园内(西北角),104.127484,30.765279,4.0,0,"{""open"":""全天""}",风景名胜;风景名胜相关;旅游景点,冬末春初茶花盛开，建议游玩1小时。含在植物园门票内，山茶园坡地多，穿舒适鞋子。,山茶园为成都植物园专类园，收集大量山茶品种，茶花为成都市花之一，体现蓉城园艺传统与审美。,1.0,金牛区
1364,月季康养园,-,风景名胜,天回镇蓉都大道1116号成都植物园南大门,104.128057,30.763101,4.0,0,"{""open"":""全天""}",风景名胜;风景名胜相关;旅游景点,5-6月月季盛花期最佳，建议游玩1小时。含在植物园门票内，月季有刺，请勿触碰。,月季康养园结合月季观赏与康养理念，以花疗愈身心，体现现代园艺与健康生活融合的新趋势。,1.0,金牛区
1365,百卉园,-,风景名胜,天回镇蓉都大道1116号成都植物园内(西侧),104.127654,30.76343,4.0,0,"{""open"":""全天""}",风景名胜;风景名胜相关;旅游景点,春夏秋三季花卉丰富，建议游玩1小时。含在植物园门票内，园内步道平缓，适合老人儿童。,百卉园是成都植物园综合性花卉展示区，四季有花，展现川西平原丰富的植物资源和园艺造景艺术。,1.0,金牛区
1366,成都世界园艺博览会哥斯达黎加圣何塞市园,-,风景名胜,三岔街道公园大街3199号成都世界园艺博览园内(北侧),104.33529,30.32578,4.2,0,"{""open"":""9:00"",""close"":""17:00""}",风景名胜;风景名胜;风景名胜,世园会期间开放，建议游览30分钟。具体门票以世园会通票为准，简阳主会场较大，需规划路线。,该园为2024成都世园会国际展园，展示哥斯达黎加圣何塞市的热带植物与园林风格，促进中美洲文化交流。,1.5,简阳市
1367,华西亚高山植物园･龙池园区中国杜鹃园,-,风景名胜,龙池国家森林公园(东北角),103.577699,31.12667,4.3,0,"{""open"":""9:00"",""close"":""17:00""}",风景名胜;风景名胜;风景名胜,春末高山杜鹃花期最佳，需自驾或包车前往，建议游玩2-3小时。园区海拔较高，注意保暖和防高反。,龙池园区中国杜鹃园为华西亚高山植物园核心区域，保存大量野生杜鹃种质资源，是高山杜鹃科研与保育基地。,2.5,都江堰市
1368,成都世界园艺博览园成都园,-,风景名胜,成都世界园艺博览会未来园艺展区,104.335182,30.316826,4.4,0,"{""open"":""9:00"",""close"":""17:00""}",风景名胜;风景名胜;风景名胜,世园会主展园之一，建议游玩2小时。通票制，可结合其他展园游览。夏季炎热注意防晒补水。,成都园为世园会东道主展园，浓缩川西林盘、竹文化、芙蓉花等成都元素，展现“雪山下的公园城市”理念。,2.0,简阳市
1369,小哈换电成都市新都区植物园同城配送6050点位换电柜,-,生活服务,成植路与蓉都大道天河路辅路交叉口东80米,104.123025,30.765225,3.5,0,"{""open"":""全天""}",生活服务;共享设备;充电宝,,,0.5,新都区
1370,成都世界园艺博览会丹梓格华业园,-,风景名胜,三岔街道公园大街3199号成都世界园艺博览园(西北角),104.329489,30.325711,4.2,0,"{""open"":""9:00"",""close"":""17:00""}",风景名胜;风景名胜;风景名胜,世园会国际展园，建议游览30分钟。通票进入，与邻近展园连游更高效。注意园区指示牌。,丹梓格华业园为世园会企业展园，展示现代园艺技术与生态景观设计，体现绿色产业创新与可持续发展。,1.5,简阳市
1371,设计Faner酒店(成都植物园地铁站店),-,住宿服务,三河街道蓉都大道天河路1380号吉利安大厦1层1号,104.121225,30.764825,3.8,0,"{""open"":""全天""}",住宿服务;住宿服务相关;住宿服务相关,,,0.0,新都区
1372,赐梦居酒店(成都植物园地铁站店),-,住宿服务,蓉都大道天河路1380号吉利安大厦F1层,104.12128,30.764819,3.8,0,"{""open"":""全天""}",住宿服务;住宿服务相关;住宿服务相关,,,0.0,新都区
1373,成都世界园艺博览会法国蒙彼利埃市园,-,风景名胜,三岔街道公园大街3199号成都世界园艺博览园(东北角),104.340523,30.324963,4.2,0,"{""open"":""9:00"",""close"":""17:00""}",风景名胜;风景名胜;风景名胜,世园会国际展园，建议游览30分钟。通票进入，可参与法式园林互动活动。平日人少更舒适。,法国蒙彼利埃市园以法式园林艺术为蓝本，结合地中海植物，展现成都与蒙彼利埃的友城情谊和浪漫园艺文化。,1.5,简阳市
1374,青蔓园休闲庄,-,体育休闲服务,蓉都大道天回路1116号成都植物园(西北角),104.126325,30.765325,4.0,0,"{""open"":""9:00"",""close"":""21:00""}",体育休闲服务;休闲场所;休闲场所,适合周末休闲，建议游玩半天。餐饮人均约50-80元，可垂钓、棋牌。建议提前电话预订，夏季注意防蚊。,青蔓园休闲庄是金牛区近郊农家乐，提供餐饮、垂钓等乡村休闲服务，体现成都人安逸闲适的生活方式。,2.0,金牛区
1375,ES万兆电竞酒店(成都植物园地铁站店),-,住宿服务,蓉都大道天河路1380号吉利安大厦1栋1层1号,104.121299,30.764842,3.8,0,"{""open"":""全天""}",住宿服务;住宿服务相关;住宿服务相关,,,0.0,新都区
1376,爱晴公寓(成都植物园店),-,住宿服务,天回镇明月中心村5栋9号(植物园附近),104.117316,30.764488,3.8,0,"{""open"":""全天""}",住宿服务;旅馆招待所;旅馆招待所,,,0.0,金牛区
1377,易住酒店(成都植物园地铁站店),-,住宿服务,三河街道天海路123号16栋2层4号,104.122244,30.766602,3.8,0,"{""open"":""全天""}",住宿服务;宾馆酒店;宾馆酒店,,,0.0,新都区
1378,成都沁缘春酒店(植物园地铁站店),-,住宿服务,三河街道天府江南3幢3号,104.123225,30.767925,3.8,0,"{""open"":""全天""}",住宿服务;宾馆酒店;宾馆酒店|住宿服务;旅馆招待所;旅馆招待所,,,0.0,新都区
1379,中亿孕婴童(成都植物园店),-,购物服务,三河街道天海路45号(植物园地铁站B口步行450米),104.122108,30.767339,3.7,0,"{""open"":""10:00"",""close"":""22:00""}",购物服务;专卖店;儿童用品店,购物点，建议停留20-30分钟。位于植物园附近，可顺路采购母婴用品。营业时间约9:00-21:00。,中亿孕婴童为四川本地连锁母婴品牌，服务社区家庭，体现成都完善的商业配套与亲子友好城市氛围。,0.5,新都区
1380,在山泉(成都植物园店),-,餐饮服务,山泉,104.128487,30.764396,3.9,0,"{""open"":""10:00"",""close"":""22:00""}",餐饮服务;茶艺馆;茶艺馆,,,1.0,金牛区
1381,特来电汽车充电站(特来电成都植物园),-,汽车服务,蓉都大道天河路辅路与浣沙路交叉口东100米地面停车场,104.124794,30.76857,3.6,0,"{""open"":""全天""}",汽车服务;充电站;充电站,,,0.0,新都区
1382,甲居艺井酒店(成都新都大学城植物园地铁站店),-,住宿服务,蓉都大道天河路1392号,104.121263,30.764748,3.8,0,"{""open"":""全天""}",住宿服务;宾馆酒店;宾馆酒店,,,0.0,新都区
1383,芃丁花园,-,风景名胜,成都世界园艺博览会,104.330101,30.324657,4.0,0,"{""open"":""9:00"",""close"":""17:00""}",风景名胜;风景名胜;风景名胜,花园以四季花卉景观为主，春秋最美。建议游玩1-2小时，部分区域可能收费，请提前确认。适合拍照打卡。,芃丁花园为简阳新兴的私属花园，融合花艺与休闲，反映成都周边乡村园艺旅游的蓬勃发展。,1.5,简阳市
1384,梦幻成都主题园停车场(出入口),-,交通设施服务,梦幻成都植物迷宫主题园停车场,103.932665,30.514907,3.5,0,"{""open"":""全天""}",交通设施服务;停车场;停车场出入口,,,0.0,双流区
1385,喜舍精品民宿酒店(成都植物园店),-,住宿服务,天海商业广场东北门西南90米,104.121631,30.767887,3.8,0,"{""open"":""全天""}",住宿服务;宾馆酒店;宾馆酒店,,,0.0,新都区
1386,成都融创文旅城,4A,风景名胜,玉康路6号,103.621549,30.953361,4.5,0,"{""open"":""9:00"",""close"":""22:00""}",风景名胜;风景名胜;风景名胜,大型文旅综合体，建议全天游玩。融创乐园、雪世界等分项收费，可提前网上购票。冬季滑雪人多，避开周末。,成都融创文旅城位于都江堰，集滑雪、乐园、商业于一体，是文旅融合标杆，带动青城山-都江堰旅游升级。,3.5,都江堰市
1387,成都融创水世界,-,体育休闲服务,玉堂镇至臻路35号,103.620554,30.952832,4.2,120,"{""open"":""10:00"",""close"":""22:00""}",体育休闲服务;休闲场所;水上活动中心,夏季玩水最佳，建议游玩3-4小时。门票约150元，需自带泳具。注意安全，儿童需成人陪同。,融创水世界为室内恒温水乐园，结合都江堰水文化主题，提供全年亲水娱乐，体现天府之国的水韵特色。,3.0,都江堰市
1388,天府云海度假区,-,体育休闲服务,天府新区新兴街道井坝村3组300号,104.160724,30.485725,4.0,0,"{""open"":""全天""}",体育休闲服务;体育休闲服务场所;体育休闲服务场所,建议春秋季傍晚前往，可看云海日落。门票约百元，游玩2-3小时。山区天气多变，备薄外套和雨具。,依托双流浅丘地貌打造的体育休闲度假区，融合航空主题与自然景观，体现成都近郊休闲运动文化。,2.5,双流区
1389,海豚湾水上乐园(彭州市店),-,体育休闲服务,天桂路丽春镇黄龙村17组(陈家大院),103.855893,31.020142,3.8,60,"{""open"":""10:00"",""close"":""21:00""}",体育休闲服务;休闲场所;水上活动中心,夏季6-9月开放，建议上午早去避开高峰。门票约80元，游玩半天。自带泳具和防晒，注意儿童安全。,彭州夏季亲水娱乐地标，依托当地水资源发展水上运动，反映成都人消夏避暑的休闲生活方式。,3.5,彭州市
1390,加勒比冒险水世界,-,体育休闲服务,划石路与崇双路交叉路口大划大桥,103.735391,30.585712,3.9,80,"{""open"":""10:00"",""close"":""21:00""}",体育休闲服务;休闲场所;游乐场,夏季7-8月为旺季，建议下午2点前入场。门票约120元，游玩4小时。租储物柜需另付费，备好防水手机袋。,崇州大型主题水乐园，以加勒比海盗风格为设计灵感，体现成都近郊文旅融合的娱乐创新。,3.5,崇州市
1391,凫浪森林,-,公司企业,温泉大道四段111号1栋1层101号,103.825571,30.645992,3.5,0,"{""open"":""9:00"",""close"":""18:00""}",公司企业;公司企业;公司企业,,,0.0,温江区
1392,在水一方水上乐园,-,风景名胜,105省道鹿鹤村一组(四川诚杰工程试验检测有限公司西侧斜对面),104.013643,30.98761,4.0,30,"{""open"":""9:00"",""close"":""18:00""}",风景名胜;风景名胜相关;旅游景点,夏季开放，建议傍晚去凉快且人少。门票约60元，游玩2小时。注意水深标识，带小孩需全程看护。,彭州湔江河畔的亲水风景名胜，以自然河岸风光为特色，展现川西水乡的田园休闲意境。,2.5,彭州市
1393,国色天乡水上乐园,4A,体育休闲服务,万春镇天乡路二段88号,103.824315,30.71944,4.4,100,"{""open"":""9:00"",""close"":""21:00""}",体育休闲服务;休闲场所;水上活动中心,夏季6-9月开放，建议工作日去人少。门票约130元，可玩一天。提前网上购票有优惠，注意防晒补水。,温江国色天乡乐园的夏季主力项目，融合国际水上游乐与川西民俗风情，是成都老牌主题乐园文化的代表。,4.0,温江区
1394,成都踏浪水上乐园,-,体育休闲服务,福洪镇桂花路388号福洪踏浪水上乐园,104.341907,30.742789,3.8,60,"{""open"":""10:00"",""close"":""21:00""}",体育休闲服务;休闲场所;水上活动中心,夏季开放，建议午后入场。门票约90元，游玩3小时。适合家庭亲子，部分项目有身高限制。,青白江区新兴水上乐园，填补城北亲水娱乐空白，体现成都周边区县旅游设施不断完善。,3.0,青白江区
1395,街子悠游岛,-,体育休闲服务,街子镇显永路4号,103.559328,30.806248,4.0,50,"{""open"":""9:00"",""close"":""21:00""}",体育休闲服务;休闲场所;水上活动中心|风景名胜;风景名胜相关;旅游景点,全年可游，夏季玩水冬季可露营。门票约50元，游玩半天。建议自驾前往，节假日停车位紧张。,崇州街子古镇旁的综合游乐岛，依托古镇游客资源，融合自然生态与亲子娱乐，展现古镇旅游延伸业态。,3.0,崇州市
1396,多彩山地滑水,-,体育休闲服务,怀远镇三官旅游新村重庆路,103.502994,30.713032,3.7,40,"{""open"":""9:00"",""close"":""18:00""}",体育休闲服务;休闲场所;水上活动中心,夏季6-9月开放，建议上午去水量足。门票约100元，游玩2-3小时。需穿专用滑水服，听从安全指导。,崇州山地户外运动项目，利用丘陵地形开展滑水活动，体现成都西郊山地体育旅游的新兴方向。,2.5,崇州市
1397,梁筏渡森态苑,-,餐饮服务,花源镇梁筏村6组第二绕城边上,103.838319,30.480209,3.8,0,"{""open"":""10:00"",""close"":""22:00""}",餐饮服务;中餐厅;四川菜(川菜),,,1.0,新津区
1398,青城两河漂流,-,体育休闲服务,宿仙社区2组9号,103.551105,30.828473,4.2,120,"{""open"":""9:00"",""close"":""17:00""}",体育休闲服务;休闲场所;水上活动中心,夏季5-10月开放，建议晴好天气前往。漂流约1.5小时，门票约150元。备换洗衣物，手机防水袋必带。,都江堰青城山脚下的亲水漂流项目，依托岷江支流与道教名山文化，让游客在激流中感受自然与人文交融。,2.0,都江堰市
1399,成都空港飞机乐园,-,体育休闲服务,牧华路一段700号,103.932832,30.513796,3.9,30,"{""open"":""9:00"",""close"":""18:00""}",体育休闲服务;休闲场所;游乐场,全年开放，建议上午去光线好。门票约100元，游玩2小时。适合亲子，可近距离接触飞机，提前查航班动态。,双流机场附近的航空主题乐园，结合空港经济与科普教育，展现成都作为航空枢纽的城市特色。,2.5,双流区
1400,兴亚舵水上运动中心,-,体育休闲服务,静园西路596号附1号,103.851704,30.785685,4.0,80,"{""open"":""9:00"",""close"":""21:00""}",体育休闲服务;体育休闲服务场所;体育休闲服务场所,夏季为主，建议下午去风小浪稳。体验项目按次收费约200元。需会游泳，穿救生衣，注意天气预警。,郫都区水上运动培训基地，开展桨板、皮划艇等新兴项目，体现成都年轻人追逐时尚健康生活方式。,2.0,郫都区
1401,松鼠的森林,-,风景名胜,合江街道南天寺8组1号,104.154425,30.405911,4.0,0,"{""open"":""全天""}",风景名胜;风景名胜相关;旅游景点,春秋季最佳，空气清新。门票约30元，游玩1-2小时。林间蚊虫多，建议穿长裤并携带驱蚊液。,双流近郊的森林生态景观区，以松鼠等小动物为特色，体现成都城市绿肺与自然教育功能。,1.5,双流区
1402,分贝音乐公园,-,风景名胜,北星大道一段与王贾路之间,104.073368,30.726939,4.1,0,"{""open"":""全天""}",风景名胜;公园广场;公园|公司企业;公司;公司,全年开放，夜晚灯光效果好。免费入园，游玩1-2小时。适合散步拍照，周边有餐饮配套。,金牛区以音乐为主题的开放式城市公园，融合分贝概念与休闲景观，反映成都音乐之都的城市氛围。,1.0,金牛区
1403,丹景山开心水上乐园,-,体育休闲服务,丹景山镇石牛村6组盛世牡丹苑内,103.856702,31.066074,3.8,80,"{""open"":""9:00"",""close"":""21:00""}",体育休闲服务;休闲场所;水上活动中心,夏季开放，建议上午早去。门票约70元，游玩3小时。山区温差大，备毛巾和防晒用品。,彭州丹景山脚下的水上乐园，结合牡丹花乡旅游带，为传统赏花景区增添夏季亲水功能。,3.0,彭州市
1404,清水河开心乐园,-,体育休闲服务,清水河公园3号门人口100米,103.987137,30.654293,3.9,60,"{""open"":""10:00"",""close"":""22:00""}",体育休闲服务;休闲场所;游乐场,夏季开放，建议非周末前往。门票约60元，游玩2-3小时。清水河畔注意防蚊，儿童需家长陪同。,武侯区清水河畔的亲水乐园，依托城市河流生态整治成果，体现成都主城区滨水空间活化利用。,2.5,武侯区
1405,inwave音浪伊甸岛浪客水上运动中心(麓湖店),-,体育休闲服务,天津路西段455号,104.058084,30.4598,3.9,100,"{""open"":""10:00"",""close"":""21:00""}",体育休闲服务;休闲场所;水上活动中心,夏季上午或傍晚前往，避开正午暴晒。建议游玩2-3小时，需购票或预约。自带泳衣、防晒用品，注意水上安全。,位于麓湖生态城，依托人工湖打造的水上运动乐园，体现成都近郊公园城市与水系融合的休闲生活方式。,3.0,双流区
1406,海龙湾,-,商务住宅,姚渡镇大石路清平村7组309号,104.271689,30.754978,3.5,0,"{""open"":""全天""}",商务住宅;住宅区;住宅小区,,,0.5,青白江区
1407,成都和鹭赛艇俱乐部,-,体育休闲服务,正兴街道蜀州路2828号附OL-05-,104.10214,30.393236,4.0,150,"{""open"":""9:00"",""close"":""21:00""}",体育休闲服务;体育休闲服务场所;体育休闲服务场所,适合预约体验赛艇课程，建议春秋季上午前往，时长约2小时。需提前电话预约，费用较高，穿运动服装。,赛艇运动在成都新兴发展，俱乐部依托锦城湖优质水域，推广水上竞技与团队协作文化，展现城市国际化运动氛围。,2.0,双流区
1408,水上游乐区(新世纪环球购物中心店),-,体育休闲服务,天府大道北段1700号环球中心1F层,104.062075,30.569475,3.8,50,"{""open"":""10:00"",""close"":""22:00""}",体育休闲服务;休闲场所;游乐场,位于环球中心内，全年可玩，建议工作日或非节假日前往避开人流。游玩半天，门票含在商场内单独购买。,环球中心为亚洲最大单体建筑之一，其水上游乐区将购物与水上娱乐结合，体现成都现代都市休闲消费文化的繁荣。,2.0,武侯区
1409,金熊猫水上休闲运动中心(兴隆湖店),-,体育休闲服务,中国(四川)自由贸易试验区天府新区兴隆街道湖畔路西段6号地下室-1层122号、123号、124号、125号,104.075338,30.396122,3.9,120,"{""open"":""9:00"",""close"":""21:00""}",体育休闲服务;体育休闲服务场所;体育休闲服务场所,夏季开放，建议上午或傍晚去，游玩2-3小时。需购票，可提前网上预订。注意防晒和儿童看护。,兴隆湖是成都天府新区生态地标，水上运动中心依托湖泊资源，展现公园城市理念下市民亲水休闲的新场景。,2.5,双流区
1410,天谊体育兴隆湖水上运动中心,-,体育休闲服务,湖畔路西段117号,104.075123,30.396258,3.8,100,"{""open"":""9:00"",""close"":""21:00""}",体育休闲服务;休闲场所;休闲场所,建议春秋季下午前往，体验皮划艇、桨板等，时长约2小时。需提前预约，提供装备，适合轻运动爱好者。,兴隆湖作为成都科学城生态核心，水上运动中心为科研人群和市民提供健康休闲空间，体现科技与自然共生。,2.0,双流区
1411,二十一世纪学校水上运动中心,-,体育休闲服务,万春镇江宁南路99号附2号,103.826954,30.714559,3.7,40,"{""open"":""9:00"",""close"":""21:00""}",体育休闲服务;体育休闲服务场所;体育休闲服务场所,主要面向学校师生，对外开放有限。建议先电话咨询开放情况。若开放，参观时长1小时，注意校园秩序。,依托二十一世纪学校校内水域建设，以青少年水上运动教育为特色，体现成都温江区素质教育与体育融合的探索。,2.0,温江区
1412,美索水上运动中心(东湖公园店),-,体育休闲服务,二环路东5段299号附8号,104.086372,30.614954,4.0,90,"{""open"":""9:00"",""close"":""21:00""}",体育休闲服务;休闲场所;水上活动中心,位于东湖公园内，建议春秋季傍晚前往，游玩1-2小时。可单独体验或参加课程，费用适中。,东湖公园是成都二环内稀缺水景绿地，美索水上运动中心在此运营，为市民提供桨板、皮划艇，体现城市滨水空间活化利用。,2.5,锦江区
1413,极地水乐园,-,体育休闲服务,成都海昌极地海洋公园,104.074859,30.494435,3.8,70,"{""open"":""9:00"",""close"":""21:00""}",体育休闲服务;休闲场所;水上活动中心,夏季水上乐园旺季，建议上午开门即入，游玩半天。需购票，可带泳具。注意部分项目有身高限制。,位于成都海昌极地海洋公园旁，以海洋主题包装水乐园，结合亲子娱乐，反映成都家庭型夏季消暑消费特色。,3.0,双流区
1414,成都欢乐谷水世界,-,体育休闲服务,西华街道西华大道16号成都欢乐谷,104.036408,30.723381,4.2,130,"{""open"":""9:00"",""close"":""21:00""}",体育休闲服务;休闲场所;水上活动中心,夏季开放，建议下午入园玩至夜场，游玩4-6小时。门票含欢乐谷或单独水世界票，提前网购更优惠。,欢乐谷水世界是成都老牌大型主题水乐园，融合刺激游乐与巴蜀文化表演，是城市夏日娱乐文化的重要载体。,4.0,金牛区
1415,成都超级水世界,-,体育休闲服务,天乡路三段与友谊路交叉口西南180米,103.802005,30.70566,3.6,60,"{""open"":""9:00"",""close"":""21:00""}",体育休闲服务;休闲场所;水上活动中心,夏季高温时前往，建议游玩半天。需购票，注意园区储物柜收费，自带毛巾拖鞋。部分设施需排队。,位于温江，定位大型综合水上乐园，以多样滑道和造浪池吸引年轻群体，反映成都近郊休闲旅游的蓬勃发展。,3.5,温江区
1416,大梁酒庄田园乐翻天乐园,-,体育休闲服务,文笔山村13组(近318国道),103.47294,30.369446,4.0,50,"{""open"":""9:00"",""close"":""18:00""}",体育休闲服务;休闲场所;游乐场|风景名胜;风景名胜;风景名胜,春秋季或周末前往，适合亲子游玩半天至一天。可购买套票，部分项目另收费。注意田园户外防晒。,大梁酒庄以邛崃酒文化为底蕴，结合田园亲子乐园，展现川西林盘文化与酒乡民俗的创意融合，寓教于乐。,3.0,邛崃市
1417,银沙滩戏水园,-,风景名胜,书土路74号,104.233881,30.581964,4.0,0,"{""open"":""全天""}",风景名胜;风景名胜相关;旅游景点,夏季傍晚去戏水最佳，免费开放，游玩1-2小时。位于青龙湖湿地公园内，注意安全，无救生员。,银沙滩位于龙泉驿青龙湖，是成都利用湿地生态打造的人工沙滩戏水区，体现公园城市中自然野趣与市民休闲结合。,2.0,龙泉驿区
1418,头雁南来水上运动中心,-,体育休闲服务,[],103.379775,30.544375,4.2,80,"{""open"":""9:00"",""close"":""18:00""}",体育休闲服务;休闲场所;水上活动中心,建议预约皮划艇或龙舟体验，春秋季上午前往，时长2小时。费用按项目收取，提供基础教学和救生衣。,邛崃因文君文化闻名，水上运动中心依托南河或湖域，将传统水乡记忆与现代体育休闲结合，带动乡村旅游升级。,2.5,邛崃市
1419,放野玩水营地(麓湖店),-,体育休闲服务,麓湖水城景区麓客岛放野玩水店,104.063978,30.459806,4.3,100,"{""open"":""10:00"",""close"":""22:00""}",体育休闲服务;体育休闲服务场所;体育休闲服务场所,夏季玩水营地，建议下午至傍晚，游玩2-3小时。需预约入场，可自带野餐装备，注意蚊虫和防晒。,麓湖社区以水系景观著称，放野玩水营地强调自然野趣与亲子互动，体现成都高品质社区公共空间营造的创新。,2.0,双流区
1420,南湖梦幻岛嬉水乐园,-,体育休闲服务,南湖大道588号南湖梦幻岛南门,104.054113,30.496681,4.1,60,"{""open"":""10:00"",""close"":""21:00""}",体育休闲服务;休闲场所;游乐场,夏季开放，建议上午前往避开高峰，游玩半天。需购票，适合亲子，注意儿童安全及泳具准备。,南湖梦幻岛是成都南门知名主题乐园，嬉水乐园作为夏季扩展项目，依托南湖生态，为家庭提供近郊戏水目的地。,3.5,双流区
1421,成都DDS潮汐冲浪工厂(高新店),-,体育休闲服务,科园南二路6号蚂蚁物流园区DDS潮汐冲浪工厂,104.031687,30.612704,4.4,120,"{""open"":""10:00"",""close"":""22:00""}",体育休闲服务;体育休闲服务场所;体育休闲服务场所,建议工作日下午或周末错峰前往，体验2-3小时。需提前线上购票并自备泳衣、毛巾。未成年人需监护人陪同。,成都首家室内恒温冲浪馆，将海洋运动带入内陆城市，体现成都人敢于尝鲜、融合时尚与休闲的都市生活方式。,2.5,武侯区
1422,乡里乡亲水上乐园,-,体育休闲服务,学院街新繁镇龙毅村10社四川五月花专修学院东北400米,103.979634,30.830552,3.9,40,"{""open"":""9:00"",""close"":""18:00""}",体育休闲服务;休闲场所;水上活动中心,夏季6-9月开放，建议上午或傍晚前往避暑，游玩半天。门票约30-50元，可自带泳具。注意防晒补水。,新都区乡村水上乐园，依托本地水资源打造亲子消夏场所，反映成都近郊乡村旅游与家庭休闲的紧密结合。,3.0,新都区
1423,天府农博科旺水上运动中心,-,体育休闲服务,三新路294号,103.809474,30.497638,4.0,80,"{""open"":""9:00"",""close"":""18:00""}",体育休闲服务;休闲场所;水上活动中心,春秋季天气凉爽时前往，体验皮划艇或桨板约1-2小时。需提前预约，费用约100-200元/人。穿戴救生衣。,位于天府农博园内，将现代农业景观与水上运动结合，体现成都乡村振兴战略下农旅融合的新探索。,2.5,新津区
1424,人民公园-儿童乐园,-,体育休闲服务,君平街88号(人民公园地铁站H口步行180米),104.055761,30.657427,4.2,0,"{""open"":""全天""}",体育休闲服务;休闲场所;游乐场,全年适宜，建议上午9点前或傍晚前往，游玩1-2小时。免费入园，游乐项目单独收费。适合亲子家庭。,人民公园是成都百年老公园，儿童乐园承载几代成都人的童年记忆，是城市公共休闲与历史传承的缩影。,1.5,青羊区
1425,人工湖(游船),-,风景名胜,小南街8号人民公园(人民公园地铁站B口步行340米),104.058481,30.656372,4.0,0,"{""open"":""全天""}",风景名胜;风景名胜相关;旅游景点,春秋季午后最佳，乘船游览约30-40分钟。船票约30元/人，建议提前查看天气，雨天停航。,位于青羊区文化公园或浣花溪一带的人工湖，依托成都水系文化，为市民提供泛舟赏景的古典园林体验。,1.0,青羊区
1426,朋客记忆乐园(温江总店),-,体育休闲服务,温江区南熏大道一段271号附16、17、18、19、20、21号,103.854025,30.694225,4.0,50,"{""open"":""9:00"",""close"":""21:00""}",体育休闲服务;休闲场所;游乐场,周末或节假日前往，建议游玩半天。门票含部分项目，约60-80元。适合亲子、情侣，注意防晒。,温江区老牌户外乐园，融合游乐设施与自然景观，是成都西郊家庭出游的热门地，见证近郊休闲产业发展。,2.5,温江区
1427,浪速运动(兴隆湖店),-,体育休闲服务,华阳街道华府大道一段1号2栋1单元17层11号,104.086287,30.402519,4.2,30,"{""open"":""9:00"",""close"":""21:00""}",体育休闲服务;运动场馆;篮球场馆,春秋季晴天前往，体验帆船或皮划艇约2小时。需提前预约，费用200元左右。注意穿戴专业救生装备。,兴隆湖是成都天府新区生态地标，浪速运动在此开展水上运动培训，体现成都公园城市理念与水上体育的融合。,2.0,双流区
1428,船奇水上运动俱乐部,-,体育休闲服务,洛带镇船奇水上运动俱乐部,104.321529,30.636444,4.1,100,"{""open"":""9:00"",""close"":""18:00""}",体育休闲服务;休闲场所;游乐场,夏季6-9月营业，建议下午4点后避开烈日，游玩2-3小时。需预约，费用约150元/人。自备换洗衣物。,龙泉驿区依托青龙湖或洛带水域开展水上运动，俱乐部形式推动成都东郊水上休闲产业发展，年轻时尚气息浓厚。,2.5,龙泉驿区
1429,浪花水乐园·戛纳,-,体育休闲服务,滨河路二段407号,104.053884,30.522548,4.0,80,"{""open"":""10:00"",""close"":""22:00""}",体育休闲服务;休闲场所;水上活动中心,夏季开放，建议傍晚前往避开高温，游玩2-3小时。门票约80元，含部分水上设施。注意儿童安全。,位于双流戛纳湾商圈，是社区型水上乐园代表，满足城南居民夏日亲水需求，体现成都商业综合体的多元业态。,3.0,双流区
1430,成都寰海创玩水上运动中心,-,体育休闲服务,兴元路27号,103.762336,30.506855,4.0,90,"{""open"":""9:00"",""close"":""18:00""}",体育休闲服务;休闲场所;水上活动中心,夏季6-9月开放，建议自驾前往，游玩半天至一天。门票约100元。山区天气多变，备好雨具和防晒用品。,大邑县依托西岭雪山丰富水资源，打造山地水上运动中心，将自然山水与刺激运动结合，展现成都西部生态旅游特色。,2.5,大邑县
1431,天府乐园,-,体育休闲服务,东溪镇鳌山,104.556846,30.40167,4.0,0,"{""open"":""全天""}",体育休闲服务;休闲场所;游乐场,春秋季气候宜人时前往，游玩2-3小时。门票约50元，部分项目另收费。适合家庭出游，周末人较多。,简阳市区综合乐园，提供摩天轮、旋转木马等经典游乐项目，是当地居民日常休闲和节庆娱乐的重要场所。,3.0,简阳市
1432,江盈扬帆水上中心水世界,-,体育休闲服务,通力路36号大丰体育文创公园(东南角),104.065191,30.752382,3.8,0,"{""open"":""9:00"",""close"":""21:00""}",体育休闲服务;休闲场所;水上活动中心,夏季6-9月开放，建议上午10点前或下午4点后前往，游玩3小时。门票约60-90元，可网上购票。,新都区大型水上游乐中心，拥有造浪池和滑道等设施，为城北居民提供夏季消暑好去处，推动区域文旅消费。,3.0,新都区
1433,远拓营趣FUN皮划艇俱乐部(江家艺苑店),-,体育休闲服务,三圣乡街道驸江路江家艺苑公园(近绕城186路驸江路西公交站),104.120693,30.569998,3.9,0,"{""open"":""9:00"",""close"":""21:00""}",体育休闲服务;休闲场所;水上活动中心,春秋季晴天前往，体验皮划艇约1-2小时。需提前预约，费用约120元/人。适合初学者，有教练指导。,位于锦江区江家艺苑生态公园内，结合锦江绿道与湖泊资源，推广皮划艇运动，体现成都公园城市绿色休闲生活方式。,2.0,锦江区
1434,沐春风度假村,-,体育休闲服务,兴义镇附近,103.797204,30.486216,4.0,0,"{""open"":""全天""}",体育休闲服务;度假疗养场所;度假村,全年可前往，建议春秋季入住度假村，体验温泉或水上项目。住宿费用约300-500元/晚，需提前预订。,新津区近郊度假村，结合温泉、水疗和田园景观，为都市人提供短途休憩场所，反映成都周边度假产业成熟发展。,2.5,新津区
1435,川浪运动(凤鸣湖店),-,体育休闲服务,航港路66号川浪运动(凤鸣湖店),103.902263,30.598508,3.8,0,"{""open"":""9:00"",""close"":""21:00""}",体育休闲服务;运动场馆;运动场所,春秋季傍晚前往，凤鸣湖公园免费进入，水上运动项目单独收费约80元/次。建议预约，穿运动服装。,双流区凤鸣湖公园内的水上运动点，依托城市湖泊开展桨板、皮划艇等小众运动，符合成都年轻人追求健康新潮的趋势。,2.5,双流区
1436,PANDA逐浪水上乐园,-,体育休闲服务,欢乐田园,104.251825,30.604375,3.8,0,"{""open"":""9:00"",""close"":""21:00""}",体育休闲服务;休闲场所;水上活动中心,夏季10:00-18:00开放，建议游玩半天。提前网上购票有优惠，自带泳衣、毛巾、防水袋，注意防晒补水，儿童需成人陪同。,位于龙泉驿区，依托成都东郊夏日亲水休闲需求而建，是本地家庭周末消暑、亲子互动的热门水上乐园之一。,3.0,龙泉驿区
1437,盛世牡丹苑开心水上乐园,-,体育休闲服务,丹景山镇石牛村6组盛世牡丹苑内,103.855705,31.067618,3.7,0,"{""open"":""9:00"",""close"":""21:00""}",体育休闲服务;休闲场所;水上活动中心,夏季午后水温适宜，游玩约3-4小时。现场购票或团购均可，建议错开周末高峰，携带换洗衣物，注意安全警示。,彭州地处龙门山前，夏季清凉气候催生多处水上休闲场所，此乐园结合牡丹文化主题，为当地夏日娱乐增添趣味。,2.5,彭州市
1438,鸭小七自然探索乐园(金牛凯德广场店),-,体育休闲服务,凯德广场二期3层05B号(星河地铁站D口步行100米),104.043549,30.704142,3.9,0,"{""open"":""10:00"",""close"":""22:00""}",体育休闲服务;休闲场所;游乐场,适合3-10岁儿童，建议游玩1-2小时。商场内交通便利，有餐饮配套。工作日人少体验好，周末需留意限流。,位于金牛凯德广场，是城市综合体内新兴的自然探索型亲子乐园，体现成都商业空间融合自然教育与游乐的趋势。,2.0,金牛区
1439,巴布载道全能水上运动中心,-,体育休闲服务,桦彩路89号文轩体育中心游泳馆,104.087127,30.590302,3.8,0,"{""open"":""9:00"",""close"":""21:00""}",体育休闲服务;体育休闲服务场所;体育休闲服务场所,提供皮划艇、桨板等课程，需提前预约。建议春秋季上午参加，时长约2小时。穿戴专业救生衣，听从教练指导。,锦江区依托府河及东湖水域资源发展水上运动，此处为市民提供专业休闲运动平台，体现成都公园城市水岸活力。,2.5,锦江区
1440,云朵水上乐园,-,体育休闲服务,唐昌镇大云村三社301号,103.819063,30.914889,3.7,0,"{""open"":""9:00"",""close"":""21:00""}",体育休闲服务;休闲场所;水上活动中心,夏季开园，建议下午3点后入园避免暴晒，游玩3小时。自带泳具，注意儿童看护，可备零钱租储物柜。,郫都区近年来打造多个近郊亲水乐园，云朵水上乐园以轻量级游乐设施为主，服务周边社区夏日休闲需求。,2.5,郫都区
1441,浩鲨科雷水上运动中心,-,体育休闲服务,公共服务停车场负1层B1口,104.066427,30.555095,3.8,0,"{""open"":""9:00"",""close"":""21:00""}",体育休闲服务;休闲场所;水上活动中心,以潜水体验和培训为主，需提前电话预约。建议体验时长1-2小时，无需自带装备，但需确认健康状况，遵守安全规范。,武侯区少见的室内水上运动中心，引入潜水教学等专业项目，满足成都市民对新兴水上运动的探索需求。,2.5,武侯区
1442,淮州国际山水运动中心,-,体育休闲服务,临波路18号14栋1-(科玛小镇),104.543602,30.699815,3.8,0,"{""open"":""9:00"",""close"":""21:00""}",体育休闲服务;休闲场所;水上活动中心,适合户外爱好者，春秋季最佳。含皮划艇、龙舟等项目，建议半天至一天。提前查询开放情况，做好防晒防蚊。,金堂县依托沱江山水资源，打造山地与水上运动结合的休闲基地，呼应成都“三城三都”体育赛事名城建设。,3.0,金堂县
1443,鸭小七自然探索乐园(成都华熙528店),-,体育休闲服务,三圣街道雨树巷27号华熙528商业广场A区2楼3106、3107号,104.145225,30.592725,3.9,0,"{""open"":""10:00"",""close"":""22:00""}",体育休闲服务;休闲场所;游乐场,室内乐园，全年可玩，建议游玩1-2小时。位于华熙528商圈，适合亲子家庭，可搭配餐饮购物行程。,锦江区华熙528是文创商业地标，此自然探索乐园融入商业综合体，代表成都“文商旅”融合的亲子消费新场景。,2.0,锦江区
1444,快乐老街水上乐园,-,风景名胜,龙门山镇复兴场社区快乐老街临江街186号,103.764081,31.192628,3.8,0,"{""open"":""全天""}",风景名胜;风景名胜相关;旅游景点,夏季开放，建议游玩半天。门票以现场为准，注意水上安全，自带泳衣。周边有老街美食可顺道品尝。,彭州老街改造中保留传统川西场镇风貌，水上乐园依托古堰水系而设，为游客提供怀旧与亲水结合的独特体验。,2.0,彭州市
1445,凫岛水上乐园,-,风景名胜,绿道201号附1号,103.768085,30.696211,3.8,0,"{""open"":""全天""}",风景名胜;风景名胜相关;旅游景点,夏季周末人气旺，建议上午前往。游玩约3小时，可携带野餐垫在岸边休息，注意水深标识，儿童须有大人陪同。,温江区素有“成都后花园”之称，凫岛乐园位于江安河畔，融合水景与绿道，体现川西水乡生态休闲文化。,2.0,温江区
1446,艇好玩水上俱乐部,-,体育休闲服务,麓山大道二段105号,104.144686,30.485214,3.8,0,"{""open"":""9:00"",""close"":""21:00""}",体育休闲服务;体育休闲服务场所;体育休闲服务场所,提供摩托艇、尾波冲浪等刺激项目，需预约并接受安全培训。建议夏季傍晚游玩，时长2小时，穿速干衣。,双流区依托锦江及湖泊水域发展水上俱乐部，服务年轻潮流群体，展现成都近郊运动休闲的时尚活力。,2.0,双流区
1447,南湖梦幻岛(南区商品店),-,购物服务,南湖大道428号南湖梦幻岛,104.052758,30.497552,3.6,0,"{""open"":""10:00"",""close"":""22:00""}",购物服务;便民商店/便利店;便民商店/便利店,非独立景点，为乐园内商品店。建议游玩乐园时顺路选购纪念品，注意比价，理性消费，可留作旅行纪念。,南湖梦幻岛是成都南门知名主题乐园，此商店售卖主题周边，承载游客对游乐时光的记忆，体现乐园IP文化延伸。,1.0,双流区
1448,巴布载道全能水上运动中心,-,体育休闲服务,锦江体育公园内(西侧),104.110842,30.597768,4.0,0,"{""open"":""9:00"",""close"":""21:00""}",体育休闲服务;体育休闲服务场所;体育休闲服务场所,与1439为同一品牌分点，建议提前预约课程或体验。适合青少年及成人，专业教练指导，注意着装轻便。,品牌在锦江区布局多处水上运动点，依托城市河道资源推广全民水上运动，助力成都建设世界赛事名城。,2.5,锦江区
1449,酷玩岛水上运动世界,-,体育休闲服务,成简快速路6号(酷玩岛俱乐部旁),104.462825,30.493525,3.8,0,"{""open"":""9:00"",""close"":""21:00""}",体育休闲服务;休闲场所;水上活动中心,简阳夏季炎热，建议早晚时段游玩。项目含滑梯、造浪池等，游玩半天。提前团购门票，注意防晒补水。,简阳依托天府新区建设及三岔湖水域资源发展水上娱乐，此乐园服务东部新城居民，体现区域文旅新增长点。,3.0,简阳市
1450,青荷里乡村会客厅,-,体育休闲服务,方兴社区方井村14号,103.730947,30.419794,4.0,0,"{""open"":""全天""}",体育休闲服务;休闲场所;休闲场所,适合周末近郊游，建议春秋季前往。可体验垂钓、露营等轻活动，游玩半天至一天。提前确认开放及收费项目。,新津区以乡村生态旅游著称，青荷里融合荷塘景观与乡村会客厅概念，展现成都平原林盘文化与现代休闲结合。,2.0,新津区
1451,浩海水上运动基地,-,体育休闲服务,鹤鸣乡平阳街1号附10号,103.412712,30.62974,3.8,0,"{""open"":""9:00"",""close"":""21:00""}",体育休闲服务;体育休闲服务场所;体育休闲服务场所,夏季6-9月最佳，建议游玩2-3小时。需提前预约，自带泳具和防晒用品。注意安全，听从救生员指挥。,大邑县依托岷江支流打造的水上运动基地，是成都近郊开展水上体育休闲活动的新兴场所，体现川西水文化特色。,3.0,大邑县
1452,河盼里柴火鸡,-,体育休闲服务,玉堂街道上元社区8组,103.591587,30.928753,3.7,0,"{""open"":""10:00"",""close"":""22:00""}",体育休闲服务;体育休闲服务场所;体育休闲服务场所,建议傍晚前往，用餐约1.5小时。人均消费80-120元，可提前电话订座。柴火鸡现做需等待，适合朋友聚餐。,都江堰农家乐特色餐饮代表，以柴火灶炖土鸡为亮点，融合川西林盘饮食传统，展现灌区乡村生活气息。,1.0,都江堰市
1453,澜舶航海(兴隆湖基地),-,公司企业,湖畔路北段与菁蓉北四街交叉路口往南约190米,104.084955,30.402523,3.9,0,"{""open"":""9:00"",""close"":""18:00""}",公司企业;公司;公司,,,0.0,双流区
1454,南湖公园水上演绎中心,-,体育休闲服务,华阳镇街道南湖东路南湖公园(西南角),104.045975,30.497725,3.8,0,"{""open"":""9:00"",""close"":""21:00""}",体育休闲服务;休闲场所;水上活动中心,春秋夜景最佳，演出约1小时。需提前购票选座，湖边风大建议带薄外套。周边有停车场，可乘地铁5号线转公交。,双流南湖公园内的水上实景演出场地，依托湖泊景观打造夜间文旅项目，融合现代声光电技术与天府水韵。,2.5,双流区
1455,四川国际水上运动中心,-,体育休闲服务,岷江大道二段235号四川水上运动学校内,103.832767,30.398392,4.0,0,"{""open"":""9:00"",""close"":""21:00""}",体育休闲服务;休闲场所;水上活动中心,夏季开放，建议游玩半天。专业赛事场地，普通游客需确认开放时段。可观摩训练或参与体验课程，需提前预约。,新津区岷江水域的专业水上运动训练基地，曾承办全国性赛艇、皮划艇赛事，是四川水上体育人才培养重要摇篮。,3.0,新津区
1456,浪起天歌·水上乐园·湖畔院子,-,体育休闲服务,陈河村5组8号,104.274277,30.270001,3.8,0,"{""open"":""9:00"",""close"":""21:00""}",体育休闲服务;休闲场所;水上活动中心,夏季白天玩水，傍晚湖畔休闲。建议游玩3-4小时，门票含水上项目。自驾更方便，注意儿童看护和防晒。,简阳三岔湖周边新兴的水上乐园与湖畔民宿综合体，结合简阳天府新区发展，打造亲水度假新生活方式。,3.5,简阳市
1457,鱼凫湿地戏水乐园,-,体育休闲服务,彭白路32号江桥村4组,103.791427,31.170592,3.9,0,"{""open"":""9:00"",""close"":""21:00""}",体育休闲服务;休闲场所;水上活动中心,夏季亲子游首选，建议游玩2-3小时。门票约30元，可自带泳圈。湿地蚊虫多，备好驱蚊水，注意水深标识。,彭州鱼凫湿地公园内的戏水区域，鱼凫文化可追溯古蜀先民渔猎传统，湿地生态与休闲旅游融合发展。,2.5,彭州市
1458,音乐百花谷水上乐园,-,风景名胜,叠秀路1777号音乐百花谷内,104.165544,30.762974,4.2,0,"{""open"":""9:00"",""close"":""18:00""}",风景名胜;风景名胜相关;旅游景点,夏秋季游玩，建议半天。门票约50元，含部分水上游乐项目。百花谷以赏花闻名，可结合花卉观赏安排行程。,新都区以花海景观为特色的综合性乐园，水上乐园与四季花田结合，体现成都近郊乡村旅游的多元创新模式。,3.0,新都区
1459,兴隆湖游乐场,-,体育休闲服务,湖畔路北段与菁蓉北四街交叉口东南100米,104.086436,30.403817,3.8,0,"{""open"":""9:00"",""close"":""21:00""}",体育休闲服务;体育休闲服务场所;体育休闲服务场所,全年可玩，建议傍晚去避免暴晒。游乐项目单项收费，约20-50元。地铁1号线兴隆湖站可达，适合家庭散步休闲。,天府新区兴隆湖生态湖畔的游乐设施，作为成都科学城绿色配套，体现公园城市理念下湖滨公共空间的活力。,2.5,双流区
1460,龙香院休闲亭,-,体育休闲服务,龙池旅游路东南40米,103.563209,31.06798,3.9,0,"{""open"":""全天""}",体育休闲服务;休闲场所;休闲场所,适合春秋踏青，建议停留1小时。免费开放，可自带茶点。位于都江堰景区周边，可结合青城山、都江堰一日游。,都江堰景区附近的传统川西休闲亭廊，供游客歇脚品茗，延续了成都人依水而憩、慢享生活的茶馆文化传统。,1.0,都江堰市
1461,龙门雪谷水上乐园,-,体育休闲服务,彭白路101号,103.739611,31.212652,3.8,0,"{""open"":""9:00"",""close"":""21:00""}",体育休闲服务;休闲场所;水上活动中心,夏季开放，建议游玩2-3小时。门票约80元，注意儿童安全。彭州山区气候凉爽，可备长袖衣物，自驾山路需谨慎。,彭州龙门山地带的水上乐园，利用山地落差与清凉泉水，结合龙门山地质公园生态背景，打造山地亲水娱乐项目。,3.0,彭州市
1462,斯澜航海俱乐部宿营地,-,公司企业,金石路与天乡路三段交叉口西南380米,103.775712,30.683617,3.6,0,"{""open"":""全天""}",公司企业;公司;公司,,,0.0,温江区
1463,白果欢乐水世界,-,体育休闲服务,大划镇蜀南大道,103.736062,30.565696,3.9,0,"{""open"":""9:00"",""close"":""21:00""}",体育休闲服务;休闲场所;游乐场,夏季6-8月最佳，建议游玩半天。门票约60元，储物柜需另付费。崇州自驾方便，人多时需排队，建议早到。,崇州乡村休闲旅游的代表性水上乐园，依托川西平原水资源，为周边市民提供夏日消暑和亲子娱乐场所。,3.5,崇州市
1464,莲韵水乡,-,体育休闲服务,金堂大道三金路口,104.579735,30.76714,3.8,0,"{""open"":""9:00"",""close"":""21:00""}",体育休闲服务;休闲场所;水上活动中心,夏季荷花盛开时最美，建议清晨或傍晚前往。免费或低门票，游玩1-2小时。可骑行或漫步，注意防晒补水。,金堂县以荷塘水乡为主题的生态休闲区，莲藕种植与乡村旅游结合，传承川中水乡农耕文化与莲荷审美意趣。,2.0,金堂县
1465,水上步行球,-,风景名胜,桂湖西路3号(桂湖公园)桂湖森林广场内,104.158645,30.82091,3.7,0,"{""open"":""全天""}",风景名胜;风景名胜相关;旅游景点,夏季开放，适合儿童体验。单项收费约20元/次，游玩30分钟即可。需穿防水衣物，注意平衡和安全。,新都区水上步行球项目，属于趣味性水上体验设施，为游客提供在透明球内水面行走的独特娱乐感受。,0.5,新都区
1466,森林水世界,-,体育休闲服务,永商镇梨花村梨花溪风景区(东南角),103.818323,30.359883,3.9,0,"{""open"":""9:00"",""close"":""21:00""}",体育休闲服务;体育休闲服务场所;体育休闲服务场所,夏季避暑胜地，建议游玩3-4小时。门票约100元，可自带泳具。新津森林覆盖率高，注意防滑和蚊虫。,新津区依托森林与水域资源打造的水上乐园，强调原生态自然体验，呼应成都近郊森林康养旅游发展趋势。,3.0,新津区
1467,洄南湾水上乐园,-,体育休闲服务,果居路196号,104.027317,30.860902,3.8,0,"{""open"":""9:00"",""close"":""21:00""}",体育休闲服务;体育休闲服务场所;体育休闲服务场所,夏季开放，建议游玩2-3小时。门票约70元，储物柜租赁另计。新都区交通便利，可乘地铁3号线转公交前往。,新都区新兴的水上乐园项目，以“洄南”为名体现河流弯道地理特征，为成都北门居民提供夏日亲水娱乐选择。,3.0,新都区
1468,扑浪伴宠乐园,-,体育休闲服务,石盘街道龙马湖公园内,104.455525,30.493475,3.7,0,"{""open"":""9:00"",""close"":""21:00""}",体育休闲服务;体育休闲服务场所;体育休闲服务场所,适合带宠物前来，建议春秋季下午前往，游玩约2-3小时。需提前确认宠物入园证及疫苗要求，园区有清洗区。,位于简阳，体现成都近郊宠物友好型休闲新趋势，融合乡村田园与萌宠互动，是家庭亲子微度假新选择。,2.0,简阳市
1469,小怪兽水上乐园,-,体育休闲服务,文君街道邛窑大道北段333号1栋1单元1号附3号,103.42403,30.40803,3.8,0,"{""open"":""9:00"",""close"":""21:00""}",体育休闲服务;休闲场所;水上活动中心,夏季6-9月开放，建议上午10点前或下午4点后避开人流高峰，游玩3-4小时。需自备泳具，注意防晒补水。,邛崃依山傍水，水上乐园融入川西林盘生态理念，为城市居民提供清凉戏水空间，展现天府水乡休闲活力。,2.5,邛崃市
1470,蓝剑水世界,-,购物服务,均隆街38交子公寓(东门大桥地铁站D1口步行180米),104.088416,30.649473,3.5,0,"{""open"":""10:00"",""close"":""22:00""}",购物服务;购物相关场所;购物相关场所,实为水主题购物休闲综合体，建议周末下午前往，游玩2-3小时。可先逛商场再体验戏水区，注意部分项目单独收费。,位于锦江区核心商圈，将商业购物与亲水娱乐结合，体现成都“耍水+逛街”的都市休闲消费新形态。,1.5,锦江区
1471,成都市猛追湾游泳场水世界,-,体育休闲服务,华星路1号,104.094945,30.664232,4.0,0,"{""open"":""9:00"",""close"":""21:00""}",体育休闲服务;休闲场所;水上活动中心,老牌游泳场，夏季开放夜场（至21:30），建议工作日傍晚去人少，游玩2小时。需自备泳帽，深水区需考核。,猛追湾游泳场是成都最早的公共泳池之一，承载几代成都人夏日记忆，现为锦江绿道旁重要全民健身地标。,3.0,锦江区
1472,成都丹景谷漂流,-,体育休闲服务,三岔镇丹景街道新场村二组888号,104.236836,30.333542,3.9,0,"{""open"":""9:00"",""close"":""21:00""}",体育休闲服务;休闲场所;水上活动中心,漂流季节5-10月，建议晴天上午出发，全程约1.5-2小时。需备换洗衣物，手机防水袋，听从安全员指挥。,依托丹景山峡谷自然落差打造，是简阳近年兴起的山地漂流项目，融入龙泉山城市森林公园生态旅游带。,3.5,简阳市
1473,夏威夷沙滩,-,风景名胜,蜀龙大道1528号漫花庄园(西北角),104.139335,30.764206,3.6,0,"{""open"":""全天""}",风景名胜;风景名胜相关;旅游景点,人造沙滩景点，适合春秋季亲子游玩，建议游玩2-3小时。可搭帐篷野餐，注意无遮阳处需防晒，部分设施需预约。,新都区以人造沙滩复刻热带海滨风情，弥补内陆城市亲水缺憾，是成都人“不出远门享海边”的创意休闲地。,1.5,新都区
1474,怡陶山庄水上乐园,-,体育休闲服务,桂花镇天桂路利济村5组,103.804607,31.033356,3.7,0,"{""open"":""9:00"",""close"":""21:00""}",体育休闲服务;休闲场所;水上活动中心,彭州山区水上乐园，夏季开放，建议自驾前往，游玩半天。山路弯多需谨慎驾驶，园区餐饮较少可自带零食。,依托彭州龙门山清凉气候与温泉资源，集山庄度假与水上游乐于一体，体现川西山区避暑休闲产业特色。,3.0,彭州市
1475,海窗水上乐园,-,体育休闲服务,新繁镇新九路蓟家村乙家圆旁,104.024053,30.885779,3.8,0,"{""open"":""9:00"",""close"":""21:00""}",体育休闲服务;休闲场所;水上活动中心,新都区小型水上乐园，夏季6-8月开放，建议下午游玩3小时。适合低龄儿童，家长需全程陪同，注意水质卫生。,以“海窗”为名营造海洋探索主题，是成都近郊社区型水上乐园代表，满足市民日常亲水娱乐需求。,2.5,新都区
1476,夜游锦江(石牛堰码头),-,公司企业,石牛堰码头售票处(三官堂地铁站B口步行320米),104.091896,30.626445,4.1,0,"{""open"":""全天""}",公司企业;公司;公司|体育休闲服务;体育休闲服务场所;体育休闲服务场所,,,0.0,锦江区
1477,新津南河水上休闲运动中心,-,体育休闲服务,望江路与文昌路交叉口西北160米,103.804859,30.408942,3.9,0,"{""open"":""9:00"",""close"":""21:00""}",体育休闲服务;运动场馆;运动场所,南河河道水上运动基地，建议春秋季上午体验皮划艇/桨板，游玩2小时。需提前预约教练，穿救生衣，注意水位变化。,新津因五河汇流得名“水城”，此中心依托南河自然水域开展休闲运动，传承千年水运文化，倡导健康水上生活。,2.5,新津区
1478,郫都区慢慢水上乐园,-,体育休闲服务,东林艺术村内街停车场,103.847347,30.768236,3.8,0,"{""open"":""9:00"",""close"":""21:00""}",体育休闲服务;休闲场所;水上活动中心,郫都区乡村水上乐园，夏季开放，建议自驾前往，游玩半天。可搭配周边农家乐，注意乡村道路指示牌。,位于古蜀望丛文化区，以“慢慢”为名呼应郫都慢生活气质，将水上游乐融入川西田园景观之中。,2.5,郫都区
1479,贝趣岛自然探索乐园(七一国际广场店),-,体育休闲服务,新泰东路71号七一国际广场L3层,104.171625,30.821925,4.0,0,"{""open"":""10:00"",""close"":""22:00""}",体育休闲服务;休闲场所;游乐场,商场内自然探索乐园，建议工作日或周末上午去，游玩2-3小时。可购买套票含多个项目，注意儿童安全。,位于新都七一国际广场，将自然探索搬入商业综合体，体现城市儿童教育娱乐一体化趋势，主打互动体验学习。,2.0,新都区
1480,全兴水世界,-,生活服务,五里墩横街67号,104.033929,30.689006,3.7,0,"{""open"":""10:00"",""close"":""22:00""}",生活服务;生活服务场所;生活服务场所,,,0.5,金牛区
1481,蓝剑冰川水世界,-,生活服务,永文路北段与永福街交叉口西北80米,103.906095,30.726605,3.6,0,"{""open"":""10:00"",""close"":""22:00""}",生活服务;生活服务场所;生活服务场所,,,0.5,温江区
1482,花小兔探索乐园,-,体育休闲服务,成都市双流万达2号门2楼2039B-2050A,103.927153,30.594934,4.0,0,"{""open"":""9:00"",""close"":""21:00""}",体育休闲服务;休闲场所;游乐场,双流区户外探索乐园，春秋季最佳，建议游玩3-4小时。穿运动鞋，备驱蚊液，部分项目有身高限制。,以“花小兔”IP打造亲子自然乐园，融合赏花、萌宠与户外拓展，反映成都近郊乡村旅游亲子化升级。,2.0,双流区
1483,鱼凫国都欢乐水世界,-,体育休闲服务,骑士大道温泉大道四段与大四路交叉口西260米,103.82681,30.645989,3.9,0,"{""open"":""9:00"",""close"":""21:00""}",体育休闲服务;休闲场所;水上活动中心,温江大型水世界，夏季旺季建议早到或夜场，游玩4-5小时。可网上购票更优惠，储物柜需另付费，注意防滑。,鱼凫是古蜀王称号，该乐园以古蜀鱼凫文化为主题包装水上娱乐，是温江花木生态旅游区重要组成部分。,3.0,温江区
1484,成都欢乐谷-水上摩天轮,-,体育休闲服务,西华大道16号欢乐谷欢乐时光区内,104.036175,30.721825,4.2,0,"{""open"":""9:00"",""close"":""21:00""}",体育休闲服务;休闲场所;游乐场,欢乐谷内摩天轮项目，建议傍晚乘坐观日落及夜景，全程约20分钟。需购买欢乐谷大门票，节假日排队较久。,成都欢乐谷水上摩天轮为西南地区地标性游乐设施，与府河景观带相映，是城市现代娱乐文化的标志性符号。,2.0,金牛区
1485,三道堰水乐园,-,体育休闲服务,成都市郫都区永宁路南一段333号乐水公园内(东侧),103.919275,30.863523,3.8,0,"{""open"":""9:00"",""close"":""21:00""}",体育休闲服务;体育休闲服务场所;体育休闲服务场所,三道堰古镇旁水乐园，夏季开放，建议下午游玩3小时。可搭配古镇游览，注意漂流项目湿身，备好换洗衣物。,三道堰是川西著名水乡，依托徐堰河、柏条河水利遗产，水乐园延续当地“亲水、用水、乐水”的千年水文化传统。,2.5,郫都区
1486,成都浪自由水上桨板俱乐部,-,体育休闲服务,怀远镇二江村一组40号,103.591275,30.757275,3.9,0,"{""open"":""9:00"",""close"":""21:00""}",体育休闲服务;休闲场所;休闲场所,夏季5-10月最佳，建议游玩2-3小时。需提前预约，自带换洗衣物和防晒用品。费用约150-300元/人，含教练指导。注意听从安全讲解，穿好救生衣。,崇州地处岷江支流，水资源丰富。桨板运动近年兴起，融合了传统水上劳作与现代休闲体育，体现成都人亲水乐活的生活态度。,2.0,崇州市
1487,欢乐田园戏水乐园,-,体育休闲服务,黄龙溪镇川龙街与华彭路交叉口东侧,103.983816,30.326331,4.0,0,"{""open"":""9:00"",""close"":""21:00""}",体育休闲服务;休闲场所;水上活动中心,夏季6-9月开放，建议游玩半天。门票约80-120元，可网上购票。带好泳具和防晒霜，儿童需成人陪同。周末人多，建议平日前往。,双流区是成都近郊农业休闲区，欢乐田园将农耕文化与戏水娱乐结合，展现川西坝子田园水乡的休闲传统，适合家庭亲子出游。,3.0,双流区
1488,白沫江水上游乐园,-,体育休闲服务,成都市川西竹海景区南大门检票口,103.316119,30.34007,3.8,0,"{""open"":""9:00"",""close"":""21:00""}",体育休闲服务;休闲场所;水上活动中心,夏季7-8月最宜，建议游玩3-4小时。门票约60-100元，部分项目另收费。注意安全提示，儿童需家长陪同。建议下午去，水温适宜。,邛崃为古临邛，白沫江是文君故里的重要水系。水上乐园依托自然河道而建，将现代游乐与古蜀水文化相融合，延续了临邛古城滨水休闲的历史。,2.5,邛崃市
1489,永福水世界,-,体育休闲服务,培风小区西区北门东140米,103.980114,30.663537,3.7,0,"{""open"":""10:00"",""close"":""22:00""}",体育休闲服务;休闲场所;水上活动中心|购物服务;专卖店;专营店,夏季开放，建议游玩2-3小时。门票约50-80元，可现场购票。注意水质卫生，自带毛巾。青羊区交通便利，地铁可达。建议避开周末高峰。,青羊区为成都老城核心区，永福水世界是城市社区型水上乐园，服务于周边居民，体现成都人夏季消暑纳凉的传统习俗，与老成都茶馆文化一脉相承。,2.0,青羊区
1490,沙河畔.阳光里亲水欢乐营,-,体育休闲服务,太平路南段184号,103.899188,30.91659,4.0,0,"{""open"":""全天""}",体育休闲服务;体育休闲服务场所;体育休闲服务场所,夏季5-9月开放，建议游玩2小时。免费或低价入场，部分设施收费。位于沙河畔，环境优美。注意防晒防蚊，可带野餐垫。适合傍晚散步游玩。,郫都区沙河是成都重要水系，亲水欢乐营利用河畔绿地打造亲水空间，体现成都公园城市理念下人与水和谐共处的现代生活方式。,2.0,郫都区
1491,悠游岛水世界,-,体育休闲服务,街子镇显永路4号街子悠游岛,103.558825,30.806075,3.9,0,"{""open"":""9:00"",""close"":""21:00""}",体育休闲服务;休闲场所;水上活动中心,夏季6-9月，建议游玩半天。门票约70-100元。崇州城区可达，自驾更方便。带好泳具，注意儿童安全。建议上午去人少水清。,崇州古称蜀州，有深厚文化底蕴。悠游岛水世界是当地新兴休闲项目，以水为媒，为传统农业县注入现代游乐活力，反映成都周边区县旅游升级。,2.5,崇州市
1492,蓝剑水世界(回龙西路店),-,购物服务,回龙西路235号,103.95774,30.99629,3.8,0,"{""open"":""10:00"",""close"":""22:00""}",购物服务;专卖店;专营店|生活服务;生活服务场所;生活服务场所,夏季开放，建议游玩2-3小时。门票约60-90元。彭州回龙西路交通便利。注意救生员指示，儿童需看护。建议网上比价购票更划算。,彭州有牡丹之乡美誉，蓝剑水世界依托本地企业蓝剑集团而建，是工业资本反哺休闲产业的例子，体现成都民营经济多元化发展。,1.5,彭州市
1493,鲁家滩水上亲子乐园,-,体育休闲服务,绿道305号,103.770048,30.692347,3.9,0,"{""open"":""9:00"",""close"":""21:00""}",体育休闲服务;休闲场所;水上活动中心,夏季6-9月最佳，建议游玩2小时。门票约50-80元，亲子套票更优惠。温江鲁家滩环境优美，注意防晒。适合低龄儿童，需家长全程陪同。,温江以花木园林闻名，鲁家滩是近年打造的生态湿地。水上亲子乐园强调家庭互动，体现成都人重视家庭休闲、亲近自然的城市性格。,2.5,温江区
1494,水世界(龙桥小区店),-,生活服务,东升镇接待寺龙桥路西侧龙桥小区,103.946356,30.595089,3.7,0,"{""open"":""10:00"",""close"":""22:00""}",生活服务;生活服务场所;生活服务场所,,,0.5,双流区
1495,蓝剑水世界(云凤路店),-,生活服务,云凤路93-95号,103.831481,30.694102,3.8,0,"{""open"":""10:00"",""close"":""22:00""}",生活服务;生活服务场所;生活服务场所,,,0.5,温江区
1496,快乐老街水上乐园售票处,-,生活服务,小鱼洞镇临江街186号,103.764705,31.19316,3.7,0,"{""open"":""9:00"",""close"":""17:00""}",生活服务;售票处;公园景点售票处,,,0.5,彭州市
1497,蓝剑水世界(兴龙路店),-,生活服务,龙桥社区4组53号美美茶坊对面,103.937335,30.61813,3.8,0,"{""open"":""10:00"",""close"":""22:00""}",生活服务;生活服务场所;生活服务场所,,,0.5,双流区
1498,凫岛萌宠乐园,-,风景名胜,凫岛,103.769817,30.696298,4.0,0,"{""open"":""9:00"",""close"":""18:00""}",风景名胜;风景名胜相关;旅游景点,全年可游，春秋最佳。建议游玩1-2小时。门票约30-50元，可喂食动物。注意遵守园区规定，不要随意投喂。适合亲子家庭，可结合鲁家滩游览。,凫岛得名于古蜀人捕鱼驯鸟的传统，温江地处岷江冲积平原，水鸟众多。萌宠乐园将生态保护与亲子教育结合，延续人与自然共生的蜀地传统。,2.0,温江区
1499,缘庭水寨,-,体育休闲服务,四川省成都市都江堰市玉堂镇赵公社区七组11号,103.544025,30.956375,3.9,0,"{""open"":""9:00"",""close"":""21:00""}",体育休闲服务;休闲场所;休闲场所,夏季戏水最佳，建议游玩半天。门票约80-120元含部分项目。都江堰水质清凉，注意保暖。建议自驾前往，带好泳具。可结合都江堰景区游览。,都江堰是世界水利文化遗产地，缘庭水寨利用岷江优质水源打造水上乐园，传承李冰父子治水后形成的天府水文化，体现水利与休闲的完美结合。,3.0,都江堰市
1500,滨河水上乐园,-,体育休闲服务,了翁路64号,103.511716,30.205,3.8,0,"{""open"":""9:00"",""close"":""21:00""}",体育休闲服务;体育休闲服务场所;体育休闲服务场所,夏季7-8月开放，建议游玩2-3小时。门票约40-70元，较实惠。蒲江县城可达。注意安全，儿童需监护。建议下午游玩，光线好水温舒适。,蒲江是成都西南生态屏障，滨河水上乐园依托蒲江河而建，是该县少有的水上娱乐设施，服务本地居民，体现小城镇夏季消夏的朴素生活方式。,2.5,蒲江县
1501,动漫欢乐水世界,-,体育休闲服务,团结街道太和村欧陆风情园,103.950398,30.813904,3.9,0,"{""open"":""9:00"",""close"":""21:00""}",体育休闲服务;休闲场所;水上活动中心,夏季6-9月，建议游玩半天。门票约60-100元。郫都区交通便利，地铁可达。动漫主题适合年轻人和儿童。注意防晒，建议网上购票。,郫都区是古蜀文明发源地之一，动漫欢乐水世界将二次元文化与水上运动结合，体现成都作为中国动漫游戏重镇的文化创意产业向传统休闲领域延伸。,3.0,郫都区
1502,希望·奥特莱斯光音阅水花水上运动中心,-,体育休闲服务,岷江大道三段666号希望·奥特莱斯,103.837381,30.377002,3.9,0,"{""open"":""10:00"",""close"":""22:00""}",体育休闲服务;休闲场所;水上活动中心,夏季开放，建议游玩2-3小时。门票约100-150元含水上项目。新津区岷江畔，环境优美。注意穿戴救生设备。可结合奥特莱斯购物行程。,新津是成都南部水城，五河汇聚。希望奥特莱斯是商业综合体，光音阅水花水上运动中心植入其中，体现商业与体育融合的新零售模式，反映成都消费升级。,2.0,新津区
1503,水上运动中心,-,体育休闲服务,龙泉街道都市汽车城大道四段辅路东安湖公园(东北角),104.256829,30.596774,3.8,0,"{""open"":""9:00"",""close"":""21:00""}",体育休闲服务;体育休闲服务场所;体育休闲服务场所,夏季5-10月，建议游玩2-3小时。费用按项目计费，约80-200元。龙泉驿区东安湖周边，地铁可达。注意预约和专业指导，适合年轻人体验。,龙泉驿是成都东进主战场，东安湖是第31届大运会举办地。水上运动中心依托赛事遗产而建，体现后大运时代体育场馆惠民利用，展现成都赛事名城风采。,2.5,龙泉驿区
1504,锦都水上训练基地,-,体育休闲服务,四号路与太双路交叉口西南300米,103.912242,30.810529,3.8,0,"{""open"":""9:00"",""close"":""21:00""}",体育休闲服务;休闲场所;水上活动中心,全年可训，夏季最佳。建议游玩2小时。费用约100-200元含教学。郫都区近郊，自驾方便。适合初学者和进阶者，需提前预约课程。注意水上安全。,郫都区河网密布，锦都水上训练基地是专业水上运动培训机构，培养皮划艇、桨板等人才。体现成都建设世界赛事名城背景下，水上运动从专业向大众普及的趋势。,2.0,郫都区
1505,金牛万达蓝剑水世界,-,体育休闲服务,人民北路118号金牛万达甲级写字楼C座19层,104.073865,30.688474,3.9,0,"{""open"":""10:00"",""close"":""22:00""}",体育休闲服务;休闲场所;水上活动中心,夏季上午或傍晚前往，避开正午暴晒。游玩约3小时，门票约80元。需自带泳衣、毛巾，储物柜另收费。,金牛区大型户外水上乐园，以蓝剑冰川水为特色，是成都市民夏季消暑的热门去处，体现本地休闲文化。,2.5,金牛区
1506,蓝剑水世界(营福巷店),-,购物服务,营福苑东南门旁,104.039817,30.686878,3.8,0,"{""open"":""10:00"",""close"":""22:00""}",购物服务;购物相关场所;购物相关场所,此为水上用品购物店，非游玩场所。建议货比三家再购买泳具，营业时间多为10:00-21:00，无需门票。,蓝剑水世界品牌下的附属零售店，主营游泳装备及水上用品，服务周边社区居民，反映成都水上休闲产业链的延伸。,1.5,金牛区
1507,大丰体育文创公园水上中心水世界,-,体育休闲服务,大天路与商贸大道交叉口西120米,104.0584,30.758705,4.0,0,"{""open"":""9:00"",""close"":""21:00""}",体育休闲服务;休闲场所;水上活动中心,夏季下午去较适宜，游玩2-4小时。门票约60-100元，有亲子票。注意防晒，儿童需成人陪同。,依托大丰体育文创公园新建的水上中心，结合体育与文创元素，是新都区近年推动全民健身与文旅融合的典型项目。,3.0,新都区
1508,蓝剑水世界,-,生活服务,顺西街与顺兴街交叉口西80米,103.607696,30.547302,3.8,0,"{""open"":""10:00"",""close"":""22:00""}",生活服务;生活服务场所;生活服务场所,,,0.5,崇州市
1509,水上娱乐区,-,体育休闲服务,[],103.681525,31.129025,4.0,0,"{""open"":""9:00"",""close"":""21:00""}",体育休闲服务;休闲场所;水上活动中心,都江堰夏季河水较凉，仅适合戏水不宜长时间浸泡。免费开放，建议游玩1-2小时，注意水流变化及安全警示。,位于都江堰景区附近的自然河道水域，依托岷江水利文化，体现当地人傍水而嬉的传统，与都江堰水利工程历史紧密相连。,2.0,都江堰市
1510,青城山脚下近青城道温泉融创文旅城水世界,-,生活服务,青城路与青景路交叉口西80米,103.602667,30.908154,3.9,0,"{""open"":""10:00"",""close"":""22:00""}",生活服务;生活服务场所;生活服务场所,,,0.5,都江堰市
1511,晚渡广场-文井江水上公园,-,风景名胜,崇阳街道滨江路北一段晚渡广场内(南侧),103.658809,30.63251,4.2,0,"{""open"":""全天""}",风景名胜;公园广场;公园,傍晚时分最美，可看江景与晚霞。免费开放，建议散步1小时。周边有步道，适合拍照，注意蚊虫。,崇州文井江畔的观景广场，名字取自古代渡口意象，是市民休闲与亲水活动的公共空间，承载地方水岸记忆。,1.5,崇州市
1512,海星水上乐园,-,体育休闲服务,古井街与长寿街交叉口南40米,104.631975,30.484825,4.0,0,"{""open"":""9:00"",""close"":""21:00""}",体育休闲服务;休闲场所;水上活动中心,夏季开园，建议上午10点前到或下午4点后玩，避开人流高峰。门票约50-80元，游玩半天，带好防水手机袋。,简阳本地中型水上乐园，以充气滑梯和造浪池为主，是简阳及周边家庭暑期亲子娱乐的重要选择，体现县域旅游发展。,2.5,简阳市
1513,水上云天,-,体育休闲服务,新华大道三槐树路与华星路交叉口西北140米,104.090925,30.662175,3.8,0,"{""open"":""9:00"",""close"":""21:00""}",体育休闲服务;体育休闲服务场所;体育休闲服务场所,位于锦江区，属高端水上休闲场所。建议提前预约，营业时间约10:00-22:00，价格较高，适合情侣或小团体。,锦江区核心地段的水上休闲会所，结合餐饮与泳池服务，体现成都城市休闲产业的精致化与消费升级趋势。,2.0,锦江区
1514,水上步行球,-,风景名胜,"蜀龙大道南段(银杏路口,保利198号旁)新都漫花庄园内(北侧)",104.140578,30.763537,3.9,0,"{""open"":""全天""}",风景名胜;风景名胜相关;旅游景点,为公园内体验项目，非独立景点。游客可付费进入透明球体在水面行走，每次约10-15分钟，注意平衡与安全。,新都区公园湖面上的趣味游乐设施，源自国外水上步行球玩法，体现成都公园城市中市民亲水娱乐的多样性。,1.0,新都区
1515,蓝剑水世界,-,生活服务,万安镇佳苑路横一街148号,104.110856,30.488909,3.8,0,"{""open"":""10:00"",""close"":""22:00""}",生活服务;生活服务场所;生活服务场所,,,0.5,双流区
1516,蓝剑水世界(大河小区店),-,购物服务,希望路307号,104.310105,30.604655,3.8,0,"{""open"":""10:00"",""close"":""22:00""}",购物服务;购物相关场所;购物相关场所,购物服务点，主营泳具和戏水用品。建议夏季午后前往采购，价格适中，营业时间约9:00-20:00。,蓝剑水世界在龙泉驿区的门店，服务周边社区居民，反映成都水上活动用品零售网络的普及与便利性。,1.5,龙泉驿区
1517,热浪越野俱乐部水上乐园,-,体育休闲服务,金堂大道,104.655825,30.688625,3.9,0,"{""open"":""9:00"",""close"":""21:00""}",体育休闲服务;休闲场所;水上活动中心,金堂县户外越野主题水上乐园，夏季开放。建议穿溯溪鞋，游玩2-3小时，门票约70元。注意泥地湿滑。,结合越野车俱乐部与水上乐园的特色场所，在金堂山水间打造，体现成都近郊户外运动与亲水娱乐的跨界融合。,3.0,金堂县
1518,国色天乡水上乐园更衣淋浴中心,-,生活服务,万春镇天乡路88号国色天乡水上乐园,103.823383,30.720784,3.8,0,"{""open"":""9:00"",""close"":""21:00""}",生活服务;生活服务场所;生活服务场所,,,0.5,温江区
1519,凤栖谷落花溪畔乐园,-,体育休闲服务,柳林路999号附1号,103.846775,30.671159,4.1,0,"{""open"":""全天""}",体育休闲服务;体育休闲服务场所;体育休闲服务场所|风景名胜;风景名胜相关;旅游景点,温江区亲子乐园，建议春秋季前往，游玩半天。门票约40-60元，园内有餐饮，适合野餐露营，需提前查天气。,位于温江凤栖谷生态区，以花溪、浅滩为特色，融合自然教育与休闲，反映成都近郊乡村旅游与生态保护并重的发展理念。,2.5,温江区
1520,浩鲨科雷水上运动中心,-,体育休闲服务,日月大道一段978号万达广场成都青羊店1F层,103.972077,30.676097,4.0,0,"{""open"":""9:00"",""close"":""21:00""}",体育休闲服务;休闲场所;水上活动中心,专业水上运动中心，提供皮划艇、桨板等体验。建议提前电话预约教练，夏季上午更佳，费用约150元/小时。,青羊区少见的专业水上运动机构，依托城市河道资源推广新兴水上运动，体现成都年轻人对健康时尚生活方式的追求。,2.0,青羊区
1521,青杠树香草湖水上乐园,-,体育休闲服务,三道堰青杠树村8组95号香草湖湿地公园,103.959534,30.843079,4.0,0,"{""open"":""9:00"",""close"":""18:00""}",体育休闲服务;休闲场所;水上活动中心,郫都区香草湖景区内水上乐园，夏季开放。建议下午游玩3小时，门票含景区入园约60元，注意防晒及随身物品防水。,依托青杠树村香草湖湿地景观建设，融合川西林盘生态与水上娱乐，是郫都区乡村振兴与乡村旅游的示范项目。,3.0,郫都区
1522,大黄鸭雕塑,-,风景名胜,临邛镇文笔山村十三组中国酒村田园乐翻天乐园水上游乐区,103.473069,30.368271,3.8,0,"{""open"":""全天""}",风景名胜;风景名胜相关;旅游景点,邛崃河畔的巨型大黄鸭雕塑，全天可免费观赏。建议傍晚亮灯后前往，拍照留念，停留约30分钟。,受荷兰大黄鸭艺术项目启发设置的公共艺术装置，为邛崃滨水空间增添趣味，体现城市公共艺术与商业营销的结合。,0.5,邛崃市
1523,蓝剑水世界(冰川时代),-,体育休闲服务,长安大道498号,103.479129,30.404589,4.0,0,"{""open"":""10:00"",""close"":""22:00""}",体育休闲服务;休闲场所;水上活动中心,邛崃蓝剑水世界门店，夏季营业。建议下午去，游玩2-4小时，门票约60元。自带泳具，注意儿童安全。,蓝剑品牌在邛崃的直营水上乐园，以冰川水为主题，结合当地酒乡文化，是邛崃市民夏季消暑与亲子活动的首选地之一。,3.0,邛崃市
1524,奇彩乐园,-,体育休闲服务,花源镇长乐村15组8号,103.8606,30.45035,4.1,0,"{""open"":""9:00"",""close"":""18:00""}",体育休闲服务;休闲场所;水上活动中心|风景名胜;风景名胜相关;旅游景点,适合亲子家庭，春秋季上午前往，游玩2-3小时。门票约50元，可提前网购。园内植被多，注意防蚊虫。,新津区以花舞人间、农博园闻名，奇彩乐园为近年新建的田园主题亲子乐园，体现当地农旅融合特色。,2.5,新津区
1525,渔趣乐园,-,体育休闲服务,崇邑大道185号,103.668225,30.596898,3.9,0,"{""open"":""9:00"",""close"":""18:00""}",体育休闲服务;休闲场所;休闲场所,垂钓爱好者可自带渔具，夏季清晨最佳，游玩半天。按小时或斤收费，需提前电话确认价格。注意防晒。,崇州自古水网密布，渔趣乐园依托川西林盘水系，提供传统垂钓体验，延续川西坝子渔耕文化。,2.0,崇州市
1526,成都西湖水上乐园(暂停营业),-,体育休闲服务,沙渠街道置业路,103.753494,30.506833,3.5,0,"{""open"":""9:00"",""close"":""18:00""}",体育休闲服务;休闲场所;水上活动中心,暂停营业，请勿前往。恢复时间未知，可关注官方公告。建议选择周边其他水上乐园替代。,大邑县有西岭雪山温泉资源，该水上乐园曾依托当地地下水系开发，但受运营及季节影响暂停。,2.0,大邑县
1527,云朵乐园,-,体育休闲服务,麓湖生态城内,104.064414,30.46373,4.0,0,"{""open"":""全天""}",体育休闲服务;体育休闲服务场所;体育休闲服务场所,免费开放，适合带小孩玩水玩沙，夏季傍晚去较凉快，游玩1-2小时。无更衣室，请自备换洗衣物。,位于双流区怡心湖片区，是城市公园中的公益性儿童戏水空间，以云朵造型设施呼应成都公园城市理念。,2.0,双流区
1528,国色天乡陆地乐园贵宾售票处,-,生活服务,万春镇天乡路二段88号国色天乡陆地乐园,103.823608,30.721944,3.8,0,"{""open"":""9:00"",""close"":""17:00""}",生活服务;售票处;公园景点售票处,,,0.5,温江区
1529,童悠潮玩乐园,-,体育休闲服务,崇新路二段24号,103.778168,30.538538,4.0,0,"{""open"":""10:00"",""close"":""21:00""}",体育休闲服务;休闲场所;游乐场,适合3-12岁儿童，周末人多，建议工作日前往。门票约80元，包含部分项目。游玩3小时，注意孩子安全。,崇州近年来发展近郊亲子旅游，童悠潮玩乐园以室内外结合方式为城市家庭提供一站式遛娃场所。,3.0,崇州市
1530,和美·悦动嬉水乐园,-,体育休闲服务,太平街38号附36号,103.778457,30.412031,3.9,0,"{""open"":""9:00"",""close"":""18:00""}",体育休闲服务;体育休闲服务场所;体育休闲服务场所,夏季水上活动为主，午后水温适宜，游玩2-3小时。门票约60元，储物柜另收费。注意救生衣穿戴。,新津水城文化深厚，五河汇聚，嬉水乐园是当地夏季消暑新去处，结合传统水会民俗打造现代水上娱乐。,2.5,新津区
1531,金熊猫水上休闲运动中心(三岔湖店),-,体育休闲服务,望湖北街178号三岔湖景区内(北侧),104.254576,30.321057,4.0,0,"{""open"":""9:00"",""close"":""18:00""}",体育休闲服务;体育休闲服务场所;体育休闲服务场所,三岔湖水质好，适合夏季周末一日游。可租皮划艇、桨板，约100-200元/小时。需提前预约，注意防晒补水。,三岔湖为天府新区最大湖泊，依托龙泉山城市森林公园，是简阳生态旅游核心区，水上运动近年兴起。,3.0,简阳市
1532,三岔湖国际水上运动中心,-,体育休闲服务,望湖北街178号三岔湖景区内(北侧),104.267475,30.323725,4.1,0,"{""open"":""9:00"",""close"":""18:00""}",体育休闲服务;休闲场所;水上活动中心,专业水上运动基地，适合帆船、赛艇体验。建议春秋季晴天前往，游玩半天。需教练陪同，费用较高，提前预约。,三岔湖国际水上运动中心曾举办大型赛事，是四川省水上运动训练基地，推动成都水上运动职业化发展。,3.0,简阳市
1533,西湖水上乐园摆渡站,-,生活服务,置业路与支路二交叉口南180米,103.751329,30.506063,3.5,0,"{""open"":""9:00"",""close"":""18:00""}",生活服务;生活服务场所;生活服务场所,,,0.5,大邑县
1534,蓝创水世界,-,生活服务,阳光路与石羊东街交叉口南160米,103.694357,30.629341,3.8,0,"{""open"":""10:00"",""close"":""22:00""}",生活服务;生活服务场所;生活服务场所,,,0.5,崇州市
1535,天堂岛海洋乐园-环岛漂流,-,风景名胜,桂溪街道桂溪街道天堂岛海洋乐园,104.065162,30.568863,4.2,0,"{""open"":""10:00"",""close"":""22:00""}",风景名胜;风景名胜相关;旅游景点,位于环球中心内，全年恒温，适合四季游玩。环岛漂流项目需另付费约40元，建议避开周末高峰，游玩2-3小时。,天堂岛海洋乐园是亚洲最大室内人造海洋，环岛漂流模拟海岛风情，体现成都作为内陆城市对海洋文化的想象。,2.0,武侯区
1536,众平豪坤乐园(暂停营业),-,体育休闲服务,斑竹园街道双龙村民委员会东(白桥路北),104.126176,30.844676,3.5,0,"{""open"":""全天""}",体育休闲服务;休闲场所;水上活动中心,暂停营业，请勿前往。原为综合运动乐园，恢复时间待定，可关注新都区文旅局通知。,新都区历史文化悠久，有宝光寺、桂湖等名胜，该乐园曾为社区体育休闲补充设施，现暂停运营。,2.0,新都区
1537,熊猫亲子乐园(暂停营业),-,体育休闲服务,熊猫大道1324号,104.1441,30.727512,3.5,0,"{""open"":""全天""}",体育休闲服务;休闲场所;游乐场,暂停营业，请勿前往。原位于成华区，靠近熊猫基地，恢复时间未知，建议选择其他亲子场所。,成华区因大熊猫繁育研究基地闻名，熊猫亲子乐园曾以熊猫IP为主题，契合区域熊猫文化特色。,2.5,成华区
1538,Ewave水上运动中心(暂停营业),-,体育休闲服务,望湖北街178号三岔湖景区内(北侧),104.25898,30.322546,3.5,0,"{""open"":""全天""}",体育休闲服务;休闲场所;水上活动中心,暂停营业，请勿前往。原为三岔湖水上运动点，恢复时间未定，可关注官方渠道。,简阳三岔湖区域水上运动资源丰富，Ewave曾主打潮流水上运动，受运营调整暂停。,2.0,简阳市
1539,三岔湖长岛天堂洲际酒店水乐园(暂停营业),-,体育休闲服务,丹景街道新湖街5号(三岔湖风景区),104.2502,30.285889,3.5,0,"{""open"":""全天""}",体育休闲服务;休闲场所;水上活动中心,暂停营业，请勿前往。原为洲际酒店配套水乐园，恢复时间以酒店公告为准，可咨询酒店前台。,三岔湖长岛天堂洲际酒店是简阳高端度假地，水乐园依托湖景打造，体现商务度假与生态休闲结合。,2.0,简阳市
1540,花水湾·天府漂流鸭(暂停营业),-,体育休闲服务,花水湾镇山青街62号,103.258982,30.568706,3.5,0,"{""open"":""全天""}",体育休闲服务;体育休闲服务场所;体育休闲服务场所,暂停营业，请勿前往。原为花水湾夏季漂流项目，冬季温泉季可能恢复，具体关注大邑文旅。,花水湾以温泉闻名，天府漂流鸭曾尝试夏季玩水补充冬季温泉，形成四季旅游链条，但季节性运营受限。,1.5,大邑县
1541,金海湾水上乐园,-,体育休闲服务,唐昌镇大云村三社305号,103.820475,30.914575,3.8,0,"{""open"":""9:00"",""close"":""21:00""}",体育休闲服务;休闲场所;水上活动中心,郫都区夏季水上乐园，建议午后去，游玩3小时。门票约80元，储物柜另付。注意儿童需穿救生衣。,郫都区为古蜀文明发源地，有望丛祠等遗迹，金海湾水上乐园是现代化休闲设施，服务周边居民夏季亲水需求。,3.0,郫都区
1542,浪朗地中海水上乐园(暂停营业),-,体育休闲服务,安梓路口(成温邛高速崇州收费站出口左转800米),103.699224,30.663291,3.5,0,"{""open"":""全天""}",体育休闲服务;休闲场所;水上活动中心,暂停营业，勿前往。若恢复开放，夏季6-9月最佳，建议游玩半天，需自备泳具，注意防晒补水。,崇州近郊水上乐园，主打地中海风格造浪池与滑道，为成都周边夏日亲水休闲地，因经营调整暂闭。,2.0,崇州市
1543,鲁家滩森林水乐园,-,体育休闲服务,和盛镇天乡路三段2188号附9号,103.783043,30.695441,4.0,0,"{""open"":""9:00"",""close"":""21:00""}",体育休闲服务;休闲场所;水上活动中心,夏季6-8月开放，建议游玩2-3小时，门票约30-50元，儿童需成人陪同，注意防滑和防晒。,温江区鲁家滩湿地公园配套水乐园，依托自然河滩环境，主打亲子戏水与生态休闲，体现成都近郊滨水旅游特色。,2.5,温江区
1544,开心岛儿童水育乐园,-,体育休闲服务,龙吟路与万福新街交叉口北180米,103.982781,30.749618,3.8,0,"{""open"":""9:00"",""close"":""21:00""}",体育休闲服务;休闲场所;游乐场,适合3-10岁儿童，建议游玩1-2小时，注意水温及泳圈安全，需提前预约，周末人多宜错峰。,郫都区专为婴幼儿及低龄儿童设计的室内水育乐园，强调安全启蒙与亲子互动，反映成都家庭对儿童水上教育的重视。,2.5,郫都区
1545,逸家水上乐园,-,体育休闲服务,安仁镇双柏树,103.593189,30.519432,3.8,0,"{""open"":""9:00"",""close"":""21:00""}",体育休闲服务;休闲场所;水上活动中心,夏季10:00-19:00营业，建议游玩半天，门票约40-80元，自带毛巾拖鞋，注意山区天气变化。,大邑县近郊水上乐园，结合川西林盘与山溪资源，为本地居民提供夏日避暑戏水场所，风格质朴亲民。,3.0,大邑县
1546,童梦世园魔法森林-水乐园(暂停营业),-,体育休闲服务,三岔街道公园大街3199号成都世界园艺博览园内(西侧),104.329972,30.318318,3.5,0,"{""open"":""全天""}",体育休闲服务;体育休闲服务场所;体育休闲服务场所,暂停营业，勿前往。原为简阳世园会区域水乐园，若开放建议夏季游玩半天，注意园区较大需穿舒适鞋。,依托成都世园会简阳分会场打造的魔法森林主题水乐园，融合植物景观与戏水设施，体现园艺与游乐结合创意。,2.0,简阳市
1547,沁园舫水上茶庄,-,餐饮服务,公园路与新都绿道交叉口东150米,104.156149,30.821592,3.8,0,"{""open"":""10:00"",""close"":""22:00""}",餐饮服务;茶艺馆;茶艺馆,,,1.0,新都区
1548,城市亲水森林乐园,-,风景名胜,骑士大道温泉大道四段与锦绣大道南段交叉口东220米,103.825025,30.647325,4.0,0,"{""open"":""全天""}",风景名胜;风景名胜;风景名胜,温江亲水森林景区，夏季清凉，建议游玩2-3小时，免费或低收费，穿防滑鞋，注意林间蚊虫。,温江区以森林与溪流为主题的亲水自然景区，强调生态保育与游憩融合，是成都近郊“绿道+水景”休闲典范。,2.5,温江区
1549,水上秋千,-,风景名胜,天台山镇天台山国家重点风景名胜区十八里香草沟内,103.09502,30.25887,4.0,0,"{""open"":""全天""}",风景名胜;风景名胜相关;旅游景点,位于邛崃河谷或溪流处，夏季玩水最佳，建议游玩30-60分钟，免费，注意水深及湿滑，勿穿拖鞋。,邛崃山区溪流上的网红秋千设施，游客可荡至水面，体验川西山水野趣，近年成为本地小众打卡点。,0.8,邛崃市
1550,水上栈桥,-,风景名胜,世纪城路成都江滩公园(东南角),104.082385,30.55443,4.0,0,"{""open"":""全天""}",风景名胜;风景名胜;风景名胜,武侯区公园或河畔栈桥，全天可游，建议傍晚观赏夜景，免费，步行约1小时，注意栈道湿滑。,武侯区锦江或公园内的亲水木栈桥，连接滨水绿道，体现成都“水润天府”城市景观与市民慢生活文化。,0.5,武侯区
1551,怀远镇百丽路泉水坨戏水乐园(暂停营业),-,体育休闲服务,怀远镇百丽路28号,103.53111,30.736279,3.8,0,"{""open"":""9:00"",""close"":""21:00""}",体育休闲服务;运动场馆;游泳馆,暂停营业，勿前往。若恢复，夏季戏水最佳，建议游玩1-2小时，注意泉水较凉，儿童需防护。,崇州怀远镇利用天然泉水形成的戏水点，泉水清澈凉爽，反映川西坝子利用地下水资源开展民间消夏活动传统。,2.0,崇州市
1552,嬉水乐园,-,体育休闲服务,海棠路与椿树街交叉口北40米,104.147609,30.593353,3.9,0,"{""open"":""10:00"",""close"":""22:00""}",体育休闲服务;休闲场所;水上活动中心|体育休闲服务;休闲场所;游乐场,锦江区室内或屋顶水乐园，全年可玩，建议游玩2-3小时，需购票并自备泳衣，注意周末高峰排队。,锦江区城市商业体内的嬉水乐园，面向家庭与年轻群体，体现成都市中心城区集约化、全年候水上娱乐需求。,2.5,锦江区
1553,水上走钢丝,-,风景名胜,天台山镇天台山国家重点风景名胜区十八里香草沟内,103.10003,30.2582,3.7,0,"{""open"":""全天""}",风景名胜;风景名胜相关;旅游景点,邛崃户外拓展项目，适合平衡感好的成人，建议游玩30分钟，需安全装备，恐高者勿试，注意天气。,邛崃山地景区中设置的水上钢丝挑战项目，结合户外探险与自然山水，展现川西户外运动文化及挑战精神。,0.8,邛崃市
1554,云帆水上俱乐部(中和应龙店)(暂停营业),-,体育休闲服务,中和应龙山庄,104.116424,30.544149,3.8,0,"{""open"":""9:00"",""close"":""21:00""}",体育休闲服务;体育休闲服务场所;体育休闲服务场所,暂停营业，勿前往。原为双流中和水上运动基地，若开放建议夏季傍晚体验桨板或皮划艇，需预约教练。,双流区依托锦江支流水域开展的水上运动俱乐部，主打帆船、皮划艇等新兴项目，体现成都水上体育休闲发展趋势。,3.0,双流区
