variant_id,source_type,source_id,source_field,query_variant
1,spot,1,description,成都大熊猫基地早上几点开门？门票多少钱一张？
2,spot,1,description,从春熙路怎么坐车去熊猫基地，地铁能到不？
3,spot,1,description,带3岁小孩去熊猫基地方便吗？有婴儿车能推的路吗？
4,spot,1,description,熊猫基地除了看熊猫，还有啥好玩的？太阳产房和月亮产房哪个先逛比较好？
5,spot,1,description,听说基地里小熊猫也很多，和熊猫活动场挨着吗？逛完整个园区大概要多久？
6,spot,1,travel_tips,熊猫基地早上几点开门？我打算一早就过去，怕去晚了看不到熊猫活动。
7,spot,1,travel_tips,现在门票多少钱一张？网上提前买能便宜点不？
8,spot,1,travel_tips,园区里面大不大？走路逛得完吗，还是必须坐那个电瓶车？
9,spot,1,travel_tips,带5岁小孩去合适不？会不会走太久孩子累？有没有休息的地方？
10,spot,1,travel_tips,从春熙路怎么坐车过去方便？大概要多久能到？
11,spot,1,cultural_context,请问成都大熊猫基地早上几点开门？几点去能看到熊猫最活跃？
12,spot,1,cultural_context,现在去大熊猫基地门票多少钱一张？小孩和老人有优惠吗？
13,spot,1,cultural_context,大熊猫基地在成都哪个位置？坐地铁或者公交怎么过去最方便？
14,spot,1,cultural_context,带5岁的小朋友去大熊猫基地玩合适吗？里面有没有婴儿车通道或者休息区？
15,spot,1,cultural_context,大熊猫基地好玩吗？大概要逛多久，除了看熊猫还有啥值得看的？
16,spot,2,description,武侯祠早上几点开门？下午最晚几点就进不去了？
17,spot,2,description,去武侯祠门票多少钱一张？学生或者老人有优惠吗？
18,spot,2,description,从春熙路坐地铁怎么去武侯祠？下车后要走多远？
19,spot,2,description,武侯祠里面除了看诸葛亮和刘备的祠堂，还有啥好逛的？大概逛多久能逛完？
20,spot,2,description,带5岁的小孩去武侯祠合适吗？里面有没有能让孩子跑一跑或者感兴趣的地方？
21,spot,2,travel_tips,武侯祠门票好多钱一张哇？
22,spot,2,travel_tips,武侯祠几点开门喃？逛一圈大概要耍好久？
23,spot,2,travel_tips,武侯祠离锦里有好远？是不是走路几分钟就到，耍完锦里再过去来得及不？
24,spot,2,travel_tips,带娃儿去武侯祠合适不？娃娃会不会觉得无聊？
25,spot,2,travel_tips,武侯祠好不好耍？是不是只有三国迷才觉得有意思？
26,spot,2,cultural_context,武侯祠几点开门关门？门票多少钱一张？
27,spot,2,cultural_context,武侯祠在成都哪个位置？坐地铁怎么过去方便？
28,spot,2,cultural_context,武侯祠里面好玩吗？大概逛多久能逛完？
29,spot,2,cultural_context,带小孩去武侯祠合适吗？有没有适合小朋友看的展品？
30,spot,2,cultural_context,武侯祠和锦里挨着吗？逛完武侯祠去锦里吃小吃方便不？
31,spot,3,description,锦里一般几点开门营业？晚上会不会关门？
32,spot,3,description,去锦里逛要门票吗？里面吃东西大概人均多少钱？
33,spot,3,description,从春熙路怎么坐车去锦里？地铁能到吗？
34,spot,3,description,锦里除了逛吃，还有啥好玩的？看戏和掏耳朵大概多少钱？
35,spot,3,description,带5岁小孩去锦里合适吗？里面推婴儿车方便不？
36,spot,3,travel_tips,锦里一般几点开门关门喃？晚上去是不是更好耍？
37,spot,3,travel_tips,去锦里逛一圈大概要花好多钱？里头吃小吃人均多少嘛？
38,spot,3,travel_tips,锦里离武侯祠有好远？是不是就在隔壁，走路就能到？
39,spot,3,travel_tips,带五岁娃儿去锦里耍合适不？有没有啥子要注意的？
40,spot,3,travel_tips,锦里到底好不好耍？值不值得专门跑一趟，大概要逛好久？
41,spot,3,cultural_context,锦里几点开门关门啊？晚上去逛到几点合适？
42,spot,3,cultural_context,去锦里要不要门票？里面吃东西大概人均多少钱？
43,spot,3,cultural_context,锦里离武侯祠近吗？从春熙路坐地铁怎么过去？
44,spot,3,cultural_context,锦里到底好不好玩？主要看什么，跟宽窄巷子比哪个更值得去？
45,spot,3,cultural_context,带五岁小孩去锦里方便吗？有没有适合小朋友玩的项目或者小吃？
46,spot,4,description,宽窄巷子几点开门关门啊？晚上去会不会已经关了？
47,spot,4,description,去宽窄巷子要门票吗？大概玩一圈得花多少钱？
48,spot,4,description,宽窄巷子具体在成都哪个位置？坐地铁怎么过去方便？
49,spot,4,description,带家里老人和小孩去宽窄巷子逛，路平不平好不好走？有没有适合孩子玩的地方？
50,spot,4,description,宽窄巷子到底好不好耍？跟锦里比是不是更值得去？
51,spot,4,travel_tips,请问这里几点开门？大概逛多久比较合适呀？
52,spot,4,travel_tips,这个地方要门票吗？是免费的吗？
53,spot,4,travel_tips,从人民公园走过去要多久？走路能到吗？
54,spot,4,travel_tips,下午去玩到傍晚大概两三个小时，里面好玩不？适合拍照打卡吗？
55,spot,4,travel_tips,带小朋友去合适吗？节假日去会不会人挤人，体验差？
56,spot,4,cultural_context,宽窄巷子几点开门关门？门票要钱不？
57,spot,4,cultural_context,从春熙路坐地铁怎么去宽窄巷子，哪个站下？
58,spot,4,cultural_context,宽窄巷子带三岁小孩去逛合适吗，有没有什么好玩的？
59,spot,4,cultural_context,宽窄巷子到底好玩不，主要看啥子，逛一圈要多久？
60,spot,4,cultural_context,宽窄巷子附近停车方便不，开车去大概停哪儿划算？
61,spot,5,description,都江堰景区早上几点开门？下午去来得及逛完吗？
62,spot,5,description,去都江堰门票多少钱一张？有没有学生票或者老人优惠？
63,spot,5,description,从成都市区怎么坐车去都江堰？坐地铁能到吗？
64,spot,5,description,都江堰带小孩去好玩吗？里面走路多不多，推婴儿车方便不？
65,spot,5,description,都江堰除了看水利工程，有没有什么特别值得拍照或者体验的地方？
66,spot,5,travel_tips,这个景点门票是多少钱一张？有学生票或者老人票优惠吗？
67,spot,5,travel_tips,从成都市区过去大概要多久？是坐高铁方便还是自驾方便？
68,spot,5,travel_tips,一般早上几点开门？如果我想一天玩完，几点出发比较合适？
69,spot,5,travel_tips,里面主要看什么或者玩什么？跟青城山比起来哪个更值得去？
70,spot,5,travel_tips,带5岁的小孩去合适吗？里面走路多不多，有没有推车方便的路？
71,spot,5,cultural_context,都江堰早上几点开门？门票多少钱一张？
72,spot,5,cultural_context,从成都市区怎么去都江堰最方便？坐高铁还是大巴？
73,spot,5,cultural_context,都江堰除了看水利工程，还有啥好玩的？带小孩去合适吗？
74,spot,5,cultural_context,都江堰无坝引水到底是啥意思？现场看会不会觉得无聊？
75,spot,5,cultural_context,都江堰玩下来大概要多久？半天够不够？值得专门跑一趟吗？
76,spot,6,description,青城山早上几点开门？我想早点去避开人流。
77,spot,6,description,现在青城山门票多少钱一张？前山和后山是分开收费吗？
78,spot,6,description,从成都市区怎么去青城山最方便？坐高铁到哪个站下？
79,spot,6,description,青城山前山和后山哪个好玩？我只有一天时间，主要想看道教建筑。
80,spot,6,description,带5岁小孩去青城山合适吗？走前山会不会太累，有没有缆车或者观光车？
81,spot,6,travel_tips,青城山前山和后山门票分别是多少钱啊？
82,spot,6,travel_tips,早上几点开门？我想上午去青城山，下午再去都江堰，时间来得及不？
83,spot,6,travel_tips,青城山和都江堰之间怎么去最方便？有直达的公交或景区直通车吗？
84,spot,6,travel_tips,带家里老人和小孩去青城山，是玩前山还是后山更合适？会不会太累？
85,spot,6,travel_tips,青城山后山好玩吗？听说要爬六个小时，风景和前山比哪个更值得去？
86,spot,6,cultural_context,青城山早上几点开门？我想早点去人少一点。
87,spot,6,cultural_context,现在去青城山门票多少钱一张？有没有学生票或者老人优惠？
88,spot,6,cultural_context,从成都市区怎么去青城山最方便？坐地铁能到吗？
89,spot,6,cultural_context,青城山好玩吗？主要是看道观还是爬山？大概要玩多久？
90,spot,6,cultural_context,带5岁小孩去青城山合适吗？山路好走吗，需要带推车吗？
91,spot,7,description,这个茶馆几点开门啊？早上想去坐坐会不会太早没意思？
92,spot,7,description,去喝盖碗茶加采耳大概要花多少钱？人均消费高不高？
93,spot,7,description,这家露天茶馆具体在哪儿？坐地铁或者打车方便吗？
94,spot,7,description,除了喝茶采耳，还有没有别的玩法？适合带小孩一起去吗？
95,spot,7,description,网上都说这里最有民国味，实际去体验到底怎么样？会不会很吵或者太商业化？
96,spot,7,travel_tips,那边喝盖碗茶大概多少钱一个人喃？
97,spot,7,travel_tips,从宽窄巷子走过去要走多久哦？
98,spot,7,travel_tips,上午去是不是人少点？一般几点去比较合适？
99,spot,7,travel_tips,周末去会不会排队等很久？带娃儿去耍方便不？
100,spot,7,travel_tips,那个地方是不是就喝喝茶拍拍照，有没有啥子好玩的？
101,spot,7,cultural_context,鹤鸣茶社早上几点开门？去晚了是不是就没位置了？
102,spot,7,cultural_context,去鹤鸣茶社喝碗盖茶大概多少钱一个人？可以自己带茶叶只买开水吗？
103,spot,7,cultural_context,鹤鸣茶社具体在人民公园哪个位置？坐地铁哪号线哪站下最近？
104,spot,7,cultural_context,带家里老人和小孩去鹤鸣茶社坐一下午合适吗？除了喝茶还有啥好玩的？
105,spot,7,cultural_context,网上都说鹤鸣茶社很出名，实际去体验到底值不值得？周末人多到要排队很久吗？
106,spot,8,description,IFS那个爬墙熊猫雕塑大概几点能去看呀？早上太早会不会看不到？
107,spot,8,description,去太古里和IFS逛一圈要花多少钱？只拍照不买东西的话有门票吗？
108,spot,8,description,从春熙路地铁站怎么走到那个爬墙熊猫和方所书店？大概要走几分钟？
109,spot,8,description,太古里除了逛街拍照，还有啥好玩的？带小孩去合适不，有没有亲子活动？
110,spot,8,description,网上都说IFS和太古里是成都最繁华的地方，实际去逛会不会人挤人？值不值得专门跑一趟？
111,spot,8,travel_tips,请问这个地方几点开门呀，晚上去会不会关门？
112,spot,8,travel_tips,这里要门票不？是免费随便进吗？
113,spot,8,travel_tips,坐地铁怎么过去方便？是不是在春熙路下？
114,spot,8,travel_tips,带小孩去逛合适吗？大概能玩多久？
115,spot,8,travel_tips,听说IFS楼上能看熊猫，那到底好不好玩，值不值得专门跑一趟？
116,spot,8,cultural_context,春熙路一般几点开门关门啊？逛街有固定时间吗？
117,spot,8,cultural_context,去春熙路要门票吗？里面买东西大概什么价位？
118,spot,8,cultural_context,从成都东站坐地铁怎么到春熙路？大概要多久？
119,spot,8,cultural_context,春熙路除了逛街拍照，还有啥好玩的？晚上去会不会更热闹？
120,spot,8,cultural_context,带5岁小孩去春熙路合适吗？有没有适合小朋友玩的地方？
121,spot,9,description,杜甫草堂早上几点开门？门票多少钱一张？
122,spot,9,description,从春熙路坐地铁怎么去杜甫草堂方便？
123,spot,9,description,杜甫草堂里面主要看什么，大概逛多久比较合适？
124,spot,9,description,带五六岁的小孩去杜甫草堂合适吗？会不会觉得无聊？
125,spot,9,description,杜甫草堂和武侯祠比哪个更值得去？网上评价咋样？
126,spot,9,travel_tips,门票好多钱一个人？有没有学生票或者老人优惠哦？
127,spot,9,travel_tips,逛完大概要花多久？如果上午十点过进去，中午能出来吃饭不？
128,spot,9,travel_tips,从金沙遗址博物馆过去坐车方便吗？打车大概多久，还是说坐公交更划算？
129,spot,9,travel_tips,这个地方是不是就是杜甫草堂？里面主要是看啥子，光走路看风景还是有点互动内容？
130,spot,9,travel_tips,带五岁的小朋友去合适不？会不会觉得无聊，还是说有草坪可以跑一跑？
131,spot,9,cultural_context,杜甫草堂几点开门关门？我想安排一早去逛，怕扑空。
132,spot,9,cultural_context,去杜甫草堂门票多少钱一张？老人和小孩有优惠吗？
133,spot,9,cultural_context,杜甫草堂具体在成都哪个位置？坐地铁几号线能到，出站后怎么走？
134,spot,9,cultural_context,杜甫草堂里面好玩吗？除了看茅屋和诗歌，有没有讲解或者互动体验？
135,spot,9,cultural_context,带5岁小孩去杜甫草堂合适吗？里面路平不平，有没有推婴儿车方便的地方？
136,spot,10,description,太阳神鸟金箔在哪个博物馆看？几点开门？
137,spot,10,description,去那个有太阳神鸟的博物馆门票多少钱一张？
138,spot,10,description,金沙遗址博物馆怎么去啊？坐地铁几号线？
139,spot,10,description,那个能看到考古挖掘现场的遗迹馆好玩吗？大概能逛多久？
140,spot,10,description,带小朋友去太阳神鸟那个博物馆合适不？有讲解吗？
141,spot,10,travel_tips,请问门票多少钱一张？学生票有优惠吗？
142,spot,10,travel_tips,我想去逛那个太阳神鸟的博物馆，几点开门关门啊？周一是不是不开？
143,spot,10,travel_tips,从杜甫草堂打车过去要多久？坐公交或者地铁方便吗？
144,spot,10,travel_tips,里面大概能玩多久啊？带孩子去会不会太无聊？有没有适合小朋友的互动？
145,spot,10,travel_tips,那个太阳神鸟金箔到底长什么样？值不值得专门跑一趟去看？
146,spot,10,cultural_context,金沙遗址早上几点开门？门票多少钱一张？
147,spot,10,cultural_context,从春熙路坐地铁怎么去金沙遗址博物馆？大概要多久？
148,spot,10,cultural_context,带5岁小孩去金沙遗址合适吗？里面有没有互动体验或者讲解服务？
149,spot,10,cultural_context,金沙遗址除了看太阳神鸟，还有哪些值得逛的地方？大概能玩几个小时？
150,spot,10,cultural_context,金沙遗址和三星堆比哪个更值得去？如果时间紧只去一个，你推荐哪个？
151,spot,11,description,你们那儿几点开门啊？门票多少钱一张？
152,spot,11,description,从春熙路坐地铁怎么去最方便？大概要多久？
153,spot,11,description,里面除了看舍利还有啥好玩的？逛一圈大概要多久？
154,spot,11,description,带家里老人和小孩去合适吗？台阶多不多？
155,spot,11,description,听说香火特别旺，平时去会不会人挤人？有没有人少点的时段？
156,spot,11,travel_tips,文殊院早上几点开门，逛一圈大概要多久啊？
157,spot,11,travel_tips,去文殊院要门票不，还是免费随便进？
158,spot,11,travel_tips,坐地铁到文殊院站下车后，从哪个出口出来近一点？
159,spot,11,travel_tips,带五岁小孩去文殊院合适吗？里面有没有什么好玩的？
160,spot,11,travel_tips,文殊院里面好不好逛，逛完出来文殊坊那边小吃多不多？
161,spot,11,cultural_context,文殊院几点开门关门啊？进去要买门票不？
162,spot,11,cultural_context,去文殊院坐地铁哪条线方便？出站后怎么走？
163,spot,11,cultural_context,文殊院里面除了烧香拜佛，有没有啥好逛的或者吃的？大概能玩多久？
164,spot,11,cultural_context,带家里老人和小孩去文殊院合适吗？里面台阶多不多，会不会累？
165,spot,11,cultural_context,文殊院那个玄奘舍利是真的吗？值不值得专门去看一眼？
166,spot,12,description,这个道观几点开门关门呢？门票多少钱一张？
167,spot,12,description,这个地方怎么去啊，坐地铁能到吗？
168,spot,12,description,里面除了烧香拜拜，还有啥好逛的？大概能玩多久？
169,spot,12,description,带家里老人小孩一起去合适不？会不会很累？
170,spot,12,description,网上说这里是川西第一道观，真的值得专门跑一趟吗？
171,spot,12,travel_tips,这儿门票好多钱一个人？
172,spot,12,travel_tips,大概要逛好久喃，一个小时够不够？
173,spot,12,travel_tips,从杜甫草堂走过去要多久，走路方便不？
174,spot,12,travel_tips,我带着娃儿来，这儿适不适合小朋友耍？
175,spot,12,travel_tips,听说这儿是道教文化的地方，值不值得专门跑一趟？
176,spot,12,cultural_context,青羊宫早上几点开门？下午关门时间是多少？
177,spot,12,cultural_context,去青羊宫的门票多少钱一张？老人和小孩有优惠吗？
178,spot,12,cultural_context,青羊宫在成都哪个位置？坐地铁哪条线能到，出站后怎么走？
179,spot,12,cultural_context,带小孩去青羊宫合适吗？里面有没有让小朋友感兴趣的东西？
180,spot,12,cultural_context,青羊宫好玩吗？除了看古建筑和铜羊，还有啥值得逛的？
181,spot,13,description,望江楼公园早上几点开门？门票多少钱一张？
182,spot,13,description,这个薛涛公园在成都哪个位置？坐地铁怎么过去方便？
183,spot,13,description,里面除了看薛涛井和竹林，还有啥好玩的？大概能逛多久？
184,spot,13,description,带5岁小孩去望江楼公园合适吗？有没有儿童能玩的设施？
185,spot,13,description,网上说那里竹子种类特别多，实际去看值得专门跑一趟吗？
186,spot,13,travel_tips,请问望江楼公园几点开门呀？我想一早过去逛，怕去早了白跑一趟。
187,spot,13,travel_tips,这个公园的文物区是不是要单独买票？我看网上说免费区不要钱，那进去看薛涛井和望江楼要花多少？
188,spot,13,travel_tips,从四川大学那边走过去方便吗？我打算逛完公园再去川大转转，具体怎么走比较好？
189,spot,13,travel_tips,带五岁的小孩去合适吗？里面有没有大草坪或者能跑的地方，大概能玩多久？
190,spot,13,travel_tips,听说这里主要看薛涛井和望江楼，除了这俩还有啥值得看的？值不值得专门绕路去一趟？
191,spot,13,cultural_context,望江楼公园早上几点开门？门票多少钱一张？
192,spot,13,cultural_context,从春熙路怎么坐车去望江楼？打车大概要多久？
193,spot,13,cultural_context,带小孩去望江楼玩合适吗？里面有没有能让孩子跑动的地方？
194,spot,13,cultural_context,望江楼除了看古建筑，还有啥好玩的？听说薛涛井就在里面？
195,spot,13,cultural_context,周末去望江楼人多不多？值不值得专门跑一趟？
196,spot,14,description,东郊记忆那边几点开门关门啊？晚上去会不会已经关了？
197,spot,14,description,去东郊记忆要门票吗？里面看展览或者听音乐演出大概多少钱一张？
198,spot,14,description,从春熙路坐地铁或者打车到东郊记忆方便吗？具体怎么走？
199,spot,14,description,东郊记忆好玩吗？除了拍照打卡，有没有那种现场乐队演出或者有意思的展？
200,spot,14,description,带5岁小孩去东郊记忆合适不？有没有适合小朋友玩的地方，还是说更适合年轻人？
201,spot,14,travel_tips,东郊记忆那边几点开门关门啊？下午去逛到晚上大概要多久？
202,spot,14,travel_tips,去东郊记忆要门票不？还是免费随便进？
203,spot,14,travel_tips,坐地铁怎么到东郊记忆？哪条线哪个站下？
204,spot,14,travel_tips,东郊记忆里面好玩吗？主要是看啥子，拍照好看不？
205,spot,14,travel_tips,带娃儿去东郊记忆耍合适不？里面有没有娃娃能玩的项目？
206,spot,14,cultural_context,东郊记忆几点开门，晚上去逛到几点关门？
207,spot,14,cultural_context,去东郊记忆要门票吗，大概多少钱一个人？
208,spot,14,cultural_context,东郊记忆在哪，坐地铁怎么过去方便？
209,spot,14,cultural_context,东郊记忆里面好玩吗，主要能看些啥子？
210,spot,14,cultural_context,带小孩去东郊记忆合适不，有没有亲子游玩项目？
211,spot,15,description,成都博物馆几点开门？关门时间是什么时候？
212,spot,15,description,去成都博物馆要门票吗？多少钱一张？
213,spot,15,description,成都博物馆在哪个位置？坐地铁怎么去方便？
214,spot,15,description,成都博物馆里面好玩吗？大概能逛多久？
215,spot,15,description,带小孩去成都博物馆合适吗？有皮影木偶展小朋友会喜欢吗？
216,spot,15,travel_tips,请问这个馆几点开门，周一去会不会扑空？
217,spot,15,travel_tips,门票好多钱一张？是不是必须提前在手机上预约？
218,spot,15,travel_tips,坐地铁到天府广场哪个出口出来最近？走路要多久？
219,spot,15,travel_tips,里面主要看啥子？石犀牛和皮影大概要逛几个小时？
220,spot,15,travel_tips,带六岁娃娃去合适不？有没得互动或者好耍的展区？
221,spot,15,cultural_context,成都博物馆新馆几点开门关门，门票要不要钱？
222,spot,15,cultural_context,成都博物馆怎么去最方便，坐地铁到哪个站下？
223,spot,15,cultural_context,带小孩去成都博物馆看那个石犀牛，适不适合？大概能逛多久？
224,spot,15,cultural_context,成都博物馆那个镇馆之宝石犀到底有多厉害，好玩吗？值不值得专门跑一趟？
225,spot,15,cultural_context,成都博物馆新馆在市中心哪个位置，附近好停车不，门票贵不贵？
226,spot,16,description,请问你们几点开门，几点闭馆啊？
227,spot,16,description,门票多少钱一张，需要提前在网上买吗？
228,spot,16,description,这个博物馆在成都哪个位置，坐地铁几号线能到？
229,spot,16,description,里面除了看青铜器和画像砖，还有啥好玩的互动项目吗？
230,spot,16,description,带五岁小孩去逛合适不？会不会太枯燥，有没有适合小朋友的展区？
231,spot,16,travel_tips,这个地方要门票吗？需要提前预约不？
232,spot,16,travel_tips,它几点开门啊？周一是不是不开放？
233,spot,16,travel_tips,从杜甫草堂过去大概要坐多久车？
234,spot,16,travel_tips,里面逛一圈大概要多久？好玩吗？
235,spot,16,travel_tips,带我家小朋友去合适吗？会不会太无聊？
236,spot,16,cultural_context,四川博物院几点开门？需要提前预约吗？
237,spot,16,cultural_context,去四川博物院要门票不？大概多少钱一张？
238,spot,16,cultural_context,请问四川博物院在哪个位置？坐地铁怎么过去方便？
239,spot,16,cultural_context,四川博物院里面好玩吗？值不值得专门跑一趟？
240,spot,16,cultural_context,带小孩去四川博物院合适吗？有没有适合小朋友看的展品？
241,spot,17,description,这个古镇具体在哪儿呢？从成都市区开车过去大概要多久？
242,spot,17,description,古镇的门票多少钱一张？有没有针对老人或者小孩的优惠票？
243,spot,17,description,火龙节灯会一般几点开始啊？晚上去的话最晚几点能进场？
244,spot,17,description,带5岁的小朋友去玩合适吗？里面有没有适合孩子玩的项目或者设施？
245,spot,17,description,除了火龙节灯会，平时去古镇还有哪些好耍的？半天时间够不够逛完？
246,spot,17,travel_tips,这个地方几点开门呢？
247,spot,17,travel_tips,门票好多钱一个人哇？
248,spot,17,travel_tips,从成都市区咋个过去喃，坐车要多久？
249,spot,17,travel_tips,夏天带娃娃去耍水安不安全哦，好玩不？
250,spot,17,travel_tips,周末去耍一天够不够，值不值得专程跑一趟？
251,spot,17,cultural_context,黄龙溪古镇几点开门关门？晚上去不收门票吧？
252,spot,17,cultural_context,从成都市区坐什么车能到黄龙溪？大概要多久？
253,spot,17,cultural_context,带5岁小孩去黄龙溪玩合适吗？里面有儿童玩水的地方吗？
254,spot,17,cultural_context,黄龙溪的火龙节是每年什么时候办？看表演要另外买票不？
255,spot,17,cultural_context,听说黄龙溪现在很商业化，到底值不值得专门跑一趟？
256,spot,18,description,这个客家第一镇早上几点开门啊？
257,spot,18,description,去洛带古镇的门票要多少钱，里面那些会馆和土楼是另外收费吗？
258,spot,18,description,从成都市区怎么坐车过去最方便，大概要多久？
259,spot,18,description,带五岁的小孩去玩合适吗，有没有什么亲子项目或者会不会太累？
260,spot,18,description,那里除了看客家土楼和长城，还有啥好玩的，值不值得专门跑一趟？
261,spot,18,travel_tips,这个景点几点开门关门？要门票不？
262,spot,18,travel_tips,从成都市区过去大概要多久？坐什么车方便？
263,spot,18,travel_tips,里面大概能玩多久？半天够不够？
264,spot,18,travel_tips,带小孩去合适吗？有没有什么好吃的推荐？
265,spot,18,travel_tips,那个客家伤心凉粉真有那么好吃吗？值不值得专门跑一趟？
266,spot,18,cultural_context,洛带古镇几点开门关门？门票要多少钱一张？
267,spot,18,cultural_context,从成都市区怎么坐车去洛带古镇？大概要多久？
268,spot,18,cultural_context,洛带古镇里面好不好玩？主要看些啥子嘛？
269,spot,18,cultural_context,带5岁的小孩去洛带古镇合适不？有没有啥子亲子项目？
270,spot,18,cultural_context,洛带古镇的四大会馆具体在哪个位置？值不值得专门去看？
271,spot,19,description,刘文彩庄园早上几点开门？门票多少钱一张？
272,spot,19,description,这个庄园到底值不值得专门跑一趟？大概逛多久比较合适？
273,spot,19,description,从成都市区怎么坐车过去最方便？有没有直达的公交或地铁？
274,spot,19,description,带家里老人和小孩去方便吗？里面台阶多不多，有没有讲解服务？
275,spot,19,description,网上说它是全国保存最好的地主庄园，跟其他古镇比有啥特别看点？
276,spot,19,travel_tips,这个景点门票好多钱一个人？有没有优惠票？
277,spot,19,travel_tips,从成都市区过去大概要坐好久车哦？开车方便不？
278,spot,19,travel_tips,里面逛一圈要花多长时间？一般几点开门几点关门哇？
279,spot,19,travel_tips,带五岁娃儿去耍合不合适？有没有啥子小朋友能玩的项目？
280,spot,19,travel_tips,听说要提前预约限流，是不是当天去现场买票买不到？在哪里预约呢？
281,spot,19,cultural_context,刘氏庄园几点开门？门票多少钱一张？
282,spot,19,cultural_context,从成都市区怎么坐车去刘氏庄园，大概要多久？
283,spot,19,cultural_context,刘氏庄园里面主要看什么，逛一圈大概要几个小时？
284,spot,19,cultural_context,带小孩去刘氏庄园合适吗？有没有什么互动或讲解项目？
285,spot,19,cultural_context,网上都说刘氏庄园值得去，实际体验怎么样？会不会很无聊？
286,spot,20,description,西岭雪山几点开门呀？我想早点去滑雪，怕去晚了排队太久。
287,spot,20,description,现在去西岭雪山门票加索道大概多少钱一个人？有没有学生票或者套票划算点？
288,spot,20,description,从成都市区怎么去西岭雪山最方便？自驾还是坐大巴，大概要开多久？
289,spot,20,description,这周末带5岁小孩去西岭雪山玩雪合适吗？山上有没有儿童游乐区或者租雪具的地方？
290,spot,20,description,西岭雪山除了滑雪，夏天去避暑好玩吗？听说能看到“千秋雪”的景色，实际值不值得专门跑一趟？
291,spot,20,travel_tips,请问一下，门票是99块一个人吗？索道是不是要另外掏钱？
292,spot,20,travel_tips,从成都市区开车过去大概要多久啊？导航直接搜哪个名字？
293,spot,20,travel_tips,这个滑雪季具体是12月到3月吗？带5岁小孩去玩雪合适不？
294,spot,20,travel_tips,除了滑雪，夏天去那边徒步的话，大概能玩几个小时？路好走吗？
295,spot,20,travel_tips,景区早上几点开门？想早点儿去避开人流，索道最晚几点停？
296,spot,20,cultural_context,西岭雪山早上几点开门啊，我想早点去避人潮？
297,spot,20,cultural_context,现在去西岭雪山门票加索道大概多少钱一个人？
298,spot,20,cultural_context,从成都市区怎么去西岭雪山最方便，有直达大巴吗？
299,spot,20,cultural_context,西岭雪山带5岁小孩去玩雪合适吗，有没有儿童设施？
300,spot,20,cultural_context,西岭雪山除了滑雪还有啥好玩的，现在这个季节去值得不？
301,spot,21,description,这个森林公园早上几点开门啊？
302,spot,21,description,门票多少钱一张，有没有学生票？
303,spot,21,description,从成都市区怎么坐车过去方便？
304,spot,21,description,夏天带小孩去玩水安全吗，适合亲子游不？
305,spot,21,description,响水滩瀑布和十八里香草沟大概能玩多久，值不值得专门跑一趟？
306,spot,21,travel_tips,请问从邛崃市区开车过去大概要多久啊？
307,spot,21,travel_tips,门票是好多钱一个人？学生证打折不？
308,spot,21,travel_tips,里头逛一圈大概要花多长时间？下午去来得及不？
309,spot,21,travel_tips,夏天去蚊子多不多？需要自己带驱蚊水不？
310,spot,21,travel_tips,带五岁娃儿去合适不？有没有啥子要注意的？
311,spot,21,cultural_context,天台山早上几点开门？门票多少钱一张？
312,spot,21,cultural_context,从成都市区怎么坐车去天台山？大概要多久？
313,spot,21,cultural_context,带小孩去天台山玩合适吗？有没有什么亲子路线推荐？
314,spot,21,cultural_context,天台山除了道教文化，还有哪些好玩的景点？徒步累不累？
315,spot,21,cultural_context,网上说天台山是陆游待过的地方，现在去能看到和他有关的古迹吗？值得专门跑一趟吗？
316,spot,22,description,这个古镇一般几点开门关门呢？晚上还能进去逛吗？
317,spot,22,description,去茶马古道第一镇要门票吗？大概多少钱一个人？
318,spot,22,description,从成都市区怎么坐车去这个地方？大概要多久？
319,spot,22,description,这里除了看古桥古树，还有啥好玩的？会不会很无聊？
320,spot,22,description,带老人和小孩去逛方便吗？路好不好走，有没有累人的爬坡？
321,spot,22,travel_tips,这个景点是免费的吗？全天都开放吗？大概要玩多久才够？
322,spot,22,travel_tips,请问这个地方几点开门关门？进去要买门票不？
323,spot,22,travel_tips,这里离市区远不远？怎么坐车过去方便？和天台山是不是一条线？
324,spot,22,travel_tips,夏天去那边漂流好玩吗？水急不急？适合带小孩一起玩不？
325,spot,22,travel_tips,这地方半天时间够逛吗？除了漂流还有啥可玩的？值不值得专门跑一趟？
326,spot,22,cultural_context,平乐古镇几点开门呀，晚上去要不要门票？
327,spot,22,cultural_context,从成都市区怎么去平乐古镇最方便，有直达的旅游大巴吗？
328,spot,22,cultural_context,带五岁小孩去平乐古镇玩一天，有什么适合亲子的项目吗？
329,spot,22,cultural_context,平乐古镇里面吃饭和喝茶大概什么价位，会不会宰客？
330,spot,22,cultural_context,听说平乐古镇是茶马古道上的老镇，里面有没有什么历史遗迹可以逛，值不值得专门跑一趟？
331,spot,23,description,凤栖山下那个古镇，光严禅院早上几点开门呀？
332,spot,23,description,去这个古镇要门票吗，大概多少钱一个人？
333,spot,23,description,从成都市区怎么坐车到凤栖山下的这个古镇？
334,spot,23,description,带5岁小孩去那里玩合适吗，有没有什么好逛的？
335,spot,23,description,这个古镇大概能玩多久，除了古寺古街还有啥好玩的？
336,spot,23,travel_tips,请问这个景点早上几点开门？是免费随便进吗？
337,spot,23,travel_tips,从成都市区开车过去大概要多久？如果和青城山一起玩，一天时间够不够？
338,spot,23,travel_tips,里面好玩吗？适合带5岁的小朋友去吗？会不会太商业化？
339,spot,23,travel_tips,这个地方怎么去最方便？坐公交还是打车？门票要提前预约吗？
340,spot,23,travel_tips,逛完大概要几个小时？如果上午去青城山，下午再过来会不会太赶？
341,spot,23,cultural_context,街子古镇几点开门关门，晚上去能看夜景不？
342,spot,23,cultural_context,去街子古镇要门票吗，大概多少钱一个人？
343,spot,23,cultural_context,街子古镇在哪儿，从成都市区怎么坐车过去方便？
344,spot,23,cultural_context,街子古镇好不好玩，主要看些啥子，逛一圈要多久？
345,spot,23,cultural_context,带五岁娃儿去街子古镇合适不，有没有啥子娃儿能耍的？
346,spot,24,description,这个古镇几点开门关门？门票多少钱一张？
347,spot,24,description,这个三江交汇的古镇怎么去最方便？坐公交还是自驾？
348,spot,24,description,带家里老人和小孩去玩合适吗？里面路好不好走？
349,spot,24,description,永利桥和罗氏公馆那些古迹现在还能进去看吗？要不要另外收费？
350,spot,24,description,这个古镇大概能玩多久？除了看老房子还有啥好玩的？
351,spot,24,travel_tips,这个地方几点开门关门啊？要不要门票？
352,spot,24,travel_tips,从成都市区怎么过去方便？跟街子古镇离得近不近？
353,spot,24,travel_tips,里面好玩吗？大概要逛多久，半天够不够？
354,spot,24,travel_tips,带小孩去合适不？会不会太累或者没什么可玩的？
355,spot,24,travel_tips,那里是不是很原生态、没怎么开发？商业化严重吗？
356,spot,24,cultural_context,元通古镇早上几点开门？门票多少钱一张？
357,spot,24,cultural_context,从成都市区怎么坐车去元通古镇方便？
358,spot,24,cultural_context,带小孩去元通古镇玩合适吗？有没有什么好玩的？
359,spot,24,cultural_context,元通古镇大概要逛多久？里面主要看什么？
360,spot,24,cultural_context,网上说元通古镇是川西物资集散地，现在去还能看到老码头和会馆吗？
361,spot,25,description,这个乐园几点开门，晚上几点关门呀？
362,spot,25,description,门票多少钱一张？有没有儿童票或家庭套票？
363,spot,25,description,从成都市区怎么坐车过去，地铁能到吗？
364,spot,25,description,里面好玩吗？有没有适合三岁小孩玩的项目？
365,spot,25,description,夏天去的话，水乐园大概什么时候开放？需要额外买票吗？
366,spot,25,travel_tips,你们那儿门票好多钱一张嘛？有没得优惠票哦？
367,spot,25,travel_tips,从市区咋个过去方便喃？坐地铁几号线到哪个站下？
368,spot,25,travel_tips,带五岁娃儿去耍一天，有些啥子项目适合小朋友的哇？
369,spot,25,travel_tips,夏天去是不是主要耍水乐园？那个水乐园要另外给钱不？
370,spot,25,travel_tips,早上几点开门喃？我想一早去，耍到下午够不够哦？
371,spot,25,cultural_context,国色天乡早上几点开门，晚上几点关门？
372,spot,25,cultural_context,去国色天乡玩一天，门票大概要多少钱？
373,spot,25,cultural_context,从成都市区怎么坐车去国色天乡方便？
374,spot,25,cultural_context,国色天乡里面有哪些好玩的项目，适合大人玩吗？
375,spot,25,cultural_context,带5岁的小孩去国色天乡合适吗，有没有亲子项目？
376,spot,26,description,望丛祠早上几点开门啊？
377,spot,26,description,去望丛祠门票要多少钱？
378,spot,26,description,从成都市区怎么坐车到望丛祠？
379,spot,26,description,望丛祠里面好玩吗，大概能逛多久？
380,spot,26,description,带小孩去望丛祠合适吗，有没有什么可以看的？
381,spot,26,travel_tips,这个地方几点开门，逛一圈要多久啊？
382,spot,26,travel_tips,进去要买门票吗，还是免费随便进？
383,spot,26,travel_tips,从郫都区市区过去大概多远，开车方便不？
384,spot,26,travel_tips,带五岁小孩去玩合适吗，会不会太无聊？
385,spot,26,travel_tips,这地方跟川菜博物馆挨得近不，能安排在同一天逛完吗？
386,spot,26,cultural_context,望丛祠早上几点开门？下午几点关门呀？
387,spot,26,cultural_context,去望丛祠要门票不？大概多少钱一张？
388,spot,26,cultural_context,从成都市区怎么坐车去望丛祠方便？地铁能到吗？
389,spot,26,cultural_context,望丛祠里面大不大？大概逛多久能逛完？有没有什么好玩的？
390,spot,26,cultural_context,带五六岁的小朋友去望丛祠合适吗？有没有科普或者互动的东西？
391,spot,27,description,成都动物园几点开门啊？门票多少钱一张？
392,spot,27,description,坐地铁怎么去成都动物园，方便吗？
393,spot,27,description,带三岁小孩去成都动物园玩，合适不？有推车能走的路吗？
394,spot,27,description,成都动物园里除了大熊猫，还有啥值得看的？大概能逛多久？
395,spot,27,description,网上都说成都动物园适合亲子游，到底好不好玩？周末人多不多？
396,spot,27,travel_tips,成都动物园门票好多钱一个人？
397,spot,27,travel_tips,坐地铁3号线到动物园站，出来走好久能到门口？
398,spot,27,travel_tips,带5岁娃去成都动物园耍，大概要逛几个小时合适？
399,spot,27,travel_tips,成都动物园和熊猫基地是不是一个地方？怕走错，两个哪个更适合半天游？
400,spot,27,travel_tips,周末去成都动物园好玩不？里面大不大，值不值得专门跑一趟？
401,spot,27,cultural_context,成都动物园几点开门关门啊？
402,spot,27,cultural_context,去成都动物园门票多少钱一张，小孩有优惠吗？
403,spot,27,cultural_context,坐地铁怎么去成都动物园，哪个站下最近？
404,spot,27,cultural_context,成都动物园带小孩去玩合适吗，大概能逛多久？
405,spot,27,cultural_context,成都动物园除了看熊猫，还有啥好耍的？值不值得去？
406,spot,28,description,成都近郊那个最大的花卉观光区，早上几点开门？
407,spot,28,description,去那边玩门票多少钱一张？
408,spot,28,description,从市区坐地铁或者公交怎么去那个花乡农居？
409,spot,28,description,那边除了看花还有啥好玩的？带小孩去合适不？
410,spot,28,description,荷塘月色和东篱菊园哪个季节去最好看？听说有五个主题村，一天能逛完吗？
411,spot,28,travel_tips,这个景点几点开门？需要买门票吗？
412,spot,28,travel_tips,这个地方在哪儿，坐地铁或者公交怎么过去方便？
413,spot,28,travel_tips,现在这个季节去好玩吗？主要能看什么花？
414,spot,28,travel_tips,带家里老人和小孩去逛半天够不够？推婴儿车方便不？
415,spot,28,travel_tips,里面拍照出片吗？有没有适合家庭野餐或者遛娃的草坪？
416,spot,28,cultural_context,三圣花乡几点开门关门？晚上去能看灯吗？
417,spot,28,cultural_context,去三圣花乡坐几路公交或者地铁能到？门票多少钱一张？
418,spot,28,cultural_context,三圣花乡现在这个季节去好玩吗？主要能看些啥子花？
419,spot,28,cultural_context,带娃儿去三圣花乡耍一天，有没有儿童游乐设施或者喂小动物的地儿？
420,spot,28,cultural_context,网上说三圣花乡是城乡统筹的样板，到底值不值得专程跑一趟？跟普通公园比有啥子特别？
421,spot,29,description,这个法式风情小镇几点开门关门啊？晚上能进去逛吗？
422,spot,29,description,进去要买门票不？大概多少钱一个人？小孩有优惠吗？
423,spot,29,description,从成都市区怎么去最方便？有直达的班车或者地铁吗？
424,spot,29,description,里面除了看教堂和法式建筑，有没有什么好玩的或者吃的？大概能逛多久？
425,spot,29,description,带三岁小孩去合适吗？里面路好不好走，有没有婴儿车能推的地方？
426,spot,29,travel_tips,请问这个地方几点开门，要不要门票？
427,spot,29,travel_tips,从彭州开车过去大概要多久？
428,spot,29,travel_tips,现在这个季节去好不好耍，银杏是不是都黄了？
429,spot,29,travel_tips,带小朋友去玩合适不？大概能逛半天吗？
430,spot,29,travel_tips,那边好停车不？下午去来得及不？
431,spot,29,cultural_context,白鹿镇那个领报修院每天几点开门关门哇？
432,spot,29,cultural_context,去白鹿镇耍一圈大概要花多少钱，门票贵不贵？
433,spot,29,cultural_context,从成都市区咋个坐车到白鹿镇哦，自驾方便不？
434,spot,29,cultural_context,白鹿镇除了看那个老教堂，还有啥子好耍的，值不值得专门跑一趟？
435,spot,29,cultural_context,带6岁娃儿去白鹿镇合适不，有没有啥子亲子项目或者要注意的？
436,spot,30,description,这个公园早上几点开门，晚上几点关门呀？
437,spot,30,description,门票多少钱一张，小孩或者老人有优惠吗？
438,spot,30,description,从市区坐地铁或者公交怎么过去方便？
439,spot,30,description,里面除了看花，有没有适合小朋友玩的互动项目？
440,spot,30,description,带两岁多的娃去逛，推婴儿车方便吗，会不会很累？
441,spot,30,travel_tips,门票80是一个人还是包含所有项目啊？
442,spot,30,travel_tips,从成都开车过去真的要40分钟吗，路好走不？
443,spot,30,travel_tips,带5岁小孩去玩合适吗，有没有什么要注意的？
444,spot,30,travel_tips,杜鹃花季大概几月份去最好，一天时间够不够？
445,spot,30,travel_tips,这地方到底值不值80块门票，里面除了看花还有啥好玩的？
446,spot,30,cultural_context,花舞人间几点开门关门呢？
447,spot,30,cultural_context,去花舞人间门票多少钱一张，有没有优惠？
448,spot,30,cultural_context,花舞人间在成都哪个位置，坐公交或地铁怎么去方便？
449,spot,30,cultural_context,花舞人间现在这个季节去好玩吗，主要看什么花？
450,spot,30,cultural_context,带小孩去花舞人间合适不，里面有没有儿童玩的设施？
451,spot,31,description,请问千亩竹海湿地景区早上几点开门？
452,spot,31,description,去千亩竹海湿地玩要买门票吗，大概多少钱一个人？
453,spot,31,description,这个竹海湿地具体在成都哪个位置，坐公交或者地铁能到不？
454,spot,31,description,带小孩去千亩竹海徒步露营方便吗？有没有适合小朋友玩的地方？
455,spot,31,description,千亩竹海里面徒步路好走不？露营过夜安不安全，值不值得专门跑一趟？
456,spot,31,travel_tips,这个景点是免费的吗？全天都开放还是只有白天能进？
457,spot,31,travel_tips,去那边玩大概要安排多长时间比较合适？半天够不够？
458,spot,31,travel_tips,从花舞人间开车过去要多久？两个地方顺路一起玩方便吗？
459,spot,31,travel_tips,夏天去那边避暑怎么样？会不会很凉快，适合带老人小孩去吗？
460,spot,31,travel_tips,这个地方具体怎么走？坐公交或者打车方便吗？有没有停车场？
461,spot,31,cultural_context,斑竹林早上几点开门，下午几点关门？
462,spot,31,cultural_context,去斑竹林要门票吗，大概多少钱一个人？
463,spot,31,cultural_context,斑竹林在成都哪个位置，坐地铁或公交怎么过去方便？
464,spot,31,cultural_context,斑竹林里除了竹子还有啥好玩的，逛一圈大概要多久？
465,spot,31,cultural_context,带五六岁的小孩去斑竹林合适吗，里面路好不好推婴儿车？
466,spot,32,description,每年3月去龙泉看桃花，一般几点开门啊？
467,spot,32,description,去那边看桃花门票多少钱一张？
468,spot,32,description,从成都市区怎么坐车去龙泉驿的桃花故里？
469,spot,32,description,带5岁小孩去桃花林玩，有地方遛娃吗？
470,spot,32,description,这周末去桃花还开着吗？人多不多，值不值得专门跑一趟？
471,spot,32,travel_tips,这个地方几点开门，门票好多钱一个人？
472,spot,32,travel_tips,从龙泉驿区开车过去大概要多久，路好走不？
473,spot,32,travel_tips,这个桃花季去是不是最好耍，除了看桃花还有啥子玩的？
474,spot,32,travel_tips,带五岁的小朋友去合适不，有没有啥子亲子项目？
475,spot,32,travel_tips,听说半天就够耍了，具体有哪些看点，值不值得专门跑一趟？
476,spot,32,cultural_context,桃花故里几点开门？门票多少钱一张？
477,spot,32,cultural_context,从成都市区怎么去桃花故里，坐公交或地铁方便吗？
478,spot,32,cultural_context,带小孩去桃花故里玩合适吗？有没有儿童游乐设施？
479,spot,32,cultural_context,桃花故里除了看桃花，还有啥好玩的？大概能逛多久？
480,spot,32,cultural_context,现在这个季节去桃花故里还有桃花看吗？值不值得专门跑一趟？
481,spot,33,description,大熊猫野化放归基地早上几点开门？最晚几点进去比较合适？
482,spot,33,description,去大熊猫野化放归基地的门票多少钱一张？小孩和老人有优惠吗？
483,spot,33,description,这个基地具体在成都哪个位置？从市区坐地铁或公交怎么过去方便？
484,spot,33,description,野化放归基地和熊猫基地比，好玩吗？能看到熊猫打架或者爬树那些自然行为吗？
485,spot,33,description,带5岁的小朋友去野化放归基地合适吗？里面走路多不多，有没有观光车？
486,spot,33,travel_tips,这地方门票好多钱一个人哦？
487,spot,33,travel_tips,从青城山过去大概要坐好久车，顺路耍一圈来得及不？
488,spot,33,travel_tips,带5岁娃儿去那边耍，有没有啥子适合小朋友的，大概逛得到几个小时？
489,spot,33,travel_tips,这儿跟都江堰那些景点比，值不值得专门跑一趟，人多不多哦？
490,spot,33,travel_tips,景区几点开门，早上早点去能不能避开人流？
491,spot,33,cultural_context,熊猫谷早上几点开门？
492,spot,33,cultural_context,去熊猫谷的门票多少钱一张？
493,spot,33,cultural_context,熊猫谷怎么去啊，从成都市区坐什么车方便？
494,spot,33,cultural_context,熊猫谷好玩吗，能看到大熊猫吗？
495,spot,33,cultural_context,带5岁小孩去熊猫谷合适吗，路好走吗？
496,spot,34,description,合江亭晚上去好看吗？大概几点关门？
497,spot,34,description,去合江亭坐公交或者地铁怎么走啊？附近好停车不？
498,spot,34,description,去合江亭看爱情斑马线要门票吗？大概多少钱一个人？
499,spot,34,description,带小孩去合江亭玩合适不？有没有啥子适合娃娃耍的？
500,spot,34,description,合江亭除了看两河交汇，还有啥子好耍的？大概逛多久合适？
501,spot,34,travel_tips,这里几点开门关门哇，逛多久比较合适？
502,spot,34,travel_tips,这个地方要门票不，大概好多钱一个人？
503,spot,34,travel_tips,从太古里咋个走过去哦，远不远？
504,spot,34,travel_tips,那儿好不好耍，主要看啥子嘛？
505,spot,34,travel_tips,带起娃娃去耍合不合适，安全不？
506,spot,34,cultural_context,合江亭几点开门关门，要门票不？
507,spot,34,cultural_context,从春熙路坐地铁怎么去合江亭，大概要多久？
508,spot,34,cultural_context,合江亭好玩吗，主要看什么，逛一圈要多久？
509,spot,34,cultural_context,带五岁小孩去合江亭合适不，有没有地方坐或者歇脚？
510,spot,34,cultural_context,听说合江亭是古代送别的地方，现在去能看到啥老建筑吗？
511,spot,35,description,大运会那个主场馆每天几点开门？参观需要买门票不？
512,spot,35,description,从春熙路坐地铁怎么去那个6万座的足球场？大概要多久？
513,spot,35,description,带小孩去东安湖体育公园玩合适吗？里面除了看场馆还有啥好耍的？
514,spot,35,description,那个综合体育馆最近有没有比赛或演出可以看？票价大概多少钱一张？
515,spot,35,description,周末去大运会场馆逛一圈值得不？听说能进内场，具体能看些啥？
516,spot,35,travel_tips,凤凰山体育公园几点开门，外围是全天都能进吗？
517,spot,35,travel_tips,去看一场赛事或者演出，门票一般多少钱一张？
518,spot,35,travel_tips,坐地铁5号线到凤凰山体育公园北站，下车后走哪个出口最近？
519,spot,35,travel_tips,带小孩去那里玩合适吗，外围有没有什么好逛的或者亲子设施？
520,spot,35,travel_tips,那里平时去好玩吗，还是只有有比赛和演出的时候才值得去？
521,spot,35,cultural_context,凤凰山体育公园几点开门关门？需要买门票吗？
522,spot,35,cultural_context,带小孩去凤凰山体育公园玩合适吗？里面有没有儿童游乐设施？
523,spot,35,cultural_context,凤凰山体育公园具体在哪个位置？坐地铁或者公交怎么过去？
524,spot,35,cultural_context,凤凰山体育公园里面有什么好玩的？除了看比赛能随便进去逛吗？
525,spot,35,cultural_context,凤凰山体育公园平时对外开放吗？周末去人多不多，值不值得专门跑一趟？
526,food,1,description,成都吃火锅一般几点开门啊，中午去要排队吗？
527,food,1,description,两个人吃一顿正宗的牛油火锅大概要花多少钱？
528,food,1,description,从春熙路怎么去你们推荐的火锅店，坐地铁方便吗？
529,food,1,description,带小孩去吃九宫格合适吗，有没有不辣或者鸳鸯锅可以选？
530,food,1,description,毛肚鸭肠黄喉这些涮菜哪家最地道，本地人一般去哪家吃？
531,food,2,description,鸳鸯锅一般几点去不用排队？
532,food,2,description,成都火锅的鸳鸯锅大概多少钱一份？
533,food,2,description,哪家店的鸳鸯锅最正宗，怎么去方便？
534,food,2,description,带小孩吃鸳鸯锅合适吗，有没有不辣的菜品？
535,food,2,description,鸳鸯锅除了麻辣和清汤，还有哪些隐藏吃法？
536,food,3,description,这家店几点开门啊？我想中午去试试那个清油火锅
537,food,3,description,吃一顿大概多少钱一个人？人均消费高不高？
538,food,3,description,这个清油火锅店具体在成都哪个位置？好找吗？
539,food,3,description,用植物油代替牛油是不是没那么辣？适合带小孩一起去吃不？
540,food,3,description,你们说的这个清油锅底，和普通牛油锅比，吃起来到底啥区别？值不值得专门去打卡？
541,food,4,description,这家冷锅鱼一般几点开门营业？中午去要不要排队？
542,food,4,description,人均大概多少钱一位？是按人头算还是按斤称鱼？
543,food,4,description,这家店具体在成都哪个位置？坐地铁几号线能到，出站后好找吗？
544,food,4,description,冷锅鱼上桌就能直接吃吗？是不是不用开火煮，适合第一次去的人吗？
545,food,4,description,带五岁小孩去吃合适吗？锅底辣不辣，有没有不辣的清汤锅可以选？
546,food,5,description,成都那种老油火锅到底啥味道啊？跟新油比是不是香很多？
547,food,5,description,现在成都吃火锅，用老油和一次性牛油价格差多少？人均大概多少钱？
548,food,5,description,请问成都哪家店还在用传统老油工艺？具体位置在哪儿，好找吗？
549,food,5,description,带家里老人和小孩去吃老油火锅合适不？会不会太辣或者不卫生？
550,food,5,description,听说老油火锅要凌晨去排队才吃得到，一般几点开门？去晚了会不会没得吃？
551,food,6,description,成都晚上几点去吃这个串串最合适啊？会不会要排很久的队？
552,food,6,description,这种按签算钱的串串，一般人均五六十块能吃饱吗？两个人大概要花多少钱？
553,food,6,description,这家店在成都哪个位置啊，坐地铁几号线能到，或者打车方便吗？
554,food,6,description,带小孩去吃这种路边串串合适不？有没有不辣的锅底或者儿童能吃的菜？
555,food,6,description,你们说的这个夜宵串串，是那种自己拿签子煮的玩法吗？第一次去怎么吃才不踩坑？
556,food,7,description,冷锅串串一般几点开门营业，晚上去会不会卖完了？
557,food,7,description,一份冷锅串串大概多少钱，两个人吃要花多少？
558,food,7,description,冷锅串串在成都哪里比较出名，坐地铁怎么去？
559,food,7,description,带小孩去吃冷锅串串合适吗，有没有不辣的选择？
560,food,7,description,冷锅串串和热锅串串哪个好吃，第一次来成都推荐尝哪个？
561,food,8,description,这个冒菜一般几点开门营业？早上能当早饭吃吗？
562,food,8,description,一碗冒菜大概多少钱？两个人吃的话点多少合适？
563,food,8,description,你们店在成都哪个位置？从春熙路坐地铁怎么过去？
564,food,8,description,除了冒菜还有别的推荐吗？带小孩来吃会不会太辣？
565,food,8,description,这家店网上评价怎么样？第一次来成都值得专程去打卡吗？
566,food,9,description,担担面一般几点开门营业啊，早上当早饭吃得到不？
567,food,9,description,一碗担担面现在要多少钱，分量够不够一个人吃？
568,food,9,description,你们店在春熙路附近吗，具体怎么坐地铁过去？
569,food,9,description,担担面辣不辣，带五岁小孩去吃合适吗，有没有不辣的选项？
570,food,9,description,这家担担面跟路边摊比味道咋样，值得专门跑一趟打卡不？
571,food,10,description,成都的馄饨店一般几点开门啊？想赶早去吃碗红油抄手当早餐。
572,food,10,description,一碗红油抄手大概多少钱？两个人吃的话点几份合适？
573,food,10,description,你说的这家成都馄饨具体在哪个位置？坐地铁怎么过去方便？
574,food,10,description,带小孩去吃清汤抄手合适吗？有没有不辣的选择，环境吵不吵？
575,food,10,description,这家店的抄手到底好不好吃？跟别家比，红油的和清汤的哪个更值得点？
576,food,11,description,红油水饺一般几点开门营业？我想当早餐吃。
577,food,11,description,一碗红油水饺大概多少钱？两个人吃的话要买几份？
578,food,11,description,这家店在成都哪个位置？坐地铁方便吗，怎么走？
579,food,11,description,红油水饺的辣度对小孩友好吗？带5岁孩子去吃合适不？
580,food,11,description,除了红油水饺，店里还有啥可点的？第一次去怎么点不踩雷？
581,food,12,description,这家店几点开门？早上想去吃碗热汤圆当早饭来得及吗？
582,food,12,description,一碗黑芝麻大汤圆大概多少钱？两个人吃的话点几份合适？
583,food,12,description,这家店在成都哪个位置？从春熙路坐地铁或者打车过去方便吗？
584,food,12,description,除了吃汤圆，附近还有啥好逛的？吃完顺路溜达值不值得专门跑一趟？
585,food,12,description,带5岁小孩去合适吗？店里有座位吗，会不会要排很久队？
586,food,13,description,这家店几点开门？中午去要不要排队？
587,food,13,description,一份夫妻肺片现在卖多少钱？两个人吃大概人均多少？
588,food,13,description,这家店在成都哪个位置？坐地铁怎么过去方便？
589,food,13,description,除了夫妻肺片，店里还有啥推荐的？带外地朋友去怎么点菜不踩雷？
590,food,13,description,带小孩去吃合适吗？辣度能不能选，有没有不辣的小吃？
591,food,14,description,这道麻婆豆腐一般几点开门卖啊？
592,food,14,description,一份麻婆豆腐大概多少钱？
593,food,14,description,去成都哪家馆子能吃到最正宗的麻婆豆腐？
594,food,14,description,这个菜辣不辣，带小孩去点会不会太刺激？
595,food,14,description,麻婆豆腐除了下饭，还有什么地道吃法吗？
596,food,15,description,这家店几点开门啊？我想一早去尝尝那个甜辣口的粗面条
597,food,15,description,一碗大概多少钱？两个人吃的话点几份合适？
598,food,15,description,这个甜酱油蒜泥拌的面在成都哪个片区？坐地铁怎么过去？
599,food,15,description,带小孩去吃会不会太辣？有没有不辣的选择或者能调整辣度？
600,food,15,description,除了吃面，这家店附近还有啥好逛的？值得专门跑一趟吗？
601,food,16,description,兔头一般几点开门卖？去晚了会不会买不到？
602,food,16,description,一个兔头大概多少钱？麻辣和五香是一个价吗？
603,food,16,description,成都哪家啃兔头的老店比较好找？坐地铁怎么去？
604,food,16,description,带小孩去吃兔头合适吗？有没有不辣的选择？
605,food,16,description,周末去啃兔头好玩吗？除了吃还有啥可以逛的？
606,food,17,description,这家红薯粉店几点开门啊？想赶早去吃，怕跑空了。
607,food,17,description,一碗红薯粉加节子大概多少钱？标配是加肥肠节子对吧？
608,food,17,description,这家店在成都哪个位置？坐地铁怎么去最方便？
609,food,17,description,红薯粉配肥肠节子吃起来啥感觉？麻辣程度外地人能接受不？
610,food,17,description,带小孩去吃合适吗？有没有不辣的口味或者小份选项？
611,food,18,description,这个蛋烘糕一般几点开门卖呀？
612,food,18,description,一个蛋烘糕大概多少钱？
613,food,18,description,在成都哪里能吃到正宗的蛋烘糕？
614,food,18,description,夹奶油肉松的蛋烘糕好吃吗？
615,food,18,description,带小孩去尝这个蛋烘糕合适吗？
616,food,19,description,请问彭州那个千层酥饼一般几点开门营业？
617,food,19,description,这种彭州传统酥饼大概多少钱一个？
618,food,19,description,彭州哪里能买到正宗的千层酥皮面饼？
619,food,19,description,这个饼是现烤的吗，带孩子去体验制作合适不？
620,food,19,description,去彭州吃这个饼方便吗，坐公交或者打车怎么走？
621,food,20,description,这个红糖糍粑一般几点开门卖呀？去晚了会不会就没了？
622,food,20,description,一份红糖糍粑大概多少钱？两个人点一份够吃吗？
623,food,20,description,这个甩糍粑的店具体在成都哪个位置？坐地铁几号线能到？
624,food,20,description,听说是糯米团子在铜盘上弹三下再裹粉，现场看会不会很有趣？适合带小孩去体验吗？
625,food,20,description,这家店除了红糖糍粑还有啥别的吗？值不值得专门跑一趟去吃？
626,food,21,description,红糖冰凉粉一般几点开门卖？晚上去还有吗？
627,food,21,description,一碗红糖冰凉粉大概多少钱？加醪糟和山楂要另外加钱不？
628,food,21,description,春熙路附近哪家红糖冰凉粉比较正宗？怎么坐地铁过去方便？
629,food,21,description,带小孩去吃这个冰凉粉合适不？小朋友能吃醪糟吗？
630,food,21,description,这个红糖冰凉粉除了当甜品，还能当正餐吃吗？解暑效果咋样？
631,food,22,description,雪豆炖猪蹄这家店晚上几点开门？宵夜去的话要排队吗？
632,food,22,description,一份雪豆炖猪蹄大概多少钱？两个人吃够不够？
633,food,22,description,这家店在成都哪个位置？坐地铁怎么去最方便？
634,food,22,description,带小孩去吃雪豆炖猪蹄合适吗？有没有不辣的蘸碟？
635,food,22,description,这家的雪豆炖猪蹄味道咋样？汤和猪蹄是不是真的跟网上说的一样软糯？
636,food,23,description,这家店几点开门？晚上去会不会排队很久？
637,food,23,description,人均消费大概多少钱一个人？
638,food,23,description,具体位置在成都哪里？坐地铁怎么过去？
639,food,23,description,带小孩去吃合适吗？有没有不辣的选项？
640,food,23,description,这个蘸干辣椒碟会不会很辣？外地人吃得惯不？
641,food,24,description,这道菜一般几点开门能吃到？中午去会不会卖完？
642,food,24,description,一份大概多少钱？两个人吃的话点小份够吗？
643,food,24,description,这家店在哪儿？坐地铁方便吗，具体哪一站下？
644,food,24,description,带孩子去吃合适吗？辣不辣，有没有不辣的版本？
645,food,24,description,外地游客第一次吃，评价怎么样？会不会太麻太呛？
646,food,25,description,这家店几点开门啊，中午去要排队很久不？
647,food,25,description,一份回锅肉大概多少钱，两个人吃人均多少合适？
648,food,25,description,这家馆子具体在成都哪个位置，坐地铁怎么过去方便？
649,food,25,description,带小孩去这家吃合适吗，有没有不辣的菜给孩子点？
650,food,25,description,这家号称川菜之首，味道到底咋样，外地人吃得惯不？
651,food,26,description,师傅，鱼香肉丝里头为啥没得鱼呢？是不是骗人的哦？
652,food,26,description,你们这儿鱼香肉丝一份好多钱喃？分量大不大？
653,food,26,description,春熙路那家川菜馆的鱼香肉丝正宗不？咋个坐地铁过去方便？
654,food,26,description,带娃儿来吃鱼香肉丝合适不？辣不辣，娃儿能吃不？
655,food,26,description,鱼香肉丝一般几点开卖？中午去会不会要排队等很久？
656,food,27,description,这家店几点开门？想赶早去吃，怕排队太久
657,food,27,description,一份麻辣红油煮牛肉片大概多少钱？两个人吃得起不？
658,food,27,description,这家店在成都哪个位置？坐地铁方便吗，具体哪一站下？
659,food,27,description,这个麻辣烫鲜嫩的口味，适合带小孩一起去吃吗？会不会太辣？
660,food,27,description,除了煮牛肉片，他家还有什么招牌菜值得点？味道到底咋样，值不值得专程跑一趟？
661,food,28,description,这家店几点开门啊？我想中午去吃白切鸡，怕跑空了。
662,food,28,description,一份白切鸡大概多少钱？两个人吃的话点多少合适？
663,food,28,description,这家店在成都哪个位置？坐地铁方便吗，具体哪一站下？
664,food,28,description,白切鸡浇红油花椒面蒜泥，听着挺重口，带小孩去吃合适吗？会不会太辣？
665,food,28,description,这家店除了白切鸡还有啥招牌？周末去要不要排队，值不值得专门跑一趟？
666,food,29,description,这家店几点开门啊？我想中午去吃棒棒鸡，怕去晚了排队太久。
667,food,29,description,一份棒棒鸡大概多少钱？两个人点小份够不够吃？
668,food,29,description,从春熙路怎么坐车过去？地铁能到吗，出站要走多远？
669,food,29,description,带小孩去吃合适吗？辣不辣，有没有不辣的选项？
670,food,29,description,这家店环境怎么样？是那种老苍蝇馆子还是环境好点的？值不值得专门跑一趟？
671,food,30,description,白切鸡和棒棒鸡到底有啥区别啊？我看网上说都是鸡肉，但一个切块一个切条？
672,food,30,description,这家店几点开门？我想中午去人会不会少点？
673,food,30,description,一份白切鸡大概多少钱？两个人点一份够吃吗？
674,food,30,description,店在春熙路附近吗？坐地铁几号线能到？
675,food,30,description,带小孩去吃合适吗？辣不辣，孩子能吃不？
676,food,31,description,这个芽菜肉末的糯米面包一般早上几点能买到？去晚了会不会就没了？
677,food,31,description,一个大概多少钱？是按个卖还是按份卖的？
678,food,31,description,这个外头裹的叶子是啥子叶子哦？在成都哪个地方能吃到最正宗的？
679,food,31,description,带小朋友来吃这个合适不？里面有没有花椒或者辣味？
680,food,31,description,从春熙路咋个过去最方便？坐地铁到哪一站下？
681,food,32,description,这个冬天去大邑玩，想尝尝那个米浆发酵蒸的小吃，一般几点开门啊？
682,food,32,description,大邑那种松软微酸的小吃，一份大概多少钱？
683,food,32,description,从成都市区怎么去大邑能吃到这个冬季限定的小吃？
684,food,32,description,这个小吃是只有冬天才有吗？夏天去会不会扑空？
685,food,32,description,带小孩去大邑吃这个合适吗，孩子能接受那个酸味不？
686,food,33,description,乐山那个甜皮鸭大概几点开门卖啊？去晚了会不会就没了？
687,food,33,description,一只乐山甜皮鸭大概多少钱？按斤卖还是按只卖？
688,food,33,description,这家店在成都还是乐山？从成都过去怎么坐车方便？
689,food,33,description,带小孩去现场买甜皮鸭方便吗？排队人多不多，环境咋样？
690,food,33,description,除了当伴手礼，自己买来当零食吃好玩吗？会不会太甜太腻？
691,food,34,description,成都那种干锅一般几点开门营业啊，中午去吃要排队吗？
692,food,34,description,一份干锅虾大概多少钱，两个人吃人均多少合适？
693,food,34,description,春熙路附近有没有好吃的干锅店，具体怎么走？
694,food,34,description,带小孩去吃干锅蛙会不会太辣，有微辣或者不辣的选择吗？
695,food,34,description,成都哪家干锅鸡最正宗，本地人觉得值不值得专门跑一趟？
696,food,35,description,这家烤鱼店几点开门？中午去要排队很久吗？
697,food,35,description,人均大概多少钱一份？两个人吃加配菜够不够？
698,food,35,description,具体位置在哪？坐地铁怎么过去最近？
699,food,35,description,除了吃烤鱼，店里环境适合带小孩去吗？有没有不辣的选项？
700,food,35,description,这家店评分怎么样？值得专门跑一趟去打卡吗？
701,food,36,description,这个烤鸭冒菜一般几点开门营业啊？去晚了会不会卖光？
702,food,36,description,一份烤鸭冒菜大概多少钱？两个人吃的话点多少合适？
703,food,36,description,这家店在成都哪个位置？坐地铁或者打车方便吗？
704,food,36,description,烤鸭冒菜是那种网红打卡吃法吗？第一次去成都值不值得专门找一家试试？
705,food,36,description,带家里老人和小孩去吃这个烤鸭冒菜合适吗？辣度能不能选？
706,food,37,description,成都白凉粉一般几点开门卖啊？早上能当早饭吃吗？
707,food,37,description,一碗白凉粉大概多少钱？两个人吃要点几份才够？
708,food,37,description,春熙路附近哪家白凉粉比较正宗？走路怎么过去方便？
709,food,37,description,带小孩去吃白凉粉合适吗？有没有不辣的口味可以选？
710,food,37,description,夏天专门跑去吃碗白凉粉值得吗？跟黄凉粉比哪个更解暑？
711,food,38,description,这家店几点开门？我想中午去吃，会不会排队很久？
712,food,38,description,一碗红油蒜泥拌面大概多少钱？分量够不够一个人吃？
713,food,38,description,这家店具体在成都哪个位置？坐地铁怎么去最方便？
714,food,38,description,带小孩去吃这个麻辣拌面合适吗？有没有不辣的选择？
715,food,38,description,这面真的夏天吃很爽吗？本地人一般配什么饮料或冰品一起吃？
716,food,39,description,这家店几点开门？我打算早上过去吃碗豌豆汤饭当早饭。
717,food,39,description,一碗豌豆汤配米饭大概多少钱？两个人吃得起吗？
718,food,39,description,你说的豌豆汤饭在成都哪里能吃到？坐地铁方便吗？
719,food,39,description,这家店除了喝汤吃饭，还有啥好玩的？适合带小孩去吗？
720,food,39,description,冬天喝这个豌豆汤到底有多暖胃？有没有人评价说值得专门跑一趟？
721,food,40,description,这家店几点开门啊，我想下午去尝尝那个糯米糍粑
722,food,40,description,一份糯米糍粑大概多少钱，分量足吗
723,food,40,description,这家店具体在哪个位置，从春熙路过去怎么坐车
724,food,40,description,糯米糍粑好吃吗，是不是真的外酥里糯，甜不甜
725,food,40,description,带小孩去吃合适吗，红糖浆会不会太粘牙
726,avoid_rule,1,content,去看熊猫是不是必须赶一大早啊？我起不来，下午去真的啥也看不到吗？
727,avoid_rule,1,content,熊猫基地早上几点开门？门票多少钱一张？学生或者老人有优惠不？
728,avoid_rule,1,content,从春熙路坐地铁或者打车去熊猫基地方便吗？大概要多久？
729,avoid_rule,1,content,带5岁的小朋友去熊猫基地玩，上午去的话里面路好走吗？推婴儿车方便不？
730,avoid_rule,1,content,都说熊猫上午精神下午睡觉，那如果只能下午去，还有必要花这个门票钱吗？会不会很亏？
731,avoid_rule,2,content,武侯祠和锦里离得近吗？走路要多久？
732,avoid_rule,2,content,武侯祠和锦里一般几点开门关门？门票分别多少钱？
733,avoid_rule,2,content,第一次去成都，武侯祠和锦里安排在一起玩，大概需要多长时间？
734,avoid_rule,2,content,带五岁小孩去武侯祠和锦里方便吗？有没有适合孩子玩的项目？
735,avoid_rule,2,content,从春熙路坐地铁去武侯祠和锦里怎么走？出站后还要走多远？
736,avoid_rule,3,content,都江堰和青城山一天能耍完不？早上几点开门哦？
737,avoid_rule,3,content,从成都市区咋个去都江堰最方便？门票好多钱一张？
738,avoid_rule,3,content,都江堰带娃儿去累不累？有没有啥子适合小朋友耍的？
739,avoid_rule,3,content,都江堰和青城山哪个先逛比较好？一天时间够不够哦？
740,avoid_rule,3,content,都江堰到底好不好耍？跟宽窄巷子那些能排在一天不？
741,avoid_rule,4,content,金沙遗址博物馆几点开门？周一去会不会吃闭门羹？
742,avoid_rule,4,content,杜甫草堂下午去来得及吗？门票多少钱一张？
743,avoid_rule,4,content,金沙遗址博物馆在哪个位置？坐地铁怎么过去方便？
744,avoid_rule,4,content,金沙遗址博物馆好玩吗？带孩子去合适不？
745,avoid_rule,4,content,我打算先去金沙再逛杜甫草堂，一天能逛完吗？周一去会不会白跑一趟？
746,avoid_rule,5,content,西岭雪山滑雪场几点开门？我想一大早就去，怕去晚了雪化了。
747,avoid_rule,5,content,现在这个季节去西岭雪山还有雪可以滑吗？听说只有12月到3月有雪，是真的假的？
748,avoid_rule,5,content,从成都市区怎么去西岭雪山最方便？坐大巴还是自驾？大概要多久？
749,avoid_rule,5,content,西岭雪山门票加滑雪装备租一套下来大概多少钱？两个人玩一天预算多少合适？
750,avoid_rule,5,content,带5岁小孩去西岭雪山看雪合适吗？有没有儿童能玩的雪地项目？
751,avoid_rule,6,content,节假日去熊猫基地是不是要排很久的队？大概几点去能避开人流啊？
752,avoid_rule,6,content,熊猫基地节假日门票多少钱一张？现场买和网上买价格一样吗？
753,avoid_rule,6,content,请问从春熙路打车去熊猫基地大概多久？节假日路上堵不堵？
754,avoid_rule,6,content,带5岁小孩去熊猫基地玩合适吗？里面有没有婴儿车租或者休息的地方？
755,avoid_rule,6,content,网上说熊猫基地节假日限流，那现场排队一般要等多久？提前多久在官网买票比较稳？
756,avoid_rule,7,content,杜甫草堂和金沙遗址离得近不近？如果上午去一个下午去另一个，时间来得及不？
757,avoid_rule,7,content,这两个地方门票分别是多少钱？有学生票或者老人优惠吗？
758,avoid_rule,7,content,金沙遗址博物馆几点开门？要是想一天逛完这两个点，早上几点出发比较合适？
759,avoid_rule,7,content,带五岁小孩去杜甫草堂和金沙遗址，哪个更适合小朋友？会不会觉得无聊？
760,avoid_rule,7,content,从春熙路坐地铁去这两个地方方便吗？还是打车更省事？
761,avoid_rule,8,content,宽窄巷子和人民公园离得近不近？走路要多久啊？
762,avoid_rule,8,content,下午先去宽窄巷子，傍晚再去人民公园喝茶，这样安排大概要花多长时间？
763,avoid_rule,8,content,人民公园里面喝茶贵不贵？大概人均多少钱一杯？
764,avoid_rule,8,content,带5岁小孩去宽窄巷子和人民公园逛，方便吗？有没有适合孩子玩的地方？
765,avoid_rule,8,content,从宽窄巷子怎么走到人民公园？是直接导航走过去还是坐公交更划算？
766,avoid_rule,9,content,成都博物馆周末去要不要买票？听说免费，是不是真的免费？
767,avoid_rule,9,content,成都博物馆几点开门？周末人多不多，是不是要提前预约才进得去？
768,avoid_rule,9,content,成都博物馆在哪个位置？坐地铁几号线能到，附近好停车不？
769,avoid_rule,9,content,带小孩去成都博物馆合适吗？里面有没有适合小朋友看的东西？
770,avoid_rule,9,content,成都博物馆好玩吗？值不值得专门跑一趟，一般逛多久能逛完？
771,avoid_rule,10,content,四川博物院几点开门关门啊？周一闭馆是真的吗？
772,avoid_rule,10,content,去四川博物院要钱不？要不要提前预约？
773,avoid_rule,10,content,四川博物院离杜甫草堂有多远？走路能到不？
774,avoid_rule,10,content,带小孩去四川博物院合适吗？里面有没有好玩的？
775,avoid_rule,10,content,四川博物院怎么去方便？坐地铁到哪一站？
776,avoid_rule,11,content,文殊院逛一圈大概要多久啊？半天够不够？
777,avoid_rule,11,content,文殊坊那边的小吃贵不贵，蛋烘糕和凉粉大概多少钱一份？
778,avoid_rule,11,content,文殊院具体在哪个位置，坐地铁几号线能到，出站后怎么走？
779,avoid_rule,11,content,带五岁小孩去文殊院合适吗，里面有没有什么孩子能玩或者看的东西？
780,avoid_rule,11,content,文殊院早上几点开门？我想一早去人少点，顺便在文殊坊吃个早饭。
781,avoid_rule,12,content,黄龙溪夏天去玩水到底有多安逸？大概几点去人少点，水比较干净？
782,avoid_rule,12,content,冬天去黄龙溪是不是真的没啥看头？门票好多钱一个人，值不值得跑一趟？
783,avoid_rule,12,content,带5岁娃儿去黄龙溪耍水，安全不？有没有专门给娃娃耍的浅水区，要穿泳衣不？
784,avoid_rule,12,content,从成都市区咋个去黄龙溪最方便？坐公交还是自驾，大概要多久？
785,avoid_rule,12,content,黄龙溪除了耍水，还有啥子好耍的？如果只有半天时间，够不够逛完？
786,avoid_rule,13,content,洛带古镇半天够玩吗？会不会太赶？
787,avoid_rule,13,content,去洛带古镇要门票不？里面的会馆参观是免费的吗？
788,avoid_rule,13,content,洛带古镇离成都市区远不远，坐地铁或者公交怎么过去方便？
789,avoid_rule,13,content,带5岁小孩去洛带古镇合适吗？里面有没有适合小朋友玩的地方？
790,avoid_rule,13,content,听说洛带古镇有个长城，值不值得专门去看？会不会很失望？
791,avoid_rule,14,content,节假日去春熙路和宽窄巷子，开车是不是特别堵？坐地铁方便吗，应该坐几号线？
792,avoid_rule,14,content,从宽窄巷子到春熙路，坐地铁2号线和3号线分别怎么换乘？大概要多久？
793,avoid_rule,14,content,带5岁小孩去宽窄巷子玩，节假日人多不多？推婴儿车方便吗？
794,avoid_rule,14,content,春熙路和宽窄巷子大概几点开门、几点关门？晚上去会不会更堵？
795,avoid_rule,14,content,这两个地方逛下来要花多少钱？有没有免费项目，值不值得专程跑一趟？
796,avoid_rule,15,content,从成都东站坐高铁去都江堰大概要多久啊？比开车快很多吗？
797,avoid_rule,15,content,成都东站到都江堰的高铁票价大概多少钱一张？
798,avoid_rule,15,content,去都江堰玩，从成都东站下车后怎么换乘到景区门口？
799,avoid_rule,15,content,带小孩去都江堰和青城山一日游，坐高铁方便吗？会不会太赶？
800,avoid_rule,15,content,都江堰和青城山一天能玩完吗？坐高铁来回时间上够不够？
801,avoid_rule,16,content,从成都市区去洛带古镇坐219路公交大概要多久啊？周末会不会很堵？
802,avoid_rule,16,content,去洛带古镇除了坐219路，还有别的便宜交通方式吗？大概要花多少钱？
803,avoid_rule,16,content,洛带古镇几点开门关门？我打算一早过去，怕太早到了没得逛。
804,avoid_rule,16,content,洛带古镇里面好玩吗？主要看什么，有没有什么特色小吃或者老建筑？
805,avoid_rule,16,content,带5岁小孩去洛带古镇方便吗？推婴儿车走起来累不累，有没有适合孩子玩的地方？
806,avoid_rule,17,content,春熙路地铁站是几号线换乘站啊？从机场过去方便吗？
807,avoid_rule,17,content,打车去春熙路是不是特别堵？大概要多少钱？
808,avoid_rule,17,content,带爸妈去春熙路逛，坐地铁到哪个出口最近？
809,avoid_rule,17,content,春熙路那边好玩吗？晚上几点去人少点？
810,avoid_rule,17,content,带小孩去春熙路方便吗？地铁站里换乘要走很远不？
811,avoid_rule,18,content,从宽窄巷子骑车去武侯祠大概要多久？路上好停车吗？
812,avoid_rule,18,content,市区这几个景点离得近，骑共享单车比打车方便，那共享单车大概多少钱一次？
813,avoid_rule,18,content,带爸妈去宽窄巷子玩，周边禁停区多，推着轮椅走方便吗？
814,avoid_rule,18,content,早上几点去宽窄巷子人少一点？骑车过去的话附近哪里能还车？
815,avoid_rule,18,content,宽窄巷子和锦里哪个更适合带小孩逛？骑车中途有没有休息的地方？
816,avoid_rule,19,content,从天府机场到市区坐地铁要多久啊？打车会不会很贵？
817,avoid_rule,19,content,双流机场到市区坐地铁大概多长时间？比天府机场方便很多吗？
818,avoid_rule,19,content,带着老人小孩从天府机场出来，是坐18号线快线好还是直接打车更省心？
819,avoid_rule,19,content,天府机场去市里，地铁快线37分钟是到春熙路吗？中间停不停站？
820,avoid_rule,19,content,凌晨到天府机场的话，地铁还有吗？如果只能打车，大概要花多少钱包括高速费？
821,avoid_rule,20,content,成都早高峰打车是不是特别难啊？我明天早上8点要去春熙路，大概要提前多久出门才稳妥？
822,avoid_rule,20,content,请问成都早晚高峰打车大概要加多少钱才有人接单？还是说直接坐地铁更划算？
823,avoid_rule,20,content,我带着老人和小孩，下午6点左右从熊猫基地出来，这个点打车好打吗？如果打不到车，附近地铁站怎么走？
824,avoid_rule,20,content,成都晚高峰打车排队一般要等多久？我赶7点半的火车，5点半从酒店出发来得及不？
825,avoid_rule,20,content,听说成都早晚高峰出租车根本拦不到，那用网约车会不会好一点？还是说这个点去哪都堵，直接坐地铁最靠谱？
826,avoid_rule,21,content,成都那些网红火锅店周末几点去能少排队啊？听说要等一两个小时，真的假的？
827,avoid_rule,21,content,小龙坎和大龙燚人均大概多少钱？跟电台巷、蜀大侠比，价格差得多吗？
828,avoid_rule,21,content,从春熙路怎么坐地铁去小龙坎总店？附近好停车吗？
829,avoid_rule,21,content,带小孩去大龙燚合适吗？有没有不辣的锅底或者儿童餐？
830,avoid_rule,21,content,电台巷和蜀大侠到底好不好玩？除了火锅，店里有没有什么特色活动或者拍照打卡的地方？
831,avoid_rule,22,content,宽窄巷子和锦里里面的特产店是不是特别贵啊？大概比外面贵多少？
832,avoid_rule,22,content,请问锦里和宽窄巷子早上几点开门？想早点去人少一点。
833,avoid_rule,22,content,带小孩去宽窄巷子玩合适吗？里面有没有适合小朋友逛的或者吃的？
834,avoid_rule,22,content,从春熙路坐地铁去宽窄巷子怎么走？大概要多久？
835,avoid_rule,22,content,都说锦里晚上去好看，那白天去值不值？里面除了逛吃的还有啥好玩的？
836,avoid_rule,23,content,串串香一般几点开门营业？中午去要排队吗？
837,avoid_rule,23,content,吃串串香大概人均多少钱？是按签子算钱的话，大签和小签分别多少钱一根？
838,avoid_rule,23,content,你们店在成都哪个位置？从春熙路坐地铁怎么过去方便？
839,avoid_rule,23,content,第一次吃串串香，除了数签子结账，还有啥要注意的？拿菜之前为啥要先看价目表？
840,avoid_rule,23,content,带5岁小孩去吃串串香合适吗？有没有不辣的锅底或者儿童能吃的菜？
841,avoid_rule,24,content,宽窄巷子里卖的那种兔头15块一个，双流老妈兔头8块一个，到底哪个更划算啊？
842,avoid_rule,24,content,我想专门坐地铁去双流吃那个8块钱的老妈兔头，具体在哪个站下，出站怎么走？
843,avoid_rule,24,content,宽窄巷子那个卖15块兔头的摊点一般几点开门营业，下午去会不会卖光？
844,avoid_rule,24,content,带家里老人和小孩去宽窄巷子玩，顺便买个兔头给他们尝尝，15块一个会不会太辣或者小孩子能吃吗？
845,avoid_rule,24,content,都说双流老妈兔头8块一个更正宗，那家店环境怎么样，是适合坐下来吃还是只能打包带走？
846,avoid_rule,25,content,毛肚一般要烫好久才能吃啊？我怕烫老了嚼不动。
847,avoid_rule,25,content,在成都吃火锅，鸭肠和黄喉大概要煮几分钟？有没有个准数？
848,avoid_rule,25,content,老肉片是不是要煮很久？大概几分钟能熟，适合带老人小孩一起吃吗？
849,avoid_rule,25,content,这家店人均大概多少钱？位置在哪，坐地铁方便吗？
850,avoid_rule,25,content,网上都说毛肚七上八下，那鸭肠和黄喉具体几秒捞起来最脆？好吃吗？
851,avoid_rule,26,content,成都火锅店一般几点开门啊？中午去要不要排队？
852,avoid_rule,26,content,两个人吃一顿火锅大概多少钱？点鸳鸯锅会不会加价？
853,avoid_rule,26,content,春熙路附近有没有推荐的火锅店？怎么坐地铁过去方便？
854,avoid_rule,26,content,带小孩去成都吃火锅合适吗？点个菌汤锅孩子能吃吗？
855,avoid_rule,26,content,成都人真的不爱吃鸳鸯锅吗？我点微辣加清汤会不会被笑话？
856,avoid_rule,27,content,成都火锅店的小料一般要单独收费不？大概好多钱一个人？
857,avoid_rule,27,content,你们店早上几点开门？中午去要排队不？
858,avoid_rule,27,content,这家火锅店在春熙路附近吗？坐地铁哪号线能到？
859,avoid_rule,27,content,带五岁娃儿去吃方便不？有没有儿童椅和清淡锅底？
860,avoid_rule,27,content,小料台说的芝麻酱那些随便加，那吃不完浪费了会不会遭罚款哦？
861,avoid_rule,28,content,建设路小吃街一般几点出摊啊？我下午三点去会不会好多店都没开？
862,avoid_rule,28,content,那边小吃大概人均多少钱？两个人吃一顿要准备多少预算？
863,avoid_rule,28,content,从春熙路坐地铁怎么到建设路小吃街？出站后要走多远？
864,avoid_rule,28,content,带五岁小孩去建设路小吃街方便吗？有没有适合小朋友吃的不辣的东西？
865,avoid_rule,28,content,晚上八点到那儿会不会太挤？一般排队要等很久吗，值不值得专门跑一趟？
866,avoid_rule,29,content,冒菜和火锅到底有啥子区别哦？我看价格差好多，冒菜一般多少钱一份？
867,avoid_rule,29,content,我带着娃儿来成都耍，中午想吃点辣的但又不想整大锅，冒菜店一般几点开门喃？
868,avoid_rule,29,content,春熙路附近哪家冒菜好吃又便宜？人均大概要花好多钱嘛？
869,avoid_rule,29,content,我们几个朋友想晚上聚一下，是去吃冒菜还是火锅更巴适？火锅人均要一百多哇？
870,avoid_rule,29,content,坐地铁怎么去那种口碑好的冒菜店？带小孩去吃冒菜方便不，会不会太辣了？
871,avoid_rule,30,content,鹤鸣茶社一般几点开门？早上过去人多不多？
872,avoid_rule,30,content,采耳大概多少钱一次？能不能砍价？一般体验多久合适？
873,avoid_rule,30,content,鹤鸣茶社在成都哪个位置？从宽窄巷子走过去方便吗？
874,avoid_rule,30,content,带小孩去鹤鸣茶社喝茶采耳合适吗？有没有什么要注意的？
875,avoid_rule,30,content,鹤鸣茶社好玩吗？除了采耳还有啥特色？值不值得专门跑一趟？
876,avoid_rule,31,content,鹤鸣茶社周末是不是人特别多啊？大概几点去能不用等位？
877,avoid_rule,31,content,去鹤鸣茶社喝茶大概人均多少钱一位？
878,avoid_rule,31,content,鹤鸣茶社在成都哪个位置？从宽窄巷子过去怎么走？
879,avoid_rule,31,content,鹤鸣茶社除了喝茶还能干啥？有采耳或者看戏吗？适合带小孩去耍不？
880,avoid_rule,31,content,鹤鸣茶社到底值不值得去？网上都说氛围好，实际体验咋样？
881,avoid_rule,32,content,春熙路太古里一般几点开门营业？逛到晚上看灯的话大概几点去合适？
882,avoid_rule,32,content,去IFS看爬墙熊猫要门票吗？多少钱一个人？
883,avoid_rule,32,content,从地铁春熙路站出站后怎么走到太古里和IFS最方便？
884,avoid_rule,32,content,带5岁小孩去春熙路太古里玩，除了逛街看熊猫，还有啥适合小朋友的？
885,avoid_rule,32,content,都说春熙路白天人挤人，到底值不值得专门去一趟？还是晚上去看灯更安逸？
886,avoid_rule,33,content,锦里晚上几点开门关门啊，逛到几点比较合适？
887,avoid_rule,33,content,锦里里面喝杯啤酒大概多少钱一瓶？有没有性价比高点的酒吧推荐？
888,avoid_rule,33,content,从春熙路怎么去锦里最方便？坐地铁还是打车快？
889,avoid_rule,33,content,锦里除了逛和拍照，有没有什么免费又好玩的特色表演或活动？
890,avoid_rule,33,content,带5岁小孩去锦里合适吗？里面人多不多，有没有适合小朋友玩的东西？
891,avoid_rule,34,content,IFS那个爬墙熊猫到底在哪儿哦？从商场里面坐电梯到几楼能看到？
892,avoid_rule,34,content,早上几点去IFS看爬墙熊猫人最少？商场几点开门？
893,avoid_rule,34,content,IFS爬墙熊猫那个观景平台收不收门票？上去要花钱不？
894,avoid_rule,34,content,带娃去IFS看爬墙熊猫方便吗？从地铁出来走多远？推婴儿车好上去不？
895,avoid_rule,34,content,IFS爬墙熊猫值不值得专门跑一趟？听说最佳机位在7楼栏杆那儿，实际拍出来效果咋样？
896,avoid_rule,35,content,宽窄巷子附近有没有500到800一晚的酒店推荐？会不会很吵啊？
897,avoid_rule,35,content,带孩子去成都玩，住宽窄巷子那边方便吗，还是住春熙路更好？
898,avoid_rule,35,content,从春熙路到宽窄巷子怎么走最方便，打车大概多少钱？
899,avoid_rule,35,content,宽窄巷子早上几点开门，晚上逛到几点合适？
900,avoid_rule,35,content,春熙路和天府广场附近性价比高的酒店，一般多少钱一晚，走路去宽窄巷子远不远？
901,avoid_rule,36,content,成都天台山夏天去蚊子真的很多吗？需要准备啥子驱蚊的东西不？
902,avoid_rule,36,content,请问天台山景区门票好多钱一张？有没有学生票或者套票？
903,avoid_rule,36,content,从成都市区到天台山怎么坐车最方便？大概要坐好久哦？
904,avoid_rule,36,content,天台山里头好不好耍？主要看瀑布还是耍水？大概要玩半天还是一整天？
905,avoid_rule,36,content,带5岁的小娃娃去天台山合适不？走的路累不累？有没有那种平缓的步道？
906,avoid_rule,37,content,黄龙溪夏天耍水那边几点开放啊，早上好多钱一个人？
907,avoid_rule,37,content,带三岁娃儿去黄龙溪耍水安不安全哦，水深不深，要不要一直盯到？
908,avoid_rule,37,content,黄龙溪溪水戏水区具体在哪个位置，从古镇大门进去咋个走？
909,avoid_rule,37,content,那边石头滑不滑，穿啥子鞋子不容易摔？有没有卖那种防滑鞋的？
910,avoid_rule,37,content,黄龙溪坐公交或者地铁咋个去方便？门票好多钱，耍水要另外收费不？
911,avoid_rule,38,content,西岭雪山早上几点开门啊？我想早点去避开人流。
912,avoid_rule,38,content,现在去西岭雪山的门票加索道大概多少钱一个人？
913,avoid_rule,38,content,从成都市区怎么去西岭雪山最方便？有直达的班车吗？
914,avoid_rule,38,content,西岭雪山这个季节去好玩吗？主要能玩些什么项目？
915,avoid_rule,38,content,带家里老人和小孩去西岭雪山合适吗？会不会有高反风险？
916,avoid_rule,39,content,都江堰鱼嘴和飞沙堰那边几点开门？早上想早点去人少点。
917,avoid_rule,39,content,去都江堰鱼嘴和飞沙堰要另外买票吗？还是门票里就包含了？
918,avoid_rule,39,content,从成都市区怎么去都江堰最快？到了景区里面去鱼嘴和飞沙堰是步行还是坐观光车？
919,avoid_rule,39,content,带6岁小孩去鱼嘴和飞沙堰玩安全吗？我看网上说水很急，护栏那边能靠近拍照吗？
920,avoid_rule,39,content,鱼嘴和飞沙堰好玩吗？大概要逛多久？值不值得专程去看？
921,avoid_rule,40,content,洛带古镇那个仿古长城几点开门关门哦？
922,avoid_rule,40,content,爬洛带那个假长城要收多少钱门票哇？
923,avoid_rule,40,content,从成都市区咋个坐车去洛带古镇的长城哦？
924,avoid_rule,40,content,那个新修的长城爬起好玩不？值不值得专门跑一趟？
925,avoid_rule,40,content,带五岁娃儿去洛带爬那个长城，会不会太累或者没意思？
926,avoid_rule,41,content,从春熙路去宽窄巷子坐地铁方便吗？大概要多久？
927,avoid_rule,41,content,打车去宽窄巷子会不会很堵？大概要花多少钱？
928,avoid_rule,41,content,春熙路到宽窄巷子怎么走最快？坐几号线？
929,avoid_rule,41,content,带老人小孩去宽窄巷子，从春熙路出发推荐什么交通方式？
930,avoid_rule,41,content,宽窄巷子几点开门？早上从春熙路过去来得及吗？
931,avoid_rule,42,content,从机场到成都市区打车大概多少钱啊？司机要是一口价，我是不是该直接拒绝？
932,avoid_rule,42,content,我晚上十一点到天府机场，这个点还有正规出租车吗？打车去春熙路大概要多久？
933,avoid_rule,42,content,从机场出来怎么打车最不容易被坑？如果司机绕路，我当场用高德指出来投诉有用吗？
934,avoid_rule,42,content,带老人小孩第一次去成都，从机场到市区坐地铁方便还是打车好？打车会不会被宰？
935,avoid_rule,42,content,机场到市区如果打表，大概要多少钱？是不是比一口价贵很多？我该提前准备多少现金？
936,avoid_rule,43,content,熊猫基地几点开门？早上几点去能避开人流高峰？
937,avoid_rule,43,content,从春熙路怎么去熊猫基地最方便？坐景区直通车多少钱一个人？
938,avoid_rule,43,content,熊猫基地门口那种直通车靠谱吗？会不会被黑车坑？
939,avoid_rule,43,content,带5岁小孩去熊猫基地玩合适吗？推婴儿车方便不方便？
940,avoid_rule,43,content,熊猫基地好玩吗？大概能逛多久？除了看熊猫还有啥值得看的？
941,avoid_rule,44,content,宽窄巷子几点开门关门啊？早上太早去会不会没开？
942,avoid_rule,44,content,去宽窄巷子打车的话，定位到哪里最稳当？我听说直接定景区门口容易走错。
943,avoid_rule,44,content,宽窄巷子里面逛一圈大概要多久？带5岁小孩去合适吗，会不会太挤？
944,avoid_rule,44,content,宽窄巷子不要门票吧？里面吃碗小吃大概多少钱？
945,avoid_rule,44,content,宽窄巷子到底好不好玩？跟锦里比哪个更值得先去？
946,avoid_rule,45,content,天府广场和春熙路那边共享单车是不是不能随便停啊？我骑过去要是没停对地方会被收多少钱？
947,avoid_rule,45,content,请问去春熙路逛街，共享单车停哪个位置才算合规？有没有那种专门的P点指示牌？
948,avoid_rule,45,content,我打算带小孩去天府广场玩，骑共享单车过去方便吗？还是说那边禁停区域太多，推着娃走路更省事？
949,avoid_rule,45,content,春熙路那块共享单车乱停要收调度费，具体是多少钱一次？要是我不小心停错了，能申诉退回来吗？
950,avoid_rule,45,content,晚上去天府广场看夜景，骑共享单车到附近哪里停最稳当？离广场入口远不远，走路要几分钟？
951,avoid_rule,46,content,晚上逛完锦里大概几点？我怕赶不上地铁，最晚那班是几点啊？
952,avoid_rule,46,content,从锦里回市区坐地铁方便吗？要是玩到十一点多还有车吗？
953,avoid_rule,46,content,锦里晚上好玩吗？带小孩去会不会太晚不安全？
954,avoid_rule,46,content,去锦里玩一趟大概要花多少钱？门票和里面的小吃贵不贵？
955,avoid_rule,46,content,锦里怎么去最方便？坐地铁到哪个站下，出站走多远？
956,avoid_rule,47,content,锦里到武侯祠走路要多久啊？门口那种三轮车靠谱吗，报价30块是不是太贵了？
957,avoid_rule,47,content,锦里几点开门关门？带五岁小孩去逛方便吗，里面推婴儿车好走不？
958,avoid_rule,47,content,请问从春熙路坐地铁去锦里怎么走？出站后到景区门口大概多远？
959,avoid_rule,47,content,锦里里面主要看什么呀？除了逛吃的，有没有适合拍照或者体验老成都文化的地方？
960,avoid_rule,47,content,锦里和武侯祠是不是挨着的？门票多少钱，值不值得专门花半天时间玩？
961,avoid_rule,48,content,从双流机场T2到市区坐地铁10号线大概要多久？比机场大巴快20分钟是快在哪儿？
962,avoid_rule,48,content,天府机场坐18号线到市区要多少钱？打车或者打黑车大概什么价位？
963,avoid_rule,48,content,双流机场T2的地铁10号线入口在哪个位置？下了飞机怎么走能找到？
964,avoid_rule,48,content,带老人小孩从双流机场出来，坐10号线方便吗？还是直接坐机场大巴更省事？
965,avoid_rule,48,content,天府机场的18号线晚上几点收车？如果凌晨落地是不是只能打黑车了？
966,avoid_rule,49,content,这家网红火锅店几点开门？中午去要不要排队？
967,avoid_rule,49,content,人均消费大概多少钱？两个人吃下来贵不贵？
968,avoid_rule,49,content,从春熙路怎么过去？听说门口有野的喊价，靠谱吗？
969,avoid_rule,49,content,除了排队吃火锅，附近有没有啥子好耍的？步行能到不？
970,avoid_rule,49,content,带5岁娃儿去方便不？有没有不辣的锅底和儿童座椅？
971,avoid_rule,50,content,请问从熊猫基地西门出来，那些没有线路牌的黑车是不是会拉去购物点啊？正规景区车多少钱一位？
972,avoid_rule,50,content,西门那边私家车拉客的靠谱吗？我听说会带去购物点浪费时间，如果自己叫网约车大概要等多久？
973,avoid_rule,50,content,带孩子去熊猫基地，从西门出来坐什么车最安全方便？那种拉客的私家车能坐吗？怕被坑。
974,avoid_rule,50,content,熊猫基地西门几点有景区车？末班车是几点？如果错过末班车，网约车好不好打？
975,avoid_rule,50,content,从西门出来，坐那种有线路牌的景区车和普通网约车，哪个更划算？带老人小孩的话推荐哪种？
976,avoid_rule,51,content,建设路夜市一般几点开始热闹起来，到几点收摊啊？
977,avoid_rule,51,content,那边小吃价格贵不贵，人均大概多少钱能吃饱？
978,avoid_rule,51,content,从春熙路怎么去建设路夜市最方便，坐地铁还是打车？
979,avoid_rule,51,content,建设路夜市除了小吃，有没有啥好玩的或者适合拍照的地方？
980,avoid_rule,51,content,带小孩去建设路夜市合适吗，会不会太挤或者没啥孩子能吃的？
981,avoid_rule,52,content,春熙路附近住着是不是又贵又吵啊？打车方便吗？
982,avoid_rule,52,content,带爸妈去成都玩，不想住太吵的地方，地铁2号线沿线有啥性价比高的酒店推荐不？
983,avoid_rule,52,content,中医大省医院站那边去宽窄巷子、武侯祠这些景点方便吗？大概要坐几站地铁？
984,avoid_rule,52,content,住骡马市附近的话，去熊猫基地和都江堰分别要多久？早上几点出门比较顺？
985,avoid_rule,52,content,我们一家三口带小孩，住春熙路和住地铁沿线哪个更合适？拖着行李换乘会不会很麻烦？
986,avoid_rule,53,content,成都地铁去宽窄巷子大概几点开门？我早上想早点去人少点。
987,avoid_rule,53,content,从春熙路打车去熊猫基地大概多少钱？听说早晚高峰堵车，是不是坐地铁更划算？
988,avoid_rule,53,content,带5岁小孩去成都科技馆合适吗？玩半天够不够，要不要提前预约？
989,avoid_rule,53,content,天府通App除了坐地铁，能坐公交和景区直通车吗？有没有优惠？
990,avoid_rule,53,content,成都市区到都江堰怎么去最方便？坐地铁能到吗，还是得坐高铁？
991,avoid_rule,54,content,武侯祠和熊猫基地门口的景区直通车最早几点发车？末班车是几点呀？
992,avoid_rule,54,content,从春熙路坐那个官方直通车去熊猫基地要多少钱？比打车便宜很多吗？
993,avoid_rule,54,content,武侯祠门口那种穿马甲的工作人员推荐的直通车正规吗？怎么扫码买票才不会被骗？
994,avoid_rule,54,content,带5岁小孩去熊猫基地，坐景区直通车方便吗？车上有没有儿童安全座椅或者要抱坐？
995,avoid_rule,54,content,熊猫基地玩半天够不够？直通车是只到门口还是能送到里面检票处？
996,avoid_rule,55,content,宽窄巷子里的东西是不是又贵又一般啊？听说隔壁奎星楼街更划算，走过去要多久？
997,avoid_rule,55,content,奎星楼街那边一般几点开门营业？我想早上逛完宽窄巷子直接过去吃午饭来得及吗？
998,avoid_rule,55,content,带小孩去宽窄巷子玩合适吗？如果不想在景区里吃饭，推着婴儿车去奎星楼街方便吗？
999,avoid_rule,55,content,从宽窄巷子怎么走到奎星楼街？大概要走几分钟，路上好找吗？
1000,avoid_rule,55,content,宽窄巷子的小吃大概多少钱一份？奎星楼街真的能便宜一半吗，有没有推荐的本地人常去的店？
1001,avoid_rule,56,content,这家店几点开门啊？我怕去晚了没位置，是不是要赶在饭点前排队？
1002,avoid_rule,56,content,人均大概多少钱？网上说别点那个‘特色油碟’，是额外收费很坑吗？
1003,avoid_rule,56,content,具体在哪个居民区楼下？导航搜什么名字能直接到，好找不？
1004,avoid_rule,56,content,带小孩去合适吗？会不会太辣，有没有不辣的锅底或者儿童座椅？
1005,avoid_rule,56,content,这家到底好不好吃？我看网上有人说是网红店，但本地人真的会去坐满吗？
1006,avoid_rule,57,content,早上几点去熊猫基地人最少？我看有人说要开园就冲月亮产房，是真的吗？
1007,avoid_rule,57,content,熊猫基地门口那种玩偶是不是比里面贵很多啊？大概能便宜多少？
1008,avoid_rule,57,content,带五岁小孩去成都熊猫基地，早上七点半就入园会不会太赶？有没有推荐的路线？
1009,avoid_rule,57,content,从春熙路打车去熊猫基地要多久？除了打车还有别的交通方式吗？
1010,avoid_rule,57,content,熊猫基地到底值不值得专门去一趟？如果上午十点才到，还能看到活跃的熊猫吗？
1011,avoid_rule,58,content,从双流机场出来，那些举牌拉客的能信吗？还是自己打车更稳当？
1012,avoid_rule,58,content,天府机场那边出租车排队区是不是都不打表啊？大概会多收多少钱？
1013,avoid_rule,58,content,晚上十一点到双流机场，滴滴和高德还好叫车吗？大概要等多久？
1014,avoid_rule,58,content,带老人小孩第一次去成都，机场出来坐什么车最不容易被坑？
1015,avoid_rule,58,content,我看网上说机场出租车一口价很坑，具体是比打表贵多少？有没有靠谱的网约车上车点推荐？
1016,avoid_rule,59,content,鹤鸣茶社几点开门？早上想去喝杯茶，一般几点去人少点？
1017,avoid_rule,59,content,鹤鸣茶社喝茶大概多少钱一位？听说采耳有额外收费，是不是要提前问清楚？
1018,avoid_rule,59,content,鹤鸣茶社在人民公园里面吗？坐地铁几号线到哪个站下，然后怎么走？
1019,avoid_rule,59,content,带家里老人和小孩去鹤鸣茶社坐坐合适吗？除了喝茶采耳，附近还有啥好逛的？
1020,avoid_rule,59,content,鹤鸣茶社喝茶体验怎么样？听说采耳师傅会推销洗耳，怎么避免被乱加钱？
1021,avoid_rule,60,content,锦里那边几点开门关门啊？晚上去逛到几点合适？
1022,avoid_rule,60,content,锦里卖的手工银饰和蜀绣，一般砍价能砍到多少钱？标价打几折比较靠谱？
1023,avoid_rule,60,content,从春熙路怎么去锦里最方便？坐地铁还是打车？大概要多久？
1024,avoid_rule,60,content,锦里除了逛小店买银饰蜀绣，还有什么好玩的？适合带小孩去耍不？
1025,avoid_rule,60,content,网上说锦里东西坑，同款淘宝便宜70%，那去那儿是只看不买还是真能淘到宝？
1026,avoid_rule,61,content,住春熙路附近方便吗？我看网上说又贵又吵，是真的假的？
1027,avoid_rule,61,content,从东门大桥或者牛市口坐地铁去宽窄巷子大概要多久？早上几点出门能避开人流？
1028,avoid_rule,61,content,东门大桥那边的酒店比春熙路便宜一半？那带爸妈去住那边会不会不方便，打车或者坐车去景点麻烦不？
1029,avoid_rule,61,content,如果带小孩玩三天，住牛市口附近除了便宜，有没有适合小朋友的亲子房或者周边遛娃的地方？
1030,avoid_rule,61,content,春熙路核心区到底有多吵？是晚上几点开始吵，还是全天都吵？我怕选了那边晚上睡不着觉。
1031,avoid_rule,62,content,武侯祠那边有人拉我去买字画，说是免费讲解，靠谱吗？
1032,avoid_rule,62,content,去成都博物馆请讲解要多少钱？听说有免费讲解员，是真的假的？
1033,avoid_rule,62,content,带孩子去杜甫草堂，门口有人自称工作人员推销书法，能信吗？
1034,avoid_rule,62,content,金沙遗址博物馆里那种电子讲解器多少钱租一次？在哪租？
1035,avoid_rule,62,content,宽窄巷子附近有人拉客说免费带路讲解，最后让买字画，这种怎么防？
1036,avoid_rule,63,content,芙蓉国粹的甲票多少钱一张？在哪儿买最靠谱？
1037,avoid_rule,63,content,想问下芙蓉国粹几点开场？提前多久去换票比较稳？
1038,avoid_rule,63,content,带娃看芙蓉国粹合适不？座位选甲票靠前会不会太吵？
1039,avoid_rule,63,content,芙蓉国粹剧场具体在哪个位置？坐地铁或者打车方便吗？
1040,avoid_rule,63,content,路边那种茶馆变脸表演好玩吗？是不是真的有强制最低消费？
1041,avoid_rule,64,content,成都路边那种采耳摊，30块钱一次能去吗？我看公园里好多，会不会不干净啊？
1042,avoid_rule,64,content,春熙路附近有没有正规点的采耳店？大概几点开门，价格是不是都60到80？
1043,avoid_rule,64,content,带我妈去成都玩，她想去体验采耳，路边摊和店里哪个更适合老年人啊？怕她感染，咋选？
1044,avoid_rule,64,content,宽窄巷子那种采耳摊看着挺舒服的，但听说工具不换，是不是真的？低于30的靠谱不？
1045,avoid_rule,64,content,去青城山玩路上看到采耳摊，20块一位，能还价吗？还是说必须找60以上的正规店才安全？
1046,avoid_rule,65,content,7-8月去成都玩，一般几点出门比较合适啊？听说下午老下雨，上午去大熊猫基地来得及吗？
1047,avoid_rule,65,content,成都夏天下午的暴雨一般几点开始下？如果上午去都江堰，下午转回市区室内景点，门票分开买划算还是买联票好？
1048,avoid_rule,65,content,带5岁小孩7月去成都，上午去杜甫草堂、下午去四川科技馆，这两个地方离得远吗？打车方便不？
1049,avoid_rule,65,content,8月中旬去成都，想上午去青城山，但怕下午暴雨困在山上，有没有靠谱的室内替代景点推荐？门票贵不贵？
1050,avoid_rule,65,content,成都7月下午常下雨，那去宽窄巷子这种露天老街是不是就没意思了？附近有没有带娃能玩一下午的室内场馆，最好交通也方便？
1051,avoid_rule,66,content,12月去成都玩，酒店没暖气是不是特别冷？我看攻略说北方人扛不住，是不是得专门找带空调和电热毯的民宿？
1052,avoid_rule,66,content,冬天去成都旅游，穿羽绒服里面套抓绒够不够？鞋子是不是必须防滑，普通运动鞋会摔吗？
1053,avoid_rule,66,content,成都冬天那种湿冷，带老人去合适吗？还是说最好避开12到2月这几个月？
1054,avoid_rule,66,content,从机场到市区坐地铁方便吗？冬天拖着行李找酒店会不会很遭罪，有没有直接到景点的专线车？
1055,avoid_rule,66,content,成都2月份有哪些室内景点好玩？下雨天带小孩去科技馆或者博物馆，大概要逛几个小时，门票多少钱？
1056,avoid_rule,67,content,请问熊猫基地早上几点开门？我打算3月去，是不是得提前三天订票，然后七点前到门口排队？
1057,avoid_rule,67,content,都江堰门票多少钱一张？9月份去的话人会不会特别多，需不需要提前买票？
1058,avoid_rule,67,content,带五岁小孩去熊猫基地和都江堰玩合适吗？有没有什么要注意的，比如推车方便不方便？
1059,avoid_rule,67,content,从成都市区怎么去都江堰最方便？坐高铁还是景区直通车？大概要多久？
1060,avoid_rule,67,content,3到4月去熊猫基地好玩吗？听说人爆满，除了看熊猫还有啥值得逛的？会不会排队排到崩溃？
1061,avoid_rule,68,content,成都地铁1号线和2号线早高峰到底有多挤？我拖着两个大箱子，是硬着头皮坐还是直接叫网约车划算？
1062,avoid_rule,68,content,我打算早上8点半从春熙路坐地铁去熊猫基地，这个点是不是正好撞上最挤的时候？带娃的话是不是特别遭罪？
1063,avoid_rule,68,content,如果下午6点左右从宽窄巷子回酒店，坐1号线会不会被挤成照片？还是说这个点打车反而更靠谱？
1064,avoid_rule,68,content,工作日晚上6点半想从人民公园去东郊记忆看演出，地铁2号线能挤上去吗？还是说直接喊个网约车更省心？
1065,avoid_rule,68,content,我带着老人和小孩，打算早上9点出门坐地铁去文殊院，这个时间点避开早高峰了吗？如果还是挤，有没有别的交通方式推荐？
1066,avoid_rule,69,content,从双流机场到成都东站坐网约车大概要多少钱？
1067,avoid_rule,69,content,天府机场T2打车排队一般要等多久？有没有更快的办法去市区？
1068,avoid_rule,69,content,带老人小孩从天府机场去春熙路，坐地铁18号线快线方便吗？
1069,avoid_rule,69,content,凌晨到天府机场T2，还有地铁18号线快线吗？还是只能打车？
1070,avoid_rule,69,content,双流机场直接网约车到东站划算，还是坐地铁过去更省时间？
1071,avoid_rule,70,content,成都那些景区旁边的网红火锅店是不是又贵又难吃啊？你们说的玉林和抚琴巷子大概几点开门，中午去要排队吗？
1072,avoid_rule,70,content,从春熙路怎么坐地铁或者公交去抚琴巷子那边？大概要多久，打车贵不贵？
1073,avoid_rule,70,content,玉林和抚琴巷子那种本地人排队的店，人均大概多少钱？点微辣锅底的话，两个人吃一顿要准备多少预算？
1074,avoid_rule,70,content,带五岁小孩去玉林吃火锅合适吗？有没有不辣的菜或者儿童座椅，还是说环境太吵最好别带娃？
1075,avoid_rule,70,content,想体验地道的成都火锅，但不想踩雷，你们说的“看门口排队本地人多的店”具体怎么判断？除了微辣锅底，还有什么必点的菜或者隐藏玩法吗？
1076,avoid_rule,71,content,春熙路那边的酒店是不是又贵又吵啊？我预算300以内，住骡马市还是牛王庙更方便去熊猫基地？
1077,avoid_rule,71,content,我带着老人和小孩，想住得安静点又别太偏，骡马市那附近晚上会不会吵？去宽窄巷子打车大概多久？
1078,avoid_rule,71,content,牛王庙地铁站旁边200多的酒店条件咋样？去都江堰或者青城山的话，从那出发坐地铁转高铁方便吗？
1079,avoid_rule,71,content,我是凌晨到的成都，想先找个地方睡一晚，骡马市和牛王庙哪个更安全？周边有没有24小时便利店？
1080,avoid_rule,71,content,如果我只玩两天，主要去武侯祠、锦里和九眼桥，住春熙路和住骡马市比，多花的钱值不值？
1081,avoid_rule,72,content,宽窄巷子和锦里卖的银饰靠谱吗？我想买点纪念品，怕被坑，去哪里买比较正规？
1082,avoid_rule,72,content,琴台路那边买银饰大概几点开门？我想上午去逛逛，怕跑空了。
1083,avoid_rule,72,content,同样大小的足银手镯，琴台路和景区里价格能差多少？大概多少钱一克算正常？
1084,avoid_rule,72,content,带小孩去宽窄巷子玩，顺便想买银器，琴台路离那儿远不远？打车还是坐地铁方便？
1085,avoid_rule,72,content,网上说景区银饰很多是合金，那琴台路的足银钢印长什么样？怎么教新手认准真银？
1086,avoid_rule,73,content,熊猫基地早上几点开门？我想趁凉快先去室外区看熊猫。
1087,avoid_rule,73,content,现在夏天这么热，熊猫是不是都躲室内了？门票多少钱一张？
1088,avoid_rule,73,content,如果遇到下大雨，哪些室外区会关闭？去之前在哪里看官方直播确认？
1089,avoid_rule,73,content,带5岁小孩去成都看熊猫合适吗？有没有避暑的室内路线推荐？
1090,avoid_rule,73,content,从春熙路怎么去熊猫基地最快？雨天去会不会白跑一趟，值不值？
1091,avoid_rule,74,content,周末晚上去合江亭那边，打车是不是特别堵？大概几点开始堵？
1092,avoid_rule,74,content,晚上去合江亭看夜景要门票吗？大概多少钱一个人？
1093,avoid_rule,74,content,从东门大桥地铁站走到合江亭要多久？晚上那边好找路吗？
1094,avoid_rule,74,content,合江亭晚上除了看江景，周边有什么好玩的？适合带小孩去逛逛吗？
1095,avoid_rule,74,content,都说合江亭夜景漂亮，周末晚上去值不值得？会不会人挤人体验很差？
1096,avoid_rule,75,content,去春熙路坐地铁是不是要在春熙路站下啊？我看网上说那边人特别多，从哪个站下车走过去会快一点？
1097,avoid_rule,75,content,请问春熙路地铁站早上几点开始人多？我想避开高峰去逛街，是不是坐2号线到牛王庙站下车走过去更划算？
1098,avoid_rule,75,content,带娃去春熙路玩，地铁站里挤不挤？从市二医院站走过去大概要走多久，方便推婴儿车吗？
1099,avoid_rule,75,content,春熙路那边节假日是不是堵得不行？如果坐地铁去，除了春熙路站，还有别的站能下吗，票价一样不？
1100,avoid_rule,75,content,第一次去成都，想去春熙路打个卡，但听说那站人爆满，我坐4号线的话是不是在市二医院下更省事？步行过去好玩的地方多吗？
1101,avoid_rule,76,content,去看花花的话，是不是必须早上七点半之前就到南门排队啊？晚了是不是就看不到了？
1102,avoid_rule,76,content,熊猫基地看花花的门票多少钱一张？小孩和老人有优惠吗？
1103,avoid_rule,76,content,从春熙路坐地铁或者打车去熊猫基地南门方便吗？大概要多久？
1104,avoid_rule,76,content,带三岁的小朋友去看花花合适吗？早上那么早去排队孩子会不会太累？
1105,avoid_rule,76,content,听说下午去熊猫基地就只能看到空房子了，是真的吗？那上午去大概能看多久？
1106,avoid_rule,77,content,锦里一般几点开门关门啊？早上早点去会不会人少点？
1107,avoid_rule,77,content,锦里里面那些小吃大概多少钱一份？是不是真的又贵又难吃？
1108,avoid_rule,77,content,从春熙路怎么去锦里方便？打车还是坐地铁？
1109,avoid_rule,77,content,带小孩去锦里逛合适吗？会不会太挤或者没啥孩子能玩的？
1110,avoid_rule,77,content,锦里到底值不值得专门去玩？还是说拍拍照就走，去附近吃本地馆子更好？
1111,avoid_rule,78,content,请问从春熙路到宽窄巷子打车方便吗？会不会被司机拒载？
1112,avoid_rule,78,content,在宽窄巷子门口直接拦出租车靠谱吗，还是用滴滴更稳当？
1113,avoid_rule,78,content,如果带孩子去宽窄巷子玩，打车应该定位到哪儿才不用走太远？
1114,avoid_rule,78,content,春熙路那边出租车挑客是不是很严重？大概几点最容易打不到车？
1115,avoid_rule,78,content,用高德打快车到宽窄巷子，定位到辅道和正门比，价格会差很多吗？
1116,avoid_rule,79,content,鹤鸣茶社的掏耳朵一般几点开始营业？早上几点去能体验？
1117,avoid_rule,79,content,在人民公园鹤鸣茶社掏一次耳朵大概多少钱？20元是包含整个流程吗？
1118,avoid_rule,79,content,从春熙路怎么坐地铁或公交去鹤鸣茶社？大概要多久？
1119,avoid_rule,79,content,除了掏耳朵，鹤鸣茶社还有啥好玩的？适合带爸妈或者小孩去坐一下午吗？
1120,avoid_rule,79,content,听说宽窄巷子里的掏耳朵又贵又坑，鹤鸣茶社的体验真的靠谱吗？值不值得专门跑一趟？
1121,avoid_rule,80,content,奎星楼街和建设路那些网红店一般几点开门？是不是要卡着开门时间去排队才不用等两小时？
1122,avoid_rule,80,content,请问去玉林路或者双楠小区找那种本地人吃的苍蝇馆子，人均大概多少钱啊？比网红店能便宜一半是真的吗？
1123,avoid_rule,80,content,我带着老人和小孩，是去奎星楼街凑热闹好，还是去玉林路那边更合适？那边环境会不会太吵或者不好找座位？
1124,avoid_rule,80,content,从春熙路坐地铁或者打车去双楠小区吃苍蝇馆子方便吗？大概要多久？那边停车好不好停？
1125,avoid_rule,80,content,除了奎星楼街和建设路，玉林路那边有没有具体推荐的苍蝇馆子？好玩吗，就是那种吃完还能顺便逛一逛的老街区感觉？
1126,avoid_rule,81,content,都江堰景区几点开门？早上过去的话，几点去人少一点？
1127,avoid_rule,81,content,从成都市区自己坐地铁加城际高铁去都江堰，大概要花多少钱一个人？
1128,avoid_rule,81,content,离堆公园站下车后，步行到景区门口具体怎么走？有没有指示牌？
1129,avoid_rule,81,content,都江堰适合带5岁小孩去玩吗？里面路平不平，推婴儿车方便不？
1130,avoid_rule,81,content,跟团大巴停远门还进购物店，是不是不如自己坐2号线换高铁去离堆公园更省心？
1131,avoid_rule,82,content,成都住宿选哪里性价比高？骡马市和中医大省院站附近方便吗？
1132,avoid_rule,82,content,太升南路和火车北站那边的酒店是不是真的又吵又不安全？晚上几点以后别出门？
1133,avoid_rule,82,content,带小孩住成都，选地铁2号线沿线还是4号线沿线更合适？大概多少钱一晚？
1134,avoid_rule,82,content,从骡马市站坐地铁去春熙路和宽窄巷子要多久？附近有便宜又干净的酒店推荐吗？
1135,avoid_rule,82,content,中医大省院站附近晚上有什么好玩的？酒店价格比火车北站贵多少？
1136,avoid_rule,83,content,蜀风雅韵的演出一般几点开始啊？需要提前多久到场？
1137,avoid_rule,83,content,看变脸演出丙区和乙区分别多少钱？80块和150块差在哪儿？
1138,avoid_rule,83,content,蜀风雅韵具体在成都哪个位置？坐地铁或者打车方便吗？
1139,avoid_rule,83,content,除了看变脸，里面还有啥别的节目？带5岁小孩去合适不？
1140,avoid_rule,83,content,这个演出到底值不值？跟景区里免费的变脸比，体验好很多吗？
1141,avoid_rule,84,content,成都那些博物馆是不是周一都关门啊？我本来打算周一下午去金沙遗址，会不会白跑一趟？
1142,avoid_rule,84,content,武侯祠和杜甫草堂早上几点开门？门票多少钱一张？有没有学生票？
1143,avoid_rule,84,content,我带着5岁小孩，想去四川博物院或者金沙遗址，哪个更适合小朋友玩？里面有没有互动体验？
1144,avoid_rule,84,content,金沙遗址离地铁站远吗？从春熙路坐地铁怎么过去最方便？大概要多久？
1145,avoid_rule,84,content,杜甫草堂和武侯祠哪个更好玩？如果只有半天时间，先去哪个比较值？另外它们周一闭馆是真的吗？
1146,avoid_rule,85,content,成都地铁早高峰到底几点开始挤啊？我赶飞机怕被门夹住，是不是得避开七点半到九点？
1147,avoid_rule,85,content,坐地铁抢门被夹了算谁的？带娃坐车是不是得等两趟才能上去，有啥安全诀窍没？
1148,avoid_rule,85,content,从春熙路坐地铁去熊猫基地，早高峰哪站换乘最挤？带老人小孩怎么走能少被推搡？
1149,avoid_rule,85,content,成都地铁高峰时段票价会不会涨价？还是刷天府通卡最划算？
1150,avoid_rule,85,content,第一次来成都，拖着两个大箱子坐地铁，听说抢门会引发打架，我该选几号线的哪个门上车才安全？
1151,avoid_rule,86,content,我晚上十一点到成都东站，那时候地铁还有吗？出站口那些喊客的黑车能坐不？
1152,avoid_rule,86,content,从双流机场打车到春熙路大概多少钱？用滴滴和路边拦车价格差得多吗？
1153,avoid_rule,86,content,带老人小孩出火车站，怎么避开那些拉客的？正规网约车在哪里上车比较方便？
1154,avoid_rule,86,content,成都站（北站）出来坐地铁去宽窄巷子要换乘吗？如果行李多，直接打出租车靠谱还是叫网约车好？
1155,avoid_rule,86,content,听说机场门口黑车会宰客，我提前在滴滴上叫了车，司机让我去某个停车场找他，这正常吗？怎么核对车牌最保险？
1156,avoid_rule,87,content,熊猫基地早上几点开门呀？我想一开门就进去，人少点看熊猫更安逸。
1157,avoid_rule,87,content,去熊猫基地的门票多少钱一张？学生或者老人有优惠不？
1158,avoid_rule,87,content,从春熙路坐地铁怎么去熊猫基地最方便？大概要花多长时间？
1159,avoid_rule,87,content,里面除了看熊猫，还有啥子好耍的？带五岁的小娃娃去合不合适？
1160,avoid_rule,87,content,熊猫基地到底好不好玩？我看网上说人挤人，值不值得专门跑一趟？
1161,avoid_rule,88,content,成都火锅的微辣到底有多辣？我第一次去，怕受不了，要不要直接点鸳鸯锅？
1162,avoid_rule,88,content,请问春熙路附近哪家火锅店性价比高？两个人吃大概多少钱能搞定？
1163,avoid_rule,88,content,我们带小孩去成都玩，孩子不能吃辣，带他去吃火锅合适吗？有没有不辣的锅底推荐？
1164,avoid_rule,88,content,从宽窄巷子怎么去最地道的苍蝇馆子？步行还是打车方便，大概要多久？
1165,avoid_rule,88,content,成都的火锅店一般几点开门？中午去要不要排队，下午两三点去还有得吃吗？
1166,avoid_rule,89,content,鹤鸣茶社早上几点开门啊？想早点去占个好位置。
1167,avoid_rule,89,content,在鹤鸣茶社喝一杯盖碗茶大概多少钱？续水要另外收费不？
1168,avoid_rule,89,content,人民公园的鹤鸣茶社具体怎么走？坐地铁到哪个站下最近？
1169,avoid_rule,89,content,带娃去鹤鸣茶社合适吗？有没有小孩能玩的或者安全的地方？
1170,avoid_rule,89,content,鹤鸣茶社除了喝茶，还有没有采耳或者看变脸之类的体验？值得专门去一趟不？
1171,avoid_rule,90,content,春熙路那边住一晚大概多少钱啊？会不会特别贵？
1172,avoid_rule,90,content,从双流机场怎么去宽窄巷子附近的酒店方便？
1173,avoid_rule,90,content,带家里老人和小孩去成都玩，住春熙路还是宽窄巷子更合适？
1174,avoid_rule,90,content,宽窄巷子早上几点开门？逛完一圈要多久？
1175,avoid_rule,90,content,住城郊那种便宜民宿到底行不行，晚上回市区打车方便吗？
1176,avoid_rule,91,content,锦里和宽窄巷子一般几点开门关门啊？早上几点去人少一点？
1177,avoid_rule,91,content,那边小吃是不是都按份卖？大概人均多少钱能吃饱，会不会被宰？
1178,avoid_rule,91,content,从春熙路坐地铁怎么去宽窄巷子最方便？锦里离武侯祠近吗，走路要多久？
1179,avoid_rule,91,content,带5岁小孩去锦里和宽窄巷子合适吗？有没有推车能走的路，或者适合孩子玩的项目？
1180,avoid_rule,91,content,网上有人说那边银饰和蜀绣很多是假的，想买纪念品的话，怎么分辨正规店？路边推销的能信吗？
1181,avoid_rule,92,content,在成都骑共享单车逛市区，有没有什么要注意的？会不会被罚款啊？
1182,avoid_rule,92,content,成都街上共享单车太多了，骑的时候靠右走就行吧？带小孩能骑吗？
1183,avoid_rule,92,content,想问下在成都骑共享单车过马路，是不是必须走斑马线？不然要遭罚好多钱？
1184,avoid_rule,92,content,我准备在成都骑单车玩几天，哪些路段非机动车道比较窄要小心点？
1185,avoid_rule,92,content,带娃去成都旅游，想一起骑共享单车，但听说不能载人，那小孩自己骑一辆安全吗？
1186,avoid_rule,93,content,成都地铁过闸机的时候，如果手机扫码一直失败，应该在哪里重新操作？会不会挡到后面的人？
1187,avoid_rule,93,content,请问早高峰坐地铁过闸机，怎么防止别人紧贴着我蹭刷？有没有什么技巧？
1188,avoid_rule,93,content,坐成都地铁，过闸机时刷手机没反应，是直接退到旁边弄还是原地再试一次？
1189,avoid_rule,93,content,带老人小孩去成都玩，过闸机时需要注意什么？万一小孩跑太快跟丢了怎么办？
1190,avoid_rule,93,content,成都哪些景点附近的地铁站闸机特别容易出问题？比如人挤人的时候，怎么避免被“蹭刷”扣两次钱？
1191,avoid_rule,94,content,在成都机场坐出租车，怎么防止被黑车司机坑啊？有没有什么要注意的？
1192,avoid_rule,94,content,从春熙路打车去熊猫基地大概多少钱？用高德和滴滴价格差得多吗？
1193,avoid_rule,94,content,晚上十一点到成都东站，正规网约车还好叫吗？上车前要核对哪些信息？
1194,avoid_rule,94,content,带老人小孩在成都市区玩，坐网约车安全吗？行程分享给家人这个功能怎么用？
1195,avoid_rule,94,content,在宽窄巷子门口遇到揽客的私家车，说比APP便宜，能坐吗？正规平台叫车大概等多久？
1196,avoid_rule,95,content,请问这个景点早上几点开门，最晚几点能进去？
1197,avoid_rule,95,content,门票多少钱一张啊，有没有学生票或者老人优惠？
1198,avoid_rule,95,content,从春熙路怎么坐车过去最方便，大概要多久？
1199,avoid_rule,95,content,里面好玩吗？主要看什么，大概能逛几个小时？
1200,avoid_rule,95,content,带5岁的小朋友去合适吗？有没有推车或者休息的地方？
1201,avoid_rule,96,content,请问这个场馆早上几点开门？周末会不会很多人？
1202,avoid_rule,96,content,带小孩去玩的话，门票多少钱一张？小朋友要买票不？
1203,avoid_rule,96,content,从春熙路坐地铁过去方便吗？具体到哪一站下？
1204,avoid_rule,96,content,里面有没有互动体验区？光看动物小朋友会不会觉得无聊？
1205,avoid_rule,96,content,这个地方适合带老人去逛吗？出来走路多不多，有没有地方坐着歇脚？
1206,avoid_rule,97,content,吃火锅的时候油溅到孩子手上了，该怎么紧急处理？
1207,avoid_rule,97,content,带小孩吃成都火锅，座位安排上有什么要注意的吗？
1208,avoid_rule,97,content,下菜的时候服务员提醒不能站锅边倒菜，具体是为什么？
1209,avoid_rule,97,content,如果被红油烫到，用冷水冲多久再送医院比较合适？
1210,avoid_rule,97,content,你们店对带娃家庭有没有提供儿童座椅或者靠内侧的安全座位？
1211,avoid_rule,98,content,成都酒店一般几点能办理入住？我凌晨到的话还能进房间吗？
1212,avoid_rule,98,content,春熙路附近评分4.5以上的酒店大概多少钱一晚？学生党住得起吗？
1213,avoid_rule,98,content,从成都东站怎么去宽窄巷子附近评分高的酒店？打车还是地铁方便？
1214,avoid_rule,98,content,带5岁小孩去成都玩，住酒店要注意啥？有没有推荐的亲子房型？
1215,avoid_rule,98,content,网上说的‘勿住无证民宿’到底啥意思？我在平台订的民宿会不会踩雷？
1216,avoid_rule,99,content,采耳一般多少钱一次啊？我看路边好多店，怕被宰，是不是要先问清楚总价？
1217,avoid_rule,99,content,成都景区里卖的那种特产小零食，称重的时候有没有啥坑？我怕买的时候说一斤，最后算成一两的价。
1218,avoid_rule,99,content,带娃去宽窄巷子逛，除了看变脸，有没有适合小朋友玩的项目？顺便问下那边几点开门关门？
1219,avoid_rule,99,content,从春熙路怎么去锦里最方便？地铁还是公交？大概要多久？
1220,avoid_rule,99,content,听说景区里拍照和采耳容易临时加价，你们本地人有没有啥经验，怎么避免被坑？
1221,avoid_rule,100,content,春熙路和宽窄巷子一般几点开门关门呀？晚上去安不安全？
1222,avoid_rule,100,content,去宽窄巷子逛一圈大概要花多少钱？里面吃东西贵不贵？
1223,avoid_rule,100,content,从春熙路到宽窄巷子怎么坐地铁或者公交最方便？
1224,avoid_rule,100,content,带五岁小孩去宽窄巷子玩合适吗？有没有什么要注意的？
1225,avoid_rule,100,content,春熙路除了逛街拍照，还有啥好玩的？人多的时候怎么防小偷？
1226,spot,272,description,成都那些有名的景点一般几点开门关门啊？
1227,spot,272,description,去都江堰或者青城山玩一趟，门票大概要多少钱？
1228,spot,272,description,从市区怎么坐车去大熊猫基地最方便？
1229,spot,272,description,带小孩去成都科技馆或者动物园合适吗，有啥特别推荐的玩法？
1230,spot,272,description,宽窄巷子和锦里哪个更好玩，本地人更推荐去哪个？
1231,spot,272,travel_tips,武侯祠一般几点开门啊？我想早点去避开人流，大概几点到比较合适？
1232,spot,272,travel_tips,武侯祠门票多少钱一张？听说含三义庙和惠陵，是联票吗？
1233,spot,272,travel_tips,武侯祠离锦里近不近？走路怎么过去方便？
1234,spot,272,travel_tips,带5岁的小孩去武侯祠合适吗？里面有没有什么互动或者孩子感兴趣的点？
1235,spot,272,travel_tips,红墙夹道那边拍照人多不多？下午去光线怎么样，值得专门去打卡吗？
1236,spot,53,travel_tips,早上几点去熊猫基地最好？是不是一开门就进去能看到熊猫活动？
1237,spot,53,travel_tips,现在熊猫基地门票多少钱一张？网上买能便宜点不？
1238,spot,53,travel_tips,坐地铁到熊猫大道站后怎么去景区？有接驳车吗，大概多久一趟？
1239,spot,53,travel_tips,带5岁小孩去熊猫基地合适吗？里面逛一圈大概要多久，会不会太累？
1240,spot,53,travel_tips,熊猫基地值不值得专门跑一趟？一般玩几个小时够，除了看熊猫还有啥好玩的？
1241,spot,53,description,成都那些国家级景点一般早上几点开门啊？我怕去太早白跑一趟。
1242,spot,53,description,去都江堰或者青城山这种国家级景点，门票大概多少钱一张？有学生票优惠吗？
1243,spot,53,description,从成都市区怎么坐车去武侯祠或者杜甫草堂最方便？地铁能到吗？
1244,spot,53,description,带家里老人和五岁小孩去峨眉山或乐山大佛玩，一天时间够不够？会不会太累？
1245,spot,53,description,成都的宽窄巷子和锦里这种免费景点，到底哪个更值得逛？本地人推荐去哪个？
1246,spot,53,cultural_context,大熊猫基地早上几点开门？我打算一早就去，怕去晚了熊猫都睡了。
1247,spot,53,cultural_context,去成都大熊猫繁育研究基地门票多少钱一张？学生票有优惠吗？
1248,spot,53,cultural_context,从春熙路怎么坐车去大熊猫基地？地铁能到吗，还是要换公交？
1249,spot,53,cultural_context,带五岁的小孩去大熊猫基地合适吗？里面路好不好走，推婴儿车方便不？
1250,spot,53,cultural_context,大熊猫基地到底好玩吗？除了看熊猫，里面还有啥值得逛的，大概要玩多久？
1251,spot,272,cultural_context,武侯祠早上几点开门？门票多少钱一张？
1252,spot,272,cultural_context,从春熙路坐地铁怎么去武侯祠最方便？
1253,spot,272,cultural_context,武侯祠里面好玩吗？大概要逛多久？
1254,spot,272,cultural_context,带小孩去武侯祠合适吗？有没有讲解可以听？
1255,spot,272,cultural_context,武侯祠和锦里是不是挨着的？能一起逛吗？
1256,spot,487,description,成都那些国家级景点一般几点开门关门呀？
1257,spot,487,description,去武侯祠、都江堰这类国家级景点，门票大概多少钱一张？
1258,spot,487,description,从成都市区怎么坐车去青城山或者都江堰？
1259,spot,487,description,带家里老人和小孩去杜甫草堂玩，合适吗？会不会太累？
1260,spot,487,description,成都的国家级景点里，哪个最值得逛，大概要玩多久？
1261,spot,487,cultural_context,都江堰景区早上几点开门？门票多少钱一张？
1262,spot,487,cultural_context,从成都市区怎么坐车去都江堰最方便？大概要多久？
1263,spot,487,cultural_context,都江堰除了看水利工程，还有啥好玩的？半天时间够不够？
1264,spot,487,cultural_context,带小孩去都江堰合适吗？有没有亲子路线或者讲解服务？
1265,spot,487,cultural_context,都江堰到底值不值得专门跑一趟？网上评价怎么样？
1266,spot,487,travel_tips,请问现在门票是多少钱一个人？有学生票或者老年票优惠吗？
1267,spot,487,travel_tips,我想周末带家里老人和小孩去，那边适合推婴儿车吗？景区里走路多不多？
1268,spot,487,travel_tips,从春熙路过去坐地铁方便吗？还是直接打车更省事？大概要多久能到？
1269,spot,487,travel_tips,这个季节去人多不多？一般几点开门，几点去能避开排队？
1270,spot,487,travel_tips,里面除了看风景，有没有那种坐车或者坐船的项目？大概玩半天够不够？
1271,spot,796,description,成都的景点一般早上几点开门？我想早点去避开人流。
1272,spot,796,description,去成都那些热门景点，门票大概多少钱一张？有学生票或者老人优惠吗？
1273,spot,796,description,从春熙路怎么坐地铁去武侯祠或者宽窄巷子？大概要多久？
1274,spot,796,description,带5岁的小孩去成都玩，哪些景点比较合适，推婴儿车方便吗？
1275,spot,796,description,青城山和都江堰哪个更好玩？一天时间够不够，怎么安排路线最顺？
1276,spot,802,description,成都的世界遗产有哪些？分别在哪里，怎么去最方便？
1277,spot,802,description,都江堰和青城山是世界遗产吗？门票多少钱，几点开门？
1278,spot,802,description,带小孩去成都看世界遗产，选哪个最合适？好玩吗？
1279,spot,802,description,成都世界遗产一日游够不够？有没有推荐的游览路线？
1280,spot,802,description,去成都看世界遗产，是跟团还是自己去划算？大概要玩多久？
1281,spot,796,cultural_context,青城山前山早上几点开门啊？我想早点去避开人流。
1282,spot,796,cultural_context,去青城山前山门票多少钱一张？有没有学生票或者老人优惠？
1283,spot,796,cultural_context,从成都市区怎么去青城山最方便？坐地铁还是大巴，大概要多久？
1284,spot,796,cultural_context,青城山前山的天师洞和上清宫好玩吗？徒步爬上去累不累，大概要玩几个小时？
1285,spot,796,cultural_context,带5岁的小孩去青城山前山合适吗？山路好不好走，有没有缆车或者观光车？
1286,spot,796,travel_tips,青城山早上几点开门？我想早点去避开人流。
1287,spot,796,travel_tips,现在门票还是80块一个人吗？索道另收费不？
1288,spot,796,travel_tips,从成都市区怎么去青城山最方便？坐地铁能到吗？
1289,spot,796,travel_tips,前山和后山哪个好玩？如果只有半天时间，走前山够不够？
1290,spot,796,travel_tips,带5岁小孩去爬青城山累不累？全程徒步要多久，有没有轻松点的路线？
1291,spot,802,cultural_context,青城山早上几点开门？门票多少钱一张？
1292,spot,802,cultural_context,从成都市区怎么去青城山最方便？有直达的动车或大巴吗？
1293,spot,802,cultural_context,青城山带小孩去玩合适吗？会不会太累，有没有索道或观光车？
1294,spot,802,cultural_context,青城山好玩吗？和都江堰比起来哪个更值得先去？
1295,spot,802,cultural_context,青城山主要是看什么风景？走一圈大概要多久，适合老人慢慢逛吗？
1296,spot,802,travel_tips,青城山前山门票到底多少钱一张？后山是不是便宜很多，缆车要单独收费吗？
1297,spot,802,travel_tips,请问青城山早上几点开门？节假日去的话是不是得特别早到才不排队？
1298,spot,802,travel_tips,从成都市区怎么去青城山最方便？坐高铁到哪个站下，然后还要换乘啥不？
1299,spot,802,travel_tips,带5岁小孩去青城山玩合适吗？山路是不是很滑，推婴儿车方便不？
1300,spot,802,travel_tips,青城山是不是适合秋天去？听说3到6月和9到11月最好，那其他月份去体验会很差吗？
1301,spot,790,description,成都那个风景名胜纪念馆几点开门呀？
1302,spot,790,description,去这个纪念馆门票多少钱一张？
1303,spot,790,description,请问这个纪念馆具体在成都哪个位置，坐地铁能到吗？
1304,spot,790,description,带小孩去这个纪念馆逛一圈合适不，里面好玩吗？
1305,spot,790,description,这个纪念馆一般逛多久能逛完，有什么值得看的亮点吗？
1306,spot,790,cultural_context,李冰纪念馆几点开门？门票多少钱一张？
1307,spot,790,cultural_context,请问李冰纪念馆怎么去啊？坐公交还是地铁方便？
1308,spot,790,cultural_context,带小孩去李冰纪念馆合适吗？里面有没有互动体验的东西？
1309,spot,790,cultural_context,李冰纪念馆好玩吗？大概逛多久能看完？
1310,spot,790,cultural_context,去都江堰玩的时候顺便去李冰纪念馆，位置好找吗？离景区远不远？
1311,spot,790,travel_tips,都江堰景区早上几点开门？我打算暑假带娃去，是不是得赶早？
1312,spot,790,travel_tips,这个80块的门票是只包含都江堰景区，还是连里面的小景点也一起算了？
1313,spot,790,travel_tips,从成都市区坐什么车能到都江堰景区？大概要多久？
1314,spot,790,travel_tips,都江堰景区里面好不好玩？半天时间够不够，主要看哪些点？
1315,spot,790,travel_tips,带老人和小孩去都江堰合适吗？里面路平不平，会不会太累？
1316,spot,795,description,成都的纪念馆一般几点开门关门？需要提前预约吗？
1317,spot,795,description,去成都那些红色纪念馆参观要门票不？大概多少钱一张？
1318,spot,795,description,从春熙路出发怎么坐车到成都的纪念馆？地铁能到吗？
1319,spot,795,description,带小孩去成都的纪念馆合适吗？里面有没有互动体验或者讲解？
1320,spot,795,description,成都的纪念馆逛下来大概要多久？里面主要看什么，值不值得专门跑一趟？
1321,spot,795,travel_tips,都江堰景区早上几点开门？二王庙会不会很早就关了？
1322,spot,795,travel_tips,都江堰的门票里是已经包含了二王庙吗？还是说要另外买票？
1323,spot,795,travel_tips,从成都市区怎么去都江堰景区最方便？坐高铁还是大巴？
1324,spot,795,travel_tips,二王庙和都江堰水利工程一起逛大概要多久？好玩吗值得专门去一趟不？
1325,spot,795,travel_tips,带5岁的小孩去二王庙那段路好走吗？有没有很多台阶需要爬？
1326,spot,795,cultural_context,张孔山是在成都哪个道观修行哦？那里几点开门？
1327,spot,795,cultural_context,去那个纪念张孔山的地方要门票不？大概多少钱一张？
1328,spot,795,cultural_context,这个地方怎么去啊？坐地铁能到吗，还是得打车？
1329,spot,795,cultural_context,里面除了看古琴和流水，还有啥好玩的？带娃去合适不？
1330,spot,795,cultural_context,听说张孔山整理过《流水》，那地方逛起来有意思吗？值不值得专门跑一趟？
1331,spot,71,description,成都的博物馆一般几点开门关门啊？
1332,spot,71,description,去成都博物馆要门票吗，大概多少钱一张？
1333,spot,71,description,从春熙路怎么坐车去成都博物馆？
1334,spot,71,description,带娃去成都博物馆合适不，有没有适合小朋友玩的项目？
1335,spot,71,description,成都博物馆里面好玩吗，大概能逛几个小时？
1336,spot,71,travel_tips,请问周二到周日是几点开门啊？下午去逛来得及不？
1337,spot,71,travel_tips,这个博物馆要门票不？还是免费随便进？需要提前预约吗？
1338,spot,71,travel_tips,带五岁小孩去合适吗？里面有没有互动或者适合小朋友看的东西？
1339,spot,71,travel_tips,从春熙路坐地铁过去方便吗？具体在哪个站下？
1340,spot,71,travel_tips,听说有个‘花重锦官城’的展，大概逛多久能看完？值不值得专门跑一趟？
1341,spot,71,cultural_context,这个博物馆几点开门？需要提前预约吗？
1342,spot,71,cultural_context,门票多少钱一张？学生或者老人有优惠吗？
1343,spot,71,cultural_context,坐地铁怎么去？附近好停车不？
1344,spot,71,cultural_context,带小孩去逛合适吗？里面有没有互动体验或者讲解服务？
1345,spot,71,cultural_context,里面主要看啥子？大概要逛多久才耍得完？
1346,spot,72,description,成都的博物馆一般几点开门，几点闭馆啊？
1347,spot,72,description,去成都博物馆要门票不，大概多少钱一张？
1348,spot,72,description,成都的博物馆都在哪儿，坐地铁怎么去最方便？
1349,spot,72,description,成都博物馆里有哪些好玩的展品，值不值得专门去逛半天？
1350,spot,72,description,带五岁小孩去成都博物馆合适吗，里面有没有小朋友能玩的互动项目？
1351,spot,72,travel_tips,请问早上几点开门啊？下午去的话会不会太赶？
1352,spot,72,travel_tips,门票是不是50一个人？学生证能打半价不？
1353,spot,72,travel_tips,这个地方具体在哪儿啊？坐地铁方便吗，还是得打车？
1354,spot,72,travel_tips,里面主要看啥子喃？春天是不是有梅花可以看？
1355,spot,72,travel_tips,带5岁娃儿去耍合适不？大概要逛好久？
1356,spot,72,cultural_context,杜甫草堂早上几点开门？门票多少钱一张？
1357,spot,72,cultural_context,从春熙路坐地铁去杜甫草堂方便吗，大概要多久？
1358,spot,72,cultural_context,带家里老人和小孩去杜甫草堂逛，里面路平不平，累不累？
1359,spot,72,cultural_context,杜甫草堂除了看茅屋，还有啥好玩的？大概能逛几个小时？
1360,spot,72,cultural_context,网上都说杜甫草堂很有人文气息，实际去会不会很无聊？适合年轻人打卡吗？
1361,spot,227,travel_tips,大熊猫基地早上几点开门啊，几点去能看到熊猫最活泼的样子？
1362,spot,227,travel_tips,现在去成都大熊猫基地门票多少钱一张，需要提前在网上买吗？
1363,spot,227,travel_tips,带5岁的小孩去大熊猫基地玩合适不，里面路好走吗，推婴儿车方便不？
1364,spot,227,travel_tips,除了看熊猫，基地里还有啥好玩的，月亮产房这个季节开不开？
1365,spot,227,travel_tips,从春熙路坐地铁或者打车去熊猫基地方便吗，大概要多久能到？
1366,spot,447,description,成都的博物馆一般几点开门关门啊？
1367,spot,447,description,去成都博物馆要门票不，大概多少钱一张？
1368,spot,447,description,从春熙路怎么坐地铁到成都博物馆呀？
1369,spot,447,description,带5岁小孩去成都博物馆玩，有没有适合小朋友的展区？
1370,spot,447,description,成都博物馆里最值得看的展品是啥，逛一圈大概要多久？
1371,spot,227,cultural_context,大熊猫繁育研究基地几点开门？早上几点去能看到熊猫宝宝最活跃？
1372,spot,227,cultural_context,去大熊猫基地门票多少钱？需要提前网上买吗？
1373,spot,227,cultural_context,从春熙路怎么坐车去大熊猫基地？地铁能到吗？
1374,spot,227,cultural_context,带5岁小孩去大熊猫基地合适吗？里面有婴儿车通道和休息区吗？
1375,spot,227,cultural_context,大熊猫基地好玩吗？除了看熊猫幼崽还有啥值得逛的？大概要玩多久？
1376,spot,227,description,成都那些国家级景点一般早上几点开门？去的话需要提前预约吗？
1377,spot,227,description,带家里老人和小孩去成都的风景名胜玩，像青城山或都江堰，门票大概多少钱？有没有优惠？
1378,spot,227,description,从成都市区去这些国家级景点，比如峨眉山或乐山大佛，坐什么车最方便？大概要多久？
1379,spot,227,description,成都的国家级景点里，哪些是真正值得花一天时间慢慢逛的？有没有比较小众但风景好的推荐？
1380,spot,227,description,带5岁的小朋友去成都周边的国家级景点，像西岭雪山或者天台山，会不会太累？有没有适合亲子的路线？
1381,spot,447,travel_tips,建川博物馆聚落门票好多钱？逛一圈大概要多久哦？
1382,spot,447,travel_tips,早上几点开门？我想上午去，怕去晚了逛不完。
1383,spot,447,travel_tips,这个博物馆在哪儿哦？坐地铁或者公交方便不？
1384,spot,447,travel_tips,里头有哪些展馆嘛？抗战和民俗的都有哇？值不值得专门跑一趟？
1385,spot,447,travel_tips,带娃儿去合适不？园区大不大，娃儿走不走得动，要不要推车？
1386,spot,55,description,成都的博物馆一般几点开门啊？
1387,spot,55,description,去成都博物馆门票要多少钱，需要提前预约吗？
1388,spot,55,description,从春熙路怎么坐车去成都博物馆？
1389,spot,55,description,带5岁小孩去成都博物馆合适吗，里面有没有亲子互动项目？
1390,spot,55,description,成都博物馆好玩吗，大概要逛多久才够？
1391,spot,447,cultural_context,建川博物馆聚落早上几点开门？下午最晚几点不让进了？
1392,spot,447,cultural_context,门票多少钱一张？老人和小孩有没有优惠？
1393,spot,447,cultural_context,从成都市区怎么坐车过去？自驾方便停车吗？
1394,spot,447,cultural_context,里面展馆多不多，逛完大概要几个小时？带小孩去会不会觉得枯燥？
1395,spot,447,cultural_context,网上评价说值得去吗？跟普通的博物馆比有啥不一样？
1396,spot,55,travel_tips,武侯祠一般几点开门关门呢？逛一圈大概要多久？
1397,spot,55,travel_tips,武侯祠的门票是多少钱一张？有没有学生票或者老年优惠？
1398,spot,55,travel_tips,从地铁站出来走到武侯祠方便吗？具体坐几号线到哪个站下？
1399,spot,55,travel_tips,武侯祠里面好玩不？跟锦里是连着的吗，可以一起逛吧？
1400,spot,55,travel_tips,带6岁的小孩去武侯祠合适吗？会不会太无聊，大概能玩多长时间？
1401,spot,55,cultural_context,武侯祠早上几点开门？需要提前网上预约买票吗？
1402,spot,55,cultural_context,门票多少钱一张？学生或者60岁以上老人有优惠吗？
1403,spot,55,cultural_context,从春熙路坐地铁怎么去武侯祠最方便？大概要多久？
1404,spot,55,cultural_context,里面除了看刘备和诸葛亮的墓，还有啥好玩的？大概逛多久能逛完？
1405,spot,55,cultural_context,带5岁的小孩去武侯祠合适吗？会不会太无聊，有没有适合小朋友的讲解或者互动活动？
1406,spot,56,description,成都那些特色商业街一般几点开门关门哦？
1407,spot,56,description,武侯祠和锦里这种旅游景点门票多少钱一张，有没有学生票？
1408,spot,56,description,从春熙路怎么去宽窄巷子那条特色商业街，坐地铁还是打车方便？
1409,spot,56,description,带小孩去成都的旅游景点比如杜甫草堂，好玩吗，有没有适合小朋友互动的东西？
1410,spot,56,description,成都本地人觉得哪些特色商业街值得逛，哪些纯粹是坑游客的？
1411,spot,56,cultural_context,宽窄巷子早上几点开门？晚上到几点关门呀？
1412,spot,56,cultural_context,去宽窄巷子要买门票吗？里面喝茶吃饭大概人均多少钱？
1413,spot,56,cultural_context,从春熙路坐地铁怎么去宽窄巷子？哪个站下最近？
1414,spot,56,cultural_context,带五岁小孩去宽窄巷子玩合适吗？有没有适合小朋友逛的地方？
1415,spot,56,cultural_context,宽窄巷子到底好不好玩？是不是就是条商业街，值得专门跑一趟吗？
1416,spot,56,travel_tips,宽窄巷子早上几点开门啊？是不是全天都能进？
1417,spot,56,travel_tips,去宽窄巷子要买门票吗，还是免费随便逛？
1418,spot,56,travel_tips,坐地铁怎么去宽窄巷子，哪条线哪个站下？
1419,spot,56,travel_tips,带五岁小孩去宽窄巷子玩合适吗？大概能逛多久？
1420,spot,56,travel_tips,宽窄巷子节假日是不是人挤人？什么时间段去人少体验好？
1421,spot,67,description,成都那些寺庙道观一般几点开门关门啊？我想早上去烧香，怕扑空。
1422,spot,67,description,去青羊宫或者文殊院门票多少钱一张？学生或者老人有优惠吗？
1423,spot,67,description,从春熙路坐地铁或者公交怎么去昭觉寺？大概要多久？
1424,spot,67,description,文殊院里面除了烧香拜佛，还有啥好玩的？带小孩去会不会无聊？
1425,spot,67,description,成都周边哪个道观风景最好、最清静？适合周末一个人去散心吗？
1426,spot,67,travel_tips,文殊院早上几点开门？免费进去要不要预约？
1427,spot,67,travel_tips,去文殊院坐地铁哪条线？出站走多远能到？
1428,spot,67,travel_tips,文殊院里面除了烧香拜佛，有没有啥好吃的或者好逛的？
1429,spot,67,travel_tips,带家里老人和小孩去文殊院方便吗？大概能逛多久？
1430,spot,67,travel_tips,文殊院到底要不要门票？里面安静吗，适不适合一个人去发呆？
1431,spot,82,description,成都的博物馆一般几点开门关门啊？
1432,spot,82,description,去成都博物馆要门票吗，大概多少钱一张？
1433,spot,82,description,从春熙路坐地铁怎么去成都博物馆，方便吗？
1434,spot,82,description,带5岁小孩去成都博物馆合适吗，有没有亲子互动区？
1435,spot,82,description,成都博物馆里面好玩吗，大概逛多久能看完？
1436,spot,82,travel_tips,请问周二到周日几点开门啊？是每天都开放吗？
1437,spot,82,travel_tips,这个馆要门票不？还是免费随便进？需不需要提前预约？
1438,spot,82,travel_tips,坐地铁或者公交怎么过去方便？附近有停车场不？
1439,spot,82,travel_tips,里面大概能逛多久？有没有什么特别值得看的展品？
1440,spot,82,travel_tips,带6岁小孩去合适吗？会不会太枯燥，有没有互动的东西？
1441,spot,67,cultural_context,文殊院几点开门关门啊？门票要钱不？
1442,spot,67,cultural_context,文殊院在成都哪个位置？坐地铁怎么去方便？
1443,spot,67,cultural_context,文殊院里面除了烧香拜佛，有啥好逛的？大概能玩多久？
1444,spot,67,cultural_context,带家里老人和小孩去文殊院合适吗？里面台阶多不多？
1445,spot,67,cultural_context,文殊院值得专门跑一趟吗？和昭觉寺比哪个更值得看？
1446,spot,82,cultural_context,成都博物馆几点开门？门票多少钱？需要提前预约吗？
1447,spot,82,cultural_context,这家博物馆具体在哪个位置？坐地铁怎么过去方便？
1448,spot,82,cultural_context,带小孩去逛合适吗？里面有没有适合小朋友互动或者讲解的？
1449,spot,82,cultural_context,馆里最值得看的是不是张大千的画？大概逛一圈要多久？
1450,spot,82,cultural_context,周末去会不会人很多？里面有没有讲解服务或者语音导览？
1451,spot,116,description,成都那些国家级景点一般几点开门关门啊？
1452,spot,116,description,去成都玩，这些快餐厅人均大概多少钱一顿？
1453,spot,116,description,请问成都的国家级景点怎么去最方便，坐地铁能到吗？
1454,spot,116,description,带小孩去成都这些国家级景点合适吗，有没有什么好玩的推荐？
1455,spot,116,description,成都这些快餐厅哪家味道好，适合游客顺路吃一顿？
1456,spot,116,travel_tips,锦里晚上几点去比较好啊？大概逛多久合适？
1457,spot,116,travel_tips,锦里要不要门票？里面的小吃和纪念品贵不贵？
1458,spot,116,travel_tips,从武侯祠怎么走到锦里？两个地方一起玩路线怎么安排？
1459,spot,116,travel_tips,带小孩去锦里方便吗？有没有适合小朋友玩的东西？
1460,spot,116,travel_tips,锦里到底好不好玩？值不值得专门跑一趟？
1461,spot,128,description,成都的公园一般早上几点开门，晚上几点关门呢？
1462,spot,128,description,去成都的公园玩要收门票吗，大概多少钱一个人？
1463,spot,128,description,请问成都哪个公园适合带小孩去玩，有游乐设施吗？
1464,spot,128,description,从春熙路怎么坐车去人民公园，大概要多久？
1465,spot,128,description,成都的公园里除了散步，还有啥好玩的，比如喝茶、划船之类的？
1466,spot,116,cultural_context,锦里一般几点开门关门啊？晚上去逛会不会更漂亮？
1467,spot,116,cultural_context,去锦里要门票吗？大概逛一圈得花多少钱？
1468,spot,116,cultural_context,锦里在成都哪个位置？坐地铁或者公交怎么过去方便？
1469,spot,116,cultural_context,锦里里面除了看三国主题建筑，还有什么好玩的或者值得体验的项目？
1470,spot,116,cultural_context,带家里老人和小孩去锦里逛合适吗？里面会不会太挤或者台阶多不方便？
1471,spot,128,cultural_context,浣花溪公园几点开门关门，要不要门票？
1472,spot,128,cultural_context,从春熙路坐地铁或者公交怎么去浣花溪公园方便？
1473,spot,128,cultural_context,带五岁小孩去浣花溪公园玩，有儿童设施或者适合遛娃的地方吗？
1474,spot,128,cultural_context,浣花溪公园里面主要看什么，大概逛多久比较合适？
1475,spot,128,cultural_context,网上说浣花溪公园是诗歌主题的，实际去好玩吗，值不值得专门跑一趟？
1476,spot,128,travel_tips,早上几点去人少一点？听说那边清幽，适合晨间或黄昏逛，具体几点开门关门呢？
1477,spot,128,travel_tips,去杜甫草堂那边，旁边的这个免费园子要门票不？还是说只收草堂的钱？
1478,spot,128,travel_tips,这个园子离地铁站远不远？从宽窄巷子过去怎么坐车方便？
1479,spot,128,travel_tips,带5岁小孩去合适吗？听说蚊子多，是不是要喷驱蚊水？园子里有没有啥小孩能玩的地方？
1480,spot,128,travel_tips,这个免费园子跟杜甫草堂挨着，联游大概要留多长时间？值不值得专门跑一趟？
1481,spot,177,description,成都那些风景名胜一般几点开门？去早了会不会吃闭门羹？
1482,spot,177,description,去成都的风景名胜玩一圈，门票大概要花多少钱？有没有免费或者半价的时候？
1483,spot,177,description,从春熙路出发，坐地铁或者公交怎么去武侯祠、宽窄巷子这些景点？哪条线路最方便？
1484,spot,177,description,带5岁的小孩去青城山或者都江堰合适吗？会不会太累，有没有省力的游览路线？
1485,spot,177,description,成都的风景名胜里，哪个最值得玩？有没有那种本地人觉得一般但游客必打卡的雷区？
1486,spot,177,travel_tips,请问这个地方几点开门，最晚几点前要进去？
1487,spot,177,travel_tips,现在去那边要门票不，还是免费随便逛？果园里摘果子另外收多少钱？
1488,spot,177,travel_tips,从成都市区怎么过去最方便，坐公交能到吗，还是必须自己开车？
1489,spot,177,travel_tips,带五岁的小孩去爬这个山路安全吗，有没有特别陡不好走的地方？
1490,spot,177,travel_tips,春秋天去徒步大概要玩多久，路上有没有卖水的地方，还是得自己背够？
1491,spot,242,description,成都那些国家级景点一般早上几点开门？
1492,spot,242,description,去都江堰或者青城山这类国家级景区，门票大概多少钱一张？
1493,spot,242,description,从成都市区怎么坐车去熊猫基地或者武侯祠这类地方？
1494,spot,242,description,带家里老人和小孩去乐山大佛玩，会不会很累？
1495,spot,242,description,成都周边哪个国家级景点最好玩，值得专门跑一趟？
1496,spot,242,cultural_context,国色天乡乐园早上几点开门？
1497,spot,242,cultural_context,去国色天乡玩一天大概要花多少钱？
1498,spot,242,cultural_context,从成都市里坐地铁或者公交怎么去国色天乡？
1499,spot,242,cultural_context,国色天乡里面有哪些好玩的项目？适合带五六岁的小孩去吗？
1500,spot,242,cultural_context,国色天乡和欢乐谷比哪个更适合带娃？周末去会不会人挤人？
1501,spot,177,cultural_context,龙泉山几点开门？早上想去爬山看日出，门票多少钱一个人？
1502,spot,177,cultural_context,从成都市区怎么去龙泉山最方便？坐地铁能到吗，还是要转公交？
1503,spot,177,cultural_context,三月桃花节的时候去龙泉山人会不会特别多？除了看桃花，山上还有啥好玩的？
1504,spot,177,cultural_context,带家里老人和5岁小孩去龙泉山徒步合适吗？路好不好走，有没有平缓的路线？
1505,spot,177,cultural_context,龙泉山上的枇杷可以自己摘吗？大概几月份去能吃到，价格贵不贵？
1506,spot,242,travel_tips,请问这里几点开门，一般玩到下午够不够？
1507,spot,242,travel_tips,门票大概多少钱一张，里面那些项目还要另外收费吗？
1508,spot,242,travel_tips,这个地方具体在哪儿，坐地铁或者公交怎么过去方便？
1509,spot,242,travel_tips,带五岁小孩去合适吗，有没有身高限制或者适合小朋友玩的项目？
1510,spot,242,travel_tips,这个景点到底好不好玩，值不值得专门跑一趟，非节假日去人会不会少点？
1511,spot,265,description,成都有哪些值得一去的博物馆？最好是有特色的那种
1512,spot,265,description,成都博物馆几点开门？门票多少钱？
1513,spot,265,description,四川博物院和成都博物馆哪个更值得逛？怎么去比较方便？
1514,spot,265,description,带小孩去成都科技馆合适吗？里面有什么好玩的？
1515,spot,265,description,成都的博物馆周一闭馆吗？有没有晚上也开放的？
1516,spot,289,description,成都的博物馆一般几点开门，几点关门啊？
1517,spot,289,description,去成都博物馆要门票吗，多少钱一张？
1518,spot,289,description,从春熙路怎么坐车去成都博物馆？
1519,spot,289,description,成都博物馆好玩吗，值不值得专门跑一趟？
1520,spot,289,description,带五岁小孩去成都博物馆合适不，有没有亲子互动区？
1521,spot,265,travel_tips,下午去逛武侯祠那边的园林，大概几点关门啊？
1522,spot,265,travel_tips,武侯祠和旁边那个博物馆的联票现在是多少钱一张？
1523,spot,265,travel_tips,从地铁站过去方便吗，走路大概要多久？
1524,spot,265,travel_tips,带五岁小孩去那个西区园林玩，合适不？会不会太无聊？
1525,spot,265,travel_tips,里面蚊子多不多？逛一圈下来大概要花多长时间？
1526,spot,265,cultural_context,武侯祠西区那边早上几点开门啊？逛完大概要多久？
1527,spot,265,cultural_context,现在去武侯祠西区门票多少钱一张？跟武侯祠是联票还是分开买？
1528,spot,265,cultural_context,从地铁高升桥站出站后，走路去武侯祠西区方便吗？大概要走几分钟？
1529,spot,265,cultural_context,武侯祠西区除了看三国文化，里面有没有适合拍照的园林景色？好玩吗？
1530,spot,265,cultural_context,带5岁的小孩去武侯祠西区合适吗？里面有没有能让孩子跑动或休息的地方？
1531,spot,289,travel_tips,四川博物院下午去要逛多久啊？大概几点去比较合适？
1532,spot,289,travel_tips,请问参观四川博物院要门票不？需要提前预约吗？
1533,spot,289,travel_tips,四川博物院在哪个位置？坐地铁或者公交怎么过去方便？
1534,spot,289,travel_tips,带家里小孩去四川博物院玩，会不会太小看不懂？里面有没有适合小朋友的展品？
1535,spot,289,travel_tips,青铜器馆里面是不是特别暗？自己逛容易迷路吗？有没有讲解或者导览可以跟着走？
1536,spot,307,travel_tips,武侯祠早上几点开门啊？几点去人少点？
1537,spot,307,travel_tips,现在武侯祠门票多少钱一张？里面都包含哪些景点？
1538,spot,307,travel_tips,武侯祠在哪个位置？坐地铁或者公交怎么过去方便？
1539,spot,307,travel_tips,武侯祠里面好玩吗？大概逛多久能逛完？
1540,spot,307,travel_tips,带小孩去武侯祠合适吗？有没有什么要注意的？
1541,spot,289,cultural_context,四川博物院青铜器馆早上几点开门？需要提前预约吗？
1542,spot,289,cultural_context,去四川博物院青铜器馆要门票不？大概多少钱一个人？
1543,spot,289,cultural_context,从春熙路坐地铁怎么到四川博物院青铜器馆？下车后好找吗？
1544,spot,289,cultural_context,青铜器馆里那些彭州竹瓦街的展品看着震撼吗？大概逛多久能看完？
1545,spot,289,cultural_context,带7岁小孩去四川博物院青铜器馆合适吗？会不会觉得无聊？
1546,spot,307,description,成都那些有名的景点一般几点开门关门啊？
1547,spot,307,description,去都江堰或者青城山玩一趟，门票大概要花多少钱？
1548,spot,307,description,从春熙路怎么坐车去宽窄巷子，方便吗？
1549,spot,307,description,带5岁的小孩去熊猫基地和杜甫草堂，哪个更合适？
1550,spot,307,description,成都周边一日游，除了市区景点，有没有人少又好玩的推荐？
1551,spot,307,cultural_context,武侯祠过厅早上几点开门？逛完整个武侯祠大概要多久？
1552,spot,307,cultural_context,去武侯祠过厅的门票多少钱一张？老人和小孩有优惠吗？
1553,spot,307,cultural_context,武侯祠过厅具体在博物馆里面哪个位置？从正门进去怎么走最快？
1554,spot,307,cultural_context,带6岁的小朋友去武侯祠过厅合适吗？里面有没有什么互动或者讲解可以给孩子听？
1555,spot,307,cultural_context,武侯祠过厅好玩吗？除了看匾额和对联，还有什么值得细看的点？
1556,spot,333,description,成都那些著名的风景名胜一般早上几点开门？我想早点去避开人流。
1557,spot,333,description,去都江堰或青城山这类景点，门票大概多少钱一张？有学生票或者老人优惠吗？
1558,spot,333,description,从春熙路出发，怎么坐地铁或公交去武侯祠和锦里最方便？大概要多久？
1559,spot,333,description,带5岁的小孩去成都的景点玩，像熊猫基地或者杜甫草堂，适合推婴儿车吗？里面路平不平？
1560,spot,333,description,成都周边像西岭雪山或者天台山这种自然风景名胜，现在这个季节去好玩吗？值不值得专门跑一趟？
1561,spot,333,travel_tips,杜甫草堂那个恰受航轩，门票多少钱一张？
1562,spot,333,travel_tips,带小孩去杜甫草堂看恰受航轩合适吗？
1563,spot,333,travel_tips,恰受航轩在杜甫草堂里，坐地铁4号线到哪个站下？
1564,spot,333,travel_tips,杜甫草堂几点开门？逛到恰受航轩大概要多久？
1565,spot,333,travel_tips,恰受航轩好玩吗？春天去能看到啥？
1566,spot,333,cultural_context,杜甫草堂早上几点开门？门票多少钱一张？
1567,spot,333,cultural_context,从春熙路坐地铁怎么去杜甫草堂最方便？
1568,spot,333,cultural_context,带娃去杜甫草堂逛一圈大概要多久，孩子会觉得无聊吗？
1569,spot,333,cultural_context,草堂里的恰受航轩到底是个啥景点？值不值得专门去看？
1570,spot,333,cultural_context,去杜甫草堂玩主要看什么？有没有讲解或者适合拍照的地方？
1571,spot,412,description,成都那些有名的景点一般几点开门关门啊？
1572,spot,412,description,去成都旅游，热门景点的门票大概多少钱一张？
1573,spot,412,description,从春熙路怎么坐车去宽窄巷子或者锦里方便？
1574,spot,412,description,带5岁的小孩去成都玩，哪些景点比较合适不累人？
1575,spot,412,description,成都的景点除了看熊猫和逛古街，还有哪些好玩又出片的地方？
1576,spot,412,travel_tips,建川博物馆聚落里的那个馆几点开门哦？周二到周日都开吗？
1577,spot,412,travel_tips,这个馆的门票是包含在聚落通票里头的哇？通票大概好多钱一张？
1578,spot,412,travel_tips,这个地方在哪个位置喃？从成都市区坐地铁或者公交咋个过去方便？
1579,spot,412,travel_tips,里头大概要逛好久喃？带娃儿去合适不，会不会太沉闷了？
1580,spot,412,travel_tips,这个馆逛起来感觉咋样？是不是就是看抗战文物那种，值不值得专门跑一趟？
1581,spot,826,description,成都那些国家级景点一般几点开门关门啊？
1582,spot,826,description,去成都玩，国家级景点的门票大概多少钱一张？
1583,spot,826,description,从春熙路怎么坐车去都江堰或者青城山这种国家级景点？
1584,spot,826,description,带小孩去武侯祠和杜甫草堂这类地方合适吗，会不会太无聊？
1585,spot,826,description,成都的国家级景点里，哪个最值得逛，大概要玩多久才够？
1586,spot,412,cultural_context,建川博物馆聚落里的川军馆几点开门关门呢？
1587,spot,412,cultural_context,去川军馆的门票多少钱一张，老人和小孩有优惠吗？
1588,spot,412,cultural_context,这个川军馆在成都哪个位置，坐地铁或公交怎么去方便？
1589,spot,412,cultural_context,里面除了看文物照片，有没有那种互动体验或者实景雕塑，逛起来好玩吗？
1590,spot,412,cultural_context,带小学低年级的孩子去参观川军馆合适吗，会不会太沉重或者看不懂？
1591,spot,826,travel_tips,武侯祠一般几点开门关门啊？我想上午去，大概要逛多久？
1592,spot,826,travel_tips,门票是好多钱一张哦？学生证能打折不？
1593,spot,826,travel_tips,这个地方具体在哪个位置喃？坐地铁或者公交咋个过去方便？
1594,spot,826,travel_tips,里面主要看些啥子嘛？光逛武侯祠值不值回票价？
1595,spot,826,travel_tips,带五岁的小娃娃去合适不？会不会太枯燥或者人多挤得遭不住？
1596,spot,1022,description,成都那些风景名胜一般几点开门啊？
1597,spot,1022,description,去成都的景点玩，门票大概多少钱一张？
1598,spot,1022,description,从市区怎么坐车去这些风景名胜，方便吗？
1599,spot,1022,description,带家里老人和小孩去这些地方逛，合适吗？
1600,spot,1022,description,成都的风景名胜里，哪几个最值得玩，不会踩雷？
1601,spot,826,cultural_context,武侯祠和汉昭烈庙是同一个地方吗？早上几点开门，逛完大概要多久？
1602,spot,826,cultural_context,去武侯祠门票多少钱一张？有没有学生票或者老人优惠？
1603,spot,826,cultural_context,从春熙路坐地铁怎么去武侯祠最方便？下车后要走多远？
1604,spot,826,cultural_context,武侯祠里面除了看刘备和诸葛亮的塑像，还有啥好玩的？值得专门跑一趟不？
1605,spot,826,cultural_context,带5岁的小孩去武侯祠合适吗？里面台阶多不多，推婴儿车方便吗？
1606,spot,1022,travel_tips,请问这边几点开门，关门时间是多久？玩一圈大概要花多少时间？
1607,spot,1022,travel_tips,门票现在是多少钱一张？有没有针对学生或者老人的优惠价？
1608,spot,1022,travel_tips,这个地方具体怎么去啊？坐地铁方便吗，还是有直达的公交？
1609,spot,1022,travel_tips,春秋天去是不是最舒服？夏天去会不会太晒，需要带什么防晒的东西不？
1610,spot,1022,travel_tips,带五岁的小孩去合适吗？里面有没有陶艺体验那种可以动手玩的项目？
1611,spot,1022,cultural_context,邛窑国家考古遗址公园几点开门，下午去来得及逛完不？
1612,spot,1022,cultural_context,门票好多钱一张，有没有学生票或者老年人优惠哦？
1613,spot,1022,cultural_context,这个公园在成都哪个位置，坐地铁或者公交怎么过去方便？
1614,spot,1022,cultural_context,里面除了看遗址，有没有啥好耍的，大概能玩几个小时？
1615,spot,1022,cultural_context,带五岁娃儿去合适不，有没有互动体验或者亲子活动？
1616,spot,52,description,成都那些国家级景点一般几点开门，早上几点去人少一点？
1617,spot,52,description,带小孩去成都的风景名胜区玩，有没有门票优惠或者适合亲子的路线？
1618,spot,52,description,从春熙路出发，怎么坐车去青城山或者都江堰这些国家级景点，大概要多久？
1619,spot,52,description,成都周边这些国家级景点门票大概多少钱，有没有联票或者学生票可以买？
1620,spot,52,description,都江堰和峨眉山哪个更值得先去，一天时间够玩吗，有没有坑要注意？
1621,spot,52,travel_tips,下午去东郊记忆大概要逛多久啊？会不会太晒？
1622,spot,52,travel_tips,东郊记忆现在门票多少钱？里面有哪些展览是要另外收费的？
1623,spot,52,travel_tips,坐地铁8号线到东郊记忆站，从哪个出口出来最近？
1624,spot,52,travel_tips,带5岁的小孩去东郊记忆玩合适吗？有没有适合小朋友的互动项目？
1625,spot,52,travel_tips,东郊记忆下午去好玩还是晚上去更有氛围？拍照出片吗？
1626,spot,52,cultural_context,东郊记忆几点开门关门哇？晚上去会不会关门？
1627,spot,52,cultural_context,去东郊记忆要门票不？里面那些展览和演出是另外收费的吗？
1628,spot,52,cultural_context,带六岁娃去东郊记忆耍一天合适不？有没有啥子亲子互动项目？
1629,spot,52,cultural_context,从春熙路坐地铁咋个到东郊记忆？出站后要走好久？
1630,spot,52,cultural_context,周末去东郊记忆好不好耍？拍照和看展大概能逛几个小时？
1631,spot,59,description,成都那些国家级景点一般几点开门关门啊？
1632,spot,59,description,去成都玩，几个国家级景点的门票大概多少钱一张？
1633,spot,59,description,成都的国家级景点都在哪些位置，怎么坐车过去方便？
1634,spot,59,description,带小孩去成都这些国家级景点，有没有特别适合亲子游的？
1635,spot,59,description,成都这些国家级景点到底好不好玩，值不值得专门去一趟？
1636,spot,59,cultural_context,人民公园早上几点开门？晚上关门吗？
1637,spot,59,cultural_context,去人民公园喝茶、掏耳朵大概要花多少钱？
1638,spot,59,cultural_context,从春熙路怎么坐地铁去人民公园？
1639,spot,59,cultural_context,人民公园除了喝茶下棋，带小孩去有什么好玩的？
1640,spot,59,cultural_context,人民公园到底值不值得专门去逛一圈？大概能玩多久？
1641,spot,59,travel_tips,鹤鸣茶社那边几点开门喃？早上好久去人少点？
1642,spot,59,travel_tips,去人民公园那个鹤鸣茶社喝盖碗茶要花好多钱一个人？
1643,spot,59,travel_tips,鹤鸣茶社在成都哪个位置哦？坐地铁咋个过去方便？
1644,spot,59,travel_tips,带娃儿去鹤鸣茶社耍合适不？有没有啥子娃儿能玩的？
1645,spot,59,travel_tips,网上说鹤鸣茶社很安逸，到底是喝茶还是看风景？值不值得专门跑一趟？
1646,spot,66,description,成都那些风景名胜一般早上几点开门啊？
1647,spot,66,description,去成都的景点玩，门票大概多少钱一张，有没有学生票？
1648,spot,66,description,从市中心怎么坐车去这些风景名胜，方便吗？
1649,spot,66,description,这些地方适合带小孩去吗，有没有什么亲子玩法？
1650,spot,66,description,成都的风景名胜到底好不好玩，值不值得专门跑一趟？
1651,spot,66,travel_tips,锦里晚上几点去灯光最好看呀？大概逛多久合适？
1652,spot,66,travel_tips,锦里现在进去要买门票吗？还是免费随便进？
1653,spot,66,travel_tips,从武侯祠那边怎么直接走到锦里？地铁坐到哪一站最近？
1654,spot,66,travel_tips,带五岁小孩去锦里玩方便吗？里面有没有适合小朋友吃和玩的东西？
1655,spot,66,travel_tips,锦里到底好不好耍？跟宽窄巷子比哪个更值得逛？小吃贵不贵？
1656,spot,73,description,成都水族馆早上几点开门？门票多少钱一张？
1657,spot,73,description,带5岁小孩去成都水族馆玩合适吗？里面有没有表演？
1658,spot,73,description,成都水族馆具体在哪个位置？坐地铁怎么过去方便？
1659,spot,73,description,水族馆一般逛下来要多久？里面有没有吃饭休息的地方？
1660,spot,73,description,成都水族馆和海洋公园比哪个更好玩？值不值得专门跑一趟？
1661,spot,66,cultural_context,锦里一般几点开门、几点关门啊？晚上去会不会更漂亮？
1662,spot,66,cultural_context,去锦里逛一圈大概要花多少钱？里面吃东西和买小玩意贵不贵？
1663,spot,66,cultural_context,从春熙路怎么坐地铁或公交去锦里？打车大概多少钱？
1664,spot,66,cultural_context,锦里除了看三国主题和古街，有什么特别值得体验的玩法吗？比如变脸表演或手工艺现场？
1665,spot,66,cultural_context,带5岁小孩去锦里合适吗？里面人多不多，有没有适合小朋友玩的或吃的？
1666,spot,73,travel_tips,你们那儿早上几点开门啊？下午去来得及逛完不？
1667,spot,73,travel_tips,门票现场买多少钱？网上订能便宜多少？
1668,spot,73,travel_tips,从春熙路坐地铁或者公交怎么过去方便？
1669,spot,73,travel_tips,带五岁小孩去玩大半天够不够？需要重点看哪些项目？
1670,spot,73,travel_tips,里面动物表演大概几点开始？值回票价吗？
1671,spot,73,cultural_context,请问这个海洋公园早上几点开门，晚上几点关门呢？
1672,spot,73,cultural_context,去一趟大概要花多少钱啊，门票和里面的项目是分开收费吗？
1673,spot,73,cultural_context,从市区坐地铁或者公交怎么过去最方便？打车大概要多久？
1674,spot,73,cultural_context,带五岁的小朋友去玩合适吗？里面有没有那种能互动或者看表演的项目？
1675,spot,73,cultural_context,这个公园好玩吗？值不值得专门跑一趟，大概要玩多久才能逛完？
1676,spot,74,description,成都动物园早上几点开门？门票多少钱一张？
1677,spot,74,description,从春熙路坐地铁怎么去成都动物园，大概要多久？
1678,spot,74,description,带三岁小孩去成都动物园玩合适吗？里面有没有婴儿车可以租？
1679,spot,74,description,成都动物园好玩吗？大概逛一圈要几个小时？里面有没有吃饭的地方？
1680,spot,74,description,成都动物园和熊猫基地比，哪个更适合外地游客第一次去？
1681,spot,74,travel_tips,你们那儿早上几点开门啊？
1682,spot,74,travel_tips,门票一个人多少钱，小孩有优惠不？
1683,spot,74,travel_tips,从春熙路坐地铁怎么过去方便？
1684,spot,74,travel_tips,带两岁的小朋友去逛合适吗，会不会太累？
1685,spot,74,travel_tips,上午去真的能看到熊猫比较活泼吗，大概逛多久够？
1686,spot,74,cultural_context,成都动物园早上几点开门啊？
1687,spot,74,cultural_context,门票多少钱一张？小孩有没有优惠？
1688,spot,74,cultural_context,坐地铁去成都动物园方便吗？哪个站下？
1689,spot,74,cultural_context,带三岁小孩去玩合适不？里面好推婴儿车吗？
1690,spot,74,cultural_context,成都动物园好玩吗？大概能逛多久？
1691,spot,79,travel_tips,请问早上几点开门啊？周末会不会延长开放时间？
1692,spot,79,travel_tips,门票大概多少钱一张？有没有夜场票，会不会便宜些？
1693,spot,79,travel_tips,这个地方在成都哪个位置？坐地铁或者公交方便吗？
1694,spot,79,travel_tips,里面好玩吗？一般要玩多久才能尽兴？有没有什么必玩的项目？
1695,spot,79,travel_tips,带5岁的小孩去合适吗？需要自己带雨衣吗，还是里面有的卖？
1696,spot,79,cultural_context,这个乐园几点开门，晚上开到几点关门呀？
1697,spot,79,cultural_context,门票多少钱一张？有没有学生票或者家庭套票？
1698,spot,79,cultural_context,从春熙路坐地铁或者公交怎么过去？大概要多久？
1699,spot,79,cultural_context,里面过山车刺激吗？除了游乐设施还有没有蜀文化主题的演出可以看？
1700,spot,79,cultural_context,带5岁的小孩去玩合适吗？有没有适合低龄儿童的项目？
1701,spot,79,description,成都哪个游乐场适合带小孩玩？最好有户外和室内项目，门票大概多少钱？
1702,spot,79,description,欢乐谷和国色天乡几点开门和关门？晚上有夜场票卖吗？
1703,spot,79,description,从春熙路坐地铁怎么去成都欢乐谷？大概要多久？
1704,spot,79,description,成都游乐场里哪个过山车最刺激？排队一般要等多久？
1705,spot,79,description,带3岁小朋友去国色天乡玩，有哪些项目能坐？推婴儿车方便吗？
1706,spot,100,travel_tips,昭觉寺早上几点去比较好哇？听说上午香火旺，是几点开门？
1707,spot,100,travel_tips,门票是不是真的只要两块钱？游览一个小时够不够啊？
1708,spot,100,travel_tips,坐地铁到昭觉寺南路站下来，走好久能到寺庙门口？
1709,spot,100,travel_tips,带五岁的小孩去合适不？里面会不会太安静，娃儿待不住？
1710,spot,100,travel_tips,寺里头能不能拍照？穿短裤吊带进去会不会被说？
1711,spot,100,description,成都那些寺庙道观一般早上几点开门啊？我想去烧头香，怕去早了白跑一趟。
1712,spot,100,description,青羊宫和文殊院的门票现在是多少钱一张？有没有学生票或者免票政策？
1713,spot,100,description,我想去成都的寺庙道观逛逛，但不太清楚怎么坐地铁或公交，哪个离市中心最近？
1714,spot,100,description,带五六岁的小孩去文殊院或者昭觉寺合适吗？里面有没有能让孩子安静玩一会儿的地方？
1715,spot,100,description,成都周边有没有那种风景好、人又少的道观？适合周末去散心拍照，最好不用爬太久的山。
1716,spot,127,description,成都那些风景名胜一般几点开门啊？
1717,spot,127,description,去成都的风景名胜玩，门票大概多少钱一张？
1718,spot,127,description,从市区坐地铁或者公交怎么去这些风景名胜方便？
1719,spot,127,description,带两岁多的小孩去这些风景名胜合适吗，有没有什么要注意的？
1720,spot,127,description,这些风景名胜到底好不好玩，值得专门花一天去逛吗？
1721,spot,100,cultural_context,昭觉寺几点开门关门？门票多少钱一张？
1722,spot,100,cultural_context,从春熙路坐地铁怎么去昭觉寺方便？
1723,spot,100,cultural_context,昭觉寺里面主要看啥子？大概逛好久合适？
1724,spot,100,cultural_context,带家里老人和小孩去昭觉寺耍，累不累，有没有啥要注意的？
1725,spot,100,cultural_context,网上说昭觉寺是川西第一丛林，到底值不值得专门跑一趟？
1726,spot,129,description,成都的博物馆一般几点开门关门？需要提前预约吗？
1727,spot,129,description,去成都博物馆门票多少钱一张？有没有免费开放的日子？
1728,spot,129,description,从春熙路怎么坐地铁去成都博物馆，大概要多久？
1729,spot,129,description,带5岁小孩去成都博物馆合适吗？里面有没有小朋友能玩的互动项目？
1730,spot,129,description,成都博物馆里面好不好玩？主要展什么，逛一圈大概要几个小时？
1731,spot,127,cultural_context,兴隆湖湿地公园几点开门？晚上关门吗？
1732,spot,127,cultural_context,去兴隆湖要门票不？停车方便吗，大概好多钱？
1733,spot,127,cultural_context,坐地铁咋个到兴隆湖湿地公园？从科学城站出来走好久？
1734,spot,127,cultural_context,兴隆湖那边好不好耍？可以骑车或者野餐不？
1735,spot,127,cultural_context,带娃娃去兴隆湖湿地公园合适不？有没有儿童游乐设施？
1736,spot,129,travel_tips,金沙博物馆现在开没开啊？我下周想去，会不会白跑一趟？
1737,spot,129,travel_tips,门票多少钱一张？老人和小孩有优惠不？
1738,spot,129,travel_tips,坐地铁怎么去金沙博物馆？哪条线哪个站下？
1739,spot,129,travel_tips,带5岁娃去金沙博物馆合适吗？里面好玩不，大概要逛多久？
1740,spot,129,travel_tips,金沙博物馆周二开门吗？几点开门几点关门？
1741,spot,129,cultural_context,金沙遗址博物馆早上几点开门？关门时间是好久？
1742,spot,129,cultural_context,去金沙遗址博物馆门票好多钱一张？有没有学生票或者老年人优惠？
1743,spot,129,cultural_context,从春熙路咋个坐地铁或者公交去金沙遗址博物馆？大概要花好久？
1744,spot,129,cultural_context,金沙遗址里面主要看些啥子？除了太阳神鸟还有没有其他好耍的？大概逛多久合适？
1745,spot,129,cultural_context,带5岁的小朋友去金沙遗址博物馆合适不？里面有没得讲解或者互动体验？
1746,spot,127,travel_tips,那边是免费的吗？大概几点去人少点，好玩不？
1747,spot,127,travel_tips,请问这个地方怎么去啊？坐地铁能到吗，还是要换公交？
1748,spot,127,travel_tips,带5岁小孩去合适不？有没有专门给孩子玩的地方，能搭帐篷吗？
1749,spot,127,travel_tips,环湖走一圈要多久？那边风是不是特别大，下午去会不会冷？
1750,spot,127,travel_tips,去那儿是免费随便进吗？周末上午去还是傍晚去体验更好？
1751,spot,172,description,成都那些国家级景点一般几点开门关门啊？
1752,spot,172,description,带小孩去成都的这几个国家级景点玩，合适吗？有没有特别推荐的？
1753,spot,172,description,去成都国家级景点玩一圈，门票大概要花多少钱？有没有免费或者半价的时候？
1754,spot,172,description,从春熙路出发，怎么坐车去成都最值得逛的国家级景点？大概要多久？
1755,spot,172,description,成都的国家级景点里，哪个最好玩？有没有那种又累又没意思的坑爹景点要避雷？
1756,spot,172,cultural_context,这个客家古镇几点开门关门？门票多少钱一张？
1757,spot,172,cultural_context,从成都市区怎么坐车过去最方便？大概要多久？
1758,spot,172,cultural_context,那里好玩吗？除了看会馆和古街，有没有什么特色活动？
1759,spot,172,cultural_context,带五岁的小孩去合适吗？里面路好不好走，有没有儿童能玩的项目？
1760,spot,172,cultural_context,听说有客家水龙节，一般每年什么时候举办？去的话有什么要特别注意的？
1761,spot,172,travel_tips,周末去这个古镇大概几点到比较合适？听说停车位很紧张，怕去晚了没位置。
1762,spot,172,travel_tips,古镇免费进，但里面那些收费场馆大概多少钱一张票？有没有联票或者学生票？
1763,spot,172,travel_tips,从成都市区坐地铁或者公交怎么去这个古镇？大概要多久？
1764,spot,172,travel_tips,带5岁小孩去玩半天够不够？里面除了看老建筑，有没有适合小朋友互动或者休息的地方？
1765,spot,172,travel_tips,网上都说伤心凉粉和天鹅蛋是必吃，具体在古镇哪个位置？非节假日去的话，店家一般几点开门营业？
1766,spot,196,travel_tips,请问早上几点开门，我想赶在人少的时候去逛逛？
1767,spot,196,travel_tips,这个地方现在收门票吗，大概多少钱一个人？
1768,spot,196,travel_tips,从春熙路过去坐地铁方便吗，具体到哪一站下？
1769,spot,196,travel_tips,夏天带家里老人和小孩去玩怎么样，里面路平不平，有没有休息的地方？
1770,spot,196,travel_tips,除了看荷花，里面还有啥好玩的，逛两个小时够不够？
1771,spot,196,description,成都那些国家级景点一般几点开门，去之前需要提前预约吗？
1772,spot,196,description,带小孩去成都的风景名胜玩，像青城山或都江堰，合适吗？有没有轻松点的路线？
1773,spot,196,description,从市区坐地铁或者公交去这些国家级景点方便吗，大概要多久能到？
1774,spot,196,description,成都这几个国家级景点的门票多少钱一张，有没有学生票或者联票优惠？
1775,spot,196,description,网上都说成都的风景名胜好玩，到底哪些最值得去，一天能逛完两个吗？
1776,spot,196,cultural_context,三圣花乡那个千亩荷塘早上几点开门？去晚了会不会不让进？
1777,spot,196,cultural_context,现在去三圣花乡看荷花要门票不？大概好多钱一个人？
1778,spot,196,cultural_context,请问从地铁站怎么去三圣花乡的荷塘？坐公交还是打车方便？
1779,spot,196,cultural_context,那个千亩荷塘现在去好玩吗？除了看荷花还有没有其他可以耍的？
1780,spot,196,cultural_context,带5岁娃娃去三圣花乡看荷花合适不？有没有阴凉地方可以休息？
1781,spot,207,travel_tips,这个古镇几点开门关门呢？是不是免费随便进？
1782,spot,207,travel_tips,里面坐那个游船要单独买票不？大概好多钱一个人？
1783,spot,207,travel_tips,从成都市区坐啥子车能到这儿？地铁能到不？
1784,spot,207,travel_tips,带5岁娃儿来耍合适不？有没有啥子娃娃能玩的？
1785,spot,207,travel_tips,周末去是不是人挤人？逛半天够不够，一根面在哪家吃最正宗？
1786,spot,212,description,成都的博物馆一般几点开门？几点关门啊？
1787,spot,212,description,去成都博物馆要门票不？大概多少钱一张？
1788,spot,212,description,从春熙路怎么坐车去成都博物馆？地铁能到吗？
1789,spot,212,description,成都博物馆里面好玩吗？大概逛多久比较合适？
1790,spot,212,description,带6岁的小朋友去成都博物馆合适不？有没有儿童互动区？
1791,spot,207,description,成都那些国家级景点一般几点开门，去早了会不会不让进？
1792,spot,207,description,带小孩去成都玩，哪些国家级景点比较适合亲子游，门票大概多少钱？
1793,spot,207,description,想去成都的风景名胜逛逛，从春熙路出发坐地铁方便吗，具体怎么换乘？
1794,spot,207,description,成都的国家级景点里，哪个最值得花一整天慢慢逛，有没有推荐的游玩路线？
1795,spot,207,description,这些景点节假日人会不会爆满，早上几点去能避开排队高峰，门票能网上提前买吗？
1796,spot,207,cultural_context,黄龙溪古镇早上几点开门？晚上有没有关门时间？
1797,spot,207,cultural_context,去黄龙溪古镇要门票吗？停车费大概多少钱？
1798,spot,207,cultural_context,从成都市区怎么坐车去黄龙溪？大概要多久？
1799,spot,207,cultural_context,黄龙溪除了看古建筑和火龙表演，还有哪些好玩的？适合带娃去吗？
1800,spot,207,cultural_context,网上都说黄龙溪是“天府第一名镇”，到底值不值得专门跑一趟？
1801,spot,212,travel_tips,请问你们几点开门呀？是每天都开放吗，周一去会不会扑空？
1802,spot,212,travel_tips,门票多少钱一张？学生或者老人有优惠吗？
1803,spot,212,travel_tips,这里具体在哪个位置啊？坐地铁或者公交怎么过去方便？
1804,spot,212,travel_tips,里面主要看些什么呀？大概逛多久比较合适？有没有讲解服务？
1805,spot,212,travel_tips,带6岁的小孩去合适吗？会不会觉得无聊或者走不动？
1806,spot,212,cultural_context,王建墓早上几点开门？门票多少钱一张？
1807,spot,212,cultural_context,这个永陵博物馆具体在成都哪个位置？坐地铁怎么过去方便？
1808,spot,212,cultural_context,里面好玩吗？大概逛一圈要多久？
1809,spot,212,cultural_context,带小孩去合适不？有没有什么讲解或者互动项目？
1810,spot,212,cultural_context,网上都说这是中国唯一地上皇陵，实际去看值不值？地宫能进去看吗？
1811,spot,237,travel_tips,桃花节去那边要门票不？大概几点开门关门哦？
1812,spot,237,travel_tips,周末想带娃去耍，那边路窄不？坐公交方便吗？
1813,spot,237,travel_tips,除了看桃花，里面还有啥子好耍的？玩两三个小时够不够？
1814,spot,237,travel_tips,那边农家乐消费贵不贵？大概人均好多钱？
1815,spot,237,travel_tips,现在去花还开得旺不？要是错过了花期还值得专门跑一趟不？
1816,spot,237,description,成都那些国家级景点一般几点开门？关门时间大概是什么时候？
1817,spot,237,description,带小孩去成都的这几个国家级景点玩合适吗？有没有特别推荐亲子游的？
1818,spot,237,description,从市区坐地铁或公交去这些国家级景点方便吗？大概要多久能到？
1819,spot,237,description,成都国家级景点的门票价格大概是多少？有没有学生票或者老人优惠？
1820,spot,237,description,这些国家级景点哪个最值得先去？里面主要看什么，大概要玩几个小时？
1821,spot,237,cultural_context,龙泉驿那个桃花节一般是每年几月份开？具体几点开门，早上早点去能避开人潮不？
1822,spot,237,cultural_context,去龙泉驿看桃花要门票不？大概多少钱一个人，停车方便吗？
1823,spot,237,cultural_context,从春熙路坐地铁或者公交怎么去龙泉驿的桃林？大概要多久？
1824,spot,237,cultural_context,带五岁小孩去龙泉驿赏桃花合适吗？里面有没有适合小朋友玩的项目或者吃饭的地方？
1825,spot,237,cultural_context,龙泉驿的桃花除了看，还有没有其他好耍的？比如能野餐、逛集市或者体验农家乐不？
1826,spot,266,description,成都的博物馆一般几点开门关门哇？
1827,spot,266,description,去成都博物馆门票多少钱一张，需要提前预约不？
1828,spot,266,description,从春熙路坐地铁怎么去成都博物馆，大概要多久？
1829,spot,266,description,带5岁娃去成都博物馆合适吗，里面有没有亲子互动区？
1830,spot,266,description,成都博物馆里面好玩吗，值不值得专门花半天去逛一圈？
1831,spot,266,travel_tips,这个酒坊几点开门啊？听说周一还闭馆？
1832,spot,266,travel_tips,门票大概好多钱一个人哦？包不包含讲解？
1833,spot,266,travel_tips,这个地方咋个去方便？坐地铁能到不？
1834,spot,266,travel_tips,带娃儿去逛合适不？里面是不是有点滑，要注意啥子？
1835,spot,266,travel_tips,里头好不好耍？大概要逛好久，值不值得专门跑一趟？
1836,spot,283,description,成都那些有名的景点一般几点开门关门啊？
1837,spot,283,description,去成都旅游，热门景点门票大概多少钱一张？
1838,spot,283,description,成都市区有哪些值得逛的景点，怎么坐地铁或公交过去方便？
1839,spot,283,description,带家里老人和小孩去成都玩，哪些景点比较轻松不累又好玩？
1840,spot,283,description,成都的宽窄巷子和锦里哪个更值得去？体验有啥不一样？
1841,spot,266,cultural_context,水井坊博物馆几点开门？门票多少钱一张？
1842,spot,266,cultural_context,这个白酒博物馆在成都哪个位置，坐地铁怎么过去方便？
1843,spot,266,cultural_context,里面除了看老酒坊，有没有可以品酒或者互动体验的项目？
1844,spot,266,cultural_context,带家里老人和小孩去逛水井坊博物馆合适吗？大概能玩多久？
1845,spot,266,cultural_context,网上都说这是中国白酒第一坊，实际去过的体验怎么样，值不值得专程跑一趟？
1846,spot,283,travel_tips,武侯祠里的那个景点，一般早上几点开门啊？
1847,spot,283,travel_tips,武侯祠门票多少钱一张，里面这个景点还单独收费不？
1848,spot,283,travel_tips,从地铁站怎么走到武侯祠，进去后这个景点大概逛多久合适？
1849,spot,283,travel_tips,这个景点带小孩去玩有意思吗，会不会太枯燥？
1850,spot,283,travel_tips,武侯祠这个景点好不好玩，值不值得专门绕过去看一眼？
1851,spot,283,cultural_context,武侯祠里的群贤堂几点关门啊？参观大概要留多长时间？
1852,spot,283,cultural_context,群贤堂的门票是包含在武侯祠大门票里，还是要单独再买？多少钱？
1853,spot,283,cultural_context,群贤堂具体在武侯祠哪个位置？从正门进去怎么走最快？
1854,spot,283,cultural_context,群贤堂里面那些塑像好看吗？值不值得专门去一趟？
1855,spot,283,cultural_context,带6岁小孩去群贤堂合适吗？会不会太闷，孩子能看懂吗？
1856,spot,288,description,成都的博物馆一般几点开门啊？
1857,spot,288,description,去成都博物馆门票要多少钱？
1858,spot,288,description,从春熙路怎么坐车去成都博物馆？
1859,spot,288,description,带小孩去成都博物馆玩合适吗？
1860,spot,288,description,成都博物馆里面好玩吗？大概能逛多久？
1861,spot,288,travel_tips,这个馆几点开门呀？大概逛多久能逛完？
1862,spot,288,travel_tips,进去要门票不？需要提前预约吗？
1863,spot,288,travel_tips,这个地方在哪儿啊？坐地铁方便吗？
1864,spot,288,travel_tips,里面好玩吗？值不值得专门跑一趟？
1865,spot,288,travel_tips,带5岁小孩去合适不？里面冷气会不会太足？
1866,spot,288,cultural_context,成都博物馆C区早上几点开门？需要提前预约吗？
1867,spot,288,cultural_context,去成都博物馆C区看石犀和说唱俑，门票要多少钱？
1868,spot,288,cultural_context,从春熙路坐地铁怎么去成都博物馆C区？大概要多久？
1869,spot,288,cultural_context,成都博物馆C区逛下来要多久？里面有没有互动体验，好玩吗？
1870,spot,288,cultural_context,带5岁小孩去成都博物馆C区合适吗？会不会太枯燥？
1871,spot,322,description,成都那些风景名胜一般几点开门？下午去会不会太赶？
1872,spot,322,description,去成都的风景名胜玩一圈，门票大概要多少钱？有没有学生票或联票？
1873,spot,322,description,成都的风景名胜都在哪些位置？从市区坐地铁或公交怎么去最方便？
1874,spot,322,description,这些风景名胜到底好不好玩？第一次去成都，最推荐去哪个？
1875,spot,322,description,带小孩去这些风景名胜合适吗？有没有适合亲子游的路线或者注意事项？
1876,spot,322,travel_tips,永陵早上几点开门？大概逛多久比较合适？
1877,spot,322,travel_tips,现在永陵的门票是多少钱一张？有没有学生票或者老年优惠？
1878,spot,322,travel_tips,永陵地宫在成都哪个位置？坐地铁或者公交怎么过去方便？
1879,spot,322,travel_tips,永陵里面除了地宫还有啥好玩的？值不值得专门跑一趟？
1880,spot,322,travel_tips,带家里老人和小孩去永陵参观合适吗？地宫里面会不会很挤或者不好走？
1881,spot,322,cultural_context,永陵博物馆几点开门关门啊？门票多少钱一张？
1882,spot,322,cultural_context,请问永陵怎么去最方便？坐地铁能到吗？
1883,spot,322,cultural_context,永陵里面好玩吗？大概逛多久能看完？
1884,spot,322,cultural_context,带小孩去永陵合适吗？会不会太枯燥？
1885,spot,322,cultural_context,永陵那个地宫石刻和伎乐浮雕，现场看真的有那么精美吗？值不值得专门跑一趟？
1886,spot,343,description,成都那些风景名胜一般几点开门关门？
1887,spot,343,description,去成都的风景名胜玩，门票大概多少钱一张？
1888,spot,343,description,从春熙路怎么坐车去这些风景名胜区？
1889,spot,343,description,带5岁小孩去成都的风景名胜逛，方便吗？有没有适合小朋友的玩法？
1890,spot,343,description,成都这些风景名胜到底好不好玩，值不值得专门跑一趟？
1891,spot,343,travel_tips,金沙遗址博物馆里的乌木林早上几点开门啊？我想趁人少去拍两张照。
1892,spot,343,travel_tips,去乌木林是不是要单独买票？还是买博物馆70块的门票就能直接进？
1893,spot,343,travel_tips,请问乌木林在博物馆里面哪个位置？从正门走过去大概要多久？
1894,spot,343,travel_tips,那个乌木林好玩吗？值不值得专门绕过去看，还是就几根木头？
1895,spot,343,travel_tips,带5岁小孩去乌木林合适吗？会不会太晒或者没什么可玩的？
1896,spot,343,cultural_context,金沙遗址那个乌木林早上几点开门？我想早点去人少点拍照。
1897,spot,343,cultural_context,去金沙遗址看乌木林门票多少钱一张？学生或者老人有优惠吗？
1898,spot,343,cultural_context,那个乌木林在金沙遗址博物馆里面还是外面？坐地铁几号线能到？
1899,spot,343,cultural_context,带小孩去金沙遗址看乌木林合适吗？小朋友会不会觉得无聊？
1900,spot,343,cultural_context,金沙遗址的乌木林到底好玩不？值不值得专门跑一趟去看？
1901,spot,372,cultural_context,川菜博物馆几点开门？关门时间是什么时候？
1902,spot,372,cultural_context,去一趟门票多少钱？有没有学生票或者老人优惠？
1903,spot,372,cultural_context,这个地方在成都哪个位置？坐地铁或者公交怎么过去方便？
1904,spot,372,cultural_context,里面除了看酱缸和灶台，还有没有能试吃或者自己动手做菜的活动？
1905,spot,372,cultural_context,带5岁小孩去合适吗？会不会觉得无聊，有没有互动体验项目？
1906,spot,372,description,成都的博物馆一般几点开门关门哇？
1907,spot,372,description,去成都博物馆门票要多少钱，需不需要提前预约？
1908,spot,372,description,从春熙路坐地铁怎么到成都博物馆，大概要多久？
1909,spot,372,description,成都博物馆里有什么好玩的展品，逛一圈大概要多久？
1910,spot,372,description,带5岁小孩去成都博物馆合适吗，有没有适合孩子的互动项目？
1911,spot,372,travel_tips,这个川菜博物馆几点开门关门啊？游览大概要花多久？
1912,spot,372,travel_tips,门票多少钱一张？含讲解和品尝是真的吗，还是另外收费？
1913,spot,372,travel_tips,从市区怎么过去方便？坐地铁6号线到望丛祠站后打车要多久？
1914,spot,372,travel_tips,带5岁小孩去合适吗？里面有没有小朋友能玩的互动项目？
1915,spot,372,travel_tips,现场能直接买票吗，还是必须提前预约？节假日去会不会挤爆？
1916,spot,373,description,成都那些有名的景点一般几点开门关门啊？我想安排一天逛两三个地方。
1917,spot,373,description,去成都旅游，像宽窄巷子、武侯祠这些地方门票大概多少钱？有没有免费开放的？
1918,spot,373,description,从春熙路怎么坐地铁或公交去都江堰景区最方便？大概要多久？
1919,spot,373,description,带5岁小孩去成都玩，哪些景点比较轻松有趣，不会太累？有推荐吗？
1920,spot,373,description,成都周边像青城山、乐山大佛这种，一天来回够不够玩？好玩吗？
1921,spot,373,travel_tips,洛带古镇那个湖广会馆几点开门哇？
1922,spot,373,travel_tips,去湖广会馆要不要买门票，大概逛多久合适？
1923,spot,373,travel_tips,坐公交219路到洛带古镇哪个站下，下车后好找不？
1924,spot,373,travel_tips,里面除了看老房子，有没有川剧表演可以看，好玩不？
1925,spot,373,travel_tips,带五岁小孩去湖广会馆逛，会不会太无聊，里面有吃的吗？
1926,spot,386,travel_tips,上午几点开门？一般逛多久比较合适？
1927,spot,386,travel_tips,门票多少钱一张？里面包括哪些景点？
1928,spot,386,travel_tips,这个地方具体在哪儿？坐地铁或者公交方便吗？
1929,spot,386,travel_tips,带小孩子去合适吗？会不会走太久很累？
1930,spot,386,travel_tips,里面大不大？值不值得请个讲解员？
1931,spot,386,description,成都的博物馆一般几点开门？需要提前预约吗？
1932,spot,386,description,成都的博物馆门票多少钱一张？有学生票或者免费日吗？
1933,spot,386,description,从春熙路怎么坐地铁去成都博物馆？大概要多久？
1934,spot,386,description,带5岁的小孩去成都博物馆合适吗？里面有没有小朋友能玩的项目？
1935,spot,386,description,成都博物馆里面好玩不？大概逛一圈要几个小时？值得专门跑一趟吗？
1936,spot,373,cultural_context,洛带古镇那个湖广会馆几点开门关门哇？
1937,spot,373,cultural_context,去湖广会馆要买门票不，大概好多钱一个人？
1938,spot,373,cultural_context,从成都市区咋个坐车到洛带古镇的湖广会馆哦？
1939,spot,373,cultural_context,带五岁娃儿去湖广会馆逛，有没有啥子适合小娃娃耍的，会不会无聊？
1940,spot,373,cultural_context,湖广会馆里头除了看老房子，有没有川剧表演或者啥子活动，好玩不？
1941,spot,386,cultural_context,刘氏庄园早上几点开门？下午关门时间是好久？
1942,spot,386,cultural_context,去刘氏庄园的门票多少钱一张？老人和小孩有优惠不？
1943,spot,386,cultural_context,从成都市区怎么坐车去刘氏庄园？开车大概要多久？
1944,spot,386,cultural_context,刘氏庄园里面主要看啥子？带小孩去合适不，会不会觉得无聊？
1945,spot,386,cultural_context,刘氏庄园好玩吗？大概要逛多长时间，值不值得专门跑一趟？
1946,spot,392,description,成都那些热门景点一般几点开门关门啊？
1947,spot,392,description,去一趟成都的武侯祠、熊猫基地这些地方，门票大概要多少钱？
1948,spot,392,description,从春熙路出发，坐地铁怎么去都江堰景区方便吗？
1949,spot,392,description,带5岁小孩去成都玩，哪些景点比较适合，会不会太累？
1950,spot,392,description,成都的宽窄巷子和锦里哪个更好玩，本地人更推荐去哪个？
1951,spot,392,travel_tips,桂湖公园几点开门啊，我想周末早上过去逛逛
1952,spot,392,travel_tips,现在去桂湖公园门票多少钱一个人，有没有学生票或者老年优惠？
1953,spot,392,travel_tips,从成都市区坐地铁或者公交怎么到新都桂湖公园最方便？
1954,spot,392,travel_tips,带5岁的小朋友去桂湖公园玩合适吗，里面有没有儿童游乐设施？
1955,spot,392,travel_tips,桂湖公园夏天荷花开了好看不，大概逛两个小时够不够，里面还有啥好玩的？
1956,spot,392,cultural_context,桂湖公园早上几点开门？门票多少钱一张？
1957,spot,392,cultural_context,从成都市区坐地铁或者公交怎么去杨升庵故里的桂湖最方便？
1958,spot,392,cultural_context,这个桂湖公园大概能逛多久？里面除了看荷花和古树，还有没有其他好玩的？
1959,spot,392,cultural_context,带五岁的小朋友去桂湖合适吗？里面推婴儿车方便不？
1960,spot,392,cultural_context,网上都说桂湖是杨升庵读书的地方，实际去过的游客评价怎么样？值不值得专门跑一趟？
1961,spot,416,description,成都的旅游景点一般早上几点开门？我想早点去人少一点。
1962,spot,416,description,去成都那些热门景点，门票大概多少钱一张？有学生票或者免费的吗？
1963,spot,416,description,从春熙路怎么坐地铁或公交去宽窄巷子？大概要多久？
1964,spot,416,description,带5岁的小孩去成都大熊猫基地方便吗？里面路好不好推婴儿车？
1965,spot,416,description,青城山和都江堰哪个更适合第一次去玩？一天时间够不够，好玩吗？
1966,spot,416,travel_tips,建川博物馆聚落里的这个馆几点开门关门哇？
1967,spot,416,travel_tips,大邑那个建川博物馆聚落通票大概好多钱一张？
1968,spot,416,travel_tips,从成都市区咋个坐车去大邑建川博物馆聚落哦？
1969,spot,416,travel_tips,这个馆跟川军馆一起逛大概要耍好久，值不值得专门跑一趟？
1970,spot,416,travel_tips,带小学娃儿去建川博物馆看这个馆合适不，会不会太闷了？
1971,spot,446,cultural_context,安仁古镇那边几点开门关门啊？
1972,spot,446,cultural_context,去安仁古镇的门票要多少钱一张？
1973,spot,446,cultural_context,从成都市区怎么坐车到安仁古镇方便？
1974,spot,446,cultural_context,安仁古镇带小孩去好玩吗，有没有适合小朋友的项目？
1975,spot,446,cultural_context,安仁古镇的民国公馆和刘氏庄园逛下来大概要多久，值不值得专门跑一趟？
1976,spot,446,travel_tips,请问这个古镇是全天免费进去吗？里面的公馆联票大概多少钱一张？
1977,spot,446,travel_tips,古镇早上几点开门？傍晚去的话灯光大概几点亮起来？
1978,spot,446,travel_tips,从市区坐地铁或者公交怎么去这个古镇方便？
1979,spot,446,travel_tips,带小孩去玩半天够不够？里面有没有适合小朋友逛的地方？
1980,spot,446,travel_tips,节假日去是不是人挤人？平时周末去体验会好很多吗？
1981,spot,446,description,成都那些国家级景点一般几点开门关门啊？
1982,spot,446,description,去成都玩，这些国家级景点门票大概多少钱一张？
1983,spot,446,description,从市区怎么坐车去这些国家级景点，方便吗？
1984,spot,446,description,带小孩去这些地方合适吗？有没有适合亲子游的玩法？
1985,spot,446,description,这些国家级景点到底好不好玩？跟普通公园比有啥特别的？
1986,spot,416,cultural_context,这个场馆几点开门关门哇？门票贵不贵，要提前预约不？
1987,spot,416,cultural_context,这里头主要看啥子哦，是不是就是讲国民党打日本人的那些事？好耍不？
1988,spot,416,cultural_context,带娃娃去合适不？会不会太枯燥，有没有啥子互动体验？
1989,spot,416,cultural_context,从春熙路咋个坐车过去喃？地铁能到不，大概要坐好久？
1990,spot,416,cultural_context,里头展出的东西都是真的不？像武器、勋章那些，看起震撼不？值不值得专门跑一趟？
1991,spot,457,description,成都那些有名的景点一般早上几点开门？我想早点去避开人流。
1992,spot,457,description,去都江堰或者青城山玩一趟，门票大概多少钱一个人？有没有学生票？
1993,spot,457,description,从春熙路怎么坐车去熊猫基地最方便？大概要多久？
1994,spot,457,description,武侯祠和锦里值不值得专门去逛？本地人觉得好玩吗？
1995,spot,457,description,带5岁小孩去成都玩，哪些景点比较轻松又不累，适合亲子游？
1996,spot,457,cultural_context,灌县古城早上几点开门，晚上会不会关门啊？
1997,spot,457,cultural_context,进灌县古城要买门票不，大概多少钱一个人？
1998,spot,457,cultural_context,从都江堰景区怎么去灌县古城，走路还是坐车方便？
1999,spot,457,cultural_context,灌县古城里头有啥好玩的，逛一圈大概要多久？
2000,spot,457,cultural_context,带五岁小孩去灌县古城合适吗，里面路好不好推婴儿车？
2001,spot,457,travel_tips,请问古城一般几点开门呀？早上几点去人少一点？
2002,spot,457,travel_tips,这个古城是免费进去的吗？里面吃东西贵不贵？大概玩半天够不够？
2003,spot,457,travel_tips,从都江堰景区怎么走到古城？是不是就在旁边，步行就能到？
2004,spot,457,travel_tips,晚上去古城看灯值得吗？跟白天比哪个时间段更好玩？
2005,spot,457,travel_tips,带孩子去方便吗？里面有没有适合小朋友玩的项目，会不会太挤？
2006,spot,476,description,成都那些著名景点一般早上几点开门？我想早点去避开人流。
2007,spot,476,description,去都江堰和青城山玩一天，门票加起来大概要多少钱？
2008,spot,476,description,从春熙路坐地铁怎么去熊猫基地？大概要多久？
2009,spot,476,description,带5岁小孩去宽窄巷子和锦里逛，合适吗？会不会太挤？
2010,spot,476,description,网上都说武侯祠和杜甫草堂值得去，你觉得哪个更好玩？
2011,spot,476,travel_tips,安仁古镇一般要逛多久啊，大概几个小时够不够？
2012,spot,476,travel_tips,去安仁古镇玩要不要门票，里面的安惠里古街是免费随便逛的吗？
2013,spot,476,travel_tips,安仁古镇在哪儿，从成都市区坐什么车能到，方便吗？
2014,spot,476,travel_tips,安仁古镇的肥肠血旺哪家好吃，街边小吃大概什么价位？
2015,spot,476,travel_tips,带五岁小孩去安仁古镇合适吗，有没有适合小朋友玩的地方？
2016,spot,476,cultural_context,安惠里古街早上几点开门？晚上会不会关门？
2017,spot,476,cultural_context,从成都市区怎么去安惠里古街，坐公交或地铁方便吗？
2018,spot,476,cultural_context,逛安惠里古街要门票吗？大概玩下来要花多少钱？
2019,spot,476,cultural_context,安惠里古街好玩吗？主要看民国建筑，还是也有吃的和特色小店？
2020,spot,476,cultural_context,带小孩去安惠里古街合适吗？路面平不平，有没有适合小朋友玩的点？
2021,spot,479,description,成都那些有名的景点一般几点开门关门啊？
2022,spot,479,description,去成都旅游，像宽窄巷子、锦里这些地方门票要多少钱？
2023,spot,479,description,从春熙路怎么坐车去都江堰或者青城山，方便吗？
2024,spot,479,description,带小孩去成都玩，有哪些景点比较适合亲子游，不会太累？
2025,spot,479,description,成都周边哪个景点人少又好玩，值得专门跑一趟？
2026,spot,479,cultural_context,黄龙溪老龙门几点开门关门呢，晚上去能看吗？
2027,spot,479,cultural_context,去黄龙溪老龙门要买门票不，大概好多钱一个人？
2028,spot,479,cultural_context,从成都市区咋个坐车去黄龙溪老龙门，地铁能到不？
2029,spot,479,cultural_context,黄龙溪老龙门那边除了看龙和古树，还有啥好耍的？带娃去合适不？
2030,spot,479,cultural_context,黄龙溪老龙门到底值不值得专门跑一趟，网上评价咋样？
2031,spot,483,description,成都那些热门景点一般几点开门关门啊？想规划一下行程。
2032,spot,483,description,都江堰和青城山门票分别多少钱？有没有学生票或者联票优惠？
2033,spot,483,description,从春熙路怎么坐车去熊猫基地最方便？大概要多久？
2034,spot,483,description,带5岁小孩去成都，除了熊猫基地，还有哪些景点适合亲子玩？
2035,spot,483,description,宽窄巷子和锦里哪个更好玩？本地人更推荐去哪个？
2036,spot,479,travel_tips,黄龙溪古镇几点开门关门？晚上去能看夜景吗？
2037,spot,479,travel_tips,去老龙门那个标志牌坊要买门票不？古镇里耍水要另外收钱不？
2038,spot,479,travel_tips,从成都市区开车到黄龙溪大概好久？坐公交又该咋个换乘？
2039,spot,479,travel_tips,带5岁娃儿去黄龙溪耍水安不安全？有没有浅水区适合小娃娃？
2040,spot,479,travel_tips,网上说周末人挤人，那平时去体验咋样？值不值得专门跑一趟？
2041,spot,483,cultural_context,安仁古镇那个戏台每天几点有表演啊？下午去能看到吗？
2042,spot,483,cultural_context,去安仁古镇看戏台要买门票不？还是免费随便逛？
2043,spot,483,cultural_context,从成都市区坐什么车能到安仁古镇的戏台那边？大概要多久？
2044,spot,483,cultural_context,那个戏台除了看川剧，还有没有其他好玩的？带五岁小孩去合适吗？
2045,spot,483,cultural_context,安仁古镇的戏台周末人多不多？值不值得专门跑一趟去拍照打卡？
2046,spot,483,travel_tips,请问安仁古镇那个免费参观的地方几点开门关门啊？
2047,spot,483,travel_tips,这个景点要门票不，大概玩下来得花多少钱？
2048,spot,483,travel_tips,从成都市区怎么坐车过去最方便，大概要多久？
2049,spot,483,travel_tips,里面那个戏台表演是每天都有吗，几点开始，值不值得专门等？
2050,spot,483,travel_tips,带5岁小孩去玩合适吗，有没有什么互动或者适合小朋友看的东西？
2051,spot,490,description,成都那些风景名胜区一般几点开门关门啊？
2052,spot,490,description,去成都的风景名胜玩一圈，门票大概要花多少钱？
2053,spot,490,description,从春熙路怎么坐车去这些风景名胜点，方便吗？
2054,spot,490,description,带5岁小孩去成都的风景名胜区合适吗？有没有轻松点的路线？
2055,spot,490,description,成都的风景名胜到底好不好玩？值不值得专程去一趟？
2056,spot,490,cultural_context,街子古镇早上几点开门，晚上关门吗？
2057,spot,490,cultural_context,从成都市区怎么坐车去街子古镇，大概要多久？
2058,spot,490,cultural_context,街子古镇的门票多少钱一张，里面光严禅院要另外收费不？
2059,spot,490,cultural_context,带5岁小孩去街子古镇玩合适吗，有没有推车方便走的路？
2060,spot,490,cultural_context,街子古镇除了看古寺和故居，还有啥好玩的，值不值得专门跑一趟？
2061,spot,490,travel_tips,古镇早上几点开门？晚上会不会关门？
2062,spot,490,travel_tips,进去逛一圈要花多少钱？里面那些小景点门票贵不贵？
2063,spot,490,travel_tips,这个古镇在哪儿啊？从成都市区坐地铁或者公交怎么过去？
2064,spot,490,travel_tips,周末去会不会挤得走不动？带五岁小孩去玩方便吗？有没有适合孩子吃的特色小吃？
2065,spot,490,travel_tips,你们觉得这个古镇好玩吗？大概能逛多久，值得专门跑一趟吗？
2066,spot,674,cultural_context,这个纪念馆几点开门关门，需要提前预约吗？
2067,spot,674,cultural_context,门票多少钱一张，老人和小孩有没有优惠？
2068,spot,674,cultural_context,从成都市区怎么坐车过去，大概要多久？
2069,spot,674,cultural_context,里面主要看什么，大概逛多久比较合适，会不会很枯燥？
2070,spot,674,cultural_context,带6岁的小朋友去合适吗，有没有互动或讲解服务？
2071,spot,674,travel_tips,请问你们早上几点开门？下午几点就关门了呀？
2072,spot,674,travel_tips,这个景点门票多少钱？需要提前预约吗？直接带身份证去就行？
2073,spot,674,travel_tips,这个地方具体在哪儿？坐地铁或者公交能到吗？
2074,spot,674,travel_tips,里面大概能逛多久？有没有什么特别的展品或者值得拍照的地方？
2075,spot,674,travel_tips,带家里老人和小孩去合适吗？会不会太吵或者走太久？
2076,spot,674,description,成都的纪念馆一般几点开门关门啊？想周末去逛逛，时间来得及不？
2077,spot,674,description,去成都这些纪念馆参观要买门票吗？大概多少钱一张？学生或者老人有优惠没？
2078,spot,674,description,从春熙路坐地铁或者公交怎么去最近的纪念馆？下车后要走多远？
2079,spot,674,description,带5岁的小孩去纪念馆合适吗？里面有没有适合小朋友互动或者不觉得无聊的展区？
2080,spot,674,description,这些纪念馆里主要展出些什么内容？大概逛一圈要多久，值不值得专门跑一趟？
2081,spot,679,description,成都的纪念馆一般早上几点开门？需要提前预约吗？
2082,spot,679,description,去成都那些红色纪念馆参观，门票大概多少钱一张？
2083,spot,679,description,从春熙路怎么坐车去纪念馆？打车方便还是坐地铁快？
2084,spot,679,description,带五岁小朋友去纪念馆逛，会不会太无聊？里面有没有适合亲子的互动项目？
2085,spot,679,description,成都比较有名的纪念馆里，哪个最值得逛？大概要玩多久才能看完？
2086,spot,679,travel_tips,请问纪念馆早上几点开门？一般逛多久比较合适？
2087,spot,679,travel_tips,这个纪念馆是免费的吗？需不需要提前预约？
2088,spot,679,travel_tips,自己开车过去方便吗？附近好停车不？
2089,spot,679,travel_tips,里面能不能拍照？带小孩子去逛合适吗？
2090,spot,679,travel_tips,那个地方好玩吗？大概能玩些什么内容？
2091,spot,679,cultural_context,成都战役纪念馆几点开门啊？需要预约吗？
2092,spot,679,cultural_context,去成都战役纪念馆要门票不？大概多少钱一个人？
2093,spot,679,cultural_context,这个纪念馆在成都哪个位置？坐地铁或者公交怎么过去方便？
2094,spot,679,cultural_context,里面主要看些什么？大概逛多久能看完，会不会很枯燥？
2095,spot,679,cultural_context,带小学三年级的孩子去合适吗？有没有适合小朋友看的互动内容或者讲解？
2096,spot,716,travel_tips,桂湖的门票大概多少钱一张？
2097,spot,716,travel_tips,桂湖公园一般几点开门，逛一圈要多久？
2098,spot,716,travel_tips,带小孩去桂湖玩合适吗？有没有什么要注意的？
2099,spot,716,travel_tips,新都桂湖怎么去最方便？跟宝光寺离得近吗？
2100,spot,716,travel_tips,桂湖现在这个季节去好玩吗？主要看什么景色？
2101,spot,716,description,成都的纪念馆一般早上几点开门？下午几点关门？
2102,spot,716,description,去成都那些纪念馆参观要买门票吗，大概多少钱一张？
2103,spot,716,description,请问成都的纪念馆具体在哪个位置，坐地铁或者公交怎么过去方便？
2104,spot,716,description,带小孩去成都的纪念馆参观合适吗，里面有没有互动体验或者讲解服务？
2105,spot,716,description,成都的纪念馆里面主要看什么，大概逛多久能逛完，值不值得专门跑一趟？
2106,spot,716,cultural_context,杨升庵纪念馆在桂湖里面吗？早上几点开门，下午几点关门？
2107,spot,716,cultural_context,去桂湖看杨升庵纪念馆要单独买门票不？大概多少钱一个人？
2108,spot,716,cultural_context,从成都市区坐地铁或者公交怎么去新都桂湖的杨升庵纪念馆啊？
2109,spot,716,cultural_context,带小学三年级的小孩去杨升庵纪念馆逛，会不会太闷，有啥适合孩子看的东西？
2110,spot,716,cultural_context,杨升庵纪念馆好玩吗？里面除了看老房子和荷花，还有没有讲解或者互动活动？
2111,spot,803,description,成都那些国家级景点一般几点开门关门？
2112,spot,803,description,去成都玩，这些国家级景点的门票大概多少钱一张？
2113,spot,803,description,成都的风景名胜区怎么去最方便，坐地铁能到吗？
2114,spot,803,description,带小孩去成都这些国家级景点玩合适不，有没有适合亲子的路线？
2115,spot,803,description,成都这些国家级景点到底好不好玩，值不值得专门跑一趟？
2116,spot,803,travel_tips,这个景点夏天去凉快不？一般耍好久比较合适？
2117,spot,803,travel_tips,门票现在好多钱一张？里面坐观光车要另外给钱不？
2118,spot,803,travel_tips,这个地方在成都哪个位置哦？坐地铁或者公交咋个过去方便？
2119,spot,803,travel_tips,里面山路多不多？带5岁的小朋友去走不走得动，有没有啥要注意的？
2120,spot,803,travel_tips,这儿好不好耍？值不值得专门跑一趟去？大概能逛几个小时？
2121,spot,803,cultural_context,天台山几点开门关门？门票多少钱一张？
2122,spot,803,cultural_context,从成都市区怎么去邛崃天台山，自驾和坐公交分别要多久？
2123,spot,803,cultural_context,带小孩去天台山玩合适吗？有没有适合亲子游的轻松路线？
2124,spot,803,cultural_context,天台山除了看高山流水和丹霞地貌，还有哪些好玩的体验项目？
2125,spot,803,cultural_context,网上都说天台山灵秀，实际去过的游客评价怎么样，值不值得专门跑一趟？
2126,spot,806,description,成都那些寺庙道观一般早上几点开门？去太早会不会进不去？
2127,spot,806,description,去青羊宫或者文殊院门票多少钱一张？有没有学生票或者免票政策？
2128,spot,806,description,从春熙路坐地铁怎么去昭觉寺？大概要多久？
2129,spot,806,description,带小孩去成都的寺庙道观逛合适吗？里面有没有什么好玩或者安静的地方？
2130,spot,806,description,成都市区里哪个寺庙道观最值得去？求推荐一下，顺便说说里面有什么看点？
2131,spot,806,travel_tips,周末带娃去新都宝光寺耍，大概要逛好久哦？里面能不能拍照？
2132,spot,806,travel_tips,请问宝光寺和桂湖的门票是分开收的吗？一共要花好多钱？
2133,spot,806,travel_tips,从成都市区咋个坐车到宝光寺喃？地铁能到不？
2134,spot,806,travel_tips,宝光寺里头那个数罗汉咋个玩法？是不是每个人都能数？灵不灵嘛？
2135,spot,806,travel_tips,春秋天去宝光寺合不合适？带两岁多的小娃娃去有没有啥子要注意的？
2136,spot,806,cultural_context,宝光寺早上几点开门？门票多少钱一张？
2137,spot,806,cultural_context,从成都市区坐地铁或者公交怎么去宝光寺方便？大概要多久？
2138,spot,806,cultural_context,带家里老人和小孩去宝光寺逛一圈合适吗？里面累不累？
2139,spot,806,cultural_context,宝光寺除了烧香拜佛，还有啥好玩的？跟桂湖一起逛大概要留多长时间？
2140,spot,806,cultural_context,去过的人觉得宝光寺值不值得专门跑一趟？跟文殊院比哪个更值得看？
2141,spot,1020,description,成都那些风景名胜一般几点开门？会不会有晚上也开放的？
2142,spot,1020,description,去成都玩，这些风景名胜的门票大概多少钱一张？有没有学生票或者免费的时候？
2143,spot,1020,description,从成都市区怎么去这些风景名胜最方便？坐地铁能到吗，还是要坐大巴？
2144,spot,1020,description,这些地方适合带小孩去逛吗？会不会太累或者没什么小朋友感兴趣的？
2145,spot,1020,description,成都的风景名胜到底好不好玩？听说有些就是看人头，值得专门跑一趟吗？
2146,spot,1020,travel_tips,请问这个酒坊遗址几点开门啊？周一是不是不开放？
2147,spot,1020,travel_tips,进去看那个博物馆要单独买票不？大概多少钱一张？
2148,spot,1020,travel_tips,这个地方在成都哪个位置哦，坐地铁或者公交怎么过去方便？
2149,spot,1020,travel_tips,里面主要是看啥子喃，就是老酒坊和博物馆哇？大概逛多久合适？
2150,spot,1020,travel_tips,带五岁的小娃娃去合适不？会不会太无聊，有没有互动或者好耍的？
2151,spot,1020,cultural_context,水井坊遗址几点开门？门票多少钱一张？
2152,spot,1020,cultural_context,水井街酒坊遗址具体在哪儿？坐地铁怎么过去方便？
2153,spot,1020,cultural_context,这个白酒第一坊带孩子去逛合适不？里面能闻到酒味吗？
2154,spot,1020,cultural_context,水井坊遗址里面大不大？大概逛多久能看完？值不值得专门跑一趟？
2155,spot,1020,cultural_context,去水井坊遗址玩有没有讲解？周末人多不多，需要提前预约吗？
2156,spot,1079,description,成都的博物馆一般几点开门？需要提前预约吗？
2157,spot,1079,description,去成都博物馆门票多少钱？有没有免费开放的日子？
2158,spot,1079,description,成都博物馆怎么去最方便？坐地铁几号线能到？
2159,spot,1079,description,带5岁小孩去成都博物馆合适吗？里面有没有亲子互动区？
2160,spot,1079,description,成都博物馆好玩吗？大概逛多久能看完？里面有什么镇馆之宝？
2161,spot,1079,travel_tips,金沙遗址博物馆几点开门啊？周一闭馆是真的吗？
2162,spot,1079,travel_tips,门票70块一个人，小孩或者学生有没有优惠？需要提前多久预约？
2163,spot,1079,travel_tips,去金沙博物馆坐地铁几号线能到？从春熙路过去方便不？
2164,spot,1079,travel_tips,里面大概逛多久合适？两三个小时够不够？有没有免费讲解可以蹭？
2165,spot,1079,travel_tips,带5岁的小朋友去金沙博物馆合适吗？馆里能不能拍照，开闪光灯行不行？
2166,spot,1079,cultural_context,金沙遗址博物馆早上几点开门？下午几点停止进馆？
2167,spot,1079,cultural_context,门票多少钱一张？老人和小孩有优惠吗？
2168,spot,1079,cultural_context,坐地铁几号线能到金沙遗址博物馆？哪个站下最近？
2169,spot,1079,cultural_context,里面大概能逛多久？除了看文物还有没有别的互动体验？
2170,spot,1079,cultural_context,带5岁娃去合适吗？会不会太枯燥，有没有讲解或者儿童活动？
2171,spot,1115,description,成都动物园几点开门，门票多少钱一张？
2172,spot,1115,description,带孩子去成都动物园玩，大概能逛多久，里面有喂小动物的项目吗？
2173,spot,1115,description,从春熙路坐地铁怎么去成都动物园，哪个站下最近？
2174,spot,1115,description,成都动物园和熊猫基地比，哪个更适合带老人小孩去，人少一点？
2175,spot,1115,description,最近周末去成都动物园人多不多，值不值得专门跑一趟？
2176,spot,1115,travel_tips,成都动物园早上几点开门？几点去人少一点？
2177,spot,1115,travel_tips,门票好多钱一张？有没有学生票或者老人优惠？
2178,spot,1115,travel_tips,坐地铁怎么到成都动物园？哪个站下，出来走好久？
2179,spot,1115,travel_tips,成都动物园里面好耍不？大概能逛几个小时？
2180,spot,1115,travel_tips,带三岁多的小朋友去成都动物园合适不？有没有推车方便的路？
2181,spot,1115,cultural_context,成都动物园几点开门关门啊？
2182,spot,1115,cultural_context,门票好多钱一张，娃娃要买票不？
2183,spot,1115,cultural_context,坐地铁咋个去成都动物园，哪个站下？
2184,spot,1115,cultural_context,带三岁娃儿去成都动物园耍半天够不够？
2185,spot,1115,cultural_context,成都动物园里头好不好耍，值不值得专门跑一趟？
2186,spot,1118,description,成都那些有名的景点一般几点开门关门啊？
2187,spot,1118,description,去武侯祠或者熊猫基地门票大概多少钱？
2188,spot,1118,description,从春熙路怎么坐车去都江堰景区方便？
2189,spot,1118,description,带家里老人和小孩去宽窄巷子玩合适吗，会不会太挤？
2190,spot,1118,description,青城山和峨眉山哪个更适合一日游，好玩吗？
2191,spot,1119,description,成都那些有名的景点一般几点开门关门啊？
2192,spot,1119,description,去武侯祠或者杜甫草堂门票多少钱一张？
2193,spot,1119,description,从春熙路怎么坐车去熊猫基地？
2194,spot,1119,description,带小孩去成都科技馆或者动物园合适吗？
2195,spot,1119,description,宽窄巷子和锦里哪个更好玩，本地人更推荐去哪个？
2196,spot,1118,travel_tips,动物园几点去人少点？听说中午太热，是不是上午或者傍晚去更好？
2197,spot,1118,travel_tips,现在门票还是20块不？需要提前在哪儿买啊，现场能买吗？
2198,spot,1118,travel_tips,火烈鸟区是不是在北门附近？从哪个门进去走最近？
2199,spot,1118,travel_tips,带五岁小孩去逛动物园合适不？火烈鸟那边能推婴儿车吗，会不会吵到鸟？
2200,spot,1118,travel_tips,动物园里面好玩吗？大概逛多久能看完，火烈鸟区值得专门去不？
2201,spot,1118,cultural_context,成都动物园早上几点开门？门票多少钱一张？
2202,spot,1118,cultural_context,请问成都动物园坐地铁怎么去？火烈鸟展区在哪个位置？
2203,spot,1118,cultural_context,带三岁小孩去成都动物园看火烈鸟合适吗？里面好玩不？
2204,spot,1118,cultural_context,成都动物园的火烈鸟展区值得专门去看吗？大概能逛多久？
2205,spot,1118,cultural_context,去成都动物园玩，门票可以现场买吗？有没有学生票或者半价优惠？
2206,spot,1119,travel_tips,这个水鸟观赏区在动物园里几点开放呀？下午去光线真的更好吗？
2207,spot,1119,travel_tips,看这个水鸟要单独买票不？还是说动物园门票就全包了，大概多少钱一张？
2208,spot,1119,travel_tips,从动物园哪个门进去离水鸟区最近？走路要多久，有没有观光车能到？
2209,spot,1119,travel_tips,带5岁小孩去看这些水鸟合适吗？孩子容易吵闹，会不会被工作人员说？
2210,spot,1119,travel_tips,这个地方好玩吗？大概能逛多久，除了看水鸟附近还有啥值得一起玩的？
2211,spot,1119,cultural_context,水禽湖一般几点开门？关门时间是多久？
2212,spot,1119,cultural_context,去成都动物园看水禽湖要单独买票吗，还是包含在门票里？
2213,spot,1119,cultural_context,水禽湖在动物园里面哪个位置，怎么走最快能到？
2214,spot,1119,cultural_context,带5岁小孩去水禽湖玩，能看到哪些鸟，值不值得专门逛一圈？
2215,spot,1119,cultural_context,水禽湖附近好停车吗？坐地铁过去的话哪个站下最近？
2216,spot,1128,travel_tips,猴山几点去人少啊？周末去会不会挤爆？
2217,spot,1128,travel_tips,去猴山要另外买门票不，还是包含在动物园门票里？
2218,spot,1128,travel_tips,猴山在动物园哪个位置，从北门进去怎么走最快？
2219,spot,1128,travel_tips,带五岁小孩去看猴子安全吗，有没有啥要注意的？
2220,spot,1128,travel_tips,猴山好玩吗？大概能逛多久，猴子真的会抢东西吗？
2221,spot,1128,description,成都那些热门景点一般几点开门关门啊？我想安排一天逛三个地方，怕时间来不及。
2222,spot,1128,description,去都江堰和青城山玩一趟大概要花多少钱？包括门票和交通，有没有学生票优惠？
2223,spot,1128,description,从春熙路怎么坐车去大熊猫繁育研究基地最方便？打车大概多少钱，要多久？
2224,spot,1128,description,带5岁小孩去成都玩，哪些景点比较适合亲子游？会不会太累或者没意思？
2225,spot,1128,description,宽窄巷子和锦里哪个更好玩？本地人更推荐去哪个？还是两个都值得逛？
2226,spot,65,description,成都的公园一般早上几点开门？晚上几点关门呢？
2227,spot,65,description,去人民公园喝茶掏耳朵大概要花多少钱？
2228,spot,65,description,从春熙路怎么坐地铁去浣花溪公园？要坐几号线？
2229,spot,65,description,带三岁的小孩去东湖公园玩，有适合的儿童设施吗？
2230,spot,65,description,兴隆湖公园除了散步，还有哪些好玩的玩法？周末人多不多？
2231,spot,1386,description,成都那些风景名胜一般几点开门关门啊？
2232,spot,1386,description,去成都的这几个景点玩一圈，门票大概要花多少钱？
2233,spot,1386,description,从春熙路出发，怎么坐车去这些风景名胜最方便？
2234,spot,1386,description,带5岁的小孩去逛这些地方合适吗，有没有什么要注意的？
2235,spot,1386,description,这些景点周末人多不多，值不值得专门跑一趟去打卡？
2236,spot,1386,cultural_context,成都融创文旅城几点开门关门？夜场到好久？
2237,spot,1386,cultural_context,去融创文旅城的滑雪场玩一次大概要花多少钱？
2238,spot,1386,cultural_context,从成都市区怎么坐车去都江堰那个融创文旅城？
2239,spot,1386,cultural_context,融创文旅城里面除了滑雪还有啥子好耍的？适合带3岁娃娃去不？
2240,spot,1386,cultural_context,青城山都江堰和融创文旅城安排在一起耍，一天时间够不够？值不值得专门跑一趟？
2241,spot,1128,cultural_context,成都动物园猴山早上几点开门？门票多少钱一张？
2242,spot,1128,cultural_context,猴山在动物园里面好找吗？坐地铁怎么过去方便？
2243,spot,1128,cultural_context,带5岁小孩去猴山玩合适吗？猴子会不会伤人？
2244,spot,1128,cultural_context,猴山现在还有猕猴吗？听说翻修过，好玩吗值得专门去看？
2245,spot,1128,cultural_context,去猴山一般逛多久够？周边还有啥可以一起看的？
2246,spot,1386,travel_tips,成都融创乐园和雪世界一般几点开门啊？我想安排一天玩两个地方来得及不？
2247,spot,1386,travel_tips,去融创那边玩雪世界和乐园，门票大概多少钱一个人？网上提前买能便宜多少？
2248,spot,1386,travel_tips,从成都市区怎么去融创文旅城最方便？坐地铁能到吗，还是要打车？
2249,spot,1386,travel_tips,带五岁小孩去融创乐园和雪世界合适不？有没有适合小朋友玩的，会不会太累？
2250,spot,1386,travel_tips,周末去融创滑雪的人是不是特别多？听说要排很久队，平时去会不会好点？
2251,spot,65,cultural_context,这个望江楼公园几点开门关门啊？
2252,spot,65,cultural_context,去望江楼公园要门票不，大概多少钱一张？
2253,spot,65,cultural_context,请问从春熙路坐地铁怎么去望江楼公园？
2254,spot,65,cultural_context,带小孩去望江楼公园玩合适吗，里面有没有啥好玩的？
2255,spot,65,cultural_context,网上说望江楼公园是竹文化博物馆，实际逛起来怎么样，值不值得专门去一趟？
2256,spot,65,travel_tips,请问这个景点几点开门，逛一圈大概要多久啊？
2257,spot,65,travel_tips,里面那个文物区是不是要单独买票，门票多少钱一张？
2258,spot,65,travel_tips,坐地铁6号线到三官堂站下来，走路过去远不远？
2259,spot,65,travel_tips,这个地方带小孩去合适吗，会不会太小没啥玩的？
2260,spot,65,travel_tips,现在这个季节去好不好玩，值不值得专门跑一趟？
2261,spot,88,cultural_context,三圣花乡几点开门？晚上去能看花吗？
2262,spot,88,cultural_context,去三圣花乡要不要门票？里面买花和吃饭大概多少钱？
2263,spot,88,cultural_context,从市中心坐地铁或公交怎么去三圣花乡？自驾方便停车吗？
2264,spot,88,cultural_context,三圣花乡除了看花还有啥好玩的？带小孩去有游乐设施或亲子活动吗？
2265,spot,88,cultural_context,周末去三圣花乡人多不多？值不值得专门跑一趟？
2266,spot,88,travel_tips,请问这个地方几点开门，需要买门票吗？
2267,spot,88,travel_tips,从市区开车过去大概要多久，坐公交方便吗？
2268,spot,88,travel_tips,周末带五岁的小孩去玩，有适合小朋友的项目吗？
2269,spot,88,travel_tips,里面除了赏花，还有啥好玩的？农家乐吃饭贵不贵？
2270,spot,88,travel_tips,周末去会不会人挤人、车没地方停？值不值得专门跑一趟？
2271,spot,88,description,成都那些国家级景点一般几点开门？我想早点去避开人流。
2272,spot,88,description,去都江堰或者青城山这种国家级景点，门票价格大概是多少？有学生票吗？
2273,spot,88,description,从成都市区怎么坐车去武侯祠和杜甫草堂？地铁能到吗？
2274,spot,88,description,熊猫基地这种地方带5岁小孩去合适吗？游玩大概要花多长时间？
2275,spot,88,description,青城山和都江堰哪个更值得玩？如果只有一天时间，怎么安排路线比较轻松？
2276,spot,90,cultural_context,国际非遗博览园几点开门关门？门票多少钱一张？
2277,spot,90,cultural_context,请问从春熙路坐地铁怎么去国际非遗博览园？大概要多久？
2278,spot,90,cultural_context,带5岁小孩去国际非遗博览园好玩吗？有没有适合小朋友体验的项目？
2279,spot,90,cultural_context,国际非遗博览园里面主要看啥子？蜀锦和川剧表演是每天都有吗？
2280,spot,90,cultural_context,去国际非遗博览园逛一圈大概要花多长时间？里面吃饭方便不？
2281,spot,90,description,成都那些风景名胜一般几点开门？我想早点去避开人流。
2282,spot,90,description,去成都的风景名胜玩，门票大概多少钱一张？有学生票或者老人优惠吗？
2283,spot,90,description,从春熙路坐地铁或者公交怎么去最方便的风景名胜？大概要多久？
2284,spot,90,description,带5岁小孩去成都的风景名胜合适吗？有没有适合亲子游的路线或者推车方便的地方？
2285,spot,90,description,成都的风景名胜到底好不好玩？值不值得专门花一天时间逛？有没有什么必看的亮点？
2286,spot,97,description,成都那些国家级景点一般几点开门关门啊？
2287,spot,97,description,去武侯祠、杜甫草堂这些地方门票多少钱一张，有没有学生票？
2288,spot,97,description,从春熙路怎么坐车去都江堰景区，大概要多久？
2289,spot,97,description,带五岁的小孩去青城山玩合适吗，有没有轻松点的路线？
2290,spot,97,description,成都周边哪些国家级景点人少又好玩，适合周末一天来回？
2291,spot,90,travel_tips,请问一下，这地方几点开门啊？早上想去逛一圈，怕去太早了吃闭门羹。
2292,spot,90,travel_tips,去那儿耍要买门票不？我看网上说有些展览要单独收费，门票大概好多钱一个人哦？
2293,spot,90,travel_tips,这个园区离地铁站远不远？我们打算坐公交过去，或者到了那边里面好走路不，听说可以骑共享单车？
2294,spot,90,travel_tips,带五岁娃儿去合适不？里面有没有啥子适合小娃娃耍的，大概能逛多久，怕娃儿走不动。
2295,spot,90,travel_tips,平时去人多不多？听说非遗节的时候热闹得很，想找个清静点的日子去慢慢逛，值不值得专门跑一趟？
2296,spot,97,travel_tips,请问梅花季去那边大概几点开门喃？早上人多不多，要不要赶早去？
2297,spot,97,travel_tips,这个梅花景点是免费的不？进去看花要不要买票，停车费咋算的？
2298,spot,97,travel_tips,从市区咋个坐车去三圣乡那边的赏梅地方啊？地铁能到不，还是得转公交？
2299,spot,97,travel_tips,带五岁娃儿去那边看梅花合适不？大概逛一两个小时够不够，有没有啥子注意事项？
2300,spot,97,travel_tips,那个地方梅花开得好不好看？现在一月底去值不值得专门跑一趟，人挤不挤？
2301,spot,101,description,成都那些国家级景点一般几点开门关门？
2302,spot,101,description,去成都玩，这些国家级景点的门票大概多少钱一张？
2303,spot,101,description,成都市区到国家级景点坐地铁或公交方便吗，怎么去最快？
2304,spot,101,description,带五岁小孩去成都的国家级景点逛，会不会太累或者不合适？
2305,spot,101,description,成都的国家级景点哪个最值得去，有没有好玩又不太挤的推荐？
2306,spot,97,cultural_context,幸福梅林冬天几点开门？门票贵不贵，大概多少钱一张？
2307,spot,97,cultural_context,从市区坐地铁或者公交怎么去幸福梅林最方便？
2308,spot,97,cultural_context,带小孩去幸福梅林玩合适吗？里面除了看梅花还有没有儿童能玩的项目？
2309,spot,97,cultural_context,现在这个季节去幸福梅林好玩吗？主要能看些什么景色？
2310,spot,97,cultural_context,幸福梅林赏梅大概要逛多久，里面有没有吃饭喝茶歇脚的地方？
2311,spot,174,description,成都那些有名的景点一般几点开门关门啊？
2312,spot,174,description,去成都旅游，热门景点门票大概多少钱一张？
2313,spot,174,description,从春熙路怎么坐车去武侯祠或者宽窄巷子？
2314,spot,174,description,带小孩去成都玩，哪些景点比较适合亲子游？
2315,spot,174,description,成都周边一日游的景点有推荐吗？好玩不？
2316,spot,101,travel_tips,周末去那边看花，大概几点开门比较合适？听说停车位紧张，是不是得早上八点前到？
2317,spot,101,travel_tips,带五岁小孩去玩半天够不够？里面除了看花有没有小朋友能玩的项目？
2318,spot,101,travel_tips,这个公园免费进，但那些花棚单独收费的话，大概一个人多少钱啊？值不值得买票进去？
2319,spot,101,travel_tips,从市中心坐地铁能到吗？还是得打车？自驾的话导航到哪个门停车最方便？
2320,spot,101,travel_tips,最近这个季节去好玩吗？会不会人挤人看不到花？大概逛两个小时能走完不？
2321,spot,101,cultural_context,三圣花乡早上几点开门？去早了会不会进不去？
2322,spot,101,cultural_context,去三圣花乡要门票不？大概人均消费多少钱？
2323,spot,101,cultural_context,从春熙路坐地铁或者公交怎么去三圣花乡？大概要多久？
2324,spot,101,cultural_context,三圣花乡现在好玩吗？除了看花还有没有啥子特色项目？
2325,spot,101,cultural_context,带三岁多的小娃娃去三圣花乡耍合不合适？有没有儿童游乐设施？
2326,spot,174,travel_tips,这个乐园早上几点开门啊？
2327,spot,174,travel_tips,门票现场买多少钱，网上订能便宜多少？
2328,spot,174,travel_tips,从市区坐地铁或者公交怎么过去方便？
2329,spot,174,travel_tips,带5岁小孩去玩一天够不够，里面有没有适合小宝宝的萌宠互动？
2330,spot,174,travel_tips,夏天去会不会特别晒，园区里走路多不多，值回票价吗？
2331,spot,395,description,成都的博物馆一般几点开门关门呀？
2332,spot,395,description,去成都博物馆要提前买票吗，门票大概多少钱？
2333,spot,395,description,从春熙路怎么坐车去成都博物馆，方便吗？
2334,spot,395,description,带五岁小孩去成都博物馆有适合的展区或者活动吗？
2335,spot,395,description,成都博物馆里有什么好玩的，值不值得专门花半天去逛？
2336,spot,395,travel_tips,罨画池一般几点开门关门呢？
2337,spot,395,travel_tips,门票8块是只逛罨画池吗，还是能连陆游祠一起？
2338,spot,395,travel_tips,罨画池在成都哪个位置，坐地铁或者公交怎么过去方便？
2339,spot,395,travel_tips,带5岁小孩去罨画池玩合适不，里面有没有能跑开的地方？
2340,spot,395,travel_tips,这个季节去罨画池主要看啥，大概逛多久比较合适？
2341,spot,174,cultural_context,龙泉驿那个欢乐田园早上几点开门啊？
2342,spot,174,cultural_context,去那边玩门票好多钱一张，有没有儿童票或者套票？
2343,spot,174,cultural_context,从成都市区开车过去怎么走，坐公交或地铁能到不？
2344,spot,174,cultural_context,里面除了看花和农耕体验，还有没有适合娃儿耍的项目，带三岁小孩去合适不？
2345,spot,174,cultural_context,网上评价咋样，周末去人多不多，值不值得专门跑一趟？
2346,spot,395,cultural_context,这个园林几点开门关门呀？门票多少钱一张？
2347,spot,395,cultural_context,从成都市区怎么坐车过去方便？大概要多久？
2348,spot,395,cultural_context,带小孩去逛合适吗？里面有没有可以休息或者吃东西的地方？
2349,spot,395,cultural_context,陆游写诗的那个园子好玩吗？值得专门跑一趟不？
2350,spot,395,cultural_context,这个园林大概要逛多久？里面主要看啥子景色？
2351,spot,403,description,成都那些科教文化场所一般几点开门关门啊？
2352,spot,403,description,去这些地方玩门票大概多少钱一张？
2353,spot,403,description,从春熙路坐地铁怎么到这些科教文化场所？
2354,spot,403,description,带6岁小孩去逛科教文化场所合适吗，有没有互动体验？
2355,spot,403,description,周末去这些地方人多不多，值不值得专门跑一趟？
2356,spot,403,travel_tips,请问早上几点开门？游览大概要花多长时间？
2357,spot,403,travel_tips,这个地方门票多少钱？需要带身份证吗？
2358,spot,403,travel_tips,坐地铁或者公交怎么过去方便？具体在哪个位置？
2359,spot,403,travel_tips,里面好玩吗？大概有些什么内容？值不值得专门跑一趟？
2360,spot,403,travel_tips,带小孩去合适吗？参观的时候有什么要注意的？
2361,spot,403,cultural_context,这个博物馆几点开门？门票多少钱一张？
2362,spot,403,cultural_context,从成都市区怎么坐车去汶川大地震纪念馆？
2363,spot,403,cultural_context,带小孩去参观合适吗？会不会太沉重？
2364,spot,403,cultural_context,里面主要看些什么？大概逛多久能看完？
2365,spot,403,cultural_context,这个地方值得专门跑一趟吗？有没有人说去了很震撼？
2366,spot,458,description,成都那些国家级风景名胜区一般几点开门关门？
2367,spot,458,description,去成都玩，这些国家级景点门票大概多少钱一张？
2368,spot,458,description,成都的国家级景点怎么去最方便，坐地铁能到吗？
2369,spot,458,description,带小孩去成都这些国家级风景名胜区合适吗，有没有亲子玩法？
2370,spot,458,description,成都这几个国家级景点到底好不好玩，值得专门跑一趟吗？
2371,spot,458,travel_tips,古镇一般几点开门关门啊，早上早点去能进吗？
2372,spot,458,travel_tips,去这个古镇要不要门票？里面那些小景点单独收费大概多少钱？
2373,spot,458,travel_tips,从成都东站坐大巴过去要多久？车次多不多，末班车是几点？
2374,spot,458,travel_tips,带5岁小孩去玩合适吗？里面有没有适合小朋友玩的项目，推婴儿车方便不？
2375,spot,458,travel_tips,这地方到底好不好玩？春天去景色咋样，逛2-3小时够不够，会不会太赶？
2376,spot,463,description,成都那些风景名胜一般早上几点开门？
2377,spot,463,description,去成都的风景名胜玩，门票大概要多少钱？
2378,spot,463,description,从市区怎么坐车去这些风景名胜方便？
2379,spot,463,description,带着小孩去这些地方逛合适吗，有没有轻松点的路线？
2380,spot,463,description,成都的风景名胜到底好不好玩，值不值得专门跑一趟？
2381,spot,458,cultural_context,五凤溪古镇早上几点开门，晚上会不会关门啊？
2382,spot,458,cultural_context,从成都市区开车过去要多久，坐公交或者地铁方便吗？
2383,spot,458,cultural_context,古镇门票多少钱一张，停车费贵不贵？
2384,spot,458,cultural_context,带五岁小孩去玩合适吗，里面有没有推车能走的路？
2385,spot,458,cultural_context,这个古镇好玩吗，除了看老房子还有啥特色活动或小吃？
2386,spot,463,cultural_context,三道堰古镇几点开门？需要买门票吗，大概多少钱一张？
2387,spot,463,cultural_context,从成都市区怎么去三道堰古镇？坐公交或地铁方便吗？
2388,spot,463,cultural_context,三道堰古镇好玩吗？主要看什么，大概能逛多久？
2389,spot,463,cultural_context,带小孩去三道堰古镇合适吗？有没有适合小朋友玩的项目？
2390,spot,463,cultural_context,三道堰古镇和别的古镇比有啥特色？听说跟都江堰水利有关，值得专门跑一趟吗？
2391,spot,463,travel_tips,这个古镇几点开门喃？夏天耍水大概能耍好久？
2392,spot,463,travel_tips,去这儿玩水要门票不？里面的水上项目大概多少钱一个人？
2393,spot,463,travel_tips,从成都市区开车咋个走？大概要开多久到哦？
2394,spot,463,travel_tips,带5岁的小朋友去耍水合适不？有没有啥子要注意的安全问题？
2395,spot,463,travel_tips,夏天这个古镇好不好耍？除了耍水还有没有其他好玩的？
2396,spot,478,description,成都那些热门景点一般几点开门关门啊？想安排一天行程怕时间赶不上。
2397,spot,478,description,去都江堰或者青城山门票多少钱一张？有没有学生票或者联票优惠？
2398,spot,478,description,从春熙路出发去熊猫基地怎么坐车最方便？大概要花多长时间？
2399,spot,478,description,带五岁小孩去成都玩，哪些景点比较适合亲子游，不会太累又好玩？
2400,spot,478,description,宽窄巷子和锦里哪个更值得去？里面吃的逛的多不多，大概能玩多久？
2401,spot,478,travel_tips,关圣宫早上几点开门？下午去会不会太晚？
2402,spot,478,travel_tips,去关圣宫要门票吗？还是说免费进去？
2403,spot,478,travel_tips,从成都市区怎么坐车到五凤溪古镇的关圣宫？大概要多久？
2404,spot,478,travel_tips,关圣宫里面好玩吗？值不值得专门爬坡上去看？
2405,spot,478,travel_tips,带5岁小孩去关圣宫方便吗？爬坡会不会很累？
2406,spot,478,cultural_context,请问关圣宫几点开门关门啊？门票大概多少钱一张？
2407,spot,478,cultural_context,这个关圣宫在五凤溪古镇哪个位置？从成都市区怎么坐车过去最方便？
2408,spot,478,cultural_context,关圣宫里头主要看啥子？除了拜关羽，有没有啥子值得拍照或者逛的？
2409,spot,478,cultural_context,带家里老人和五六岁的小娃娃去关圣宫耍，合适不？里面台阶多不多？
2410,spot,478,cultural_context,网上说关圣宫是湖广移民修的，是不是很老很有味道？值不值得专门跑一趟看？
2411,spot,491,travel_tips,这个古镇几点开门关门呢？
2412,spot,491,travel_tips,进去耍要不要门票哦？
2413,spot,491,travel_tips,从成都市区咋个坐车过去方便？
2414,spot,491,travel_tips,带5岁的小娃娃去玩水安不安全，有没得啥子要注意的？
2415,spot,491,travel_tips,夏天傍晚去逛起咋样？奶汤面哪家好吃？
2416,spot,491,description,成都那些国家级景点一般几点开门？我想早点去避开人流。
2417,spot,491,description,去武侯祠或者都江堰这种国家级景点，门票大概多少钱一张？有学生票吗？
2418,spot,491,description,从成都市区怎么坐车去青城山或者都江堰？地铁能到吗，还是要坐大巴？
2419,spot,491,description,带家里老人和小孩去熊猫基地这种地方玩，一天时间够不够？里面走路多不多？
2420,spot,491,description,杜甫草堂和金沙遗址哪个更适合第一次来成都的人逛？好玩吗，大概要玩多久？
2421,spot,1023,description,成都那些热门景点一般早上几点开门？我想早点去避开人流。
2422,spot,1023,description,去都江堰和青城山玩一圈，门票大概要花多少钱？有没有联票优惠？
2423,spot,1023,description,从春熙路怎么坐车去大熊猫繁育研究基地？大概要多久？
2424,spot,1023,description,带5岁的小孩去成都，推荐去哪些景点比较轻松好玩？
2425,spot,1023,description,宽窄巷子和锦里哪个更值得逛？里面东西贵不贵，好不好玩？
2426,spot,491,cultural_context,平乐古镇早上几点开门，晚上能待到多晚？
2427,spot,491,cultural_context,从成都市区怎么去平乐古镇最方便，要坐多久车？
2428,spot,491,cultural_context,平乐古镇的门票多少钱一张，里面还有额外收费的项目吗？
2429,spot,491,cultural_context,带小孩去平乐古镇好玩吗，有没有适合娃娃耍的水边或者小项目？
2430,spot,491,cultural_context,平乐古镇除了看古桥古树，还有啥子值得体验的？一天时间够不够？
2431,spot,1023,travel_tips,请问这个景点几点开门，一般逛完要花多长时间？
2432,spot,1023,travel_tips,门票是免费的吗，需不需要提前预约？
2433,spot,1023,travel_tips,这个地方在成都哪个位置，坐地铁或者公交怎么过去方便？
2434,spot,1023,travel_tips,里面主要看什么呀，就是那个考古现场吗，值不值得专门跑一趟？
2435,spot,1023,travel_tips,带5岁小孩去合适吗，里面路好不好走，有没有休息的地方？
2436,spot,1120,description,成都那些有名的景点一般几点开门关门啊？
2437,spot,1120,description,去成都旅游，各大景点的门票大概要多少钱？
2438,spot,1120,description,从市区到都江堰或者青城山怎么去最方便？
2439,spot,1120,description,成都哪些景点适合带小孩去玩，会不会太累？
2440,spot,1120,description,宽窄巷子和锦里哪个更好玩，值不值得专门跑一趟？
2441,spot,1023,cultural_context,宝墩古城遗址几点开门关门？门票多少钱一张？
2442,spot,1023,cultural_context,这个宝墩古城遗址在成都哪个位置，坐公交或者地铁怎么过去方便？
2443,spot,1023,cultural_context,带小孩去宝墩古城遗址玩合适不？里面有没有啥互动体验或者讲解？
2444,spot,1023,cultural_context,宝墩古城遗址里面主要看啥子嘛？大概逛一圈要多久，值不值得专门跑一趟？
2445,spot,1023,cultural_context,网上说宝墩古城有4500年历史，是不是真的？现场能看到哪些出土的文物或者遗址痕迹？
2446,spot,1120,travel_tips,动物园里看熊大概要逛多久啊？上午去是不是最好？
2447,spot,1120,travel_tips,这个熊馆是单独收费还是包含在动物园门票里的？门票多少钱一张？
2448,spot,1120,travel_tips,从地铁站到成都动物园的熊馆怎么走最方便？
2449,spot,1120,travel_tips,带5岁小孩去看熊安全吗？有没有什么特别要注意的？
2450,spot,1120,travel_tips,那个熊馆好玩吗？值不值得专门去一趟？
2451,spot,1121,description,成都动物园早上几点开门？门票多少钱一张？
2452,spot,1121,description,带5岁小孩去成都动物园玩，大概能玩大半天吗？里面有没有可以休息吃饭的地方？
2453,spot,1121,description,从春熙路坐地铁去成都动物园方便吗？具体应该在哪一站下？
2454,spot,1121,description,成都动物园里的大熊猫多不多？和熊猫基地比哪个更适合游客去？
2455,spot,1121,description,周末去成都动物园会不会人特别多？一般逛完整个园区要多久？
2456,spot,1120,cultural_context,熊山在成都动物园里面吗？门票要单独买不，还是包含在动物园门票里？
2457,spot,1120,cultural_context,带5岁小孩去熊山玩合适吗？那里会不会很吓人，有没有互动或者喂食的活动？
2458,spot,1120,cultural_context,成都动物园早上几点开门啊？熊山离哪个门最近，坐地铁过去方便吗？
2459,spot,1120,cultural_context,熊山好玩吗？能看到熊出来活动不，一般什么时间段去比较容易看到它们？
2460,spot,1120,cultural_context,逛到熊山大概要多久，里面有没有休息的地方？推婴儿车方便走吗？
2461,spot,1121,travel_tips,鹦鹉馆下午去大概要逛多久啊？会不会排队很久？
2462,spot,1121,travel_tips,这个鹦鹉馆是单独收费还是含在动物园门票里的？门票多少钱一张？
2463,spot,1121,travel_tips,从动物园哪个门进去离鹦鹉馆近？里面好找吗？
2464,spot,1121,travel_tips,带5岁小孩去鹦鹉馆玩合适不？怕鹦鹉突然飞过来吓着孩子。
2465,spot,1121,travel_tips,鹦鹉馆里面吵不吵？周末人多的话是不是体验很差？
2466,spot,1126,description,成都那些有名的景点一般几点开门啊？
2467,spot,1126,description,去武侯祠和锦里玩一圈，门票大概要多少钱？
2468,spot,1126,description,从春熙路怎么坐车去都江堰景区，方便吗？
2469,spot,1126,description,带小孩去成都大熊猫基地合适吗？里面能玩大半天不？
2470,spot,1126,description,青城山和宽窄巷子哪个更值得去？网上评价怎么样？
2471,spot,1121,cultural_context,鹦鹉馆几点开门？门票要另外买吗？
2472,spot,1121,cultural_context,从动物园大门走过去大概要走多久？有指示牌吗？
2473,spot,1121,cultural_context,带3岁小孩去鹦鹉馆玩，会不会害怕？里面能互动喂食吗？
2474,spot,1121,cultural_context,周末去鹦鹉馆人多不多？大概能逛多长时间？
2475,spot,1121,cultural_context,听说鹦鹉会叫，现场吵不吵？有没有固定表演或喂食讲解的时间？
2476,spot,1126,travel_tips,山魈馆一般几点去能看到它们最活跃的样子？
2477,spot,1126,travel_tips,去山魈馆要另外买门票吗，还是包含在动物园门票里？
2478,spot,1126,travel_tips,山魈馆在动物园哪个位置，从大门走过去大概要多久？
2479,spot,1126,travel_tips,周末带5岁小孩去看山魈合适吗，会不会人太多看不到？
2480,spot,1126,travel_tips,山魈馆好玩吗，值得专门去一趟不？除了看喂食还能干啥？
2481,spot,1126,cultural_context,成都动物园几点开门？我想早点去看山魈，怕去晚了人多。
2482,spot,1126,cultural_context,看山魈要单独买票不？还是说动物园大门票就包含了？
2483,spot,1126,cultural_context,山魈馆在动物园哪个位置？从北门进去怎么走最快？
2484,spot,1126,cultural_context,带5岁小孩去看山魈合适吗？会不会害怕它那个大花脸？
2485,spot,1126,cultural_context,周末去成都动物园看山魈好玩吗？大概能逛多久？
2486,spot,1393,travel_tips,这个景点夏天几点开门关门啊？工作日去是不是人少点？
2487,spot,1393,travel_tips,门票130块是包含所有项目吗，网上提前买能便宜多少？
2488,spot,1393,travel_tips,这边交通方便吗，坐地铁或者公交怎么过去？
2489,spot,1393,travel_tips,带6岁小孩去玩一天合适不？有没有什么需要注意的？
2490,spot,1393,travel_tips,里面主要玩些什么啊？值不值这个票价，大概能逛多久？
2491,spot,1393,description,成都水上活动中心几点开门？一般营业到好久哦？
2492,spot,1393,description,去成都水上活动中心玩，门票好多钱一张？有没得团购或者学生票？
2493,spot,1393,description,水上活动中心具体在哪个位置？坐地铁或者公交咋个去最方便？
2494,spot,1393,description,带5岁的小娃娃去水上活动中心耍，有没有适合小娃儿的浅水区或者亲子项目？
2495,spot,1393,description,成都水上活动中心里面有哪些好玩的项目？水质咋样，周末人多不多，值不值得专门跑一趟？
2496,spot,173,description,成都那些国家级景点一般几点开门关门啊？
2497,spot,173,description,去成都玩，国家级景点的门票大概多少钱一张？
2498,spot,173,description,成都的国家级景点都分布在哪些位置，怎么坐车过去方便？
2499,spot,173,description,带小孩去成都这些国家级景点合适吗，有没有特别适合亲子游的？
2500,spot,173,description,成都的国家级景点好不好玩，值不值得专门花一天去逛？
2501,spot,1393,cultural_context,国色天乡水上乐园夏天一般几点开门，晚上开到几点收场？
2502,spot,1393,cultural_context,现在去国色天乡水上乐园耍一圈，门票好多钱一张，有没有夜场票？
2503,spot,1393,cultural_context,从成都市区咋个坐地铁或者公交到温江国色天乡水上乐园？
2504,spot,1393,cultural_context,带5岁的小娃娃去国色天乡水上乐园，有没有适合小娃儿的浅水区和亲子项目？
2505,spot,1393,cultural_context,国色天乡水上乐园除了玩水，有没有那种川西民俗风情的表演或者小吃街，值不值得专门跑一趟？
2506,spot,173,travel_tips,晚上几点去合适呀？想看看夜景灯光，大概逛多久比较好？
2507,spot,173,travel_tips,这个景点是免费的吗？里面哪些项目要另外收钱？大概多少钱？
2508,spot,173,travel_tips,带5岁小孩去玩合适不？有没有什么孩子能玩的项目？
2509,spot,173,travel_tips,那个民国风情街和丝绸博物馆值得逛吗？大概要留多长时间？
2510,spot,173,travel_tips,这里坐地铁方便吗？具体在哪个位置，怎么过去最省事？
2511,spot,291,description,成都的景点一般早上几点开门？最早几点能进去？
2512,spot,291,description,带小孩去成都这些旅游景点玩合适吗？有没有亲子友好的地方？
2513,spot,291,description,成都的著名景点门票大概多少钱？有没有免费或者性价比高的？
2514,spot,291,description,从春熙路怎么去青城山或者都江堰？坐什么车最方便？
2515,spot,291,description,成都哪些景点本地人觉得好玩又不太挤？值得专门跑一趟吗？
2516,spot,173,cultural_context,锦门景区早上几点开门？门票大概多少钱一张？
2517,spot,173,cultural_context,从春熙路坐地铁或者打车去锦门方便吗？大概要多久？
2518,spot,173,cultural_context,锦门里面主要看啥子喃？除了逛丝绸文化，有没有适合带娃娃耍的项目？
2519,spot,173,cultural_context,那个南方丝绸之路起点是啥子意思？去那儿玩半天够不够，会不会很无聊？
2520,spot,173,cultural_context,锦门那边停车方便不？如果带外地朋友去，值不值得专门跑一趟？
2521,spot,291,travel_tips,杜甫草堂里的仰止堂早上几点开门？我想赶在旅行团之前去。
2522,spot,291,travel_tips,去杜甫草堂是只买草堂的门票就能进仰止堂吗，还是要单独再买票？
2523,spot,291,travel_tips,请问从春熙路坐地铁怎么到杜甫草堂？到了之后仰止堂好找吗？
2524,spot,291,travel_tips,带五岁小孩去仰止堂玩合适吗？里面台阶多不多，会不会容易滑倒？
2525,spot,291,travel_tips,听说仰止堂最好春秋季早上逛，大概逛多久比较合适？值不值得专门跑一趟？
2526,spot,291,cultural_context,仰止堂在杜甫草堂里头吗？门票是包含在草堂门票里还是要单独买？
2527,spot,291,cultural_context,请问仰止堂早上几点开门，下午几点关门？去的话大概要逛多久？
2528,spot,291,cultural_context,杜甫草堂里的仰止堂怎么走？从正门进去要坐观光车还是走路能到？
2529,spot,291,cultural_context,仰止堂里面主要看什么？就是看雕像和碑刻吗，带家里老人去会不会觉得没意思？
2530,spot,291,cultural_context,带小孩去仰止堂合适吗？有没有讲解或者互动的东西，能让孩子了解杜甫文化？
2531,spot,295,travel_tips,杜甫草堂那个景点一般几点去人少点？大概要逛多久？
2532,spot,295,travel_tips,现在去杜甫草堂门票多少钱一张？有没有淡旺季之分？
2533,spot,295,travel_tips,杜甫草堂具体在哪个位置？坐地铁或者公交怎么过去方便？
2534,spot,295,travel_tips,里面除了看茅屋还有啥好玩的？值不值得专门跑一趟？
2535,spot,295,travel_tips,带五六岁的小孩去杜甫草堂合适吗？会不会觉得无聊走不动？
2536,spot,295,cultural_context,杜甫草堂的诗史堂几点开门关门？门票多少钱？
2537,spot,295,cultural_context,诗史堂在草堂里面怎么走？从哪个门进去最近？
2538,spot,295,cultural_context,诗史堂里面主要看什么？除了杜甫像和诗集，有没有讲解或者互动？
2539,spot,295,cultural_context,带5岁小孩去诗史堂会不会太无聊？有没有适合小朋友看的点？
2540,spot,295,cultural_context,诗史堂大概要逛多久？值不值得专门为它买门票去一趟？
2541,spot,295,description,成都那些有名的景点一般几点开门？我想早点去避开人流。
2542,spot,295,description,去都江堰和青城山玩一天，门票加交通大概要花多少钱？
2543,spot,295,description,从春熙路怎么坐车去大熊猫繁育研究基地？大概要多久？
2544,spot,295,description,带5岁小孩去成都玩，哪些景点比较轻松不累，还有意思？
2545,spot,295,description,武侯祠和锦里值得专门花半天去逛吗？还是说晚上去锦里看看就够了？
2546,spot,465,description,成都那些风景名胜一般几点开门啊？
2547,spot,465,description,去都江堰或者青城山玩，门票大概多少钱一张？
2548,spot,465,description,从市区怎么坐车去西岭雪山最方便？
2549,spot,465,description,带小孩去成都大熊猫繁育研究基地合适吗？
2550,spot,465,description,武侯祠和锦里晚上去好玩不？跟白天比哪个更有意思？
2551,spot,465,travel_tips,周末去这个古镇大概几点到人少点？
2552,spot,465,travel_tips,这个古镇现在还要门票不，大概逛多久合适？
2553,spot,465,travel_tips,从成都市区怎么坐车过去方便？
2554,spot,465,travel_tips,带小孩去玩有没有啥意思，能玩啥？
2555,spot,465,travel_tips,这个季节去能看柑橘花吗，镇上那个血旺好不好吃？
2556,spot,465,cultural_context,西来古镇几点开门？需要买门票吗，大概多少钱一张？
2557,spot,465,cultural_context,从成都市里怎么坐车去西来古镇？大概要多久？
2558,spot,465,cultural_context,西来古镇好玩吗？主要看哪些明清街巷和文风塔，逛一圈要多久？
2559,spot,465,cultural_context,带小孩去西来古镇合适吗？里面有没有适合小朋友玩或者休息的地方？
2560,spot,465,cultural_context,西来古镇的交通方便吗？自驾过去停车好不好停？
2561,spot,1122,cultural_context,成都动物园的两栖爬行动物馆几点开门关门啊？
2562,spot,1122,cultural_context,进去看扬子鳄和大鲵要另外买票吗，还是包含在动物园门票里？
2563,spot,1122,cultural_context,从地铁站走过去怎么走最近？带老人去方便吗？
2564,spot,1122,cultural_context,里面除了扬子鳄和大鲵，还有啥好玩的？大概能逛多久？
2565,spot,1122,cultural_context,带5岁小孩去这个馆合适吗？会不会太暗或者味道大？
2566,spot,1122,description,成都那些有名的景点一般几点开门关门啊？想安排一天逛两三个地方，怕时间赶不上。
2567,spot,1122,description,去成都旅游，像宽窄巷子、锦里这些地方门票贵不贵？有没有免费又值得逛的？
2568,spot,1122,description,我想从春熙路出发去都江堰，坐什么车最方便？大概要多久能到？
2569,spot,1122,description,带5岁的小孩去成都玩，除了熊猫基地，还有哪些景点适合亲子游，不会太累？
2570,spot,1122,description,成都周边哪个景点现在去最好玩？人少景美的那种，不想光看人头。
2571,spot,1122,travel_tips,那个馆早上几点开啊？我打算周末去，是不是得赶早免得人挤人？
2572,spot,1122,travel_tips,这个馆的门票是单独买还是包含在动物园通票里的？大概要花多少钱？
2573,spot,1122,travel_tips,带5岁的小孩去合适吗？里面灯光暗会不会吓到娃，大概逛多久能看完？
2574,spot,1122,travel_tips,从地铁站过去怎么走最近？上午去还是下午去光线好一点？
2575,spot,1122,travel_tips,里面能不能拍照？我看网上说灯光很暗，是不是开了闪光灯会被工作人员说？
2576,spot,1124,description,成都那些著名景点一般几点开门关门啊？
2577,spot,1124,description,去成都旅游，热门景点的门票大概多少钱一张？
2578,spot,1124,description,从春熙路怎么坐车去都江堰景区？
2579,spot,1124,description,带5岁小孩去成都大熊猫基地玩合适吗？
2580,spot,1124,description,宽窄巷子和锦里哪个更好玩，值得花半天逛吗？
2581,spot,1124,cultural_context,成都动物园羚羊馆早上几点开门？
2582,spot,1124,cultural_context,去羚羊馆看扭角羚和藏羚羊要另外买票不，门票多少钱？
2583,spot,1124,cultural_context,成都动物园的羚羊馆具体在哪个位置，从北门进去怎么走？
2584,spot,1124,cultural_context,带五岁小孩去羚羊馆玩合适吗，里面有没有互动或喂食项目？
2585,spot,1124,cultural_context,羚羊馆里除了藏羚羊还有啥好玩的，逛一圈大概要多久？
2586,spot,1124,travel_tips,羚羊馆一般几点去能看到它们活动呀？是不是早上或者傍晚去最好？
2587,spot,1124,travel_tips,这个羚羊馆要单独买票不？还是包含在动物园大门票里？
2588,spot,1124,travel_tips,羚羊馆在动物园哪个位置？从北门进去好找吗？
2589,spot,1124,travel_tips,带5岁小孩去看羚羊合适吗？大概能逛多久？
2590,spot,1124,travel_tips,羚羊馆里面好玩吗？有没有什么互动或者喂食的项目？
2591,spot,1129,description,成都那些有名的景点一般早上几点开门啊？
2592,spot,1129,description,去武侯祠和锦里玩一圈大概要花多少钱？
2593,spot,1129,description,从春熙路怎么坐车去大熊猫基地最方便？
2594,spot,1129,description,都江堰和青城山一天能玩完吗，会不会太赶？
2595,spot,1129,description,带五岁小孩去成都科技馆合适吗，有没有亲子互动项目？
2596,spot,1129,travel_tips,周末上午去大羊驼展区大概要逛多久啊？
2597,spot,1129,travel_tips,大羊驼展区要单独买票不，还是包含在动物园门票里？
2598,spot,1129,travel_tips,从熊猫馆走到大羊驼展区大概多远，带娃走得动不？
2599,spot,1129,travel_tips,羊驼温顺不，小孩能不能凑近摸一下？
2600,spot,1129,travel_tips,那边地面干净吗，推婴儿车方便不？
2601,spot,1129,cultural_context,成都动物园几点开门？我想早点去看大羊驼，免得人多。
2602,spot,1129,cultural_context,看大羊驼要额外买票不？还是包含在动物园门票里？
2603,spot,1129,cultural_context,从地铁站出来怎么走到成都动物园的羊驼区？大概要走多久？
2604,spot,1129,cultural_context,大羊驼值得专门去看吗？跟羊驼有啥区别，小朋友会喜欢吗？
2605,spot,1129,cultural_context,带两岁的小孩去成都动物园看大羊驼方便吗？有没有婴儿车通道？
2606,spot,1130,description,成都动物园早上几点开门？门票多少钱一张？
2607,spot,1130,description,带小孩去成都动物园玩合适吗？里面有没有儿童游乐区？
2608,spot,1130,description,坐地铁去成都动物园方便吗？具体在哪个站下？
2609,spot,1130,description,成都动物园值得逛吗？大概要玩多久才能逛完？
2610,spot,1130,description,成都动物园门票能不能现场买？周末去会不会很多人排队？
2611,spot,1130,cultural_context,大鹿苑早上几点开门？门票多少钱一张？
2612,spot,1130,cultural_context,带小孩去大鹿苑玩合适吗？里面除了看鹿还有啥好耍的？
2613,spot,1130,cultural_context,大鹿苑具体在成都哪个位置？坐地铁或者公交怎么过去方便？
2614,spot,1130,cultural_context,大鹿苑里能近距离喂梅花鹿吗？大概逛一圈要多久？
2615,spot,1130,cultural_context,大鹿苑好玩吗？值不值得专门跑一趟？跟动物园比哪个更推荐？
2616,spot,1130,travel_tips,大鹿苑一般几点开门？早上几点去人少鹿多？
2617,spot,1130,travel_tips,去大鹿苑要门票不？大概多少钱一张？
2618,spot,1130,travel_tips,大鹿苑具体在成都哪个位置？坐地铁或者公交怎么过去方便？
2619,spot,1130,travel_tips,大鹿苑里面好玩吗？大概能逛多久？值得专门跑一趟不？
2620,spot,1130,travel_tips,带5岁小孩去大鹿苑合适吗？里面路好走不，怕滑倒摔着孩子。
2621,spot,1125,description,成都那些有名的景点一般几点开门关门啊？
2622,spot,1125,description,去成都旅游，主要景点的门票大概多少钱一张？
2623,spot,1125,description,从春熙路怎么坐车去宽窄巷子和锦里方便？
2624,spot,1125,description,带6岁小孩去成都玩，哪些景点比较合适？
2625,spot,1125,description,成都周边哪个景点好玩又不太累，适合老人去？
2626,spot,1125,cultural_context,园庭部几点开门，游客可以进去参观吗？
2627,spot,1125,cultural_context,去成都动物园的园庭部要额外买票不，门票多少钱？
2628,spot,1125,cultural_context,园庭部在动物园哪个位置，怎么走才能到那边？
2629,spot,1125,cultural_context,园庭部里面好玩吗，有没有什么值得看的景观？
2630,spot,1125,cultural_context,带小朋友去园庭部合适吗，那边安全不？
2631,spot,1125,travel_tips,园庭部那边一般啥时候能进去逛啊，开放时间具体是几点到几点？
2632,spot,1125,travel_tips,去动物园的园庭部要额外买票不，还是包含在门票里？大概多少钱？
2633,spot,1125,travel_tips,园庭部在动物园哪个位置啊，从大门口走过去要多久，怎么走最快？
2634,spot,1125,travel_tips,园庭部里面好玩吗，主要能看些啥？听说游客一般不让进，那开放的时候值得专门去一趟不？
2635,spot,1125,travel_tips,带5岁小孩去动物园，园庭部那边适合溜达吗？还是说直接跳过走主干道看动物更好？
2636,spot,1127,travel_tips,马鹿展区几点开门关门？门票要另外买吗？
2637,spot,1127,travel_tips,去马鹿展区怎么走？从熊猫基地哪个门进去最近？
2638,spot,1127,travel_tips,带小孩去马鹿展区好玩吗？大概能逛多久？
2639,spot,1127,travel_tips,马鹿展区现在这个季节去看合适吗？会不会太热看不到？
2640,spot,1127,travel_tips,马鹿展区和旁边的鹿苑是一起的吗？逛完大概要花多少钱？
2641,spot,1127,description,成都那些有名的景点一般几点开门关门啊？想安排一天的行程。
2642,spot,1127,description,去青城山或者都江堰门票大概多少钱一张？有没有学生票优惠？
2643,spot,1127,description,从春熙路怎么坐车去大熊猫基地？大概要多久？
2644,spot,1127,description,武侯祠和锦里带小孩去玩合适吗？有没有什么亲子项目？
2645,spot,1127,description,宽窄巷子到底好不好玩？值不值得专门跑一趟，还是路过看看就行？
2646,spot,1127,cultural_context,成都动物园几点开门？我想早点去看马鹿，怕去晚了它们躲起来不活动了。
2647,spot,1127,cultural_context,去成都动物园看马鹿要单独买票吗，还是门票里就包含了？门票大概多少钱一张？
2648,spot,1127,cultural_context,成都动物园在哪个位置啊？坐地铁怎么过去方便，从春熙路出发大概要多久？
2649,spot,1127,cultural_context,带5岁小孩去成都动物园看马鹿合适吗？有没有什么互动或喂食的体验项目？
2650,spot,1127,cultural_context,成都动物园的马鹿展区好玩吗？听说它们是从川西高原运来的，平时能看到它们活动吗？
2651,spot,134,description,成都那些风景名胜几点开门关门？
2652,spot,134,description,去宽窄巷子要门票吗，大概多少钱一张？
2653,spot,134,description,请问从春熙路怎么坐车到都江堰景区？
2654,spot,134,description,武侯祠和杜甫草堂哪个更适合带小孩去玩？
2655,spot,134,description,青城山风景怎么样，值不值得专门去爬一趟？
2656,spot,134,cultural_context,那边几点开门关门啊？晚上去逛会不会更漂亮？
2657,spot,134,cultural_context,这个地方要门票吗？大概多少钱一个人？
2658,spot,134,cultural_context,请问具体在成都哪个位置，坐地铁或者公交怎么过去方便？
2659,spot,134,cultural_context,现在去好玩吗？听说人气不足，会不会很冷清，值不值得专门跑一趟？
2660,spot,134,cultural_context,带小孩去合适吗？有没有什么适合小朋友玩或者拍照的地方？
2661,spot,134,travel_tips,这个地方几点开门关门呢？
2662,spot,134,travel_tips,进去耍要门票不？里面有没有要另外花钱的项目？
2663,spot,134,travel_tips,坐地铁8号线到十里店站后，具体咋个转公交去那边？
2664,spot,134,travel_tips,这个地方好不好耍？大概要逛多久才够？
2665,spot,134,travel_tips,带5岁娃儿去合适不？有没有啥子适合小娃娃耍的？
2666,spot,38,description,成都那些国家级景点一般几点开门关门？
2667,spot,38,description,去成都玩，这些国家级景点的门票大概多少钱一张？
2668,spot,38,description,成都的国家级景点都分布在哪些地方，怎么坐车去比较方便？
2669,spot,38,description,带5岁小孩去逛这些国家级景点合适吗，会不会太累？
2670,spot,38,description,网上都说成都的国家级景点好玩，到底值不值得专门去打卡？
2671,spot,38,travel_tips,这个景点几点开门关门呀？傍晚去是不是最好看？
2672,spot,38,travel_tips,进去要门票不？还是免费随便逛？里面喝茶吃饭贵不贵？
2673,spot,38,travel_tips,这个地方具体在哪儿？坐地铁或者公交怎么过去方便？
2674,spot,38,travel_tips,带五岁小孩去合适吗？有没有什么适合小朋友玩或者看的东西？
2675,spot,38,travel_tips,半天时间够玩吗？主要看什么、怎么安排路线比较舒服？值得专程跑一趟不？
2676,spot,38,cultural_context,铁像寺水街几点开门关门呢？晚上去逛方便吗？
2677,spot,38,cultural_context,去铁像寺水街要门票不？大概人均消费多少钱？
2678,spot,38,cultural_context,从春熙路坐地铁或者打车过去怎么走最快？大概要多久？
2679,spot,38,cultural_context,带小孩去铁像寺水街好玩吗？有没有适合小朋友玩或者看的东西？
2680,spot,38,cultural_context,铁像寺水街除了看寺庙和拍照，还有啥特色小吃或茶馆值得体验的？
2681,spot,86,travel_tips,请问早上几点开门呀，门票是多少钱一个人？
2682,spot,86,travel_tips,这个地方具体在哪儿哦，坐地铁方便吗，怎么过去？
2683,spot,86,travel_tips,里面大概能逛多久，好玩吗，值不值得专门跑一趟？
2684,spot,86,travel_tips,带五岁小孩进去合适不，有没有什么要注意的，比如能不能拍照？
2685,spot,86,travel_tips,如果上午去，逛完出来附近还有啥可以一起转转的？
2686,spot,86,cultural_context,青羊宫早上几点开门，下午几点关门？门票多少钱一张？
2687,spot,86,cultural_context,从春熙路坐地铁怎么去青羊宫，大概要多久？
2688,spot,86,cultural_context,带小孩去青羊宫合适吗？里面有没有什么好玩的或者需要注意的地方？
2689,spot,86,cultural_context,青羊宫除了烧香拜拜，还有啥可看的？那个八卦亭和三清殿值得逛吗？
2690,spot,86,cultural_context,听说青羊宫每年有花会和庙会，具体是啥时候办？平时去会不会很冷清？
2691,spot,194,description,成都的博物馆一般几点开门，几点关门啊？
2692,spot,194,description,去成都博物馆要门票不，大概多少钱一张？
2693,spot,194,description,成都博物馆在哪儿，坐地铁怎么过去方便？
2694,spot,194,description,成都博物馆里有什么好玩的，值不值得专门去逛一趟？
2695,spot,194,description,带小孩去成都博物馆合适吗，里面有没有适合小朋友的互动项目？
2696,spot,86,description,成都那些寺庙道观一般几点开门关门啊？想安排早上去，怕扑空。
2697,spot,86,description,去青羊宫或者文殊院门票多少钱一张？有学生票或者免票政策吗？
2698,spot,86,description,从春熙路坐地铁怎么去昭觉寺？大概要多久能到？
2699,spot,86,description,带5岁小孩去文殊院或者大慈寺合适吗？里面有没有素斋或者喂鱼这种孩子感兴趣的点？
2700,spot,86,description,听说成都有些道观可以求签喝茶，哪家环境好又不太商业化？值得专门跑一趟吗？
2701,spot,194,travel_tips,请问你们几点开门，下午去会不会太晚？
2702,spot,194,travel_tips,这个博物馆门票收多少钱，要不要提前预约？
2703,spot,194,travel_tips,坐地铁到文化宫站下来怎么走，大概要走多久？
2704,spot,194,travel_tips,里面除了看蜀绣，真的能自己上手体验吗，大概要花多长时间？
2705,spot,194,travel_tips,带5岁的小孩去合适吗，有没有那种亲子互动项目？
2706,spot,194,cultural_context,蜀锦蜀绣博物馆几点开门，门票多少钱一张？
2707,spot,194,cultural_context,这个博物馆在哪啊，坐地铁怎么过去方便？
2708,spot,194,cultural_context,带小孩去逛蜀锦蜀绣博物馆合适吗，里面有没有互动体验？
2709,spot,194,cultural_context,那个清代花楼织机看着厉害不，博物馆大概逛多久能看完？
2710,spot,194,cultural_context,网上评价说这里值得去吗，主要能看些啥子名堂？
2711,spot,254,travel_tips,请问这个寺庙早上几点开门呀？一般逛多久比较合适？
2712,spot,254,travel_tips,进去要买门票不？还是免费随便进？听说里面可以吃素斋，大概多少钱一位？
2713,spot,254,travel_tips,这个地方在成都哪个位置哦？坐地铁或者公交方便吗？怎么过去最省事？
2714,spot,254,travel_tips,带家里老人和小孩去合适不？里面会不会很吵，或者要走很多路？
2715,spot,254,travel_tips,这个寺庙到底好不好耍？除了烧香拜佛，还有啥子看点或者特色活动不？
2716,spot,254,cultural_context,石经寺早上几点开门？门票要多少钱一张？
2717,spot,254,cultural_context,从成都市区怎么坐车去石经寺，大概要多久？
2718,spot,254,cultural_context,石经寺除了烧香拜佛，有没有什么好逛的或者值得看的地方？
2719,spot,254,cultural_context,带家里老人和小孩去石经寺方便吗？里面坡多不多，走起来累不累？
2720,spot,254,cultural_context,石经寺香火旺不旺？平时人多不多，值不值得专门跑一趟？
2721,spot,254,description,成都那些寺庙道观一般早上几点开门啊？我想早点去人少一点。
2722,spot,254,description,去青羊宫或者文殊院门票要多少钱？有没有学生票或者免票政策？
2723,spot,254,description,从春熙路坐地铁去昭觉寺方便吗？大概要多久，出站后走多远？
2724,spot,254,description,带家里老人和小孩去武侯祠旁边的那个道观逛，里面台阶多不多？适合推婴儿车不？
2725,spot,254,description,成都周边有没有那种风景好、香火旺的寺庙道观？周末去烧个香顺便踏青，好玩吗？
2726,spot,400,description,成都那些风景名胜一般几点开门啊？
2727,spot,400,description,去这些景点玩一圈大概要花多少钱？
2728,spot,400,description,从市区怎么坐车去这些风景名胜最方便？
2729,spot,400,description,带小孩去这些地方合适吗，有没有什么亲子玩法？
2730,spot,400,description,这些景点到底好不好玩，值不值得专程跑一趟？
2731,spot,200,description,成都那些国家级景点一般几点开门关门啊？
2732,spot,200,description,去成都玩，这些国家级景点的门票大概多少钱一张？
2733,spot,200,description,成都的国家级景点都在哪些位置，怎么坐车过去方便？
2734,spot,200,description,带小孩去成都这些国家级景点逛，有没有特别适合亲子游的路线？
2735,spot,200,description,这些国家级景点到底好不好玩，值不值得专门花一天去打卡？
2736,spot,200,travel_tips,最近那个地方还开放吗？我看网上说暂停了，什么时候能恢复啊？
2737,spot,200,travel_tips,门票多少钱一张？有没有学生票或者老年票优惠？
2738,spot,200,travel_tips,从春熙路过去坐几路公交或者地铁能到？打车大概要多久？
2739,spot,200,travel_tips,里面好玩不？主要是看花还是有什么别的项目？玩半天够不够？
2740,spot,200,travel_tips,带5岁小孩去方便吗？有没有推车能走的路，或者适合小朋友的互动区域？
2741,spot,400,travel_tips,你们这儿一般几点开门啊？下午去的话会不会逛不完？
2742,spot,400,travel_tips,门票是60块钱一个人吗？小孩或者老人有没有优惠？
2743,spot,400,travel_tips,这个地方具体在哪儿啊？坐地铁或者公交方便到吗？
2744,spot,400,travel_tips,里面主要是看啥子喃？大概两个小时够不够耍哦？
2745,spot,400,travel_tips,带五岁的小朋友去合适不？有没有啥子互动体验能让他玩的？
2746,spot,200,cultural_context,这个花海景区几点开门关门？门票大概多少钱一个人？
2747,spot,200,cultural_context,从市区坐地铁或者公交怎么去龙泉驿那个赏花的地方？有停车场吗？
2748,spot,200,cultural_context,带5岁小孩去玩合适吗？里面有没有儿童游乐设施或者小火车之类的？
2749,spot,200,cultural_context,现在这个季节去能看到花吗？里面除了看花还有没有其他好玩的？
2750,spot,200,cultural_context,这个地方现在还好玩吗？网上评价怎么样，人多不多，值不值得专门跑一趟？
2751,spot,494,cultural_context,临邛古城几点开门？门票多少钱一张？
2752,spot,494,cultural_context,从成都市区怎么坐车去临邛古城？大概要多久？
2753,spot,494,cultural_context,临邛古城好玩吗？主要看哪些景点？
2754,spot,494,cultural_context,带小孩去临邛古城合适吗？有没有适合亲子玩的项目？
2755,spot,494,cultural_context,临邛古城逛一圈大概要多久？里面有没有讲解服务？
2756,spot,91,description,成都的博物馆一般几点开门关门呀？
2757,spot,91,description,去成都博物馆要门票不？大概多少钱一张？
2758,spot,91,description,从春熙路坐地铁怎么去成都博物馆？
2759,spot,91,description,成都博物馆里面好玩吗？值不值得专门跑一趟？
2760,spot,91,description,带6岁小孩去成都博物馆合适不？有没有亲子互动项目？
2761,spot,494,travel_tips,请问古城早上几点开门，下午关门吗？
2762,spot,494,travel_tips,这个古城要门票不？多少钱一张？
2763,spot,494,travel_tips,从成都市区怎么坐车去古城啊？
2764,spot,494,travel_tips,里面除了文君井还有啥好玩的，逛半天够不够？
2765,spot,494,travel_tips,带五岁小孩去方便吗，路好不好走？
2766,spot,400,cultural_context,川菜博物馆几点开门？门票多少钱一张？
2767,spot,400,cultural_context,这个川菜博物馆在郫都区具体怎么走？坐地铁能到吗？
2768,spot,400,cultural_context,里面除了看展览，有没有可以试吃或者自己做菜的活动？好玩吗？
2769,spot,400,cultural_context,带五岁小孩去合适吗？有没有小朋友能参与的互动项目？
2770,spot,400,cultural_context,去逛一圈大概要多久？网上评价怎么样，值不值得专门跑一趟？
2771,spot,494,description,成都那些省级风景名胜区一般早上几点开门？
2772,spot,494,description,带小孩去成都周边的省级景点玩，有没有适合亲子游的推荐？
2773,spot,494,description,成都的省级风景名胜区门票大概多少钱一张？
2774,spot,494,description,从成都市区坐车去青城山这类省级景点，交通方便吗？
2775,spot,494,description,都江堰和青城山哪个更好玩，一天能逛完吗？
2776,spot,91,cultural_context,成都自然博物馆几点开门，闭馆时间是好久？
2777,spot,91,cultural_context,去那儿门票多少钱一张，需不需要提前预约？
2778,spot,91,cultural_context,从春熙路坐地铁咋个到成都自然博物馆，大概要多久？
2779,spot,91,cultural_context,带6岁娃娃去自然博物馆合适不，里面有没有恐龙化石可以看？
2780,spot,91,cultural_context,成都自然博物馆到底好不好耍，主要能看些啥子？
2781,spot,40,description,成都那些风景名胜一般早上几点开门？
2782,spot,40,description,去成都的风景名胜玩，门票大概多少钱一张？
2783,spot,40,description,从春熙路怎么坐车去青城山或都江堰这些景点？
2784,spot,40,description,带5岁小孩去成都的风景名胜合适吗，有没有轻松点的玩法？
2785,spot,40,description,成都的宽窄巷子和锦里到底哪个更好玩，值得专门去一趟吗？
2786,spot,91,travel_tips,请问周一想去是不是不开门啊？那几点开门几点关门？
2787,spot,91,travel_tips,门票是好多钱一个人？学生证能打折不？
2788,spot,91,travel_tips,这地方在成都哪个位置哦？坐地铁方便不？
2789,spot,91,travel_tips,里面大概要逛多久？周末去是不是人挤人，值不值得专门跑一趟？
2790,spot,91,travel_tips,带5岁娃儿去合适不？里面冷不冷，要不要给娃儿带件外套？
2791,spot,40,cultural_context,双子塔的灯光秀一般几点开始？持续到几点结束？
2792,spot,40,cultural_context,去金融城双子塔看夜景要门票吗？大概多少钱一个人？
2793,spot,40,cultural_context,坐地铁去双子塔应该在哪个站下？出站后怎么走比较近？
2794,spot,40,cultural_context,双子塔除了看灯光秀，附近还有啥好玩的？值不值得专门跑一趟？
2795,spot,40,cultural_context,带小孩去看灯光秀方便吗？有没有适合小朋友玩的地方？
2796,spot,40,travel_tips,这个打卡点几点开门关门啊？晚上十点之后还能拍吗？
2797,spot,40,travel_tips,去交子公园看夜景要门票不？是免费随便进吗？
2798,spot,40,travel_tips,从地铁站怎么到交子之环啊？打车方便还是走路过去？
2799,spot,40,travel_tips,带五岁的小朋友晚上去那里看灯光合适吗？会不会太挤或者没地方坐？
2800,spot,40,travel_tips,除了拍照，那边还有啥好玩的？大概能逛多久？
2801,spot,48,description,成都那些风景名胜一般几点开门啊？
2802,spot,48,description,去成都的景点玩，门票大概多少钱一张？
2803,spot,48,description,从市区怎么坐车去这些风景名胜区？
2804,spot,48,description,这些地方带孩子去玩合适吗，有没有亲子项目？
2805,spot,48,description,成都的风景名胜区哪个最好玩，值不值得专门跑一趟？
2806,spot,48,cultural_context,交子之环几点开门？晚上去亮灯吗？
2807,spot,48,cultural_context,去交子之环要门票不？大概逛多久合适？
2808,spot,48,cultural_context,交子之环具体在哪儿？坐地铁几号线哪站下？
2809,spot,48,cultural_context,那个交子之环好不好耍？就拍拍照打个卡吗？
2810,spot,48,cultural_context,带娃去交子之环方便不？周边有没有吃饭的地方？
2811,spot,48,travel_tips,这个地方晚上几点关门？是免费进去的吗？
2812,spot,48,travel_tips,请问这个环形步道具体在哪儿？坐地铁能到吗？
2813,spot,48,travel_tips,带5岁小孩去玩合适吗？大概能逛多久？
2814,spot,48,travel_tips,白天去和晚上去差别大吗？值不值得专门跑一趟？
2815,spot,48,travel_tips,听说这里拍交子双塔特别出片，具体几点去光线最好？
2816,spot,78,travel_tips,IFS那个熊猫打卡点几点开门啊？晚上去会不会关门？
2817,spot,78,travel_tips,去IFS七楼看熊猫要买门票不？大概多少钱一个人？
2818,spot,78,travel_tips,这个熊猫拍照点具体在哪儿啊？坐地铁到哪个站，从哪边上去最快？
2819,spot,78,travel_tips,带5岁小孩去IFS看熊猫合适吗？节假日排队大概要等多久？
2820,spot,78,travel_tips,那个爬墙熊猫到底好玩不？值不值得专门跑一趟，还是路过顺便看看就行？
2821,spot,78,description,成都那些风景名胜一般几点开门关门呀？想安排一天逛两个，怕时间来不及。
2822,spot,78,description,去成都的知名景点，比如宽窄巷子、武侯祠这些，门票大概多少钱？有没有联票优惠？
2823,spot,78,description,从春熙路出发去青城山或者都江堰，坐什么车最方便？大概要多久？
2824,spot,78,description,带5岁的小孩去成都的风景名胜，像杜甫草堂或者熊猫基地，推婴儿车方便吗？有没有适合小朋友玩的项目？
2825,spot,78,description,成都周边这些风景名胜哪个最值得玩？如果只有一天时间，是选峨眉山还是乐山大佛，评价怎么样？
2826,spot,78,cultural_context,那个IFS楼顶爬墙的大熊猫几点能上去看？晚上关门吗？
2827,spot,78,cultural_context,去成都IFS看那只爬墙熊猫要门票不？大概多少钱一个人？
2828,spot,78,cultural_context,那只网红大熊猫雕塑具体在哪个位置？坐地铁几号线能到？
2829,spot,78,cultural_context,带五岁小孩去看那只爬墙熊猫方便吗？有没有适合小朋友玩的其他地方？
2830,spot,78,cultural_context,你们觉得那只爬墙熊猫到底好玩不？值不值得专门跑一趟打卡？
2831,spot,106,travel_tips,成都那个川剧演出一般晚上几点开始啊？要提前多久到场？
2832,spot,106,travel_tips,看变脸吐火的票大概多少钱一张？网上能买吗？
2833,spot,106,travel_tips,这个演出在成都哪个地方？坐地铁方便吗？
2834,spot,106,travel_tips,带5岁娃去看变脸合适不？会不会坐不住啊？
2835,spot,106,travel_tips,演出好看吗？除了变脸吐火还有啥内容？
2836,spot,106,description,成都的剧场一般几点开门？晚上演出最晚到几点结束？
2837,spot,106,description,去剧场看演出门票大概多少钱一张？有没有学生票或者亲子套票？
2838,spot,106,description,成都的影剧院和剧场具体在哪个位置？坐地铁怎么过去方便？
2839,spot,106,description,带小孩去剧场看儿童剧合适吗？有没有适合低龄小朋友的演出？
2840,spot,106,description,成都本地人推荐的剧场演出好玩吗？值不值得专门花一个晚上去看？
2841,spot,106,cultural_context,芙蓉国粹几点开始演出？一场大概多久啊？
2842,spot,106,cultural_context,看芙蓉国粹门票多少钱一张？有学生票或者儿童票优惠吗？
2843,spot,106,cultural_context,芙蓉国粹具体在成都哪个位置？坐地铁几号线能到，下车后怎么走？
2844,spot,106,cultural_context,这个川剧秀好玩吗？除了变脸吐火还有啥看头？值不值得专门跑一趟？
2845,spot,106,cultural_context,带5岁小孩去看芙蓉国粹合适吗？会不会坐不住或者被喷火吓到？
2846,spot,37,description,成都的公园一般早上几点开门，晚上几点关门呢？
2847,spot,37,description,去成都公园玩要买门票吗，大概多少钱一张？
2848,spot,37,description,从春熙路怎么坐地铁或公交去人民公园，大概要多久？
2849,spot,37,description,带5岁小孩去成都的公园玩，有没有适合亲子活动的项目？
2850,spot,37,description,成都哪个公园最值得逛，本地人推荐去哪个，好玩吗？
2851,spot,37,travel_tips,交子公园几点关门啊？是免费进的吗？
2852,spot,37,travel_tips,晚上去交子公园看灯光秀大概几点到比较合适？
2853,spot,37,travel_tips,交子公园在哪儿啊，坐地铁几号线能到？
2854,spot,37,travel_tips,带小孩去交子公园玩方便吗？里面有没有租那种亲子单车？
2855,spot,37,travel_tips,交子公园值不值得专门跑一趟？主要看啥子，逛一圈要好久？
2856,spot,37,cultural_context,交子公园早上几点开门，晚上几点关门啊？
2857,spot,37,cultural_context,去交子公园要门票不，大概多少钱一个人？
2858,spot,37,cultural_context,从春熙路坐地铁怎么去交子公园，哪个站下最近？
2859,spot,37,cultural_context,交子公园里面好玩吗，主要能看些啥子风景或建筑？
2860,spot,37,cultural_context,带5岁娃儿去交子公园耍合适不，有没有儿童游乐设施？
2861,spot,43,description,成都的购物相关场所有哪些？一般几点开门关门？
2862,spot,43,description,去这些购物场所逛，门票或者停车要多少钱？
2863,spot,43,description,从春熙路怎么坐地铁或公交到这些购物地方？
2864,spot,43,description,这些购物场所除了买东西，有没有好玩的打卡点或者特色活动？
2865,spot,43,description,带小孩去这些购物场所合适吗，有没有亲子设施或儿童游乐区？
2866,spot,49,description,成都那些风景名胜早上几点开门，晚上一般几点关门？
2867,spot,49,description,去成都的风景名胜玩，门票大概多少钱一张，有没有学生票或老人优惠？
2868,spot,49,description,成都的风景名胜分布在哪些地方，怎么坐地铁或公交过去方便吗？
2869,spot,49,description,带小孩去成都的风景名胜合适吗，里面有没有适合亲子玩的项目或步道？
2870,spot,49,description,成都的风景名胜到底好不好玩，值不值得专门花一天去逛，还是说顺路看看就行？
2871,spot,43,cultural_context,超级奈尔宝在环球中心几点开门关门啊？
2872,spot,43,cultural_context,带5岁娃去超级奈尔宝玩一天，门票大概多少钱？
2873,spot,43,cultural_context,超级奈尔宝具体在环球中心哪个位置，地铁怎么过去方便？
2874,spot,43,cultural_context,那里面的项目适合多大孩子玩？3岁半的会不会太小没得玩？
2875,spot,43,cultural_context,网上都说超级奈尔宝很火，实际体验到底怎么样，值回票价吗？
2876,spot,49,cultural_context,天府绿道早上几点开门，晚上关门到几点？
2877,spot,49,cultural_context,骑一圈天府绿道要钱不？租自行车大概多少钱？
2878,spot,49,cultural_context,天府绿道具体在哪个位置？坐地铁几号线能到？
2879,spot,49,cultural_context,带小孩去天府绿道玩合适吗？有没有儿童骑行道？
2880,spot,49,cultural_context,天府绿道好玩吗？听说很长，一天能逛完不？
2881,spot,43,travel_tips,这个亲子乐园几点开门呀？工作日去的话人会不会少点？
2882,spot,43,travel_tips,门票大概多少钱一个人？小孩和大人价格一样吗？
2883,spot,43,travel_tips,这个乐园具体在成都哪个位置？坐地铁或者公交怎么过去方便？
2884,spot,43,travel_tips,里面主要有哪些好玩的项目？适合多大岁数的小孩玩？
2885,spot,43,travel_tips,带三岁的小朋友去合适吗？需要提前预约吗，当天去能进吗？
2886,spot,49,travel_tips,这个公园几点开门关门呢？
2887,spot,49,travel_tips,进去骑车或者跑步要收钱吗？
2888,spot,49,travel_tips,从春熙路怎么坐车过去最方便？
2889,spot,49,travel_tips,带五岁小孩去玩，适合推婴儿车或者租亲子车吗？
2890,spot,49,travel_tips,锦城湖段到底好不好耍，值不值得专门跑一趟？
2891,spot,87,description,公园一般几点开门关门？
2892,spot,87,description,去这个公园要门票吗，大概多少钱？
2893,spot,87,description,打车或者坐地铁怎么去这个公园最方便？
2894,spot,87,description,公园里面好玩吗，适合带小孩去逛不？
2895,spot,87,description,这个公园大概能逛多久，有什么推荐的玩法？
2896,spot,92,travel_tips,那边几点开门？要门票不？
2897,spot,92,travel_tips,这个景点在哪儿，坐地铁怎么过去方便？
2898,spot,92,travel_tips,大概逛多久能逛完？上午去是不是人少点？
2899,spot,92,travel_tips,穿吊带裙或者短裤进去会不会不让进？
2900,spot,92,travel_tips,带五岁小孩去合适吗，顺便能逛太古里吗？
2901,spot,92,description,成都那些寺庙道观一般几点开门关门啊？想安排早上去，怕跑空。
2902,spot,92,description,去青羊宫或者文殊院门票多少钱一张？有没有学生票或者免票政策？
2903,spot,92,description,从春熙路坐地铁怎么去昭觉寺？大概要多久，出站后好找吗？
2904,spot,92,description,带家里老人和小孩去武侯祠旁边的那个道观逛，里面台阶多不多？推婴儿车方便吗？
2905,spot,92,description,网上都说成都的寺庙道观很灵，到底哪个值得去？求签解签准不准，好玩吗？
2906,spot,87,travel_tips,那个美术馆是不是要预约哦？几点关门啊，下午去来得及不？
2907,spot,87,travel_tips,这个地方门票好多钱？美术馆免费但预约是不要钱的意思吗？
2908,spot,87,travel_tips,咋个过去方便呢？坐地铁到哪站下，还是直接打车？
2909,spot,87,travel_tips,里面好不好耍？逛两三个小时够不够，傍晚看灯光是不是很安逸？
2910,spot,87,travel_tips,带五岁娃儿去合适不？园子大不大，有没有啥子适合小娃娃耍的？
2911,spot,87,cultural_context,天府艺术公园几点开门关门呀？需要提前预约吗？
2912,spot,87,cultural_context,去天府艺术公园要门票不？里面的美术馆和图书馆是免费进还是要单独买票？
2913,spot,87,cultural_context,坐地铁怎么到天府艺术公园？从哪个站下最近，出站后走路远不远？
2914,spot,87,cultural_context,天府艺术公园里面除了看展拍照，有没有啥好玩的互动项目？大概逛多久比较合适？
2915,spot,87,cultural_context,带5岁小孩去天府艺术公园合适不？有没有亲子设施或者适合小朋友的展区？
2916,spot,92,cultural_context,大慈寺早上几点开门？去的话要门票不，大概多少钱一张？
2917,spot,92,cultural_context,从春熙路怎么走到大慈寺最近？打车过去方便吗？
2918,spot,92,cultural_context,大慈寺里面除了拜佛，还有啥好玩的？听说有喝茶的地方，环境咋样？
2919,spot,92,cultural_context,带小孩去大慈寺合适不？里面有没有那种让娃儿感兴趣的壁画或者活动？
2920,spot,92,cultural_context,网上都说大慈寺是闹市里的古寺，实际去逛一圈大概要多久？值不值得专门跑一趟？
2921,spot,124,cultural_context,春熙路早上几点开门，晚上营业到几点？
2922,spot,124,cultural_context,去春熙路逛一圈大概要花多少钱，东西贵不贵？
2923,spot,124,cultural_context,从成都东站坐地铁怎么去春熙路，要换乘吗？
2924,spot,124,cultural_context,春熙路除了逛街还有啥好玩的，适合带小孩去吗？
2925,spot,124,cultural_context,春熙路到底好不好玩，本地人真的会去那里逛吗？
2926,spot,124,travel_tips,春熙路那边几点开门关门啊？晚上去是不是最好看？
2927,spot,124,travel_tips,去春熙路逛街要门票不？大概得花多少钱？
2928,spot,124,travel_tips,带娃去春熙路方便吗？有没有适合小孩子玩的地方？
2929,spot,124,travel_tips,春熙路到底有啥好玩的？值不值得专门跑一趟？
2930,spot,124,travel_tips,坐地铁到春熙路哪个站下？出站就是步行街吗？
2931,spot,124,description,成都的特色商业街一般几点开门关门啊？逛完大概要多久？
2932,spot,124,description,去这些特色商业街要门票吗，还是免费随便逛？里面的东西贵不贵？
2933,spot,124,description,从春熙路怎么坐地铁或公交去宽窄巷子那条特色商业街？
2934,spot,124,description,带5岁的小孩去锦里或建设路那种特色商业街合适吗？有没有儿童能玩的项目？
2935,spot,124,description,成都哪条特色商业街最好玩？是偏美食、拍照还是买手工艺品，值不值得专程跑一趟？
2936,spot,152,description,成都那些有名的景点一般几点开门关门啊？
2937,spot,152,description,去成都旅游，热门景点门票大概多少钱一张？
2938,spot,152,description,从春熙路怎么坐车去都江堰景区？
2939,spot,152,description,成都周边有没有适合带小孩玩一天的地方？
2940,spot,152,description,宽窄巷子和锦里哪个更好玩，值得专门去吗？
2941,spot,152,travel_tips,杜甫草堂早上几点开门？一般逛完要多久？
2942,spot,152,travel_tips,现在门票还是50块钱一张吗？含不含里面所有景点？
2943,spot,152,travel_tips,带6岁小孩去杜甫草堂合适吗？会不会觉得无聊？
2944,spot,152,travel_tips,从春熙路坐地铁怎么去杜甫草堂最方便？
2945,spot,152,travel_tips,杜甫草堂到底好玩不？值不值得专门跑一趟？
2946,spot,152,cultural_context,杜甫草堂早上几点开门？逛一圈大概要多久？
2947,spot,152,cultural_context,去杜甫草堂门票多少钱一张？老人和小孩有优惠吗？
2948,spot,152,cultural_context,杜甫草堂在成都哪个位置？坐地铁怎么过去方便？
2949,spot,152,cultural_context,带小孩去杜甫草堂合适吗？里面有没有什么互动或好玩的地方？
2950,spot,152,cultural_context,杜甫草堂到底值不值得去？听说茅屋是重建的，会不会很没意思？
2951,spot,158,travel_tips,昭觉寺早上几点开门啊？去的话大概要逛多久？
2952,spot,158,travel_tips,去昭觉寺要不要门票？是免费随便进吗？
2953,spot,158,travel_tips,坐地铁3号线到昭觉寺南路站下来，具体怎么走到昭觉寺？
2954,spot,158,travel_tips,昭觉寺里面好玩吗？除了拜佛还有没有啥值得看的？
2955,spot,158,travel_tips,带小孩去昭觉寺合适不？有啥要注意的没？
2956,spot,158,description,成都那些寺庙道观一般几点开门关门啊？我想早上去拜拜，怕扑空。
2957,spot,158,description,去青羊宫或者文殊院门票多少钱一张？有学生票或者老人优惠吗？
2958,spot,158,description,从春熙路怎么坐车去昭觉寺或者大慈寺？地铁能到不，大概要多久？
2959,spot,158,description,带6岁小孩去成都的道观寺庙逛，会不会太无聊？有没有适合亲子玩的地方？
2960,spot,158,description,成都哪个寺庙道观香火旺又清净？求推荐个值得专门去逛的，最好拍照也好看。
2961,spot,158,cultural_context,这个寺庙几点开门关门呢？门票贵不贵，大概多少钱一张？
2962,spot,158,cultural_context,从春熙路过去怎么坐车最方便？地铁能到吗？
2963,spot,158,cultural_context,里面大不大，逛一圈要多久？有什么特别值得看的古迹或者老树吗？
2964,spot,158,cultural_context,带五岁小孩去合适不？会不会太无聊，有没有平坦的路可以推婴儿车？
2965,spot,158,cultural_context,网上评价怎么样？值不值得专门跑一趟，还是顺路看看就行？
2966,spot,164,description,成都那些著名景点一般几点开门关门啊？
2967,spot,164,description,去青城山或者都江堰玩一天，门票大概要花多少钱？
2968,spot,164,description,从春熙路怎么坐车去大熊猫繁育研究基地？
2969,spot,164,description,带五岁小孩去成都科技馆或者动物园，哪个更合适？
2970,spot,164,description,宽窄巷子和锦里哪个更好玩，晚上去是不是更有意思？
2971,spot,164,cultural_context,麓湖生态城的红砂岩公园早上几点开门？晚上到几点关门？
2972,spot,164,cultural_context,去这个公园要买门票吗？大概多少钱一个人？
2973,spot,164,cultural_context,这个公园具体在麓湖生态城哪个位置？坐地铁或者开车怎么去方便？
2974,spot,164,cultural_context,里面那个红色岩石地貌的公园好玩吗？主要能逛些什么？
2975,spot,164,cultural_context,带五岁小孩去那儿合适吗？有没有儿童设施或者适合野餐的地方？
2976,spot,164,travel_tips,麓湖生态城那个红石公园，周末去要不要提前预约？门票是免费的吗？
2977,spot,164,travel_tips,请问麓湖的红石景观下午几点去光线最好？一般逛多久比较合适？
2978,spot,164,travel_tips,带小孩去玩的话，园区里允许推婴儿车吗？宠物能带进去不？
2979,spot,164,travel_tips,那个红石公园具体在麓湖哪个位置？坐地铁过去方便吗，还是要打车？
2980,spot,164,travel_tips,网上都说红石景观很特别，实际去拍照效果怎么样？非周末人少的时候体验好吗？
2981,spot,188,description,成都那些有名的风景名胜一般早上几点开门啊？
2982,spot,188,description,去都江堰或者青城山这类景点，门票大概多少钱一张？
2983,spot,188,description,从市区坐地铁或者公交去武侯祠方便吗，大概要多久？
2984,spot,188,description,带5岁的小孩去成都动物园或者大熊猫基地玩，合适吗？会不会太累？
2985,spot,188,description,宽窄巷子和锦里到底哪个更好玩？第一次去成都的话更推荐先去哪个？
2986,spot,188,travel_tips,大熊猫基地早上几点开门？几点去人少一点？
2987,spot,188,travel_tips,去那个熊猫基地看熊猫要单独买门票不？大概多少钱一张？
2988,spot,188,travel_tips,从春熙路怎么坐车过去方便？地铁能到吗？
2989,spot,188,travel_tips,里面除了看大熊猫还有啥好玩的？逛一圈大概要多久？
2990,spot,188,travel_tips,带5岁娃去合适不？推婴儿车方便吗？有啥要注意的？
2991,spot,188,cultural_context,大熊猫6号别墅早上几点开门？参观需要另外买票吗？
2992,spot,188,cultural_context,从春熙路坐地铁怎么去大熊猫基地，到了里面6号别墅好找吗？
2993,spot,188,cultural_context,带5岁小孩去大熊猫6号别墅看成年熊猫，推婴儿车方便吗？
2994,spot,188,cultural_context,大熊猫6号别墅的熊猫一般几点出来活动？什么时间段去看到它们的机会最大？
2995,spot,188,cultural_context,这个6号别墅和别的熊猫馆比起来好玩在哪？大概能逛多久？
2996,spot,326,description,成都的博物馆一般几点开门关门？需要提前预约吗？
2997,spot,326,description,这些博物馆门票多少钱？有没有免费开放的日子？
2998,spot,326,description,从春熙路坐地铁去最近的博物馆怎么走？大概要多久？
2999,spot,326,description,带5岁的小朋友去逛成都的博物馆合适吗？有没有儿童互动区？
3000,spot,326,description,成都博物馆和四川博物院哪个更值得先去？里面有什么好玩的镇馆之宝？
3001,spot,326,travel_tips,早上几点去熊猫基地比较合适？是先看熊猫还是先逛博物馆？
3002,spot,326,travel_tips,熊猫基地的门票是多少钱？里面那个博物馆还要另外买票不？
3003,spot,326,travel_tips,这个熊猫博物馆具体在基地哪个位置？进去之后怎么走比较顺路？
3004,spot,326,travel_tips,带5岁的小孩去熊猫基地和那个博物馆，大概能玩多久？小孩会觉得有意思吗？
3005,spot,326,travel_tips,从春熙路坐地铁或者打车去熊猫基地方便吗？大概要多久到？
3006,spot,326,cultural_context,成都大熊猫博物馆几点开门关门？需要提前预约吗？
3007,spot,326,cultural_context,去成都大熊猫博物馆门票多少钱？小孩和老人有优惠吗？
3008,spot,326,cultural_context,成都大熊猫博物馆具体在哪个位置？坐地铁或者公交怎么去方便？
3009,spot,326,cultural_context,带5岁小孩去成都大熊猫博物馆好玩吗？里面有没有互动体验或者讲解？
3010,spot,326,cultural_context,成都大熊猫博物馆值不值得专门去一趟？大概能逛多久，里面主要看什么？
3011,spot,1131,description,成都那些著名的景点一般早上几点开门啊？
3012,spot,1131,description,去武侯祠和宽窄巷子玩一圈，门票大概要花多少钱？
3013,spot,1131,description,从春熙路出发，怎么坐车去都江堰景区最方便？
3014,spot,1131,description,带五岁的小孩去大熊猫繁育研究基地合适吗，会不会太累？
3015,spot,1131,description,青城山和峨眉山哪个更好玩，一天时间够不够爬完？
3016,spot,1131,travel_tips,美洲红鹮展区早上几点开门？晴天上午去是不是最好？
3017,spot,1131,travel_tips,看美洲红鹮要另外买票不，还是包含在动物园门票里？
3018,spot,1131,travel_tips,从北门进去怎么走到美洲红鹮展区？大概要走多久？
3019,spot,1131,travel_tips,带5岁小孩去看美洲红鹮合适吗？展区那边好不好推婴儿车？
3020,spot,1131,travel_tips,美洲红鹮值得专门去一趟吗？跟火烈鸟比哪个更出片？
3021,spot,1131,cultural_context,成都动物园几点开门？我想早点去看那个红红的鸟，免得人多。
3022,spot,1131,cultural_context,动物园门票多少钱一张？带我妈去，她超过60岁了有没有优惠？
3023,spot,1131,cultural_context,想问下成都动物园在哪个位置？坐地铁几号线能到，出站后要走多久？
3024,spot,1131,cultural_context,那个全身通红的美洲红鹮好玩吗？值得专门去看一眼不，还是顺路看看就行？
3025,spot,1131,cultural_context,带5岁小孩去成都动物园合适不？看美洲红鹮那边有没有喂食表演或者讲解？
3026,spot,1132,description,成都那些有名的景点一般早上几点开门？我想早点去避开人流。
3027,spot,1132,description,去都江堰或者青城山玩一趟，门票大概多少钱？有没有学生票优惠？
3028,spot,1132,description,从春熙路怎么坐车去大熊猫繁育研究基地？地铁能到吗？
3029,spot,1132,description,宽窄巷子和锦里哪个更好玩？第一次去成都选哪个更值得逛？
3030,spot,1132,description,带5岁小孩去成都，除了动物园和科技馆，还有哪些景点适合亲子游？
3031,spot,1132,travel_tips,薮猫展区下午几点去能看到它们活动啊？
3032,spot,1132,travel_tips,看薮猫要单独买票不，还是包含在动物园门票里？
3033,spot,1132,travel_tips,从熊猫基地南门走到薮猫展区大概要多久，路上有指示牌吗？
3034,spot,1132,travel_tips,带五岁小孩去看薮猫合适吗，会不会等太久孩子没耐心？
3035,spot,1132,travel_tips,薮猫展区好玩吗，值不值得专门绕过去看一圈？
3036,spot,1132,cultural_context,成都动物园几点开门啊？我想早点去看薮猫，怕去晚了人太多。
3037,spot,1132,cultural_context,去成都动物园看薮猫，门票多少钱一张？小孩和老人有优惠吗？
3038,spot,1132,cultural_context,成都动物园在哪个位置？坐地铁或者公交怎么去最方便？
3039,spot,1132,cultural_context,那个薮猫好玩吗？听说腿特别长，实际看着会不会很呆萌？
3040,spot,1132,cultural_context,带5岁小孩去看薮猫合适吗？园里有没有讲解或者互动活动？
3041,spot,1134,description,成都那些有名的景点一般早上几点开门啊？想安排行程怕去太早吃闭门羹。
3042,spot,1134,description,去武侯祠和锦里玩一圈大概要花多少钱？门票、吃饭加一起人均预算多少合适？
3043,spot,1134,description,从春熙路怎么坐地铁或公交去大熊猫基地？大概要多久到？
3044,spot,1134,description,都江堰景区带孩子去玩合适吗？里面走路多不多，有没有适合小朋友的互动项目？
3045,spot,1134,description,宽窄巷子和锦里哪个更值得逛？本地人更推荐去哪个，还是说两个都差不多？
3046,spot,1134,travel_tips,白沙长角羚展区几点开门？喂食时间是固定的吗？
3047,spot,1134,travel_tips,去这个展区要另外买门票不？还是包含在动物园门票里？
3048,spot,1134,travel_tips,从动物园大门走到白沙长角羚展区大概多远？有观光车能到吗？
3049,spot,1134,travel_tips,带5岁小孩去看长角羚合适不？展区那边安全吗？
3050,spot,1134,travel_tips,这个展区好玩吗？除了看喂食，还有啥别的能互动或拍照的？
3051,spot,1134,cultural_context,成都动物园几点开门？我想去看白沙长角羚，早上几点去人少一些？
3052,spot,1134,cultural_context,看白沙长角羚要另外买票吗？门票多少钱一张？
3053,spot,1134,cultural_context,成都动物园在哪个位置？坐地铁怎么去方便？
3054,spot,1134,cultural_context,白沙长角羚长啥样？听说角很长很弯，现场看好玩吗？
3055,spot,1134,cultural_context,带5岁小孩去看白沙长角羚合适吗？动物园里有没有讲解或者互动？
3056,spot,1137,description,成都那些有名的景点一般早上几点开门啊？我想早点去避开人流。
3057,spot,1137,description,去都江堰或者青城山，门票大概多少钱一张？学生证有优惠吗？
3058,spot,1137,description,从春熙路怎么坐地铁或公交去宽窄巷子最方便？大概要多久？
3059,spot,1137,description,带5岁的小孩去成都玩，熊猫基地和大熊猫繁育研究基地哪个更适合？里面推婴儿车方便吗？
3060,spot,1137,description,武侯祠和锦里逛一圈大概要多久？里面有没有什么必看的亮点，值不值得专门买票进去？
3061,spot,1137,travel_tips,岩羊展区一般几点去能看到它们跳来跳去？上午去是不是最好？
3062,spot,1137,travel_tips,看岩羊要另外买票不？还是含在动物园大门票里？
3063,spot,1137,travel_tips,岩羊展区在假山区具体咋走？从熊猫馆过去大概多远？
3064,spot,1137,travel_tips,带5岁娃去看岩羊合适不？那边护栏安全吗，娃会不会爬上去？
3065,spot,1137,travel_tips,岩羊展区好玩吗？大概能逛多久，会不会很快就看完了？
3066,spot,1137,cultural_context,成都动物园早上几点开门？我想早点去人少点看岩羊。
3067,spot,1137,cultural_context,看岩羊要单独买票不？还是动物园大门票就包含了？
3068,spot,1137,cultural_context,岩羊展区在动物园哪个位置？从北门进去怎么走最快？
3069,spot,1137,cultural_context,带5岁小孩去看岩羊合适吗？展区那边会不会太晒或者没地方坐？
3070,spot,1137,cultural_context,那个岩羊的假山做得逼真吗？拍照出片不？周末去人多不多？
3071,spot,1138,cultural_context,成都动物园几点开门？我想早点去看羊驼。
3072,spot,1138,cultural_context,去成都动物园看羊驼，门票多少钱一张？
3073,spot,1138,cultural_context,成都动物园里羊驼在哪个区域？怎么走最快能找到？
3074,spot,1138,cultural_context,带5岁小孩去成都动物园看羊驼好玩吗？能喂食吗？
3075,spot,1138,cultural_context,成都动物园看羊驼值不值得专门跑一趟？游客评价怎么样？
3076,spot,1138,travel_tips,羊驼区周末人多不多？上午去还是中午去体验更好？一般要逛多久？
3077,spot,1138,travel_tips,进去喂羊驼的饲料是单独买吗？大概多少钱一份？
3078,spot,1138,travel_tips,羊驼区具体在园区哪个位置？从正门过去怎么走最快？
3079,spot,1138,travel_tips,带5岁小孩去喂羊驼合适吗？互动安全不？需要特别注意啥？
3080,spot,1138,travel_tips,羊驼区好玩吗？值不值得专门去一趟？听说可以买饲料喂，是真的吗？
3081,spot,1138,description,成都那些有名的景点一般几点开门关门啊？想安排一天行程，怕去太早或太晚扑空。
3082,spot,1138,description,去成都玩，像宽窄巷子、锦里、武侯祠这些地方门票大概要多少钱？有没有免费或者半价的时候？
3083,spot,1138,description,从春熙路出发去大熊猫繁育研究基地怎么坐车最方便？打车大概多少钱，要多久？
3084,spot,1138,description,带6岁小孩去成都，除了熊猫基地，还有哪些景点适合亲子玩？会不会太累或者没意思？
3085,spot,1138,description,网上都说都江堰和青城山值得去，到底好玩吗？一天来回够不够，还是得住一晚？
3086,spot,1139,description,成都那些热门景点一般几点开门关门？我想安排一天逛两三个地方，怕时间来不及。
3087,spot,1139,description,去都江堰和青城山玩一天，门票分别多少钱？有没有学生票或者联票优惠？
3088,spot,1139,description,从春熙路怎么坐车去熊猫基地最方便？打车大概要多久，大概花多少钱？
3089,spot,1139,description,带5岁小孩去成都玩三天，除了熊猫基地和科技馆，还有哪些景点适合亲子游？会不会太累？
3090,spot,1139,description,武侯祠和锦里好玩吗？值不值得专门花半天去逛？还是说晚上去更好？
3091,spot,1139,cultural_context,成都动物园早上几点开门？我想早点去避开人流。
3092,spot,1139,cultural_context,去成都动物园看鸸鹋要另外买票吗，还是大门票就包含了？
3093,spot,1139,cultural_context,从春熙路坐地铁怎么到成都动物园？大概要多久？
3094,spot,1139,cultural_context,成都动物园的鸸鹋区好玩吗？值不值得专门带孩子去看？
3095,spot,1139,cultural_context,带三岁小孩去看鸸鹋合适吗？园里有没有推车方便的路？
3096,spot,1139,travel_tips,动物园一般几点去比较合适，会不会太晒？
3097,spot,1139,travel_tips,现在门票还是20块钱一张吗，包含所有展区不？
3098,spot,1139,travel_tips,请问鸸鹋区在哪个门附近啊，从北门进去顺路吗？
3099,spot,1139,travel_tips,带5岁小孩去逛这个动物园，大概能玩多久，值不值得专程跑一趟？
3100,spot,1139,travel_tips,坐地铁或者公交去成都动物园方便吗，下车后要走多远？
3101,spot,1140,travel_tips,双峰驼展区早上几点开门？
3102,spot,1140,travel_tips,看双峰驼要另外买票不，还是包含在门票里？
3103,spot,1140,travel_tips,从园区大门走到双峰驼展区大概要多久，有没有观光车到？
3104,spot,1140,travel_tips,带五岁小孩去双峰驼那边好玩吗，能喂胡萝卜不？
3105,spot,1140,travel_tips,双峰驼展区夏天去会不会很晒，有遮阴的地方吗？
3106,spot,1140,description,成都的景点一般早上几点开门？去的话需要提前预约吗？
3107,spot,1140,description,去成都旅游，那些热门景点的门票大概多少钱一张？有没有免费开放的日子？
3108,spot,1140,description,从春熙路怎么坐车去宽窄巷子？坐地铁方便还是打车划算？
3109,spot,1140,description,成都哪些景点适合带小孩去玩？有没有既能看熊猫又能让孩子跑得开的地方？
3110,spot,1140,description,都江堰和青城山一天时间够玩吗？两个地方先逛哪个体验更好？
3111,spot,1140,cultural_context,骆驼展区几点开门？我想赶早去人少的时候看。
3112,spot,1140,cultural_context,看骆驼要单独买票不？还是包含在成都博物馆通票里头？
3113,spot,1140,cultural_context,从春熙路坐地铁怎么到那个有骆驼的展馆？大概要多久？
3114,spot,1140,cultural_context,这个骆驼展区好玩吗？带5岁娃去会不会觉得无聊？
3115,spot,1140,cultural_context,听说这骆驼是配合南方丝绸之路展出的，实际看起来震撼不？值不值得专门跑一趟？
3116,spot,1142,description,成都那些有名的景点一般几点开门啊？我想早点去避开人流。
3117,spot,1142,description,去武侯祠和锦里玩一圈，门票大概要花多少钱？学生证有优惠不？
3118,spot,1142,description,从春熙路打车去都江堰景区大概要多久？有没有直达的地铁或公交？
3119,spot,1142,description,带5岁小孩去成都大熊猫基地方便吗？里面推婴儿车好不好走？
3120,spot,1142,description,青城山和峨眉山哪个更适合一天来回玩？风景和体验差别大不大？
3121,spot,1142,travel_tips,成都动物园那个狼展区几点去看最好啊？早上还是傍晚？
3122,spot,1142,travel_tips,看狼要另外给钱不，还是说买20块的门票就能直接进？
3123,spot,1142,travel_tips,狼展区在动物园里面哪个位置，从哪个门进去走多久能到？
3124,spot,1142,travel_tips,带5岁小孩去狼展区玩合适吗，会不会太无聊或者不安全？
3125,spot,1142,travel_tips,周末去成都动物园看狼，人多不多，大概要排多久队？
3126,spot,1143,description,成都动物园早上几点开门？门票多少钱一张？
3127,spot,1143,description,带小孩去成都动物园玩大半天够不够？里面有没有推婴儿车方便的路？
3128,spot,1143,description,坐地铁去成都动物园应该在哪一站下？出站后怎么走到门口？
3129,spot,1143,description,成都动物园里最值得看的是哪些动物？有没有大熊猫和长颈鹿？
3130,spot,1143,description,周末去成都动物园人多不多？大概要逛多久才能全部看完？
3131,spot,1142,cultural_context,成都动物园几点开门？我想带娃去看看那个讲狼的科普展板，早上几点去人少些？
3132,spot,1142,cultural_context,去成都动物园看狼的科普介绍要另外买票不，还是门票里就包含了？大概多少钱一张？
3133,spot,1142,cultural_context,成都动物园在哪个位置哦？坐地铁几号线能到，下车后走好久？
3134,spot,1142,cultural_context,那个介绍狼的科普展板好玩吗？是光看文字还是有点互动，适合带五六岁的小娃娃不？
3135,spot,1142,cultural_context,成都动物园里看狼的展区好不好找？从哪个门进去最近，逛一圈大概要花多长时间？
3136,spot,1144,description,成都那些热门景点一般几点开门关门啊？
3137,spot,1144,description,去武侯祠和宽窄巷子玩一圈，门票大概要花多少钱？
3138,spot,1144,description,从春熙路怎么坐车去都江堰景区最方便？
3139,spot,1144,description,带5岁小孩去成都科技馆和熊猫基地，哪个更合适？
3140,spot,1144,description,青城山和峨眉山哪个好玩，一天能爬完吗？
3141,spot,1143,cultural_context,海豹馆早上几点开门？关门时间是多久？
3142,spot,1143,cultural_context,去成都动物园看海豹要单独买票不？还是大门票就包含了？
3143,spot,1143,cultural_context,海豹馆在动物园里面具体咋走？从北门进去要多久？
3144,spot,1143,cultural_context,里面海豹多不多？有没有表演或者喂食互动可以看？
3145,spot,1143,cultural_context,带3岁娃去逛海豹馆合适吗？会不会太挤或者看不到？
3146,spot,1143,travel_tips,海豹馆的喂食表演是每天都有吗？具体是上午10点半和下午2点半开始是吧，需要提前多久去占位置啊？
3147,spot,1143,travel_tips,去海豹馆看表演要另外买门票吗，还是包含在海洋馆的大门票里？大概多少钱一个人？
3148,spot,1143,travel_tips,海豹馆在公园的哪个位置啊，从正门走过去要多久？有没有摆渡车或者指示牌？
3149,spot,1143,travel_tips,带三岁的小孩去海豹馆合适吗？里面会不会很挤，有没有休息的地方？大概能玩多长时间？
3150,spot,1143,travel_tips,夏天带老人去海豹馆避暑怎么样？里面是不是特别凉快？除了看喂食，还有别的互动项目吗？
3151,spot,1144,cultural_context,成都动物园几点开门关门？美洲豹展区大概几点能看到它们活动？
3152,spot,1144,cultural_context,去成都动物园看美洲豹要多少钱一张门票？小孩和老人有优惠吗？
3153,spot,1144,cultural_context,成都动物园在哪个位置？坐地铁或公交怎么去最方便？
3154,spot,1144,cultural_context,成都动物园的美洲豹好养吗？现场看会不会很无聊，大概能玩多久？
3155,spot,1144,cultural_context,带5岁小孩去成都动物园看美洲豹合适吗？有没有讲解或互动活动？
3156,spot,1144,travel_tips,美洲豹展区下午几点去比较好？大概能逛多久啊？
3157,spot,1144,travel_tips,这个美洲豹展区门票是包含在20块里，还是另外要单独买？
3158,spot,1144,travel_tips,从熊猫基地正门走到美洲豹展区大概要多久？有没有观光车能到？
3159,spot,1144,travel_tips,带5岁小孩去看美洲豹安不安全？玻璃隔着牢不牢靠，会不会拍玻璃吓到它？
3160,spot,1144,travel_tips,有人去过美洲豹展区吗？里面除了看豹子还有没有别的互动项目，值不值得专门跑一趟？
3161,spot,1145,description,成都那些热门景点一般早上几点开门？我想早点去避开人流。
3162,spot,1145,description,去都江堰和青城山玩一天，门票加起来大概要多少钱？
3163,spot,1145,description,从春熙路怎么坐车去大熊猫基地最方便？打车大概多久？
3164,spot,1145,description,带5岁小孩去成都科技馆和博物馆，哪个更适合亲子游？
3165,spot,1145,description,宽窄巷子和锦里哪个更好玩？晚上去会不会更热闹？
3166,spot,1145,cultural_context,成都动物园的类人猿馆早上几点开门啊？
3167,spot,1145,cultural_context,看黑猩猩和猩猩要单独买票不，还是包含在动物园门票里？
3168,spot,1145,cultural_context,类人猿馆在动物园哪个位置，从北门进去怎么走最近？
3169,spot,1145,cultural_context,带五岁娃去类人猿馆好玩吗，能看到它们活动不？
3170,spot,1145,cultural_context,周末去类人猿馆人多不多，大概逛多久比较合适？
3171,spot,1145,travel_tips,上午几点去类人猿馆比较好？能看到猴子最活跃的样子吗？
3172,spot,1145,travel_tips,类人猿馆要单独买票不？还是包含在成都动物园大门票里？
3173,spot,1145,travel_tips,从熊猫馆走到类人猿馆大概要多久？园内有指示牌吗？
3174,spot,1145,travel_tips,带5岁小孩去逛类人猿馆合适吗？里面会不会很吵或者味道大？
3175,spot,1145,travel_tips,类人猿馆好玩吗？大概逛多久能看完？有讲解员吗？
3176,spot,36,description,这个商务写字楼几点开门关门呢？周末对外开放吗？
3177,spot,36,description,进去参观或者上楼要收费吗？大概多少钱一个人？
3178,spot,36,description,这个写字楼在成都哪个位置？坐地铁怎么去最方便？
3179,spot,36,description,里面有什么好玩的吗？是只能看外观还是可以进去逛？
3180,spot,36,description,带小孩去这里合适吗？有没有适合小朋友看的或者休息的地方？
3181,spot,41,description,成都的公园一般早上几点开门？晚上会关门吗？
3182,spot,41,description,去成都的公园玩要收门票吗，大概多少钱一个人？
3183,spot,41,description,从春熙路坐地铁怎么去人民公园，大概要多久？
3184,spot,41,description,带5岁小孩去成都哪个公园最合适，有没有儿童游乐设施？
3185,spot,41,description,成都的公园里除了散步，有没有划船、喝茶或者看花这类好耍的项目？
3186,spot,41,cultural_context,桂溪生态公园早上几点开门，晚上关门到几点？
3187,spot,41,cultural_context,去桂溪生态公园要门票不，大概多少钱一个人？
3188,spot,41,cultural_context,坐地铁去桂溪生态公园方便吗，最近的地铁站是哪个？
3189,spot,41,cultural_context,桂溪生态公园好不好耍，带小孩去有沙坑或者游乐设施吗？
3190,spot,41,cultural_context,公园里能搭帐篷或者野餐不，周末人多不多？
3191,spot,41,travel_tips,请问这个公园早上几点开门啊？晚上关门吗？
3192,spot,41,travel_tips,进去耍要门票不？大概好多钱一个人？
3193,spot,41,travel_tips,这个地方在成都哪个位置哦？坐地铁或者公交咋个去方便？
3194,spot,41,travel_tips,里面好不好耍？适合带娃儿去不？有没有啥子亲子项目？
3195,spot,41,travel_tips,园区那么大，走路累不累？可以租自行车骑不？大概逛一圈要多久？
3196,spot,75,description,成都那些热门景点一般几点开门啊？早上几点去人少点？
3197,spot,75,description,去成都旅游，像武侯祠、熊猫基地这些地方门票大概多少钱一张？有学生票吗？
3198,spot,75,description,从春熙路怎么坐车去都江堰或者青城山？大概要多久？
3199,spot,75,description,带5岁的小孩去成都玩，哪些景点比较适合小朋友？会不会太累？
3200,spot,75,description,宽窄巷子和锦里哪个更好玩？晚上去是不是更有意思？
3201,spot,75,travel_tips,东安湖那边几点开门啊？晚上去能看到喷泉吗？
3202,spot,75,travel_tips,去东安湖玩要门票不？大概逛一圈要花多少钱？
3203,spot,75,travel_tips,带小孩去东安湖体育公园那边方便吗？有没有适合娃玩的？
3204,spot,75,travel_tips,从市区坐地铁怎么到东安湖？到了之后是走路还是租车环湖好？
3205,spot,75,travel_tips,东安湖到底好不好玩？半天时间够不够，值不值得专门跑一趟？
3206,spot,75,cultural_context,这个度假区每天几点开门，晚上水幕光影秀到几点结束？
3207,spot,75,cultural_context,带老人和小孩进去玩，门票多少钱一张，有没有家庭套票？
3208,spot,75,cultural_context,从春熙路怎么坐地铁或者公交过去？自驾停车方便吗？
3209,spot,75,cultural_context,里面除了看水幕秀，还有哪些适合亲子互动玩的项目？
3210,spot,75,cultural_context,周末去人多不多？值不值得专门跑一趟，大概能逛几个小时？
3211,spot,80,travel_tips,请问你们几点开门，最晚几点能进去？
3212,spot,80,travel_tips,门票大概多少钱一个人，包含讲解吗？
3213,spot,80,travel_tips,这个地方在成都哪里，坐地铁能到不？
3214,spot,80,travel_tips,下午那个模拟飞行体验好玩吗，需要提前多久预约？
3215,spot,80,travel_tips,带五岁小孩去合适吗，大概逛两个小时够不够？
3216,spot,80,description,成都的博物馆一般几点开门，闭馆时间是好久呢？
3217,spot,80,description,去成都博物馆门票要多少钱，需不需要提前预约？
3218,spot,80,description,从春熙路坐地铁怎么去成都博物馆，下车后走好久能到？
3219,spot,80,description,带6岁的小孩去成都博物馆耍，有没有适合娃娃的互动项目，会不会太无聊？
3220,spot,80,description,成都博物馆里头除了看文物，有没有啥子好耍的临展或者网红打卡点，值不值得专门跑一趟？
3221,spot,80,cultural_context,这个航空主题博物馆几点开门关门啊？
3222,spot,80,cultural_context,门票多少钱一张，有没有学生票或者亲子套票？
3223,spot,80,cultural_context,这个地方具体在成都哪个位置，坐地铁或者公交怎么过去方便？
3224,spot,80,cultural_context,里面除了看飞机，有没有模拟驾驶那种可以亲自上手玩的项目？
3225,spot,80,cultural_context,带6岁小孩去逛合适吗，会不会太枯燥，大概能玩多久？
3226,spot,94,description,成都的公园一般早上几点开门？晚上关门吗？
3227,spot,94,description,去成都的公园玩要收门票吗，大概多少钱一个人？
3228,spot,94,description,带小孩去成都的公园合适吗？有没有儿童游乐设施？
3229,spot,94,description,从春熙路怎么坐车去人民公园？大概要多久？
3230,spot,94,description,成都哪个公园最好玩？网上评价比较高的是哪些？
3231,spot,94,cultural_context,东安湖公园早上几点开门，晚上几点关门呢？
3232,spot,94,cultural_context,去东安湖公园要门票吗，大概多少钱一个人？
3233,spot,94,cultural_context,从春熙路坐地铁怎么去东安湖公园，大概要多久？
3234,spot,94,cultural_context,东安湖公园里面除了看湖和体育场，有啥好玩的或拍照打卡点吗？
3235,spot,94,cultural_context,带5岁小孩去东安湖公园玩，有儿童游乐设施或者适合遛娃的地方吗？
3236,spot,115,travel_tips,IFS楼顶那个熊猫打卡点几点开门啊？晚上去能看到灯光吗？
3237,spot,115,travel_tips,去IFS顶楼看熊猫要买门票不？大概要排多久队？
3238,spot,115,travel_tips,这个熊猫拍照点具体在哪个位置？从地铁站怎么走过去最方便？
3239,spot,115,travel_tips,带5岁小朋友去IFS楼顶看熊猫合适吗？会不会人太多挤到娃？
3240,spot,115,travel_tips,那个大熊猫雕塑到底好不好玩？值不值得专门跑一趟？
3241,spot,115,description,成都那些风景名胜区一般几点开门关门啊？
3242,spot,115,description,去这些景点玩一圈大概要花多少钱，门票贵不贵？
3243,spot,115,description,从春熙路出发，坐地铁或者公交怎么去这些风景名胜最方便？
3244,spot,115,description,带5岁的小孩去这些地方逛，会不会太累或者不适合？
3245,spot,115,description,这些风景名胜到底好不好玩，值不值得专门跑一趟？
3246,spot,94,travel_tips,请问这个景点是免费的吗？大概几点开门，傍晚去玩到几点合适？
3247,spot,94,travel_tips,周末晚上去的话，那个音乐喷泉是几点开始呀？需要另外买票不？
3248,spot,94,travel_tips,这个地方在成都哪个位置啊，坐地铁方便吗？还是打车过去比较好？
3249,spot,94,travel_tips,园区里面能租那种电瓶车吗？多少钱一个小时，带老人小孩逛起来累不累？
3250,spot,94,travel_tips,夏天去蚊子多不多？可以自己带个垫子坐草坪上野餐吗，还是说禁止露营就不能铺垫子？
3251,spot,125,description,成都的城市广场一般几点开放？晚上去逛安全吗？
3252,spot,125,description,去天府广场坐地铁几号线能到？附近好停车不？
3253,spot,125,description,成都的城市广场门票多少钱？进去要预约吗？
3254,spot,125,description,带小孩去城市广场玩合适吗？有没有喷泉或者鸽子可以看？
3255,spot,125,description,成都哪个城市广场最热闹？一般晚上有什么表演或活动吗？
3256,spot,125,cultural_context,天府广场早上几点开门？晚上会不会关门？
3257,spot,125,cultural_context,去天府广场要门票吗？周围那些科技馆、美术馆是免费进还是要单独买票？
3258,spot,125,cultural_context,坐地铁到天府广场从哪个出口出来最近？周边好停车吗？
3259,spot,125,cultural_context,带五岁小孩去天府广场玩大半天，有什么适合孩子看或参与的项目？
3260,spot,125,cultural_context,天府广场除了看毛主席像和太极图案，还有啥好玩的？大概能逛多久，值不值得专门跑一趟？
3261,spot,136,description,成都的博物馆一般几点开门关门啊？
3262,spot,136,description,去成都博物馆要门票不，大概多少钱一张？
3263,spot,136,description,从春熙路咋个坐车到成都博物馆，方便不？
3264,spot,136,description,成都博物馆里头有啥子好耍的，值不值得专门跑一趟？
3265,spot,136,description,带五岁娃娃去成都博物馆合适不，有没有亲子互动项目？
3266,spot,125,travel_tips,天府广场那边几点开门哇，白天去的话有没有时间限制？
3267,spot,125,travel_tips,去天府广场逛要钱不？里面那个四川科技馆是免费随便进还是要预约？
3268,spot,125,travel_tips,带五岁娃去天府广场玩合适不？除了科技馆还有啥子可以看的？
3269,spot,125,travel_tips,地铁坐到哪一站下就是天府广场？出站走好久能到？
3270,spot,125,travel_tips,天府广场到底好不好耍？大概能逛多久，周边还有哪些博物馆可以顺路去？
3271,spot,115,cultural_context,去成都IFS看那个爬墙熊猫几点能进去啊？商场开门前能在外面看到吗？
3272,spot,115,cultural_context,跟这个爬墙熊猫合照要钱不？还是说在楼下免费看，上楼顶才收费？
3273,spot,115,cultural_context,爬墙熊猫具体在IFS哪个位置？从春熙路地铁站出来怎么走最快能到？
3274,spot,115,cultural_context,除了拍照打卡，这个熊猫附近还有啥好玩的？带5岁小孩去合适吗，会不会人挤人？
3275,spot,115,cultural_context,这个网红熊猫到底值不值得专门跑一趟？晚上去看灯光效果是不是比白天更出片？
3276,spot,136,travel_tips,请问周一去是不是不开门啊？那平时是早上几点开门，下午几点关门？
3277,spot,136,travel_tips,这个展馆是免费的吗？需要提前预约还是直接带身份证就能进？
3278,spot,136,travel_tips,坐地铁的话，是不是到磨子桥站下车走几步就到了？具体从哪个出口出比较近？
3279,spot,136,travel_tips,里面大概能逛多久？两个小时够不够？有没有什么特别值得看的展品？
3280,spot,136,travel_tips,带5岁的小孩去合适吗？会不会太枯燥，里面有没有互动或者适合小朋友玩的东西？
3281,spot,144,description,成都的公园一般早上几点开门，晚上几点关门啊？
3282,spot,144,description,去成都的公园玩要门票吗，大概多少钱一张？
3283,spot,144,description,从春熙路怎么坐车去人民公园，要坐几号线？
3284,spot,144,description,带三岁的小孩去成都哪个公园合适，有沙坑或者游乐设施吗？
3285,spot,144,description,成都的公园里除了散步，有没有喝茶、划船或者看花的好玩法？
3286,spot,136,cultural_context,川大旁边的那个博物馆几点开门关门哇？
3287,spot,136,cultural_context,这个博物馆门票好多钱一张，需要提前预约不？
3288,spot,136,cultural_context,从春熙路咋个坐车过去方便？地铁能到不？
3289,spot,136,cultural_context,带5岁娃儿去逛这个馆合适不，会不会太闷？
3290,spot,136,cultural_context,里头是不是真的有恐龙和民族服饰那些，大概逛好久能耍完？
3291,spot,144,cultural_context,这个公园几点开门关门啊，晚上去的话灯光好看不？
3292,spot,144,cultural_context,去凤凰山那个音乐公园坐地铁几号线能到，下车还要走多远？
3293,spot,144,cultural_context,门票多少钱一张？里面办演出的时候是不是要另外买票？
3294,spot,144,cultural_context,带娃去那儿玩合适不？有没有孩子能跑的草坪或者儿童设施？
3295,spot,144,cultural_context,听说那个大穹顶很出片，平时没演出的时候进去逛要预约吗？
3296,spot,144,travel_tips,请问这个地方几点去最合适呀？是晚上去更好看吗？
3297,spot,144,travel_tips,这个地方要门票不？大概多少钱一个人？
3298,spot,144,travel_tips,坐地铁怎么过去方便？到哪个站下，出站后要走多久？
3299,spot,144,travel_tips,里面好玩吗？主要是看灯光还是有什么表演？主舞台大概几点有活动？
3300,spot,144,travel_tips,带小朋友去逛合适吗？园区大不大，需不需要推车或者走很久？
3301,spot,154,description,成都植物园早上几点开门？门票多少钱一张？
3302,spot,154,description,带小孩去成都植物园玩合适吗？里面有没有儿童游乐区？
3303,spot,154,description,从市区坐地铁去成都植物园方便吗？应该坐到哪一站下？
3304,spot,154,description,成都植物园大概能逛多久？现在这个季节去有什么花看？
3305,spot,154,description,植物园里面有没有吃饭或者休息的地方？周末去会不会人特别多？
3306,spot,154,travel_tips,请问植物园几点开门，下午去来得及不？
3307,spot,154,travel_tips,门票是不是只要10块钱，小孩要买票不？
3308,spot,154,travel_tips,坐地铁3号线到植物园站，出来走多久能到大门？
3309,spot,154,travel_tips,里面逛下来大概要多久，带五岁娃去会不会太累？
3310,spot,154,travel_tips,这个季节去植物园好玩吗，值不值得专门跑一趟？
3311,spot,154,cultural_context,这个植物园一般几点开门关门啊？
3312,spot,154,cultural_context,去这里玩要门票不，大概多少钱一个人？
3313,spot,154,cultural_context,坐地铁或者公交怎么去最方便？
3314,spot,154,cultural_context,里面除了看花，有没有适合带小孩逛的科普活动？
3315,spot,154,cultural_context,周末去好玩吗，大概能逛多久？
3316,spot,159,description,成都那些风景名胜一般早上几点开门？
3317,spot,159,description,去成都的风景名胜玩，门票大概要多少钱？
3318,spot,159,description,从市区坐地铁能直接到这些风景名胜吗，还是要转公交？
3319,spot,159,description,带小孩去成都的风景名胜逛，会不会太累，有没有适合亲子游的路线？
3320,spot,159,description,成都的风景名胜到底好玩吗？值不值得专门花一整天去逛？
3321,spot,159,travel_tips,东郊记忆园区是免费的吗？几点开门关门，下午去来得及不？
3322,spot,159,travel_tips,去东郊记忆坐地铁几号线哪个站下？出站要走很远吗？
3323,spot,159,travel_tips,带小孩去东郊记忆合适吗？里面有什么好逛的，大概能玩多久？
3324,spot,159,travel_tips,东郊记忆好玩吗？除了拍照打卡，还有没有别的推荐玩法？
3325,spot,159,travel_tips,东郊记忆要门票不？如果下午去，防晒方面需要提前准备啥不？
3326,spot,169,description,成都那些风景名胜区一般几点开门关门啊？
3327,spot,169,description,去成都的风景名胜玩一圈大概要花多少钱门票？
3328,spot,169,description,成都的风景名胜都在哪儿？坐地铁或公交怎么去方便？
3329,spot,169,description,带小孩去成都的风景名胜区合适吗？有没有适合亲子玩的项目？
3330,spot,169,description,成都的风景名胜到底好不好玩？值不值得专程去一趟？
3331,spot,159,cultural_context,成都墙在东郊记忆里面吗？从地铁站过去怎么走，要门票不？
3332,spot,159,cultural_context,带娃去成都墙那边耍，适合小孩子吗？大概能逛多久？
3333,spot,159,cultural_context,成都墙那边几点开门关门？晚上去拍夜景好不好看？
3334,spot,159,cultural_context,去成都墙打卡要花多少钱？里面除了墙绘还有啥好玩的？
3335,spot,159,cultural_context,成都墙人多不多？听说是个老工厂改的，值不值得专门跑一趟？
3336,spot,169,travel_tips,请问这个登山步道早上几点开门？我想赶早去人少一点。
3337,spot,169,travel_tips,这个地方免费进去吗？还是要收门票或者停车费？
3338,spot,169,travel_tips,从市区怎么过去最方便？坐地铁能到吗，还是要转公交？
3339,spot,169,travel_tips,带6岁的小孩去爬这个步道合适吗？会不会太陡太累？
3340,spot,169,travel_tips,这个步道好玩不？大概要爬多久，值不值得专程跑一趟？
3341,spot,169,cultural_context,仰天窝早上几点开门？去晚了会不会不让进？
3342,spot,169,cultural_context,去龙泉山仰天窝要门票不？大概多少钱一个人？
3343,spot,169,cultural_context,从市区坐地铁或者公交怎么去仰天窝最方便？自驾好停车吗？
3344,spot,169,cultural_context,仰天窝徒步累不累？带5岁小孩去爬合适吗？大概要走多久？
3345,spot,169,cultural_context,周末去仰天窝人多不多？除了爬山看风景，附近还有啥好耍的？
3346,spot,224,description,成都那些有名的景点一般早上几点开门啊？我想早点去避开人流。
3347,spot,224,description,去都江堰和青城山玩一趟，门票大概要花多少钱？有没有学生票优惠？
3348,spot,224,description,从春熙路怎么坐车去大熊猫繁育研究基地？地铁能到吗？
3349,spot,224,description,带5岁的小孩去成都科技馆或者海洋馆，哪个更合适？会不会太累？
3350,spot,224,description,宽窄巷子和锦里哪个更好玩？晚上去是不是比白天更有意思？
3351,spot,224,cultural_context,锦江绿道早上几点开门？晚上亮灯到几点能逛？
3352,spot,224,cultural_context,沿锦江骑共享单车或者散步要门票吗？大概要花多少钱？
3353,spot,224,cultural_context,从春熙路出发怎么去锦江绿道最方便？坐地铁还是公交？
3354,spot,224,cultural_context,带5岁娃去锦江边玩水安全吗？有没有适合小朋友的浅滩或儿童设施？
3355,spot,224,cultural_context,网上说锦江夜游很火，实际体验怎么样？值不值得专门跑一趟？
3356,spot,240,description,成都动物园早上几点开门？门票多少钱一张？
3357,spot,240,description,带小孩去成都动物园玩合适吗？大概能逛多久？
3358,spot,240,description,成都动物园在哪个位置？坐地铁几号线能到？
3359,spot,240,description,去成都动物园玩，除了看动物还有啥好玩的？值不值得专程去？
3360,spot,240,description,成都动物园和熊猫基地比，哪个更值得带老人小孩去？
3361,spot,224,travel_tips,请问这个地方几点开门关门呀？要买门票不？
3362,spot,224,travel_tips,从东湖到望江楼那段路骑车大概要多久？自行车能进去吗？
3363,spot,224,travel_tips,那边好耍不？是适合散步还是跑步？傍晚去人多不多？
3364,spot,224,travel_tips,带5岁小孩去走那一段路方便不？有没有树荫或者休息的地方？
3365,spot,224,travel_tips,如果坐地铁过去，哪个站下最近？出来还要走多远才到入口？
3366,spot,240,travel_tips,熊猫基地早上几点去能看到它们活动啊？
3367,spot,240,travel_tips,看熊猫的门票是包含在动物园里的吗，一共多少钱？
3368,spot,240,travel_tips,这个地方在成都哪个位置，坐地铁或者公交怎么过去方便？
3369,spot,240,travel_tips,带5岁小孩去玩合适吗，里面走路多不多，大概能玩多久？
3370,spot,240,travel_tips,周末去会不会挤爆，值不值得专门跑一趟？
3371,spot,240,cultural_context,成都动物园熊猫馆几点开门？早上几点去人少一点？
3372,spot,240,cultural_context,去成都动物园看熊猫要单独买票吗？门票多少钱一张？
3373,spot,240,cultural_context,从春熙路坐地铁怎么去成都动物园熊猫馆？大概要多久？
3374,spot,240,cultural_context,成都动物园熊猫馆好玩吗？里面除了熊猫还能看到啥？
3375,spot,240,cultural_context,带5岁小孩去成都动物园熊猫馆合适吗？有没有推车或休息的地方？
3376,spot,588,travel_tips,望江楼公园要不要门票哇？翠竹长廊逛一圈大概要多久？
3377,spot,588,travel_tips,请问望江楼公园几点开门关门？上午去翠竹长廊是不是光线最好？
3378,spot,588,travel_tips,带5岁小朋友去望江楼公园的翠竹长廊合适吗？那边蚊子多不多？
3379,spot,588,travel_tips,翠竹长廊怎么走最方便？坐地铁到哪个站下？
3380,spot,588,travel_tips,望江楼公园好玩吗？翠竹长廊拍照怎么样，值得专程跑一趟不？
3381,spot,678,description,成都的纪念馆一般几点开门关门啊？
3382,spot,678,description,去这些纪念馆参观要门票不，大概多少钱一个人？
3383,spot,678,description,纪念馆在成都哪个位置，坐地铁或者公交怎么过去方便？
3384,spot,678,description,带小孩去逛纪念馆合适吗，里面有没有互动体验或者适合小朋友看的东西？
3385,spot,678,description,成都这些纪念馆逛下来要多久，里面主要看什么，值不值得专门跑一趟？
3386,spot,588,description,成都那些有名的景点一般几点开门关门？
3387,spot,588,description,去武侯祠和杜甫草堂门票大概多少钱一张？
3388,spot,588,description,从春熙路怎么坐车去都江堰景区方便？
3389,spot,588,description,带6岁小孩去成都玩，哪些景点比较合适不累？
3390,spot,588,description,宽窄巷子和锦里哪个更好逛，值不值得专门去一趟？
3391,spot,588,cultural_context,翠竹长廊几点开门关门？门票要多少钱？
3392,spot,588,cultural_context,从春熙路坐地铁或者公交怎么去望江楼公园的翠竹长廊？
3393,spot,588,cultural_context,带小孩去翠竹长廊玩合适吗？里面有没有儿童能玩的项目？
3394,spot,588,cultural_context,翠竹长廊好玩吗？主要是看竹子还是有什么历史故事可以逛？
3395,spot,588,cultural_context,翠竹长廊里面可以喝茶或者散步吗？大概能逛多久？
3396,spot,678,travel_tips,请问这个地方几点开门啊？是全天都能进吗？
3397,spot,678,travel_tips,这里收门票吗？大概多少钱一个人？
3398,spot,678,travel_tips,这个景点在人民公园哪个位置？坐地铁的话怎么过去方便？
3399,spot,678,travel_tips,去那儿大概能逛多久？除了看看还有什么可以做的吗？
3400,spot,678,travel_tips,带家里老人和小孩一起去合适吗？会不会太吵或者太无聊？
3401,spot,1421,description,成都那些体育休闲服务场所一般几点开门关门？
3402,spot,1421,description,去这种体育休闲的地方玩一次大概要花多少钱？
3403,spot,1421,description,成都哪家体育休闲服务场所交通方便，坐地铁怎么去？
3404,spot,1421,description,带小孩去体育休闲服务场所玩合适吗？有没有亲子项目？
3405,spot,1421,description,成都的体育休闲服务场所除了运动，还有啥好玩的？体验感怎么样？
3406,spot,1368,travel_tips,世园会主展园一般几点开门？下午去逛来得及不？
3407,spot,1368,travel_tips,去世园会主展园门票咋算的？通票是包含其他展园一起的吗？
3408,spot,1368,travel_tips,世园会主展园具体在哪儿？坐地铁或公交方便吗？
3409,spot,1368,travel_tips,这个主展园好玩吗？大概能逛多久，值不值得专门跑一趟？
3410,spot,1368,travel_tips,带5岁小孩去主展园合适不？里面有没有树荫或者休息的地方？
3411,spot,678,cultural_context,川军抗日阵亡将士纪念碑几点关门？去之前需要预约吗？
3412,spot,678,cultural_context,去这个雕塑那里要门票不？大概多少钱一个人？
3413,spot,678,cultural_context,这个纪念雕塑在成都哪个位置？坐地铁或者公交怎么过去方便？
3414,spot,678,cultural_context,这个地方除了看雕塑，周围还有啥好逛的？大概能玩多久？
3415,spot,678,cultural_context,带小学低年级的孩子去参观合适吗？会不会太沉重或者没意思？
3416,spot,1368,cultural_context,成都园几点开门关门，晚上能进去看吗？
3417,spot,1368,cultural_context,去世园会里的成都园要另外买票不，还是包含在门票里？
3418,spot,1368,cultural_context,从地铁站到成都园走路远不远，园内有没有观光车可以坐？
3419,spot,1368,cultural_context,带5岁小孩去成都园好玩吗，里面有没有适合小朋友互动的地方？
3420,spot,1368,cultural_context,成都园大概逛多久合适？听说浓缩了川西林盘和芙蓉花，实际值不值得专门去一趟？
3421,spot,1368,description,成都那些风景名胜一般几点开门关门啊？
3422,spot,1368,description,去这些景点玩一趟大概要花多少钱，门票贵不贵？
3423,spot,1368,description,这些风景名胜都分布在成都哪些位置，交通方便吗，坐地铁能到不？
3424,spot,1368,description,带小孩去这些地方合适吗，有没有适合亲子游的玩法？
3425,spot,1368,description,这些景点到底好不好玩，值不值得专门跑一趟，有没有口碑特别好的推荐？
3426,spot,42,description,成都的公园一般几点开门关门呢？
3427,spot,42,description,去人民公园或者望江楼公园要门票不，大概多少钱一张？
3428,spot,42,description,从春熙路坐地铁怎么去浣花溪公园啊？
3429,spot,42,description,带三岁小朋友去成都哪个公园玩比较合适？有沙坑或者游乐设施吗？
3430,spot,42,description,塔子山公园现在好玩吗？里面有没有什么值得逛的景点或者活动？
3431,spot,1421,travel_tips,周末去的话大概要预留多久时间？会不会排队排很久？
3432,spot,1421,travel_tips,门票多少钱一张？线上买票是在哪个平台买？
3433,spot,1421,travel_tips,这个地方在成都哪个位置？坐地铁方便吗？
3434,spot,1421,travel_tips,里面主要是玩什么的？适合带10岁小孩去吗？
3435,spot,1421,travel_tips,去的话是不是必须自己带泳衣和毛巾？现场能租或者买吗？
3436,spot,1421,cultural_context,这家冲浪馆几点开门啊？晚上营业到几点？
3437,spot,1421,cultural_context,去玩一次大概多少钱？有没有体验课或者按小时收费的？
3438,spot,1421,cultural_context,具体位置在哪儿？坐地铁方便吗，或者有停车的地方不？
3439,spot,1421,cultural_context,完全没冲过浪的新手能玩吗？里面会不会有教练教啊？
3440,spot,1421,cultural_context,带我家小朋友去合适不？有没有儿童可以玩的水深或者专门的时段？
3441,spot,42,travel_tips,这个湖是免费随便进吗？环湖走一圈大概要多久？
3442,spot,42,travel_tips,请问那边几点开门关门？进去要不要买门票？
3443,spot,42,travel_tips,坐地铁或者公交怎么去这个湖？附近有停车场吗？
3444,spot,42,travel_tips,带孩子去玩合适不？湖边能骑车吗，有没有租自行车的地方？
3445,spot,42,travel_tips,傍晚去是不是能看到日落？湖区哪些地方不能游泳或者钓鱼？
3446,spot,42,cultural_context,锦城公园几点开门关门，晚上去逛安全不？
3447,spot,42,cultural_context,去锦城公园要门票吗，大概多少钱一个人？
3448,spot,42,cultural_context,坐地铁怎么到锦城公园，哪个站下最近？
3449,spot,42,cultural_context,锦城公园里可以划船或者骑车不，带娃去有啥好玩的？
3450,spot,42,cultural_context,锦城公园跟桂溪生态公园比哪个更值得逛，评价咋样？
3451,spot,50,description,成都的公园一般几点开门关门啊？
3452,spot,50,description,去这些公园玩要门票不？大概多少钱一个人？
3453,spot,50,description,从春熙路过去哪个公园最方便，坐地铁还是公交？
3454,spot,50,description,带五岁的小朋友去哪个公园比较合适，有儿童游乐设施吗？
3455,spot,50,description,最近想找个清静点的公园逛逛，有没有推荐？哪个公园人少风景好？
3456,spot,45,travel_tips,这个公园几点开门关门呢？
3457,spot,45,travel_tips,请问进去耍要门票不，免费的话是不是随便进？
3458,spot,45,travel_tips,东区那边咋个走啊，坐地铁几号线到哪个站？
3459,spot,45,travel_tips,带5岁娃娃去耍半天够不够，儿童游乐区有些啥子？
3460,spot,45,travel_tips,夏天去蚊子多不多，需不需要自己带驱蚊水？
3461,spot,45,cultural_context,桂溪生态公园东区早上几点开门？晚上几点关门？
3462,spot,45,cultural_context,去桂溪生态公园东区要门票吗？停车方便不，收费多少？
3463,spot,45,cultural_context,桂溪生态公园东区具体在哪儿？坐地铁哪条线能到？
3464,spot,45,cultural_context,桂溪生态公园东区里面好玩吗？除了看湿地和植物，有没有儿童游乐设施？
3465,spot,45,cultural_context,带小孩去桂溪生态公园东区露营或者野餐合适吗？周末人多不多？
3466,spot,45,description,成都那些有名的景点一般早上几点开门？我想早点去避开人流。
3467,spot,45,description,去都江堰或者青城山玩一趟，门票大概多少钱？有没有学生票或者联票优惠？
3468,spot,45,description,从春熙路怎么坐车去大熊猫繁育研究基地？地铁能到吗，还是要换公交？
3469,spot,45,description,带5岁小孩去成都玩，哪些景点比较轻松不累，推婴儿车方便吗？
3470,spot,45,description,宽窄巷子和锦里哪个更好玩？晚上去是不是比白天更有意思？
3471,spot,50,travel_tips,请问这个地方几点开门，需要买门票吗？
3472,spot,50,travel_tips,这儿具体在哪儿啊，坐地铁或者公交怎么过去方便？
3473,spot,50,travel_tips,江边风大不大，傍晚去遛娃、放风筝合适不？
3474,spot,50,travel_tips,那边可以野餐吗，自己带垫子有没有限制，一般玩多久比较舒服？
3475,spot,50,travel_tips,汛期的时候去安全吗，有没有什么特别要注意的，能不能靠近水边玩？
3476,spot,61,travel_tips,请问这个地方几点开门，需不需要买门票？
3477,spot,61,travel_tips,坐地铁1号线到金融城站下来，具体从哪个出口走？
3478,spot,61,travel_tips,这个展馆大概能逛多久？里面主要是看什么内容？
3479,spot,61,travel_tips,带小朋友去合适吗？会不会太枯燥？有没有互动体验？
3480,spot,61,travel_tips,周一闭馆是不是真的？如果刚好周一去怎么办？
3481,spot,61,cultural_context,这个博物馆几点开门关门哇？
3482,spot,61,cultural_context,门票好多钱一张，有没有优惠？
3483,spot,61,cultural_context,具体在成都哪个位置，坐地铁咋个去？
3484,spot,61,cultural_context,里头好不好耍，有没得那种互动体验？
3485,spot,61,cultural_context,带六岁娃娃去合适不，会不会觉得无聊？
3486,spot,61,description,成都的博物馆一般几点开门，几点关门啊？
3487,spot,61,description,去成都博物馆要门票吗，大概多少钱一张？
3488,spot,61,description,成都博物馆具体在哪个位置，坐地铁怎么去方便？
3489,spot,61,description,成都博物馆里面好玩吗，值不值得专门去逛一趟？
3490,spot,61,description,带小孩去成都博物馆合适吗，有没有适合小朋友的展区？
3491,spot,50,cultural_context,江滩公园几点开门关门？要门票不？
3492,spot,50,cultural_context,江滩公园具体在哪儿？坐地铁或者公交怎么去？
3493,spot,50,cultural_context,江滩公园里头有啥好玩的？适合带小孩去耍不？
3494,spot,50,cultural_context,改造后的江滩公园是不是就是个大草坪加河边步道？值不值得专门跑一趟？
3495,spot,50,cultural_context,江滩公园可以搭帐篷、放风筝吗？附近好不好停车？
3496,spot,63,description,成都的公园一般早上几点开门，晚上几点关门啊？
3497,spot,63,description,去成都的公园玩要门票吗，大概多少钱一张？
3498,spot,63,description,从春熙路怎么坐车去人民公园，大概要多久？
3499,spot,63,description,带5岁小孩去成都哪个公园最合适，有没有儿童游乐设施？
3500,spot,63,description,成都哪个公园最好玩，本地人推荐去逛哪个？
3501,spot,63,cultural_context,这个公园早上几点开门？晚上关门吗？
3502,spot,63,cultural_context,进去要门票不？大概多少钱一个人？
3503,spot,63,cultural_context,从春熙路坐地铁或者公交怎么过去方便？
3504,spot,63,cultural_context,里面好不好玩？主要能看啥子景色？
3505,spot,63,cultural_context,带5岁娃儿来耍合适不？有没有儿童游乐设施？
3506,spot,63,travel_tips,这个公园早上几点开门？晚上关门吗？
3507,spot,63,travel_tips,进去耍要不要买门票哦？
3508,spot,63,travel_tips,这个公园具体在哪个位置，坐地铁咋个去？
3509,spot,63,travel_tips,里面好不好耍？适合带娃儿去不？
3510,spot,63,travel_tips,园子头能跑步或者野餐不？蚊子多不多？
3511,spot,70,description,成都的旅游景点一般早上几点开门？我想早点去人少一点。
3512,spot,70,description,武侯祠和杜甫草堂的门票现在多少钱一张？有没有学生票？
3513,spot,70,description,从春熙路怎么去大熊猫繁育研究基地？坐地铁还是打车方便？
3514,spot,70,description,青城山和都江堰一天能玩完吗？哪个更好玩一点？
3515,spot,70,description,带5岁小孩去成都，宽窄巷子和锦里哪个更适合亲子游？
3516,spot,70,travel_tips,环城绿道早上几点开门？我想早点去人少一点。
3517,spot,70,travel_tips,在绿道上租辆自行车骑一个小时大概多少钱？
3518,spot,70,travel_tips,环城绿道具体在哪个位置？从春熙路坐地铁怎么过去方便？
3519,spot,70,travel_tips,带5岁小孩去环城绿道徒步合适吗？有没有租那种带儿童座椅的自行车？
3520,spot,70,travel_tips,听说环城绿道有100公里，只走一段的话哪里风景最好？黄昏去真的比白天漂亮吗？
3521,spot,70,cultural_context,这个绿道早上几点开门，晚上几点关门啊？
3522,spot,70,cultural_context,在绿道上骑行或者跑步要收费吗，大概多少钱？
3523,spot,70,cultural_context,从市中心坐地铁或者公交怎么去成都环城生态公园绿道？
3524,spot,70,cultural_context,带小孩去那里玩合适吗？有没有适合小朋友骑车的路段？
3525,spot,70,cultural_context,这条绿道好玩吗？风景咋样，周末人多不多？
3526,spot,83,description,成都那些风景名胜一般早上几点开门？
3527,spot,83,description,去成都的风景名胜区门票大概多少钱一张？
3528,spot,83,description,从市区到青城山或者都江堰怎么坐车最方便？
3529,spot,83,description,带小孩去成都的风景名胜玩，有没有适合亲子游的路线？
3530,spot,83,description,成都的风景名胜区里哪些最值得逛，大概要玩多久才够？
3531,spot,76,description,成都的公园一般早上几点开门啊？晚上会不会关门？
3532,spot,76,description,去人民公园逛一圈要买门票吗，大概多少钱一张？
3533,spot,76,description,从春熙路怎么坐车去望江楼公园，地铁能到不？
3534,spot,76,description,带三岁小孩去成都的公园玩，有哪些适合亲子、有游乐设施的地方？
3535,spot,76,description,塔子山公园除了看灯会，平时去好玩吗，里面能野餐或划船不？
3536,spot,76,travel_tips,请问锦城湖公园几点开门关门呢？早上想早点去散步行不行？
3537,spot,76,travel_tips,去锦城湖公园耍要门票不？大概要花好多钱一个人？
3538,spot,76,travel_tips,地铁坐到锦城湖站下来咋个走到公园里头？要走多远哦？
3539,spot,76,travel_tips,这个公园好不好耍？打算周末去逛一圈，值不值得专门跑一趟？
3540,spot,76,travel_tips,带两岁多的小娃娃去合适不？里头有没有滑梯那些娃儿耍的东西？
3541,spot,76,cultural_context,这个公园几点开门关门呢？
3542,spot,76,cultural_context,进去要收门票不，大概多少钱一个人？
3543,spot,76,cultural_context,从地铁站过去怎么走最方便？
3544,spot,76,cultural_context,里面除了看风景，有没有啥好耍的或者拍照的地方？
3545,spot,76,cultural_context,带5岁娃去逛一天合适不，有没有儿童设施或休息区？
3546,spot,83,travel_tips,晚上几点去灯光最好看？大概玩多久合适？
3547,spot,83,travel_tips,这里门票多少钱？需要提前预约吗？
3548,spot,83,travel_tips,从春熙路怎么坐车过去？离地铁站远不远？
3549,spot,83,travel_tips,这个地方带小孩去有意思吗？会不会太小没什么逛头？
3550,spot,83,travel_tips,除了看夜景，附近还有哪些好吃的或酒吧可以顺路一起逛？
3551,spot,84,description,成都的公园一般早上几点开门？晚上几点关门？
3552,spot,84,description,去成都的公园玩要买门票吗，大概多少钱一张？
3553,spot,84,description,带小孩去成都的公园合适吗？有没有儿童游乐区？
3554,spot,84,description,成都哪个公园最值得逛？坐地铁怎么去？
3555,spot,84,description,成都的公园里能搭帐篷野餐吗？好玩不？
3556,spot,84,travel_tips,这个地方几点开门关门呢？
3557,spot,84,travel_tips,门票多少钱一张，需要提前预约吗？
3558,spot,84,travel_tips,从市区坐地铁或者公交怎么过去方便？
3559,spot,84,travel_tips,带五岁的小孩去玩，有没有适合小朋友的路线或者设施？
3560,spot,84,travel_tips,周末去人多不多，环湖骑车和走路哪个体验更好？
3561,spot,83,cultural_context,安顺廊桥晚上几点开灯亮起来？去那边看夜景大概要待到多晚合适？
3562,spot,83,cultural_context,去安顺廊桥要门票不？还是免费随便逛？桥上有没有喝茶或者吃饭的地方？
3563,spot,83,cultural_context,安顺廊桥具体在成都哪个位置？坐地铁几号线哪个站下，然后怎么走过去最近？
3564,spot,83,cultural_context,安顺廊桥好玩吗？除了拍拍照，周边还有啥可以一起逛的？值不值得专门跑一趟？
3565,spot,83,cultural_context,带家里老人和五岁小孩去安顺廊桥方便吗？桥面平不平，晚上人多不多，会不会挤？
3566,spot,89,description,成都那些风景名胜一般早上几点开门，下午会不会很早就关门了？
3567,spot,89,description,去成都的风景名胜玩，门票大概多少钱一张，有没有学生票或者老人优惠？
3568,spot,89,description,从春熙路出发去青城山或都江堰这类景点，坐什么交通最方便，大概要多久？
3569,spot,89,description,带5岁的小孩去成都的风景名胜区合适吗，有没有适合亲子游玩的项目？
3570,spot,89,description,宽窄巷子和锦里这类地方到底好不好玩，值不值得专程跑一趟，还是说晚上去更好？
3571,spot,84,cultural_context,青龙湖早上几点开门？晚上关门时间到几点？
3572,spot,84,cultural_context,去青龙湖要门票不？还是免费随便进？
3573,spot,84,cultural_context,从市中心坐地铁或公交怎么去青龙湖？具体到哪个站下？
3574,spot,84,cultural_context,青龙湖里面好玩吗？除了看湖和鸟，有没有租自行车或者划船的项目？
3575,spot,84,cultural_context,带小孩去青龙湖合适吗？里面有没有儿童游乐区或者推婴儿车方便不？
3576,spot,89,cultural_context,麓湖水城每天几点开门，晚上开到好久哦？
3577,spot,89,cultural_context,去麓湖水城耍一圈大概要花多少钱，门票贵不贵？
3578,spot,89,cultural_context,带五岁娃娃去麓湖水城合适不，有没有啥子亲子项目？
3579,spot,89,cultural_context,麓湖水城到底好不好耍，值不值得专门跑一趟？
3580,spot,89,cultural_context,坐地铁咋个去麓湖水城，到了之后还要走多远？
3581,spot,95,description,成都的公园一般早上几点开门？晚上会关门吗？
3582,spot,95,description,去成都的公园玩要门票吗？大概多少钱一个人？
3583,spot,95,description,请问成都哪个公园最适合带小孩去？有儿童游乐设施吗？
3584,spot,95,description,从春熙路怎么坐车去人民公园？大概要多久？
3585,spot,95,description,成都的公园里除了散步，还有什么好玩的？听说有茶馆和划船，是真的吗？
3586,spot,89,travel_tips,周末去那边玩大概要逛多久啊？半天够不够？
3587,spot,89,travel_tips,这个景区是免费进的吗？里面那个A4美术馆门票要多少钱？
3588,spot,89,travel_tips,坐船游湖是在景区里面吗？船票是另外收钱还是包含在门票里？
3589,spot,89,travel_tips,带五岁小孩去合适不？有没有什么要注意的，比如能不能靠近湖边玩？
3590,spot,89,travel_tips,那边夏天去晒不晒？几点去人少一点，方便停车不？
3591,spot,95,cultural_context,白鹭湾湿地早上几点开门？门票收多少钱？
3592,spot,95,cultural_context,从市区坐地铁或者公交怎么去白鹭湾湿地方便？
3593,spot,95,cultural_context,周末带小孩去白鹭湾湿地玩合适吗？有没有适合小朋友的活动？
3594,spot,95,cultural_context,白鹭湾湿地现在能看到白鹭和苍鹭吗？大概什么季节去鸟最多？
3595,spot,95,cultural_context,去白鹭湾湿地主要逛什么？光看鸟会不会很无聊，值不值得专门跑一趟？
3596,spot,95,travel_tips,这个湿地公园几点开门关门呀？早上几点去人少适合看鸟？
3597,spot,95,travel_tips,这个湿地公园收费吗？还是说免费随便进？
3598,spot,95,travel_tips,这个地方具体在哪儿，坐地铁或者公交怎么过去方便？
3599,spot,95,travel_tips,里面好玩吗？大概能逛多久，是走路还是租自行车更划算？
3600,spot,95,travel_tips,带家里老人和小孩去合适吗？栈道滑不滑，有没有什么要注意的？
3601,spot,99,description,成都的公园一般早上几点开门？晚上关门吗？
3602,spot,99,description,去成都的公园玩要门票不？大概多少钱一个人？
3603,spot,99,description,成都哪个公园最适合带小孩去？有儿童游乐设施吗？
3604,spot,99,description,从春熙路怎么坐车去人民公园？大概要多久？
3605,spot,99,description,成都的公园里除了散步，还有什么好玩的？比如喝茶、划船这些有吗？
3606,spot,99,travel_tips,晚上去逛的话大概几点去比较合适呀？
3607,spot,99,travel_tips,这个地方要门票不，还是免费随便进？
3608,spot,99,travel_tips,从春熙路过去坐地铁方便吗，具体哪站下？
3609,spot,99,travel_tips,带五岁小孩去逛累不累，大概要走多久？
3610,spot,99,travel_tips,夏天晚上去蚊子多不多，需不需要带驱蚊水？
3611,spot,103,description,成都的公园一般几点开门关门啊？
3612,spot,103,description,去这些公园玩要收门票吗，大概多少钱一个人？
3613,spot,103,description,从春熙路坐地铁怎么到人民公园或者望江楼公园？
3614,spot,103,description,带五岁的小孩去哪个公园合适，有没有儿童游乐设施？
3615,spot,103,description,最近哪个公园的风景最好，适合去拍照或者野餐？
3616,spot,99,cultural_context,锦江公园几点开门关门？晚上去逛安全吗？
3617,spot,99,cultural_context,去锦江公园要门票吗，坐游船大概多少钱一个人？
3618,spot,99,cultural_context,锦江公园具体在成都哪个位置，坐地铁几号线能到？
3619,spot,99,cultural_context,带小孩去锦江公园合适吗？有没有适合小朋友玩的设施？
3620,spot,99,cultural_context,锦江公园好玩吗？主要看什么，大概能逛多长时间？
3621,spot,103,travel_tips,这个公园几点开门关门？傍晚去的话大概几点到比较合适？
3622,spot,103,travel_tips,进去要门票吗？还是说完全免费随便进？
3623,spot,103,travel_tips,这个公园具体在成都哪个位置？坐地铁或者公交怎么过去方便？
3624,spot,103,travel_tips,里面除了跑步和骑行，还有没有其他好玩的？适合专门去逛一圈吗？
3625,spot,103,travel_tips,带5岁小孩去合适吗？里面有没有儿童游乐设施或者安全的活动区域？
3626,spot,107,travel_tips,这个公园几点开门，下午去来得及不？
3627,spot,107,travel_tips,进去要门票吗，大概多少钱一个人？
3628,spot,107,travel_tips,坐地铁或者公交怎么去那边方便？
3629,spot,107,travel_tips,带两岁多的小孩去野餐，有没有草地和树荫？
3630,spot,107,travel_tips,里面除了骑车还有啥好玩的，逛两三个小时够吗？
3631,spot,103,cultural_context,锦城湖公园4号公园几点开门关门呢？
3632,spot,103,cultural_context,去锦城湖公园4号公园要门票吗，大概多少钱一个人？
3633,spot,103,cultural_context,从地铁站怎么走到锦城湖公园4号公园，哪个出口最近？
3634,spot,103,cultural_context,锦城湖公园4号公园适合带小孩去玩吗，有没有儿童设施？
3635,spot,103,cultural_context,锦城湖公园4号公园主要看什么景色，拍照好看吗？
3636,spot,107,description,成都的公园一般早上几点开门，晚上几点关门？
3637,spot,107,description,去成都的公园玩要买门票吗，大概多少钱一张？
3638,spot,107,description,从春熙路怎么坐车去人民公园，大概要多久？
3639,spot,107,description,带5岁小孩去成都哪个公园最合适，有儿童游乐设施吗？
3640,spot,107,description,成都的公园里除了散步，还有啥好玩的？比如喝茶采耳之类的体验怎么样？
3641,spot,111,description,成都那些风景名胜一般早上几点开门？
3642,spot,111,description,去成都的风景名胜区门票大概要多少钱一张？
3643,spot,111,description,从市区怎么坐车去这些风景名胜，方便吗？
3644,spot,111,description,成都的风景名胜区带小孩去玩合适吗？
3645,spot,111,description,成都的风景名胜到底好不好玩，值不值得专门去一趟？
3646,spot,107,cultural_context,北湖生态公园早上几点开门，晚上几点关门哇？
3647,spot,107,cultural_context,去北湖生态公园要门票不，大概多少钱一个人？
3648,spot,107,cultural_context,从春熙路坐地铁或者公交怎么去北湖生态公园方便？
3649,spot,107,cultural_context,北湖生态公园里面好不好耍，值不值得专门跑一趟？
3650,spot,107,cultural_context,带三岁多的小娃娃去北湖生态公园玩，有儿童设施或者推车方便不？
3651,spot,111,travel_tips,文殊院那边几点开门啊？下午去来得及不？
3652,spot,111,travel_tips,去文殊院要门票不？大概逛一圈要花多少钱？
3653,spot,111,travel_tips,文殊院在成都哪个位置？坐地铁几号线能到？
3654,spot,111,travel_tips,文殊院除了拜佛还有啥好玩的？那个仿古街区值得逛吗？
3655,spot,111,travel_tips,带家里老人和小孩去文殊院合适吗？大概能玩多久？
3656,spot,111,cultural_context,文殊坊早上几点开门？去文殊院上香有时间限制吗？
3657,spot,111,cultural_context,去文殊坊逛一圈要门票不？里面的小吃和喝茶大概人均多少钱？
3658,spot,111,cultural_context,从春熙路坐地铁怎么去文殊坊？出站后要走多远？
3659,spot,111,cultural_context,文殊坊除了拜佛拍照，还有啥好玩的？半天时间够逛吗？
3660,spot,111,cultural_context,带5岁小孩去文殊坊合适吗？有没有儿童能玩的项目或者要注意的？
3661,spot,123,description,成都的公园一般早上几点开门，晚上几点关门呀？
3662,spot,123,description,去成都的公园玩要收门票吗，大概多少钱一个人？
3663,spot,123,description,带小孩去公园玩合适吗，有没有适合小朋友的游乐设施？
3664,spot,123,description,从春熙路怎么坐车去人民公园，大概要多久？
3665,spot,123,description,成都哪个公园最好玩，适合和朋友一起散步拍照？
3666,spot,123,cultural_context,锦城湖公园早上几点开门，晚上几点关门？
3667,spot,123,cultural_context,去锦城湖坐地铁几号线，哪个站下最近？
3668,spot,123,cultural_context,锦城湖里面骑车或者跑步要收费吗？
3669,spot,123,cultural_context,带5岁小孩去锦城湖玩，有儿童设施或者适合放风筝的地方吗？
3670,spot,123,cultural_context,锦城湖和青龙湖比哪个更好逛，值不值得专门跑一趟？
3671,spot,123,travel_tips,请问这个湖边公园几点开门关门呢？早上想早点去散步。
3672,spot,123,travel_tips,环湖走一圈要门票不？大概多少钱一个人？
3673,spot,123,travel_tips,这个地方具体在哪儿啊，坐地铁或者公交怎么过去方便？
3674,spot,123,travel_tips,带五岁小孩去玩合适吗？有没有专门给娃耍的区域，还是只能走步道？
3675,spot,123,travel_tips,听说可以骑车和野餐，那周末去人多不多？值不值得专门跑一趟？
3676,spot,131,travel_tips,晚上几点去坐夜游锦江的船比较好？
3677,spot,131,travel_tips,现在坐夜游锦江的船要多少钱一个人？
3678,spot,131,travel_tips,从东门大桥地铁站出来怎么走到坐船的地方？
3679,spot,131,travel_tips,夜游锦江全程大概多久，船上能看到些啥子？
3680,spot,131,travel_tips,带五岁娃儿去坐这个船合适不，会不会太晚？
3681,spot,131,cultural_context,锦江夜游晚上几点开门，最后一班船是几点走啊？
3682,spot,131,cultural_context,夜游锦江的船票多少钱一张，小孩有优惠吗？
3683,spot,131,cultural_context,从春熙路怎么去坐锦江夜游的船，地铁能到不？
3684,spot,131,cultural_context,带五岁的小朋友去坐船看灯光秀合适吗，会不会太晚？
3685,spot,131,cultural_context,那个锦江夜游到底好玩不，值得专门跑一趟去看吗？
3686,spot,146,travel_tips,请问这里几点开门呀？一般逛多久比较合适？
3687,spot,146,travel_tips,门票多少钱一张？需要提前买吗？
3688,spot,146,travel_tips,坐地铁2号线到迎宾大道站下车后，走路过去远不远？
3689,spot,146,travel_tips,里面主要是看什么呀？亭台水榭适合拍照吗？蚊虫多不多？
3690,spot,146,travel_tips,带5岁小孩去玩合适吗？大概能玩一两个小时不觉得无聊吧？
3691,spot,131,description,成都那些有名的景点一般几点开门啊？我想早点去避开人群。
3692,spot,131,description,去武侯祠和锦里玩一圈，门票大概要花多少钱？有没有学生票优惠？
3693,spot,131,description,从春熙路怎么坐地铁去熊猫基地？大概要多久能到？
3694,spot,131,description,都江堰景区带6岁的小孩去合适吗？里面路好不好走，有没有推婴儿车方便的地方？
3695,spot,131,description,青城山和峨眉山哪个更值得玩？一天时间够不够，有没有索道可以坐？
3696,spot,146,description,成都那些风景名胜一般几点开门关门啊？
3697,spot,146,description,去成都的这几个景点玩一圈，门票大概要多少钱？
3698,spot,146,description,从春熙路出发，坐地铁或者公交怎么去这些风景名胜最方便？
3699,spot,146,description,带五岁的小孩去这些地方逛，会不会太累或者有没有适合小朋友玩的项目？
3700,spot,146,description,这几个风景名胜到底好不好玩，值不值得专门跑一趟，有没有坑？
3701,spot,148,description,成都的公园一般几点开门关门呢？
3702,spot,148,description,去成都那些公园耍要收门票不，大概好多钱一个人？
3703,spot,148,description,从春熙路咋个坐车去人民公园或者望江楼公园喃？
3704,spot,148,description,带五岁的小娃娃去哪个公园最合适，有没有儿童游乐设施？
3705,spot,148,description,成都哪个公园最好耍，适合朋友一起逛大半天那种？
3706,spot,146,cultural_context,这个园林几点开门关门哇？门票贵不贵？
3707,spot,146,cultural_context,请问这个川派园林在成都哪个位置，坐地铁怎么过去方便？
3708,spot,146,cultural_context,带家里老人和小孩去逛这个园子合适吗？里面路平不平？
3709,spot,146,cultural_context,这个园子逛一圈大概要多久？除了看盆景有没有啥好玩的？
3710,spot,146,cultural_context,网上说它是闹市里的古典园林，实际去过的评价咋样？值不值得专门跑一趟？
3711,spot,148,cultural_context,这个百花潭公园几点开门关门呢？门票要多少钱一张？
3712,spot,148,cultural_context,请问百花潭公园具体在成都哪个位置，坐地铁或者公交怎么过去方便？
3713,spot,148,cultural_context,带家里老人和小孩去百花潭公园玩合适吗？里面有没有什么好耍的？
3714,spot,148,cultural_context,百花潭公园里面那个巴金纪念馆值得逛吗？大概要花多长时间？
3715,spot,148,cultural_context,网上说百花潭公园是老牌文化公园，到底好不好玩，跟人民公园比哪个更安逸？
3716,spot,148,travel_tips,请问早上几点去人少一点，逛一圈大概要多久啊？
3717,spot,148,travel_tips,这个公园现在还要收门票不，还是免费随便进？
3718,spot,148,travel_tips,坐地铁2号线到通惠门站下来，具体从哪个出口走最近呀？
3719,spot,148,travel_tips,里面除了喝茶看风景，有没有适合带小朋友玩的地方？
3720,spot,148,travel_tips,听说里头茶馆很多，想问问哪家盖碗茶比较正宗，好不好喝？
3721,spot,163,description,成都那些风景名胜一般早上几点开门？去晚了会不会不让进？
3722,spot,163,description,想问问成都的景点门票大概多少钱？有没有哪些是免费或者学生票优惠的？
3723,spot,163,description,从春熙路出发去都江堰或者青城山，坐什么车最方便？大概要多久？
3724,spot,163,description,带5岁小孩去成都玩，哪些风景名胜比较合适？会不会太累或者不适合小朋友？
3725,spot,163,description,成都的宽窄巷子、锦里这些地方到底好玩吗？本地人推荐去还是更推荐去周边景点？
3726,spot,163,cultural_context,这个湿地公园几点开门关门？需要买门票吗？
3727,spot,163,cultural_context,从成都市区坐地铁或者公交怎么过去方便？
3728,spot,163,cultural_context,带五岁小孩去玩合适吗？有没有儿童能参与的科普活动？
3729,spot,163,cultural_context,里面能观鸟吗？现在这个季节去能看到候鸟吗？
3730,spot,163,cultural_context,听说原来是泄洪区，现在改造得怎么样？周末去逛半天够不够？
3731,spot,170,description,成都那些有名的景点一般几点开门关门啊？
3732,spot,170,description,去成都旅游，热门景点门票大概多少钱一张？
3733,spot,170,description,从春熙路怎么坐车去宽窄巷子或者锦里？
3734,spot,170,description,带小孩去成都大熊猫基地和都江堰合适吗，好玩不？
3735,spot,170,description,成都周边哪个景点人少景美，适合一天来回的？
3736,spot,163,travel_tips,请问早上几点开门？是免费进的吗？
3737,spot,163,travel_tips,那边好耍不？大概逛两个小时够不够？
3738,spot,163,travel_tips,带五岁娃娃去方便不？路好不好走，有没有啥要注意的？
3739,spot,163,travel_tips,夏天去晒不晒？要不要抹防晒霜或者带伞？
3740,spot,163,travel_tips,坐地铁或者公交怎么到那边？附近好停车不？
3741,spot,170,cultural_context,这个公园几点开门关门呢？
3742,spot,170,cultural_context,进去耍要门票不，大概好多钱一个人？
3743,spot,170,cultural_context,请问从地铁站咋个走到新川创新科技园那个生态绿地？
3744,spot,170,cultural_context,带娃儿去那耍安逸不？有没有适合小朋友的设施？
3745,spot,170,cultural_context,这个地方好不好耍？听说是个海绵城市公园，值不值得专门跑一趟？
3746,spot,170,travel_tips,请问这个公园几点开门关门呀？
3747,spot,170,travel_tips,进去耍要不要门票，是免费的吗？
3748,spot,170,travel_tips,这个湖可以绕着走一圈大概要多久？带娃去推婴儿车方便不？
3749,spot,170,travel_tips,那边好停车不？坐地铁或者公交咋个过去呢？
3750,spot,170,travel_tips,现在去有没有啥子好耍的？听说有些还在修，会不会白跑一趟？
3751,spot,178,description,成都那些风景名胜一般几点开门啊，我想早点去避开人流？
3752,spot,178,description,去成都的景点比如宽窄巷子、武侯祠这些，门票大概多少钱一张？
3753,spot,178,description,从春熙路出发怎么坐车去都江堰或青城山最方便？
3754,spot,178,description,带小孩去成都的风景名胜玩，像杜甫草堂或者熊猫基地，适合吗？
3755,spot,178,description,成都周边哪个风景名胜区人少景美，适合周末去慢慢逛？
3756,spot,178,travel_tips,请问这个景点几点开门，晚上去的话到几点关门呀？
3757,spot,178,travel_tips,这里要门票吗，大概多少钱一个人？
3758,spot,178,travel_tips,这个地方具体在哪儿，坐地铁或者公交怎么过去方便？
3759,spot,178,travel_tips,傍晚去那边逛的话，大概能玩多久，有没有什么推荐路线？
3760,spot,178,travel_tips,带家里老人和小孩去合适吗，江边安不安全，有没有什么要注意的？
3761,spot,182,travel_tips,这个街区几点开门关门啊？下午去会不会太晒？
3762,spot,182,travel_tips,进去要门票不？逛一圈大概要花多少钱？
3763,spot,182,travel_tips,这个地方在哪儿哦？坐地铁怎么过去方便？
3764,spot,182,travel_tips,里面好耍不？主要是看啥子，还是就拍拍照？
3765,spot,182,travel_tips,带5岁娃儿去合适不？有没有啥子娃儿能耍的？
3766,spot,182,description,成都那些风景名胜一般几点开门关门？
3767,spot,182,description,去成都的这几个风景名胜区，门票大概多少钱一张？
3768,spot,182,description,这些风景名胜都在成都哪个位置，坐地铁或公交怎么去方便？
3769,spot,182,description,带小孩去这些地方玩合适吗，有没有适合亲子游的路线？
3770,spot,182,description,这些风景名胜好玩吗，值不值得专门跑一趟，大概要逛多久？
3771,spot,178,cultural_context,合江亭几点开门关门呢？要不要门票？
3772,spot,178,cultural_context,从春熙路怎么坐车去合江亭方便？打车大概多少钱？
3773,spot,178,cultural_context,合江亭附近除了看两江汇合，还有啥好玩的？适合带小孩去逛逛不？
3774,spot,178,cultural_context,听说合江亭是古代水运枢纽，现在去能看到啥历史遗迹吗？值不值得专门跑一趟？
3775,spot,178,cultural_context,合江亭适合情侣或者拍照打卡吗？大概能玩多长时间？
3776,spot,192,description,成都的公园一般早上几点开门？晚上关门吗？
3777,spot,192,description,去成都的公园玩要门票不？大概好多钱一张？
3778,spot,192,description,从春熙路咋个坐车去人民公园？地铁能到不？
3779,spot,192,description,带5岁的小娃娃去哪个公园耍比较合适？有没有儿童游乐设施？
3780,spot,192,description,成都哪个公园最好耍？有没有那种本地人也爱去、拍照又好看的地方？
3781,spot,192,travel_tips,请问你们几点开门，晚上关门吗？
3782,spot,192,travel_tips,门票好多钱一张？有没有学生票或老人优惠？
3783,spot,192,travel_tips,这个地方在成都哪个位置，坐地铁或者公交怎么过去方便？
3784,spot,192,travel_tips,里面大概能玩多久？主要看点是什么，拍照出片不？
3785,spot,192,travel_tips,带五岁娃去合适不？园区大不大，推婴儿车方便吗？
3786,spot,182,cultural_context,玉林四巷那个爱转角文创街区几点开门关门哇？晚上去拍夜景行不行？
3787,spot,182,cultural_context,去玉林四巷的爱转角要门票不？大概逛一圈要花多少钱？
3788,spot,182,cultural_context,从地铁站咋个走到玉林四巷的爱转角？附近好找停车位不？
3789,spot,182,cultural_context,那个爱转角到底好不好耍？主要看啥子，是拍照还是逛老巷子？
3790,spot,182,cultural_context,带5岁娃儿去爱转角合适不？有没有啥子小朋友能玩或者坐的地方？
3791,spot,192,cultural_context,麓湖生态城那个水景公园几点开门关门哇？
3792,spot,192,cultural_context,进去耍要门票不，大概好多钱一个人？
3793,spot,192,cultural_context,坐地铁咋个去麓湖的水景公园，下车还要走多远？
3794,spot,192,cultural_context,那个水景公园好不好耍，主要是有哪些可以看的？
3795,spot,192,cultural_context,带三岁多的小娃娃去合适不，有没有啥子互动水景可以耍的？
3796,spot,216,description,成都的公园一般早上几点开门？晚上会关门吗？
3797,spot,216,description,去成都的公园玩要门票不？大概多少钱一个人？
3798,spot,216,description,从春熙路坐地铁怎么去人民公园？要换乘吗？
3799,spot,216,description,带5岁小孩去成都哪个公园最合适？有游乐设施吗？
3800,spot,216,description,成都的公园里除了散步喝茶，还有啥好玩的？值不值得专门去一趟？
3801,spot,229,description,成都那些有名的景点一般几点开门关门啊？
3802,spot,229,description,去成都旅游，景点门票大概要准备多少钱一个人？
3803,spot,229,description,从春熙路怎么坐车去都江堰景区，方便吗？
3804,spot,229,description,带5岁小孩去成都玩，哪些景点比较合适不累？
3805,spot,229,description,成都的宽窄巷子和锦里哪个更好玩，值不值得专程去一趟？
3806,spot,216,travel_tips,请问这个景点几点开门，是全天免费随便进吗？
3807,spot,216,travel_tips,去那边交通方便吗，自己开车好停不，还是坐公交地铁更方便？
3808,spot,216,travel_tips,带小孩去玩合适不，步道危不危险，需不需要特别注意啥？
3809,spot,216,travel_tips,里面大概能逛多久，有没有卖吃的喝的，还是得自己带干粮？
3810,spot,216,travel_tips,这个季节去好不好玩，主要看什么风景，值不值得专程跑一趟？
3811,spot,229,cultural_context,这个地方几点开门关门呢？
3812,spot,229,cultural_context,去新津那个斑竹林要门票吗，大概多少钱一个人？
3813,spot,229,cultural_context,从成都市区怎么坐车去这个林盘，自驾方便不？
3814,spot,229,cultural_context,里面除了看竹子还有啥好玩的，适合带小孩去耍一天不？
3815,spot,229,cultural_context,这个川西林盘环境咋样，值不值得专门跑一趟？
3816,spot,216,cultural_context,龙泉山城市绿心公园几点开门关门呢？早上想去爬山看日出，不知道时间赶不赶得上？
3817,spot,216,cultural_context,从市区坐地铁或者公交去龙泉山方便吗？大概要多久，打车过去贵不贵？
3818,spot,216,cultural_context,桃花故里这个季节去还有花看吗？现在去主要是看什么景色，值不值得专门跑一趟？
3819,spot,216,cultural_context,带5岁的小孩去龙泉山徒步合适吗？有没有那种轻松点的步道，推婴儿车方便不？
3820,spot,216,cultural_context,那边骑行的话路况怎么样？租自行车多少钱一辆，有没有推荐的骑行环线？
3821,spot,229,travel_tips,这个地方几点开门，要买门票不？
3822,spot,229,travel_tips,从春熙路坐地铁怎么过去啊，大概要多久？
3823,spot,229,travel_tips,带五岁小孩去走那个竹林步道累不累，有危险吗？
3824,spot,229,travel_tips,夏天去蚊子真的很多吗？除了防滑鞋还要带啥不？
3825,spot,229,travel_tips,网上说这地儿适合拍照，实际去玩两小时够不够，值不值得专门跑一趟？
3826,spot,234,travel_tips,这个公园几点开门？傍晚去的话大概几点到比较合适？
3827,spot,234,travel_tips,进去要门票不？还是免费随便逛？
3828,spot,234,travel_tips,这地方具体在成华区哪个位置啊，坐地铁或者公交怎么过去方便？
3829,spot,234,travel_tips,里面好玩吗？就是拍拍照看看老工业遗址，大概能逛多久？
3830,spot,234,travel_tips,带小孩去合适不？晚上有灯光的话，小朋友会不会觉得有意思？
3831,spot,234,description,成都的公园一般早上几点开门，晚上几点关门啊？
3832,spot,234,description,去成都的公园玩要买门票吗，大概多少钱一张？
3833,spot,234,description,从春熙路怎么坐车去人民公园或者望江楼公园？
3834,spot,234,description,带五岁的小孩去成都哪个公园最合适，有没有游乐设施？
3835,spot,234,description,成都的公园里除了散步，还有没有喝茶、划船或者看花这些好玩的？
3836,spot,234,cultural_context,这个公园几点开门关门呢？
3837,spot,234,cultural_context,进去要门票吗，大概多少钱一个人？
3838,spot,234,cultural_context,这个由废弃工厂改的公园具体在哪儿，坐地铁怎么去？
3839,spot,234,cultural_context,里面好玩吗，主要能看哪些工业遗迹或者拍照打卡点？
3840,spot,234,cultural_context,带小孩去合适不，有没有适合小朋友玩的设施或者草坪？
3841,spot,238,description,成都的博物馆一般几点开门啊？周末会晚点开吗？
3842,spot,238,description,去成都博物馆要门票不？大概多少钱一张？
3843,spot,238,description,从春熙路咋个坐车到成都博物馆？地铁能到不？
3844,spot,238,description,成都博物馆里头有啥子好耍的？大概逛好久合适？
3845,spot,238,description,带五岁娃儿去成都博物馆方便不？有没有亲子设施或儿童展区？
3846,spot,238,travel_tips,请问双流这边那个博物馆几点开门啊？上午去是不是人少些？
3847,spot,238,travel_tips,这个馆进去要钱不？是不是得提前预约？当天约行不行？
3848,spot,238,travel_tips,里头主要摆了些啥子东西？逛一圈大概要多久，走马观花一个小时够不够？
3849,spot,238,travel_tips,带五岁娃儿去合适不？里头让不让推婴儿车，娃儿会不会觉得无聊？
3850,spot,238,travel_tips,这地方坐地铁咋个去？附近好停车不？还是说打车过去方便些？
3851,spot,238,cultural_context,请问双流区那个广都博物馆几点开门关门呀？
3852,spot,238,cultural_context,去这个博物馆要门票不，大概多少钱一张？
3853,spot,238,cultural_context,从市区坐地铁或公交怎么去双流那个广都古城博物馆？
3854,spot,238,cultural_context,带五岁娃去逛这个博物馆合适吗，里面有没有互动或好玩的东西？
3855,spot,238,cultural_context,这个广都博物馆到底值不值得专门跑一趟，网上评价咋样？
3856,spot,259,description,成都那些有名的景点一般几点开门关门啊？
3857,spot,259,description,去成都旅游，像宽窄巷子、锦里这些地方门票大概多少钱？
3858,spot,259,description,从成都市区怎么坐车去都江堰或者青城山最方便？
3859,spot,259,description,带5岁的小朋友去成都大熊猫基地玩合适吗？里面累不累？
3860,spot,259,description,成都周边哪个古镇人少点、好玩又适合拍照？
3861,spot,259,cultural_context,桂溪生态公园几点开门关门呢？早上想去骑车怕扑空。
3862,spot,259,cultural_context,从地铁站出来到桂溪生态公园怎么走最方便？打车还是骑共享单车？
3863,spot,259,cultural_context,带5岁小孩去桂溪生态公园玩合适吗？有专门的儿童设施不？
3864,spot,259,cultural_context,桂溪生态公园里的绿道骑行要收费吗？租车大概多少钱一小时？
3865,spot,259,cultural_context,桂溪生态公园好玩吗？听说能连着锦城湖一起逛，大概要留多长时间？
3866,spot,259,travel_tips,桂溪绿道早上几点开门，晚上到几点就不能骑了？
3867,spot,259,travel_tips,去环桂溪绿道骑车要门票吗，租共享单车大概多少钱一小时？
3868,spot,259,travel_tips,这个骑行起点具体在成都哪个位置，坐地铁或者公交怎么过去方便？
3869,spot,259,travel_tips,环桂溪绿道那5公里骑起来累不累，沿途风景怎么样，好玩吗？
3870,spot,259,travel_tips,带8岁小孩去骑这段绿道合适吗，路上有没有租儿童车或者安全防护的地方？
3871,spot,260,description,成都那些风景名胜一般早上几点开门，去太早会不会吃闭门羹？
3872,spot,260,description,去成都的这几个风景名胜玩，门票大概要多少钱，有没有学生票或者免费时段？
3873,spot,260,description,从春熙路出发怎么坐车去这些风景名胜，地铁能直达吗，还是要转公交？
3874,spot,260,description,带五岁小孩去这些地方合适吗，有没有适合亲子游的路线或者注意事项？
3875,spot,260,description,这些风景名胜到底好不好玩，主要看什么特色，大概要逛多久才能逛完？
3876,spot,260,travel_tips,这个山体公园几点开门关门呢？早上想早点去爬，会不会不让进？
3877,spot,260,travel_tips,去这个公园要门票不？还是说免费随便进？
3878,spot,260,travel_tips,这个公园具体在龙泉驿哪里啊？坐地铁或者公交怎么过去方便？
3879,spot,260,travel_tips,带五岁的小孩去爬合适吗？山路陡不陡，大概要爬多久能到山顶？
3880,spot,260,travel_tips,这公园好玩吗？除了爬山看城景，山顶上有没有什么休息或者打卡的地方？
3881,spot,325,description,成都的博物馆一般几点开门关门啊？
3882,spot,325,description,去成都博物馆要门票不，大概多少钱一张？
3883,spot,325,description,从春熙路怎么坐车去成都博物馆？
3884,spot,325,description,带五岁小孩去成都博物馆合适不，有没有什么亲子玩法？
3885,spot,325,description,成都博物馆好玩吗，值不值得专门去逛一趟？
3886,spot,260,cultural_context,紫霞山几点开门关门哦？早上想去爬要买票不？
3887,spot,260,cultural_context,从成都市区怎么去紫霞山最方便？坐地铁能到吗？
3888,spot,260,cultural_context,紫霞山门票多少钱一张？有没有学生票或者老人优惠？
3889,spot,260,cultural_context,带5岁小孩去紫霞山徒步合适吗？山路陡不陡，有没有休息的地方？
3890,spot,260,cultural_context,紫霞山好不好耍？除了爬山看花，里面有没有其他好玩的或者拍照点？
3891,spot,325,travel_tips,周末下午去东安湖体育公园那个地方，大概要逛多久啊？需要提前预约吗？
3892,spot,325,travel_tips,这个景点门票多少钱？是免费的吗？要不要在网上抢票？
3893,spot,325,travel_tips,东安湖体育公园具体在哪个位置？坐地铁或者公交怎么过去方便？
3894,spot,325,travel_tips,里面好玩吗？除了看体育场馆，还有啥可以逛的？适合带五六岁的小孩去吗？
3895,spot,325,travel_tips,那边一般几点开门关门？下午过去会不会太晒，有没有室内休息的地方？
3896,spot,325,cultural_context,成都大运会博物馆每天几点开门关门啊？
3897,spot,325,cultural_context,去参观的话门票要多少钱，需要提前预约不？
3898,spot,325,cultural_context,这个博物馆具体在哪个位置，坐地铁怎么过去方便？
3899,spot,325,cultural_context,里面除了火炬和奖牌，还有啥好玩的互动项目吗？
3900,spot,325,cultural_context,带6岁小孩去逛合适吗，会不会觉得无聊？
3901,spot,415,description,成都的博物馆一般几点开门呀？
3902,spot,415,description,去成都博物馆要门票吗，大概多少钱一张？
3903,spot,415,description,成都博物馆在哪个位置，坐地铁怎么过去方便？
3904,spot,415,description,成都博物馆里好玩吗，值不值得专门去逛一趟？
3905,spot,415,description,带小孩去成都博物馆合适不，有没有适合小朋友的展区？
3906,spot,415,travel_tips,这个川音里面的景点几点开门呀，下午去逛来得及不？
3907,spot,415,travel_tips,进去参观要收门票吗，还是说免费随便进？
3908,spot,415,travel_tips,新都那个川音里头到底有啥好玩的，值不值得专门跑一趟？
3909,spot,415,travel_tips,带五岁小孩去那儿看音乐相关的东西合适不，会不会太无聊？
3910,spot,415,travel_tips,坐地铁怎么到那边最方便，导航到哪个门进？
3911,spot,415,cultural_context,请问这个博物馆几点开门，关门时间是好久？
3912,spot,415,cultural_context,门票多少钱一张，学生或者老人有优惠吗？
3913,spot,415,cultural_context,这个地方具体在哪儿，坐地铁或者公交怎么过去方便？
3914,spot,415,cultural_context,里面除了看乐器，有没有可以试听或者互动体验的，适合带小孩去耍不？
3915,spot,415,cultural_context,值不值得专门跑一趟？大概逛两个小时够不够，有没有啥特别推荐的展品？
3916,spot,438,description,成都那些热门景点一般早上几点开门？我想早点去避开人流。
3917,spot,438,description,去都江堰和青城山玩一天，门票加起来大概要多少钱？
3918,spot,438,description,从春熙路怎么坐地铁去宽窄巷子？大概要多久？
3919,spot,438,description,带5岁小孩去成都大熊猫基地方便吗？里面有没有婴儿车可以租？
3920,spot,438,description,武侯祠和锦里晚上去好玩吗？灯光和白天比哪个更值得逛？
3921,spot,438,travel_tips,建川博物馆聚落门票大概多少钱一张？里面那个馆要单独再买票不？
3922,spot,438,travel_tips,这个建川博物馆聚落几点开门、几点关门啊？游览那个馆大概要花多长时间？
3923,spot,438,travel_tips,带小孩去建川博物馆聚落合适吗？那个馆会不会太枯燥，孩子看得懂不？
3924,spot,438,travel_tips,建川博物馆聚落在哪儿？坐地铁或者公交怎么去，附近好停车不？
3925,spot,438,travel_tips,那个抗战系列的展馆好玩吗？跟其他馆比起来值不值得专门去看看？
3926,spot,440,description,成都那些热门景点一般几点开门关门啊？
3927,spot,440,description,去成都旅游，像武侯祠、熊猫基地这些地方门票大概多少钱？
3928,spot,440,description,从春熙路怎么坐车去都江堰景区最方便？
3929,spot,440,description,带5岁小孩去成都，哪些景点适合亲子玩，会不会太累？
3930,spot,440,description,成都周边哪个景点人少景美，值得专门跑一趟？
3931,spot,438,cultural_context,这个歼-5战斗机在哪个展馆啊，进去要另外买票不？
3932,spot,438,cultural_context,带娃去看这个飞机，大概能玩多久，有没有讲解可以听？
3933,spot,438,cultural_context,你们几点开门关门？周末去人多不多，要不要提前预约？
3934,spot,438,cultural_context,这架飞机是能爬上去拍照还是只能隔着栏杆看？
3935,spot,438,cultural_context,坐地铁或者公交怎么到那边最方便，下车后要走多远？
3936,spot,440,travel_tips,这个展品是在建川博物馆聚落里面吗？门票是单独买还是买聚落的大门票就行？
3937,spot,440,travel_tips,请问逛这个展品大概要多久？如果我想连着刘文彩庄园一起看，行程怎么安排比较顺？
3938,spot,440,travel_tips,建川博物馆聚落早上几点开门？这个展品下午去来得及不？
3939,spot,440,travel_tips,这个展品带娃去看合适吗？会不会太枯燥？大概适合多大的孩子？
3940,spot,440,travel_tips,从成都市区怎么去建川博物馆聚落最快？到了之后这个展品好找吗？
3941,spot,448,travel_tips,这个公馆几点开门关门呀？游览大概要多久？
3942,spot,448,travel_tips,去安仁古镇看这个公馆，门票是单独买还是必须买古镇联票？大概多少钱？
3943,spot,448,travel_tips,这个公馆具体在安仁古镇哪个位置？坐什么车能到？
3944,spot,448,travel_tips,里面好玩吗？主要看什么？听说木雕很漂亮，值不值得专门去看？
3945,spot,448,travel_tips,带小孩去合适吗？会不会太无聊，还是说也适合亲子游？
3946,spot,448,cultural_context,刘元瑄公馆每天几点开门啊？门票多少钱一张？
3947,spot,448,cultural_context,这个刘元瑄公馆具体在成都哪个位置，坐地铁或者公交怎么过去方便？
3948,spot,448,cultural_context,带家里老人和小孩去逛刘元瑄公馆合适吗？里面台阶多不多，大概要逛多久？
3949,spot,448,cultural_context,听说刘元瑄公馆是中西合璧的老宅子，里面到底有啥好看的？值不值得专门跑一趟？
3950,spot,448,cultural_context,去刘元瑄公馆玩的话，里面能不能拍照？有没有讲解或者扫码听介绍？
3951,spot,440,cultural_context,这个刘文辉佩剑在哪个展馆展出？去那儿方便吗，坐地铁能到不？
3952,spot,440,cultural_context,看这把佩剑要单独买票不？还是包含在博物馆大门票里？大概多少钱一张？
3953,spot,440,cultural_context,周末带家里老人和小孩去逛，这个展区会不会很拥挤？大概逛多久比较合适？
3954,spot,440,cultural_context,这把剑是刘文辉自己用过的吗？讲解员会讲背后的故事不？还是就摆在那儿自己看？
3955,spot,440,cultural_context,博物馆几点开门？下午去会不会太赶，佩剑展区最晚几点能进？
3956,spot,448,description,成都那些有名的景点一般几点开门关门啊？我打算早点去避开人流。
3957,spot,448,description,去武侯祠和宽窄巷子这类地方，门票大概多少钱一张？有没有学生票或者联票优惠？
3958,spot,448,description,从春熙路出发，怎么坐地铁或公交去都江堰景区最方便？大概要多久？
3959,spot,448,description,带5岁的小孩去成都玩，像熊猫基地和欢乐谷哪个更适合亲子游？有什么要注意的吗？
3960,spot,448,description,青城山和都江堰哪个更值得玩？一天时间够不够，景色和体验分别怎么样？
3961,spot,499,description,成都的公园一般早上几点开门，晚上几点关门啊？
3962,spot,499,description,去成都这些公园玩要买门票不，大概多少钱一个人？
3963,spot,499,description,带小朋友去成都的公园逛，有没有哪个比较适合亲子活动，有游乐设施吗？
3964,spot,499,description,从春熙路坐地铁或公交怎么去最近的那个公园，方便不？
3965,spot,499,description,成都这些公园里头有啥好耍的，值不值得专门花半天去逛一圈？
3966,spot,499,travel_tips,请问这个地方几点开门呀？是免费进去的吗？
3967,spot,499,travel_tips,那边好不好耍哦？大概要逛多久才耍得完？
3968,spot,499,travel_tips,带五岁的小朋友去合适不？有没有啥子要注意的？
3969,spot,499,travel_tips,这个地方咋个去方便呢？坐地铁能到不，还是要转公交？
3970,spot,499,travel_tips,我想早上过去，环湖走一圈大概要花好多时间？里头可以租自行车不？
3971,spot,499,cultural_context,锦城湖3号湖区几点开门关门，晚上可以去散步吗？
3972,spot,499,cultural_context,去锦城湖3号湖区要门票不，大概多少钱一个人？
3973,spot,499,cultural_context,坐地铁怎么到锦城湖3号湖区，从哪个出口出来最近？
3974,spot,499,cultural_context,锦城湖3号湖区好玩吗，主要能玩些啥子，可以划船不？
3975,spot,499,cultural_context,带娃去锦城湖3号湖区耍方便不，有没有儿童游乐设施和推车通道？
3976,spot,506,cultural_context,交子锦江公园几点开门关门啊？
3977,spot,506,cultural_context,去交子锦江公园要门票吗，大概多少钱？
3978,spot,506,cultural_context,从地铁站怎么走到交子锦江公园，方便吗？
3979,spot,506,cultural_context,交子锦江公园里面有什么好玩的，适合带小孩去逛吗？
3980,spot,506,cultural_context,交子锦江公园晚上亮灯好看吗，值不值得专门跑一趟？
3981,spot,506,description,成都的公园一般几点开门关门啊？
3982,spot,506,description,去成都那些公园玩要买门票不，大概多少钱？
3983,spot,506,description,从春熙路怎么坐车去人民公园？
3984,spot,506,description,带三岁小孩去哪个公园最合适，有沙坑或者游乐设施吗？
3985,spot,506,description,最近成都哪个公园的荷花开了，值不值得专门跑一趟？
3986,spot,506,travel_tips,请问这个景点几点开门啊？是全天都能进吗？
3987,spot,506,travel_tips,去这里要门票不？大概多少钱一个人？
3988,spot,506,travel_tips,这地方具体在哪儿啊？怎么坐地铁或公交过去方便？
3989,spot,506,travel_tips,那边好玩吗？傍晚去散散步、拍拍照怎么样？
3990,spot,506,travel_tips,带小孩去合适不？有没有什么要注意的安全问题？
3991,spot,521,description,成都那些风景名胜区一般几点开门，去太早会不会吃闭门羹？
3992,spot,521,description,带小孩去成都的风景名胜玩，有没有特别推荐的地方，门票大概多少钱？
3993,spot,521,description,从春熙路怎么坐车去青城山或者都江堰，路上要花多长时间？
3994,spot,521,description,成都周边哪个风景名胜区最值得去，好玩吗，大概能玩大半天还是一整天？
3995,spot,521,description,去武侯祠和杜甫草堂这种地方，门票价格是多少，有没有学生票或者半价优惠？
3996,spot,521,travel_tips,这个公园要门票不？大概几点开门关门哦？
3997,spot,521,travel_tips,春天去那儿看花大概几月份最巴适？可以带块垫子去野餐不？
3998,spot,521,travel_tips,那边坐地铁或者公交咋个走喃？停车方便不？
3999,spot,521,travel_tips,带五岁娃娃去耍两小时够不够？有没有啥子要注意的，比如不能踩花那些？
4000,spot,521,travel_tips,你晓得不，这儿秋天看彩林值不值得专门跑一趟？跟春天比哪个更安逸？
4001,spot,521,cultural_context,林坡花韵在锦城公园里具体哪个位置，从哪个门进去最近？
4002,spot,521,cultural_context,去林坡花韵看花要买门票不？大概多少钱一个人？
4003,spot,521,cultural_context,林坡花韵早上几点开门，晚上几点关门？想带老人去散步，时间上合适不？
4004,spot,521,cultural_context,林坡花韵现在这个季节去好玩吗？主要能看到些什么花，大概能逛多久？
4005,spot,521,cultural_context,带两岁多的小孩去林坡花韵方便吗？有没有婴儿车能走的路，或者适合娃耍的地方？
4006,spot,525,travel_tips,请问这里几点开门呀？早上几点去人少光线好？
4007,spot,525,travel_tips,这个景点门票好多钱呢？是免费的不？
4008,spot,525,travel_tips,这个地方咋个去哦？坐地铁能到不，还是要转公交？
4009,spot,525,travel_tips,秋天去那边好不好耍？银杏叶红枫叶大概啥子时候最漂亮？
4010,spot,525,travel_tips,带五岁的小娃娃去这儿合适不？大概能逛多久？
4011,spot,525,description,成都那些有名的景点一般几点开门关门啊？我想安排一天逛两三个地方，时间上赶不赶？
4012,spot,525,description,去都江堰或者青城山门票多少钱一张？有没有学生票或者老人优惠？
4013,spot,525,description,从春熙路怎么去熊猫基地最方便？坐地铁还是打车，大概要多久？
4014,spot,525,description,武侯祠和锦里适合带五六岁的小孩去玩吗？里面会不会太挤或者没什么孩子感兴趣的东西？
4015,spot,525,description,宽窄巷子到底好不好玩？我看网上评价两极分化，值不值得专门跑一趟？
4016,spot,526,travel_tips,这个景点春天去是不是最美？大概几月份能看到花？
4017,spot,526,travel_tips,这里要门票吗？大概逛多久比较合适？
4018,spot,526,travel_tips,请问具体位置在哪里？坐地铁或者公交方便吗？
4019,spot,526,travel_tips,带5岁的小朋友去玩合适吗？有没有什么要注意的？
4020,spot,526,travel_tips,听说这里拍照很出片，实际体验怎么样？人多不多？
4021,spot,526,cultural_context,金香盈岸几点开门？晚上去逛会不会关门？
4022,spot,526,cultural_context,去金香盈岸要门票不？大概多少钱一个人？
4023,spot,526,cultural_context,金香盈岸具体在哪儿？坐地铁或者公交怎么过去方便？
4024,spot,526,cultural_context,金香盈岸那边好玩吗？主要能看些啥子景色？
4025,spot,526,cultural_context,带小孩去金香盈岸耍合适不？有没有啥子亲子互动或者安全要注意的？
4026,spot,525,cultural_context,风舞秋韵在锦城公园里具体哪个位置啊，从哪个门进去最近？
4027,spot,525,cultural_context,这个风舞秋韵景区要门票不？大概逛一圈要多久？
4028,spot,525,cultural_context,请问风舞秋韵那边早上几点开门，下午几点关门呢？
4029,spot,525,cultural_context,带5岁的小孩去风舞秋韵玩合适吗，有没有什么儿童设施或者安全要注意的？
4030,spot,525,cultural_context,这几天去风舞秋韵看落叶，人多不多？值不值得专门跑一趟？
4031,spot,526,description,成都那些热门景点一般几点开门啊？我想早点去避开人流。
4032,spot,526,description,去都江堰或者青城山玩，门票大概多少钱一张？有没有学生票？
4033,spot,526,description,从春熙路怎么坐车去大熊猫繁育研究基地？大概要多久？
4034,spot,526,description,宽窄巷子和锦里哪个更好玩？第一次去成都选哪个更值得？
4035,spot,526,description,带5岁小孩去成都，哪些景点比较适合亲子游，不会太累？
4036,spot,528,description,成都那些有名的景点一般几点开门关门啊？
4037,spot,528,description,去成都旅游，像宽窄巷子、锦里这些地方门票大概多少钱？
4038,spot,528,description,从成都市区怎么坐车去都江堰或者青城山，方便吗？
4039,spot,528,description,带家里老人和小孩去成都玩，哪些景点比较轻松不累又好玩？
4040,spot,528,description,成都的武侯祠和杜甫草堂到底值不值得去，网上评价怎么样？
4041,spot,528,travel_tips,早上几点去人少光线好？大概逛多久比较合适？
4042,spot,528,travel_tips,这个地方现在收门票不？还是免费随便进？
4043,spot,528,travel_tips,从春熙路过去坐几路公交能到？下车后好找吗？
4044,spot,528,travel_tips,带五岁小孩去走那个环湖步道累不累？推婴儿车方便不？
4045,spot,528,travel_tips,里面除了看湖还有啥好玩的？值不值得专门跑一趟？
4046,spot,528,cultural_context,锦城公园几点开门关门？需要买门票吗？
4047,spot,528,cultural_context,带小孩去锦城公园玩合适吗？里面有没有儿童游乐设施？
4048,spot,528,cultural_context,锦城公园怎么去？坐地铁几号线能到，方便吗？
4049,spot,528,cultural_context,那个‘冠云落影’景点到底是个啥？拍照好看不？
4050,spot,528,cultural_context,锦城公园逛一圈大概要多久？里面有没有租自行车或者电瓶车？
4051,spot,534,travel_tips,那边几点开门，早上早点去能进不？
4052,spot,534,travel_tips,这个地方要门票不，还是免费随便逛？
4053,spot,534,travel_tips,从春熙路坐地铁怎么过去，下车后要走多远？
4054,spot,534,travel_tips,带5岁娃去耍安全不，有没有水边要特别看着？
4055,spot,534,travel_tips,那儿到底好不好玩，值不值得专门跑一趟，大概能耍多久？
4056,spot,534,description,成都那些热门景点一般早上几点开门？我想安排一天去好几个地方，怕时间赶不上。
4057,spot,534,description,去都江堰和青城山玩一趟大概要花多少钱？包括门票和来回交通。
4058,spot,534,description,从成都市区到熊猫基地怎么去最方便？坐地铁能到吗？
4059,spot,534,description,武侯祠和锦里适合带五六岁的小孩一起去逛吗？会不会太无聊？
4060,spot,534,description,宽窄巷子到底好不好玩？我看网上评价两极分化，值不值得专门跑一趟？
4061,spot,534,cultural_context,大源中央公园早上几点开门，晚上几点关门呀？
4062,spot,534,cultural_context,这个公园要门票不，进去玩大概要花多少钱？
4063,spot,534,cultural_context,大源中央公园具体在哪儿，坐地铁几号线能到？
4064,spot,534,cultural_context,带5岁小孩去大源中央公园玩，有没有适合亲子的设施或者活动？
4065,spot,534,cultural_context,大源中央公园那个亲水平台好不好耍，周末人多不多，值不值得专门跑一趟？
4066,spot,535,description,成都的旅游景点一般早上几点开门？有的地方是不是下午就关了？
4067,spot,535,description,去成都那些热门景点，门票大概要多少钱？有没有免费或者半价的时候？
4068,spot,535,description,从春熙路怎么去武侯祠或者宽窄巷子？坐地铁方便还是打车划算？
4069,spot,535,description,带5岁的小孩去成都玩，哪些景点比较轻松不累，适合亲子游？
4070,spot,535,description,成都的景点像锦里、熊猫基地到底好不好玩？值不值得专门跑一趟？
4071,spot,535,travel_tips,曲桥流苑几点开门关门？要门票不？
4072,spot,535,travel_tips,这个地方具体在成都哪儿？坐地铁能到吗？
4073,spot,535,travel_tips,带5岁小孩去玩合适不？大概能逛多久？
4074,spot,535,travel_tips,听说那边水景很出片，下雨天去拍好看吗？路滑不滑？
4075,spot,535,travel_tips,春秋去最巴适，那夏天去是不是太晒了？里面有没有遮阴的地方？
4076,spot,535,cultural_context,锦城公园的曲桥流苑早上几点开门，晚上关门吗？
4077,spot,535,cultural_context,去曲桥流苑要门票不？大概多少钱一个人？
4078,spot,535,cultural_context,这个曲桥流苑在锦城公园哪个位置，坐地铁怎么过去方便？
4079,spot,535,cultural_context,曲桥流苑里面除了看景，有没有啥好玩的，适合带娃去耍不？
4080,spot,535,cultural_context,听说曲桥流苑是仿江南园林的，实际去逛会不会很小，值不值得专门跑一趟？
4081,spot,537,description,成都那些有名的景点一般早上几点开门啊？
4082,spot,537,description,去成都旅游，像武侯祠、熊猫基地这些地方门票大概多少钱一张？
4083,spot,537,description,从春熙路出发去都江堰景区，坐什么车最方便？
4084,spot,537,description,带5岁的小孩去成都玩，哪些景点比较适合，会不会太累？
4085,spot,537,description,成都的宽窄巷子和锦里哪个更好玩，本地人更推荐去哪个？
4086,spot,537,travel_tips,桃花现在开了吗？这个季节去合适不？大概要逛多久？
4087,spot,537,travel_tips,请问这个地方门票要多少钱？是免费随便进的吗？
4088,spot,537,travel_tips,这儿具体在哪儿啊？坐公交或者地铁怎么过去方便？
4089,spot,537,travel_tips,里面除了看桃花还有啥好玩的？带小孩去能耍得住不？
4090,spot,537,travel_tips,那边人多不多？拍照出片吗？对花粉过敏的人去有没有啥要注意的？
4091,spot,537,cultural_context,锦城公园的蹊桃相映景点几点开门关门呢？
4092,spot,537,cultural_context,去锦城公园看蹊桃相映要买门票不，大概多少钱一个人？
4093,spot,537,cultural_context,从春熙路坐地铁怎么到锦城公园的蹊桃相映那片桃树啊？
4094,spot,537,cultural_context,蹊桃相映那里除了看桃花，还有啥好耍的？适合带5岁娃儿去不？
4095,spot,537,cultural_context,网上说蹊桃相映是“桃李不言下自成蹊”，实际去过的朋友觉得值不值得专门跑一趟？
4096,spot,541,description,成都那些风景名胜一般早上几点开门？
4097,spot,541,description,去成都的风景名胜玩一圈，门票大概要多少钱？
4098,spot,541,description,从市区怎么坐车去这些风景名胜，方便吗？
4099,spot,541,description,带小孩去逛这些地方合适吗，有没有什么亲子玩法？
4100,spot,541,description,成都的风景名胜好玩吗？有没有哪个最值得去，大概要逛多久？
4101,spot,541,travel_tips,这个公园几点开门关门啊？傍晚去的话大概能逛多久？
4102,spot,541,travel_tips,去这儿要门票不？还是免费随便进？
4103,spot,541,travel_tips,我想骑车过去，里面能租共享单车吗？还是只能自己带车？
4104,spot,541,travel_tips,带5岁小孩去合适吗？里面有没有什么好玩的或者适合遛娃的地方？
4105,spot,541,travel_tips,这地方到底好不好玩？是那种纯走路的公园，还是有点景可以看？
4106,spot,541,cultural_context,新川之心中央公园早上几点开门，晚上几点关门呢？
4107,spot,541,cultural_context,这个公园要门票吗，还是免费的？
4108,spot,541,cultural_context,从地铁一号线怎么去新川之心中央公园，走路远不远？
4109,spot,541,cultural_context,新川之心中央公园里面好玩吗，主要能看些啥子景色？
4110,spot,541,cultural_context,带5岁的小朋友去新川之心中央公园耍，有没有儿童游乐设施，适合推婴儿车不？
4111,spot,543,description,成都的景点一般几点开门关门？想安排一天的行程
4112,spot,543,description,去成都旅游，主要景点的门票大概多少钱？有没有免费或半价的时候？
4113,spot,543,description,宽窄巷子和锦里哪个更好玩？第一次去成都推荐先去哪个？
4114,spot,543,description,带5岁的小孩去成都，哪些景点比较适合亲子游？要注意什么？
4115,spot,543,description,从春熙路怎么去都江堰？坐地铁还是大巴方便？大概要多久？
4116,spot,543,cultural_context,这个风笛听馨景点几点开门关门呢？
4117,spot,543,cultural_context,去风笛听馨要门票不，大概多少钱一个人？
4118,spot,543,cultural_context,风笛听馨具体在锦城绿道哪个位置，坐地铁或者公交怎么过去方便？
4119,spot,543,cultural_context,带5岁小孩去风笛听馨玩合适吗，那边有没有适合小朋友的设施？
4120,spot,543,cultural_context,风笛听馨到底好不好玩，主要能看啥或者拍点啥？
4121,spot,543,travel_tips,锦城公园几点开门关门？晚上去逛有没有灯哦？
4122,spot,543,travel_tips,这个公园要门票不？还是完全免费随便进？
4123,spot,543,travel_tips,坐地铁怎么到锦城公园环线绿道？哪个站下最近？
4124,spot,543,travel_tips,里面除了骑车走路，还有啥好玩的？适合带小孩去耍不？
4125,spot,543,travel_tips,天气热的时候去会不会很晒？全程走下来大概要好久？
4126,spot,553,description,成都那些有名的景点一般早上几点开门啊？我想早点去避开人流。
4127,spot,553,description,去都江堰或者青城山门票多少钱一张？有没有学生票或者联票优惠？
4128,spot,553,description,从春熙路怎么坐车去熊猫基地最方便？打车大概要多久？
4129,spot,553,description,带5岁的小孩去欢乐田园或者动物园玩合适吗？里面有没有婴儿车可以租？
4130,spot,553,description,宽窄巷子和锦里哪个更好玩？晚上去是不是比白天更有意思？
4131,spot,553,cultural_context,桂溪生态公园早上几点开门，晚上几点关门？
4132,spot,553,cultural_context,去桂溪生态公园要不要门票，里面停车怎么收费？
4133,spot,553,cultural_context,坐地铁或者公交怎么去桂溪生态公园，哪个门下车最近？
4134,spot,553,cultural_context,桂溪生态公园那片大草坪可以搭帐篷野餐吗，周末人多不？
4135,spot,553,cultural_context,带三岁小孩去桂溪生态公园玩，有适合小朋友的设施吗？
4136,spot,553,travel_tips,桂溪生态公园西区那个大草坪几点开门关门啊？
4137,spot,553,travel_tips,去那儿野餐要买门票不，还是免费随便进？
4138,spot,553,travel_tips,坐地铁咋个到桂溪生态公园西区中央大草坪，哪个站下最近？
4139,spot,553,travel_tips,那个草坪除了野餐搭帐篷，还有啥子好耍的，值不值得专门跑一趟？
4140,spot,553,travel_tips,带三岁娃儿去那儿耍安全不，有没有阴凉处躲太阳，适合周末遛娃不？
4141,spot,558,travel_tips,请问早上几点开门？晚上会不会关门？
4142,spot,558,travel_tips,这里门票多少钱？需要提前预约吗？
4143,spot,558,travel_tips,坐地铁或者公交怎么过去方便？
4144,spot,558,travel_tips,周末带5岁小孩去逛，有什么要注意的吗？
4145,spot,558,travel_tips,里面有什么好玩的？骑绿道大概要骑多久？
4146,spot,558,description,成都的景点一般早上几点开门？有些地方是不是下午四五点就关了？
4147,spot,558,description,去成都那些热门景点玩一圈大概要花多少钱？门票能网上买便宜点不？
4148,spot,558,description,从春熙路怎么坐地铁或公交去武侯祠或者宽窄巷子？打车大概多少钱？
4149,spot,558,description,带5岁的小朋友去成都科技馆或者熊猫基地合适吗？有没有婴儿车能推的路？
4150,spot,558,description,成都周边有没有一天能来回、风景好又不太累的景点？适合带老人去的那种。
4151,spot,558,cultural_context,桂溪生态公园早上几点开门，晚上几点关门啊？
4152,spot,558,cultural_context,去桂溪生态公园要门票不，里面那个绿友家驿站消费贵不贵？
4153,spot,558,cultural_context,从地铁1号线出来怎么走到桂溪生态公园？绿友家具体在公园哪个位置？
4154,spot,558,cultural_context,桂溪生态公园带5岁娃去好玩吗？有没有适合小孩玩的设施，绿友家能租自行车不？
4155,spot,558,cultural_context,这个公园周末人多不多？绿友家那里可以露营或者喝咖啡休息吗，值不值得专门跑一趟？
4156,spot,572,travel_tips,这个地方几点开门，晚上去能看到鸟吗？
4157,spot,572,travel_tips,门票好多钱一个人？需不需要提前预约？
4158,spot,572,travel_tips,从春熙路坐地铁或者公交咋个过去喃？
4159,spot,572,travel_tips,带5岁娃儿去耍合适不？栈道好走不，怕娃儿摔跤。
4160,spot,572,travel_tips,这个地方到底好不好耍？除了看鸟拍照，还有没有其他好玩的？
4161,spot,572,description,成都的观景点一般几点开门？早上想去的话最早几点能进？
4162,spot,572,description,去这些观景点门票大概多少钱？有没有学生票或者免费时段？
4163,spot,572,description,成都市区有哪些值得去的观景点？怎么坐地铁或公交过去方便？
4164,spot,572,description,带小孩去这些观景点合适吗？有没有适合亲子游的路线或者设施？
4165,spot,572,description,这些观景点好玩吗？一般逛下来要多久，哪个最值得先去？
4166,spot,572,cultural_context,白鹭湾湿地公园早上几点开门？去晚了会不会关门？
4167,spot,572,cultural_context,去白鹭湾湿地公园要门票吗？大概多少钱一个人？
4168,spot,572,cultural_context,白鹭湾湿地公园在成都哪个位置？坐地铁或者公交怎么去方便？
4169,spot,572,cultural_context,白鹭湾湿地公园里面好玩吗？大概能逛多久？除了看白鹭还有啥可看的？
4170,spot,572,cultural_context,带小孩去白鹭湾湿地公园合适吗？里面有没有儿童游乐设施或者适合小朋友的活动？
4171,spot,583,description,成都的公园一般早上几点开门？晚上会关门吗？
4172,spot,583,description,去成都那些公园玩要买门票不？大概多少钱一张？
4173,spot,583,description,从春熙路出发，坐地铁怎么去最近的那个大公园啊？
4174,spot,583,description,带3岁的小朋友去公园玩，有没有适合遛娃的设施或者活动？
4175,spot,583,description,成都哪个公园最值得逛？主要看风景还是能划船、喝茶那种？
4176,spot,583,travel_tips,请问这边几点开门，参观大概要多久，需要提前在网上买票吗？
4177,spot,583,travel_tips,门票多少钱一张，现场买还是网上买划算？
4178,spot,583,travel_tips,这个景点在哪个位置，坐地铁或公交怎么过去方便？
4179,spot,583,travel_tips,里面好玩吗，主要是看什么，适合拍照打卡不？
4180,spot,583,travel_tips,带6岁小孩去合适吗，会不会觉得无聊，要不要预约讲解？
4181,spot,583,cultural_context,荒石公园几点开门关门啊？
4182,spot,583,cultural_context,门票多少钱一张，需要提前预约吗？
4183,spot,583,cultural_context,从春熙路坐地铁或者公交怎么过去方便？
4184,spot,583,cultural_context,里面标本多不多，带五岁小孩去逛会不会觉得无聊？
4185,spot,583,cultural_context,这个地方值不值得专门跑一趟，大概能玩多久？
4186,spot,595,description,成都那些观景点一般几点开门？想早点去避开人流。
4187,spot,595,description,去这些观景点门票大概多少钱？有没有学生票或者免费时段？
4188,spot,595,description,从春熙路怎么坐车去观景点最方便？大概要多久？
4189,spot,595,description,这些观景点主要看什么风景？适合带老人和小孩慢慢逛吗？
4190,spot,595,description,天气不好的话去观景点还值得吗？有没有室内或避雨的地方？
4191,spot,595,travel_tips,观景台几点开门？日落前一个小时去来得及不？
4192,spot,595,travel_tips,请问观景台要门票吗？大概能逛多久？
4193,spot,595,travel_tips,这个观景台怎么去啊？坐地铁方便吗？
4194,spot,595,travel_tips,带小孩去合适吗？那边有没有遮阴的地方？
4195,spot,595,travel_tips,观景台好玩吗？除了看桂溪公园全景还有啥能拍的？
4196,spot,595,cultural_context,桂溪生态公园几点开门关门？要门票不？
4197,spot,595,cultural_context,桂溪生态公园怎么去方便？坐地铁哪站下？
4198,spot,595,cultural_context,桂溪生态公园里面好玩吗？大概能逛多久？
4199,spot,595,cultural_context,带小孩去桂溪生态公园合适不？有没得儿童设施？
4200,spot,595,cultural_context,桂溪生态公园那个观景台值不值得专门去？拍照好看不？
4201,spot,600,description,成都的公园一般早上几点开门，晚上几点关门呀？
4202,spot,600,description,去成都的公园逛逛要买门票吗，大概多少钱一个人？
4203,spot,600,description,从春熙路怎么坐车去人民公园，方便吗？
4204,spot,600,description,带三岁小孩去成都哪个公园好玩，有儿童游乐设施吗？
4205,spot,600,description,成都的公园里除了散步，还能喝茶打麻将吗？值不值得专门去一趟？
4206,spot,600,travel_tips,请问这个地方早上几点开门啊？
4207,spot,600,travel_tips,这里要门票吗，还是免费进去？
4208,spot,600,travel_tips,从春熙路怎么坐车过去方便？
4209,spot,600,travel_tips,带五岁的小朋友去走那个步道累不累？
4210,spot,600,travel_tips,那边蚊子真的很多吗，有没有什么好用的驱蚊推荐？
4211,spot,600,cultural_context,南湖公园早上几点开门，晚上几点关门啊？
4212,spot,600,cultural_context,去南湖公园要门票不，大概多少钱一个人？
4213,spot,600,cultural_context,从春熙路坐地铁怎么去南湖公园，方便吗？
4214,spot,600,cultural_context,南湖公园里面好玩吗，大概能逛多久？
4215,spot,600,cultural_context,带五岁小孩去南湖公园合适不，有儿童游乐设施吗？
4216,spot,612,description,成都那些公园一般早上几点开门，晚上几点关门啊？
4217,spot,612,description,去人民公园或者浣花溪公园要门票不，大概多少钱一个人？
4218,spot,612,description,从春熙路坐地铁怎么去望江楼公园，下车后还要走多远？
4219,spot,612,description,带三岁小孩去成都哪个公园玩最合适，有没有沙池或者游乐设施？
4220,spot,612,description,成都的公园里有没有那种能喝茶打麻将的地方，环境好不好，值不值得专门去逛一圈？
4221,spot,612,travel_tips,这个地方几点开门关门呢？晚上去逛到几点合适？
4222,spot,612,travel_tips,进去耍要门票不？大概好多钱一个人？
4223,spot,612,travel_tips,这个公园离成都东站有好远？走路过去方便不？
4224,spot,612,travel_tips,里面好不好耍？主要能看啥子或者做啥子？
4225,spot,612,travel_tips,带娃儿或者带狗儿进去耍安不安逸？大概能玩多久？
4226,spot,625,description,成都的公园一般早上几点开门，晚上几点关门？
4227,spot,625,description,去成都的公园玩要门票吗，大概多少钱一张？
4228,spot,625,description,成都哪个公园适合带小孩去，有没有儿童游乐设施？
4229,spot,625,description,从春熙路怎么坐车去人民公园，大概要多久？
4230,spot,625,description,成都的公园里哪个最好玩，本地人常去的是哪些？
4231,spot,632,travel_tips,武侯体育公园早上几点开门？我想早点去跑步。
4232,spot,632,travel_tips,这个公园收费不？里面打篮球要不要钱？
4233,spot,632,travel_tips,武侯体育公园具体在哪儿？坐地铁几号线能到？
4234,spot,632,travel_tips,带小孩去那儿玩合适吗？有没有啥适合小朋友的设施？
4235,spot,632,travel_tips,这个公园好玩吗？我看网上说能运动，值不值得专门跑一趟？
4236,spot,632,description,成都的公园一般早上几点开门，晚上几点关门呢？
4237,spot,632,description,去成都的公园玩要买门票吗，大概多少钱一个人？
4238,spot,632,description,从春熙路坐地铁去人民公园怎么走，要换乘吗？
4239,spot,632,description,带5岁的小孩去成都的公园玩，有没有适合亲子游的设施？
4240,spot,632,description,成都哪个公园最好逛，适合和朋友一起拍照散步，评价高吗？
4241,spot,625,travel_tips,请问石牛堰水文化公园几点开门关门？下午去逛一两个小时够不够？
4242,spot,625,travel_tips,这个公园收门票不？是免费随便进吗？
4243,spot,625,travel_tips,石牛堰水文化公园在锦江区哪个位置？坐地铁或者公交怎么过去方便？
4244,spot,625,travel_tips,带五岁的小孩去那里玩合适不？有没有什么水利知识展览能看？
4245,spot,625,travel_tips,夏天去那边玩水安全吗？听说有水景，能下水耍不？
4246,spot,625,cultural_context,石牛堰公园早上几点开门，晚上几点关门哇？
4247,spot,625,cultural_context,去石牛堰要门票不，大概多少钱一个人？
4248,spot,625,cultural_context,石牛堰在成都哪个位置，坐地铁或者公交怎么过去方便？
4249,spot,625,cultural_context,石牛堰公园里面主要看啥子，有啥好耍的或者拍照打卡的地方没？
4250,spot,625,cultural_context,带家里老人和五六岁的小娃娃去石牛堰逛，路好不好走，有没有适合娃儿耍的？
4251,spot,642,cultural_context,江安河生态公园早上几点开门，晚上几点关门？
4252,spot,642,cultural_context,去江安河生态公园要门票不，大概多少钱一个人？
4253,spot,642,cultural_context,从市中心坐地铁或者公交怎么去江安河生态公园？
4254,spot,642,cultural_context,这个公园好不好玩，主要能看啥子或者耍啥子？
4255,spot,642,cultural_context,带小孩去江安河生态公园合适不，有没有儿童设施或者安全的水边可以耍？
4256,spot,632,cultural_context,武侯体育公园早上几点开门，晚上几点关门？
4257,spot,632,cultural_context,进去耍要门票不，还是免费随便进？
4258,spot,632,cultural_context,坐地铁或者公交怎么去武侯体育公园啊？
4259,spot,632,cultural_context,里面除了健身器材，有没有适合遛娃的儿童设施？
4260,spot,632,cultural_context,带家里老人去散步，里面环境安静不，人多不多？
4261,spot,642,description,成都的公园一般早上几点开门，晚上几点关门呢？
4262,spot,642,description,去成都的公园玩要买门票不，大概多少钱一张？
4263,spot,642,description,从春熙路坐地铁去人民公园咋个走，要坐几号线？
4264,spot,642,description,带两岁多的小娃娃去公园耍，有没有啥子适合的亲子项目哦？
4265,spot,642,description,成都哪个公园最近最值得逛，看网上说人民公园和望江楼公园哪个更好玩嘛？
4266,spot,642,travel_tips,请问这个景点几点开门，关门时间是多久？
4267,spot,642,travel_tips,门票多少钱一张，老人和小孩有优惠吗？
4268,spot,642,travel_tips,从春熙路坐地铁或者公交怎么过去方便？
4269,spot,642,travel_tips,带五岁的小朋友去玩，沿着河走安全吗，有没有什么要注意的？
4270,spot,642,travel_tips,听说那边可以骑车逛，大概要玩多久？春秋天去的话，除了散步骑行还有啥好耍的？
4271,spot,654,description,成都那些有名的景点一般几点开门关门啊？
4272,spot,654,description,去都江堰或者青城山玩一趟，门票大概要花多少钱？
4273,spot,654,description,从春熙路怎么坐车去熊猫基地，大概要多久？
4274,spot,654,description,带5岁的小孩去成都科技馆或者动物园，合适吗？有没有推荐的亲子路线？
4275,spot,654,description,宽窄巷子和锦里哪个更好玩？本地人更推荐去哪个？
4276,spot,665,description,成都那些有名的景点一般几点开门关门啊？
4277,spot,665,description,去都江堰或者青城山玩一趟门票大概要多少钱？
4278,spot,665,description,从春熙路怎么坐车去熊猫基地，大概要多久？
4279,spot,665,description,带五岁小孩去成都科技馆和动物园，哪个更合适？
4280,spot,665,description,宽窄巷子和锦里哪个更好玩，本地人更推荐去哪个？
4281,spot,654,cultural_context,望江楼公园早上几点开门，晚上几点关门？
4282,spot,654,cultural_context,去望江楼公园要门票吗，大概多少钱一张？
4283,spot,654,cultural_context,从春熙路坐地铁或者公交去望江楼公园怎么走？
4284,spot,654,cultural_context,带家里老人和小孩去望江楼公园逛，里面路平不平，有地方歇脚吗？
4285,spot,654,cultural_context,望江楼公园除了看竹子，还有啥好玩的？大概能逛多久？
4286,spot,654,travel_tips,请问这个园林一般要逛多久啊？春夏去是不是最合适？
4287,spot,654,travel_tips,里面文物保护区门票好多钱一张？开放区是免费随便进的吗？
4288,spot,654,travel_tips,这地方在成都哪个位置哦？坐地铁或者公交怎么过去方便？
4289,spot,654,travel_tips,带五岁娃娃去耍得开不？里头蚊子凶不凶，需不需要专门给娃带防蚊水？
4290,spot,654,travel_tips,网上说那边竹林里头蚊子多，穿长裤会不会好点？另外大概几点开门关门呢？
4291,spot,665,cultural_context,少城苑在人民公园里面具体哪个位置啊，好不好找？
4292,spot,665,cultural_context,请问少城苑早上几点开门，晚上几点关门？
4293,spot,665,cultural_context,去少城苑喝杯茶大概多少钱一个人，贵不贵？
4294,spot,665,cultural_context,带家里老人和小孩去少城苑坐一下午合适吗？
4295,spot,665,cultural_context,少城苑除了喝茶还有啥好玩的，值不值得专门跑一趟？
4296,spot,665,travel_tips,几点去人少点？听说上午或者傍晚去比较好，是不是真的？
4297,spot,665,travel_tips,这个茶馆是免费进的吗？里面坐一下喝杯盖碗茶大概要花多少钱？
4298,spot,665,travel_tips,这个地方具体在哪儿啊？坐地铁或者公交方便吗？导航搜什么名字？
4299,spot,665,travel_tips,带5岁的小孩去合适不？里面会不会很无聊，蚊子多不多？
4300,spot,665,travel_tips,好玩吗？主要就是逛园子喝茶吗？大概能逛多久，值不值得专门跑一趟？
4301,spot,671,description,成都的公园一般早上几点开门，晚上几点关门呢？
4302,spot,671,description,去成都那些公园逛要买门票不，大概多少钱一张？
4303,spot,671,description,从春熙路出发，坐地铁怎么到人民公园或者望江楼公园啊？
4304,spot,671,description,带五岁的小孩去成都哪个公园最合适？有没有专门的儿童游乐区？
4305,spot,671,description,成都的公园除了散步发呆，有没有什么特别玩法，比如划船、看展或者喝盖碗茶？
4306,spot,671,cultural_context,摩诃池公园早上几点开门，晚上几点关门？
4307,spot,671,cultural_context,去摩诃池遗址公园要门票不，大概多少钱一张？
4308,spot,671,cultural_context,摩诃池公园具体在成都哪个位置，坐地铁几号线能到？
4309,spot,671,cultural_context,摩诃池公园里面好玩吗，主要能看些啥子？
4310,spot,671,cultural_context,带家里老人和小孩去摩诃池公园逛，合适不，里面路平不平？
4311,spot,671,travel_tips,这个公园几点开门关门？要门票不？
4312,spot,671,travel_tips,请问这个地方坐地铁能到吗？具体在哪个位置？
4313,spot,671,travel_tips,带五岁的小朋友去玩合适不？大概能逛多久？
4314,spot,671,travel_tips,里面主要能耍些啥子？就是散散步看看花吗？
4315,spot,671,travel_tips,这公园值得专门跑一趟吗？听说很小，会不会没意思？
4316,spot,680,description,成都的风景名胜一般早上几点开门？晚上会不会很早就关门？
4317,spot,680,description,去这些景点玩一圈大概要花多少钱？门票和里面的项目是分开算的吗？
4318,spot,680,description,这些地方具体都在成都哪个位置？坐地铁或者公交方便吗？
4319,spot,680,description,带五岁的小孩去逛这些风景名胜合适吗？有没有什么需要注意的？
4320,spot,680,description,这些景点到底好不好玩？值不值得专门跑一趟，大概需要玩多久？
4321,spot,680,travel_tips,请问这里几点开门，大概要逛多久啊？
4322,spot,680,travel_tips,这个纪念馆参观要门票不，还是免费随便进？
4323,spot,680,travel_tips,从市区坐地铁或公交怎么过去方便？
4324,spot,680,travel_tips,里面是不是就是看展览，会不会很枯燥，带孩子去合适吗？
4325,spot,680,travel_tips,这个地方好玩吗，值不值得专门跑一趟，大概能看些什么？
4326,spot,684,description,成都那些纪念馆一般几点开门关门啊？
4327,spot,684,description,去成都的纪念馆参观要门票不，大概多少钱一个人？
4328,spot,684,description,从春熙路怎么坐车去成都的纪念馆，大概要多久？
4329,spot,684,description,成都的纪念馆里面好玩吗，值不值得专门跑一趟？
4330,spot,684,description,带五六岁的小孩去成都的纪念馆合适不，会不会太无聊？
4331,spot,684,cultural_context,这个纪念碑几点开门关门呢？
4332,spot,684,cultural_context,进去参观要买门票吗，大概多少钱一张？
4333,spot,684,cultural_context,从春熙路坐地铁怎么去这个保路运动纪念碑？
4334,spot,684,cultural_context,带小孩去那边看有意义吗，会不会太枯燥？
4335,spot,684,cultural_context,这个碑除了拍照打卡，周围还有啥好逛的一起玩？
4336,spot,684,travel_tips,人民公园几点开门啊，早上想去逛逛会不会太早？
4337,spot,684,travel_tips,这个公园进去要门票不，大概逛多久能走完？
4338,spot,684,travel_tips,人民公园在哪个位置啊，坐地铁几号线能到？
4339,spot,684,travel_tips,里面除了看风景，有没有喝茶的地方，适合带爸妈去坐坐不？
4340,spot,684,travel_tips,带五岁小孩去人民公园玩合适吗，有没有啥孩子能玩的项目？
4341,spot,680,cultural_context,英烈墙那边早上几点开门啊，想早点去人少点？
4342,spot,680,cultural_context,去成都战役烈士陵园看英烈墙要门票不，大概多少钱一个人？
4343,spot,680,cultural_context,从春熙路坐地铁或者公交怎么到英烈墙那边，大概要多久？
4344,spot,680,cultural_context,带家里小学三年级的孩子去英烈墙参观，合不合适，有没有讲解或者互动？
4345,spot,680,cultural_context,英烈墙周围除了看碑文，还有没有别的可以逛或者拍照的地方，会不会太单调？
4346,spot,687,description,成都那些纪念馆一般几点开门关门？我想早点去避开人流。
4347,spot,687,description,去成都的纪念馆门票要多少钱？有没有免费开放的日子？
4348,spot,687,description,我带着小孩去成都的纪念馆玩，里面有没有适合小朋友看的展品或者互动项目？
4349,spot,687,description,从春熙路怎么坐公交或地铁去成都的纪念馆最方便？大概要多久？
4350,spot,687,description,成都的纪念馆逛一圈大概要多久？里面内容充实吗，值不值得专门跑一趟？
4351,spot,687,travel_tips,请问川大望江校区里的那个博物馆几点开门啊？周末去会不会吃闭门羹？
4352,spot,687,travel_tips,进去参观要买门票不？还是说直接刷身份证就能进？
4353,spot,687,travel_tips,从地铁站过去方便吗？具体在川大望江校区哪个门附近啊？
4354,spot,687,travel_tips,里面大概能逛多久？有没有什么特别值得看的展品？
4355,spot,687,travel_tips,带家里小朋友去合适不？会不会太枯燥，大概玩一个小时够不够？
4356,spot,687,cultural_context,江姐纪念馆几点开门关门？需要提前预约吗？
4357,spot,687,cultural_context,这个纪念馆门票多少钱一张？学生或者老人有优惠吗？
4358,spot,687,cultural_context,从春熙路坐地铁或者公交怎么去江姐纪念馆？大概要多久？
4359,spot,687,cultural_context,里面主要看些什么？除了江姐的事迹和书信，有没有实物展或者互动体验？
4360,spot,687,cultural_context,带小学三年级的孩子去参观合适吗？会不会太沉重或者孩子看不懂？
4361,spot,703,travel_tips,望江楼公园早上几点开门？我想早点去人少一点。
4362,spot,703,travel_tips,薛涛纪念馆单独收费大概多少钱？进去值不值？
4363,spot,703,travel_tips,坐地铁去望江楼公园应该在哪一站下？出站走多远？
4364,spot,703,travel_tips,带小孩去望江楼公园合适吗？里面有没有适合小朋友玩的地方？
4365,spot,703,travel_tips,这个公园好玩吗？大概逛多久比较合适？春季去是不是最好看？
4366,spot,703,description,成都的纪念馆一般几点开门关门？需要提前预约吗？
4367,spot,703,description,去成都那些红色纪念馆门票多少钱一张？学生或老人有优惠吗？
4368,spot,703,description,从春熙路坐地铁怎么去最近的纪念馆？下车后还要走多远？
4369,spot,703,description,带5岁小孩去逛纪念馆合适吗？里面有没有互动或适合小朋友的展项？
4370,spot,703,description,成都哪几个纪念馆口碑比较好？大概逛完要花多长时间？
4371,spot,703,cultural_context,薛涛纪念馆几点开门关门？门票多少钱一张？
4372,spot,703,cultural_context,这个地方具体在成都哪个位置？坐地铁或者公交怎么去最方便？
4373,spot,703,cultural_context,带小孩去逛合适吗？里面除了看诗和竹子，有没有什么互动或好玩的？
4374,spot,703,cultural_context,望江楼公园和薛涛纪念馆是一起的吗？大概逛完要多久？
4375,spot,703,cultural_context,网上说这里适合拍照，是真的吗？哪个季节去最好看？
4376,spot,710,description,成都的城市广场一般几点开放？晚上去逛安全吗？
4377,spot,710,description,去天府广场或者春熙路那边的城市广场，坐地铁几号线能到？
4378,spot,710,description,城市广场附近有没有适合带小孩玩的地方？周末人多不多？
4379,spot,710,description,成都的城市广场平时有什么活动或者喷泉表演吗？大概什么时间段？
4380,spot,710,description,逛城市广场要门票吗？附近停车方便不，大概多少钱一小时？
4381,spot,710,travel_tips,人民公园一般几点去比较好？逛一圈要多久啊？
4382,spot,710,travel_tips,这个公园要门票不？里面喝茶大概多少钱一位？
4383,spot,710,travel_tips,从春熙路坐地铁怎么到人民公园？出站走多远？
4384,spot,710,travel_tips,带五岁小孩去人民公园玩合适吗？有没有啥儿童设施？
4385,spot,710,travel_tips,鹤鸣茶社到底咋样？值不值得专门去坐一下午？
4386,spot,810,description,成都那些风景名胜一般几点开门关门啊？
4387,spot,810,description,去成都的景点耍一圈大概要花好多钱，门票贵不贵？
4388,spot,810,description,成都的风景名胜都在哪些位置，坐地铁或者公交咋个去最方便？
4389,spot,810,description,带五岁的小娃娃去这些景点合适不，有没有啥子轻松点的玩法？
4390,spot,810,description,网上都说成都的风景名胜好玩，到底值不值得专门跑一趟，人多不多？
4391,spot,710,cultural_context,这里几点开门关门呢？门票要多少钱？
4392,spot,710,cultural_context,这个公园在成都哪个位置，坐地铁或者公交怎么过去方便？
4393,spot,710,cultural_context,带家里老人和小孩去逛合适吗？里面会不会很晒或者要走很久？
4394,spot,710,cultural_context,除了看纪念碑和了解保路运动历史，在里面喝茶打牌是什么体验？大概什么消费？
4395,spot,710,cultural_context,这个地方值不值得专门跑一趟？大概能玩多久，和人民公园比哪个更有意思？
4396,spot,810,travel_tips,请问文殊院一般几点开门，逛一圈大概要多久？
4397,spot,810,travel_tips,去文殊院要不要买门票，里面吃素斋的话怎么收费？
4398,spot,810,travel_tips,文殊院在成都哪个位置，坐地铁或者公交怎么过去方便？
4399,spot,810,travel_tips,带家里老人和小孩去文殊院爬那个陡坡累不累，适合吗？
4400,spot,810,travel_tips,文殊院除了烧香拜佛，有没有什么好玩的或者值得看的地方？
4401,spot,810,cultural_context,光严禅院早上几点开门？门票多少钱一张？
4402,spot,810,cultural_context,从成都市区怎么坐车去崇州光严禅院方便？
4403,spot,810,cultural_context,带家里老人和小孩去光严禅院逛，山路好走不？适合吗？
4404,spot,810,cultural_context,光严禅院除了看古建筑，里面有没有素斋或者喝茶的地方？
4405,spot,810,cultural_context,你个人觉得光严禅院值不值得专门跑一趟？跟街子古镇一起玩顺路吗？
4406,spot,818,description,成都那些寺庙道观一般几点开门关门呀？
4407,spot,818,description,去成都的寺庙道观烧香要门票吗，大概多少钱一个人？
4408,spot,818,description,青羊宫和文殊院怎么坐地铁去，哪个离市区更近？
4409,spot,818,description,带小孩去成都的道观寺庙逛逛合适吗，有没有什么要注意的？
4410,spot,818,description,成都哪个寺庙道观最值得逛，除了烧香还有啥好玩的？
4411,spot,829,description,成都那些风景名胜一般几点开门啊？
4412,spot,829,description,去成都的风景名胜玩，门票大概要多少钱？
4413,spot,829,description,这些风景名胜都在成都哪个位置，坐地铁能到吗？
4414,spot,829,description,带小孩去这些地方逛合适吗，有没有什么好玩的推荐？
4415,spot,829,description,成都的风景名胜到底好不好玩，值不值得专门跑一趟？
4416,spot,818,cultural_context,三昧禅林早上几点开门，门票多少钱一张？
4417,spot,818,cultural_context,从成都市区怎么坐车去三昧禅林，大概要多久？
4418,spot,818,cultural_context,带小孩去三昧禅林合适不，里面爬坡多不多？
4419,spot,818,cultural_context,三昧禅林除了看古庙和石刻，还有啥好玩的，值不值得专门跑一趟？
4420,spot,818,cultural_context,去三昧禅林玩半天够不够，附近有没有吃饭的地方？
4421,spot,818,travel_tips,早上几点开门喃？我想趁人少的时候去，大概好久去比较合适？
4422,spot,818,travel_tips,门票是10块钱一个人哇？进去请香还要另外给钱不？
4423,spot,818,travel_tips,这个地方在成都哪个位置哦？坐地铁或者公交咋个过去方便？
4424,spot,818,travel_tips,山陡不陡？我平时没咋个锻炼，爬起吃力不？大概要耍好久？
4425,spot,818,travel_tips,带5岁的小娃娃去合适不？山路好走不，需不需要背个腰凳？
4426,spot,829,cultural_context,灵岩观音山早上几点开门？去的话大概要逛多久？
4427,spot,829,cultural_context,门票多少钱一张？老人和小孩有优惠吗？
4428,spot,829,cultural_context,从成都市区怎么坐车过去？自驾好停车不？
4429,spot,829,cultural_context,那里除了看观音像还有啥好玩的？爬山累不累？
4430,spot,829,cultural_context,带5岁的小朋友去合适吗？路好不好走，有没有索道？
4431,spot,829,travel_tips,请问春秋季晴天去的话，一般几点开门关门？游览大概要玩多久？
4432,spot,829,travel_tips,门票真的只要20块吗？里面坐观光车是另外收钱还是含在门票里？
4433,spot,829,travel_tips,这个景点具体在成都哪个位置？坐地铁或者公交怎么过去方便？
4434,spot,829,travel_tips,听说山高路陡，带5岁小孩去合适吗？有没有平缓点的路线可以走？
4435,spot,829,travel_tips,这地方好玩吗？值不值得专门跑一趟？大概能逛几个小时，风景怎么样？
4436,spot,945,description,成都那些有名的景点一般几点开门关门啊？
4437,spot,945,description,去武侯祠和宽窄巷子玩，门票分别多少钱？
4438,spot,945,description,从春熙路怎么坐车去都江堰景区？大概要多久？
4439,spot,945,description,带5岁小孩去成都玩，有哪些景点比较合适，不会太累？
4440,spot,945,description,青城山和峨眉山哪个更好玩？一天时间够不够？
4441,spot,1035,travel_tips,这个景点几点开门？早上过去来得及吗？
4442,spot,1035,travel_tips,门票多少钱？是免费的吗？
4443,spot,1035,travel_tips,从成都市区怎么过去？坐车方便吗？
4444,spot,1035,travel_tips,里面大概能逛多久？好玩吗？值不值得专门跑一趟？
4445,spot,1035,travel_tips,带小孩去合适吗？有没有什么要注意的？
4446,spot,945,travel_tips,太古里那边那个可以免费请香的景点，一般早上几点开门啊？
4447,spot,945,travel_tips,去那里游览大概要花多少钱？除了请香费，还有别的收费项目吗？
4448,spot,945,travel_tips,从春熙路地铁站走过去怎么走？大概要走几分钟？
4449,spot,945,travel_tips,这个景点好玩吗？就是看看寺庙还是有什么特别的体验？大概能逛多久？
4450,spot,945,travel_tips,带5岁的小孩去合适吗？里面会不会很挤或者台阶多不方便？
4451,spot,945,cultural_context,古大圣慈寺早上几点开门？去烧香的话要买门票不？
4452,spot,945,cultural_context,从春熙路打车过去大概多少钱？坐地铁哪站下最近？
4453,spot,945,cultural_context,里面除了拜佛还有啥好逛的？大概能玩多久？
4454,spot,945,cultural_context,带5岁娃去合适不？有没有那种清净的院子可以坐一下？
4455,spot,945,cultural_context,网上说玄奘在这儿受戒，现在还能看到啥历史遗迹吗？
4456,spot,1035,description,成都那些风景名胜区一般早上几点开门？
4457,spot,1035,description,去成都的风景名胜玩一趟，门票大概要多少钱？
4458,spot,1035,description,成都市区去这些风景名胜怎么坐车最方便？
4459,spot,1035,description,带小孩去成都的风景名胜区合适吗，有没有亲子玩法？
4460,spot,1035,description,成都的风景名胜到底好玩不，值不值得专门去打卡？
4461,spot,1035,cultural_context,汶川地震遗址那边几点开门关门呢？想早点去人少点。
4462,spot,1035,cultural_context,去这个地震遗址参观要门票不？大概多少钱一个人？
4463,spot,1035,cultural_context,从成都市区怎么坐车去这个地震遗址啊？有直达的大巴或者高铁吗？
4464,spot,1035,cultural_context,带小学二年级的小孩去参观地震遗址合适吗？会不会太沉重？
4465,spot,1035,cultural_context,这个地方除了看倒塌的房子，还有没有讲解或者体验活动？大概逛多久能看完？
4466,spot,1055,description,成都那些有名的景点一般几点开门关门啊？
4467,spot,1055,description,去成都旅游，热门景点门票大概要花多少钱？
4468,spot,1055,description,从春熙路怎么坐车去都江堰景区最方便？
4469,spot,1055,description,带6岁小孩去成都玩，哪些景点比较轻松不累人？
4470,spot,1055,description,宽窄巷子和锦里哪个更好玩，本地人更推荐去哪个？
4471,spot,1055,cultural_context,十方堂邛窑早上几点开门？门票多少钱一张？
4472,spot,1055,cultural_context,从成都市区怎么坐车去十方堂邛窑？大概要多久？
4473,spot,1055,cultural_context,十方堂邛窑里面好玩吗？主要能看些啥子？
4474,spot,1055,cultural_context,带娃去十方堂邛窑耍合不合适？有没有啥子互动体验？
4475,spot,1055,cultural_context,十方堂邛窑值不值得专门跑一趟？附近还有啥子可以一起逛的？
4476,spot,1135,description,成都那些有名的景点一般早上几点开门？
4477,spot,1135,description,去武侯祠和锦里玩一趟，门票大概要花多少钱？
4478,spot,1135,description,从春熙路怎么坐车去都江堰景区方便？
4479,spot,1135,description,带五岁小孩去成都大熊猫基地合适吗，会不会太累？
4480,spot,1135,description,青城山和都江堰哪个更好玩，一天能逛完吗？
4481,spot,1055,travel_tips,邛窑遗址公园上午几点开门？我想早点去避开人流。
4482,spot,1055,travel_tips,这个公园门票多少钱？免费的话里面有没有其他收费项目？
4483,spot,1055,travel_tips,从成都市区怎么坐车去邛窑遗址公园？大概要多久？
4484,spot,1055,travel_tips,带6岁小孩去邛窑遗址公园合适吗？有没有互动体验或者玩的地方？
4485,spot,1055,travel_tips,里面除了看窑包和博物馆，还有啥好玩的？大概逛下来累不累？
4486,spot,1135,cultural_context,激战鲨鱼岛在成都动物园里几点开门啊？
4487,spot,1135,cultural_context,玩这个激战鲨鱼岛要另外收多少钱，还是门票包含了？
4488,spot,1135,cultural_context,从动物园哪个门进去离激战鲨鱼岛最近？
4489,spot,1135,cultural_context,这个水上射击游戏好玩吗，大人陪着玩会不会太幼稚？
4490,spot,1135,cultural_context,带三岁小孩去玩激战鲨鱼岛合适不，有没有身高限制？
4491,spot,1135,travel_tips,激战鲨鱼岛几点开门？游玩大概要排多久队？
4492,spot,1135,travel_tips,这个激战鲨鱼岛门票多少钱一个人？是另外收费还是包含在门票里？
4493,spot,1135,travel_tips,激战鲨鱼岛在动物园里面哪个位置？从大门走过去怎么走？
4494,spot,1135,travel_tips,这个激战鲨鱼岛好玩吗？是那种转圈喷水枪打鲨鱼的？会不会弄湿衣服？
4495,spot,1135,travel_tips,带4岁小孩去玩激战鲨鱼岛合适吗？有没有身高限制或者安全要求？
4496,spot,1146,description,成都那些热门景点一般几点开门关门啊？
4497,spot,1146,description,去成都旅游，门票大概要准备多少钱才够？
4498,spot,1146,description,从春熙路怎么坐车去都江堰或者青城山？
4499,spot,1146,description,带5岁小孩去成都，哪些景点比较适合亲子游？
4500,spot,1146,description,宽窄巷子和锦里哪个更好玩，值不值得专门去一趟？
4501,spot,1146,travel_tips,藏酋猴展区上午去会不会看到猴子更活跃？一般逛多久比较合适？
4502,spot,1146,travel_tips,去藏酋猴展区要单独买票不？还是包含在成都动物园的大门票里？
4503,spot,1146,travel_tips,藏酋猴展区具体在园区哪个位置？从北门进去怎么走最快？
4504,spot,1146,travel_tips,带三岁小孩去看藏酋猴安全吗？展区有没有防护栏，会不会有猴子抢东西？
4505,spot,1146,travel_tips,藏酋猴展区好玩吗？跟其他猴山比有什么特色？值不值得专门跑一趟？
4506,spot,1146,cultural_context,成都动物园几点开门啊？我想早点去看藏酋猴，怕去晚了它们都躲起来睡觉了。
4507,spot,1146,cultural_context,去成都动物园看藏酋猴要单独买票不？还是说就包含在动物园大门票里了？大概多少钱一张？
4508,spot,1146,cultural_context,藏酋猴在成都动物园的哪个区啊？从北门进去怎么走最快能到？有指示牌吗？
4509,spot,1146,cultural_context,带5岁的小孩去看藏酋猴合适不？会不会有危险？园区里有没有喂食或者互动体验？
4510,spot,1146,cultural_context,成都动物园的藏酋猴好玩吗？跟峨眉山那种野生的比起来，是不是更温顺一点？值得专门跑一趟不？
4511,spot,1151,description,成都动物园早上几点开门？门票多少钱一张？
4512,spot,1151,description,带5岁小孩去成都动物园玩合适吗？大概能逛多久？
4513,spot,1151,description,坐地铁去成都动物园方便吗？从春熙路出发怎么换乘？
4514,spot,1151,description,成都动物园里有哪些值得看的动物？有没有大熊猫？
4515,spot,1151,description,周末去成都动物园人多不多？里面有没有吃饭和休息的地方？
4516,spot,1151,cultural_context,成都动物园早上几点开门？我想赶早去看金丝猴。
4517,spot,1151,cultural_context,金丝猴馆的门票是包含在动物园门票里吗？单独要加钱不？
4518,spot,1151,cultural_context,从地铁站到成都动物园的金丝猴馆怎么走最方便？
4519,spot,1151,cultural_context,带5岁小孩去金丝猴馆玩合适吗？有没有互动讲解或者喂食时间？
4520,spot,1151,cultural_context,成都动物园的金丝猴馆到底好不好看？听说能看到川金丝猴，值得专门去一趟吗？
4521,spot,1151,travel_tips,金丝猴馆早上几点去能看到猴子最活跃的时候啊？
4522,spot,1151,travel_tips,去金丝猴馆要另外买门票吗，还是包含在景区大门票里？
4523,spot,1151,travel_tips,从熊猫基地大门走到金丝猴馆大概要多久，有没有观光车能坐？
4524,spot,1151,travel_tips,带5岁小孩去金丝猴馆值不值得专门跑一趟，里面讲解小朋友听得懂吗？
4525,spot,1151,travel_tips,金丝猴馆里面除了看猴子，有没有什么互动项目或者喂食表演可以看？
4526,spot,1162,description,成都那些热门景点一般几点开门关门啊？我想安排一天行程，怕去太早或太晚白跑一趟。
4527,spot,1162,description,去都江堰和青城山玩一趟大概要花多少钱？包括门票加来回交通，学生有优惠吗？
4528,spot,1162,description,从春熙路怎么去大熊猫繁育研究基地最方便？坐地铁还是打车，大概要多久？
4529,spot,1162,description,带5岁小孩去成都玩，哪些景点比较合适？有没有推婴儿车方便或者有儿童游乐设施的地方？
4530,spot,1162,description,宽窄巷子和锦里哪个更值得逛？听说都差不多，哪个本地人更推荐，好玩吗？
4531,spot,1162,cultural_context,成都那个有企鹅的动物园早上几点开门？
4532,spot,1162,cultural_context,看企鹅要单独买票不？门票大概多少钱一张？
4533,spot,1162,cultural_context,这个能看企鹅的动物园具体在成都哪个位置，坐地铁怎么去？
4534,spot,1162,cultural_context,带五岁小孩去合适吗？里面除了企鹅还有啥好玩的？
4535,spot,1162,cultural_context,网上说这动物园能看企鹅，实际去过的觉得好玩吗？值得专门跑一趟不？
4536,spot,1162,travel_tips,企鹅馆下午去会不会凉快些？一般逛多久算合适？
4537,spot,1162,travel_tips,企鹅馆的门票是单独收钱还是包含在景区门票里？大概多少钱？
4538,spot,1162,travel_tips,从景区大门走到企鹅馆要多久？有没有指示牌或者摆渡车能到？
4539,spot,1162,travel_tips,企鹅馆里面好玩吗？能看到企鹅游泳或者喂食表演吗？
4540,spot,1162,travel_tips,带5岁小孩去企鹅馆合适不？里面冷不冷，需不需要给孩子带件外套？
4541,spot,1305,description,成都植物园早上几点开门？门票多少钱一张？
4542,spot,1305,description,带小孩去成都植物园玩合适吗？里面有没有儿童游乐区？
4543,spot,1305,description,从春熙路坐地铁怎么去成都植物园？大概要多久？
4544,spot,1305,description,成都植物园最近有什么花可以看？现在去好玩吗？
4545,spot,1305,description,成都植物园里面能野餐或者搭帐篷吗？停车方便不？
4546,spot,1305,travel_tips,成都植物园的海棠园早上几点开门哇？我想赶在人少的时候去拍花。
4547,spot,1305,travel_tips,植物园门票多少钱一张？带相机进去要不要另外收费？
4548,spot,1305,travel_tips,从市区坐地铁或者公交去成都市植物园方便吗？大概要多久？
4549,spot,1305,travel_tips,海棠园现在这个季节去好玩吗？除了看海棠还有啥值得逛的？
4550,spot,1305,travel_tips,带5岁的小朋友去海棠园合适不？里面路好不好走，推婴儿车方便吗？
4551,spot,1367,description,成都那些风景名胜一般几点开门关门啊？
4552,spot,1367,description,去成都的风景名胜玩一圈，门票大概要花多少钱？
4553,spot,1367,description,带小孩去成都的风景名胜合适吗，有没有适合亲子游的路线？
4554,spot,1367,description,成都的风景名胜怎么去最方便，坐地铁能到吗？
4555,spot,1367,description,成都的风景名胜到底好不好玩，值不值得专门跑一趟？
4556,spot,1305,cultural_context,成都植物园的海棠园早上几点开门呀？
4557,spot,1305,cultural_context,去成都植物园看海棠，门票多少钱一张？
4558,spot,1305,cultural_context,从市中心坐地铁怎么到植物园的海棠园？
4559,spot,1305,cultural_context,这个海棠园除了看花，还有啥好玩的？带小孩去合适不？
4560,spot,1305,cultural_context,网上说海棠园值得逛，到底好不好看？现在这个季节去能看到花吗？
4561,spot,1367,travel_tips,高山杜鹃现在开了没？大概什么时候去最合适啊？
4562,spot,1367,travel_tips,自己开车过去方便不？还是得包车？大概要开多久？
4563,spot,1367,travel_tips,门票多少钱一张？有没有学生票或者老人优惠？
4564,spot,1367,travel_tips,那边海拔高不高？带5岁小孩去会不会有高反，适合吗？
4565,spot,1367,travel_tips,里面除了看杜鹃还有啥好玩的？逛一圈要多久，值不值得专门跑一趟？
4566,spot,1367,cultural_context,龙池园区中国杜鹃园几点开门关门？门票多少钱一张？
4567,spot,1367,cultural_context,从成都市区怎么去龙池园区中国杜鹃园？方便坐大巴或者打车吗？
4568,spot,1367,cultural_context,带小孩去龙池园区看杜鹃花合适吗？里面走路累不累，有没有推车能走的路？
4569,spot,1367,cultural_context,这个杜鹃园是不是就是华西亚高山植物园的核心区？平时去主要能看啥，好玩吗？
4570,spot,1367,cultural_context,去龙池园区中国杜鹃园看杜鹃花，每年几月开得最好？里面除了看花还有别的玩法吗？
4571,spot,1419,travel_tips,这个夏季玩水营地几点开门啊？下午去大概玩到几点合适？
4572,spot,1419,travel_tips,去这个营地要门票吗？一个人大概多少钱？
4573,spot,1419,travel_tips,这个营地具体在成都哪个位置？坐地铁或者公交能到吗？
4574,spot,1419,travel_tips,带孩子去玩水安全吗？有没有浅水区或者救生员？
4575,spot,1419,travel_tips,这地方好玩吗？除了玩水还有没有别的项目？需要自己带泳圈吗？
4576,spot,1419,description,成都这边有没有那种可以打羽毛球、游泳或者健身的体育休闲场所？一般几点开门？
4577,spot,1419,description,想找个周末带娃去玩的体育休闲中心，门票大概多少钱一位？小孩有优惠吗？
4578,spot,1419,description,成都市区里口碑好的体育休闲服务场所在哪儿？坐地铁方便吗？具体哪站下？
4579,spot,1419,description,有没有那种能玩攀岩、蹦床或者射箭的室内体育休闲馆？适合几个朋友一起去吗？好玩不？
4580,spot,1419,description,成都的体育休闲场所里，哪些是室外的、哪些是室内的？下雨天去会不会受影响？需要提前预约吗？
4581,spot,1419,cultural_context,麓湖社区的放野玩水营地几点开门关门，晚上能去耍不？
4582,spot,1419,cultural_context,去麓湖那个放野玩水营地要门票不，大概好多钱一个人？
4583,spot,1419,cultural_context,放野玩水营地具体在麓湖哪个位置，坐地铁或者公交咋个过去方便？
4584,spot,1419,cultural_context,带5岁的小娃娃去放野玩水营地耍水安不安全，有没有亲子项目可以一起玩？
4585,spot,1419,cultural_context,网上说麓湖放野玩水营地很火，实际去过的评价咋样，水质干净不，人多不多？
4586,spot,39,cultural_context,环球中心海洋乐园早上几点开门啊？
4587,spot,39,cultural_context,去那儿玩门票多少钱一张？
4588,spot,39,cultural_context,坐地铁到环球中心怎么走？
4589,spot,39,cultural_context,里面除了泳池还有哪些好玩的项目？
4590,spot,39,cultural_context,带五岁小孩去合适吗，有亲子区不？
4591,spot,39,travel_tips,这个景点门票好多钱一张哦？大概要耍多久才够？
4592,spot,39,travel_tips,几点开门喃？工作日去是不是人少点，体验好些？
4593,spot,39,travel_tips,坐地铁或者公交咋个去方便？自驾的话停车好不好停？
4594,spot,39,travel_tips,带五岁的小娃娃去耍合不合适？里面有没有啥子要特别注意的？
4595,spot,39,travel_tips,夏天去是不是最好耍？需要自己带泳衣和防水袋哇？晒不晒？
4596,spot,39,description,成都这边有哪些水上活动中心比较好耍？一般几点开门几点关门哦？
4597,spot,39,description,去水上活动中心玩一圈大概要好多钱一个人？有没有学生票或者亲子套票？
4598,spot,39,description,从春熙路坐地铁或者打车去最近的水上活动中心咋个走？要坐好久？
4599,spot,39,description,带5岁的小娃娃去水上活动中心耍安不安全？有没有浅水区或者儿童游乐设施？
4600,spot,39,description,成都的水上活动中心里面都有啥子项目？水质干不干净，周末人多不多，值不值得专门跑一趟？
4601,spot,44,travel_tips,这个景点几点开门关门呢？要不要门票？
4602,spot,44,travel_tips,从春熙路过去坐几路公交能到？大概要多久？
4603,spot,44,travel_tips,里面好玩吗？适合带五岁的小孩去逛逛不？
4604,spot,44,travel_tips,听说傍晚去拍照挺好看的，是不是真的？大概逛多久就够了？
4605,spot,44,travel_tips,这个地方值不值得专门跑一趟？还是说路过顺便看看就行？
4606,spot,44,description,成都那些风景名胜一般早上几点开门？我想早点去避开人流。
4607,spot,44,description,去成都的知名景点（比如武侯祠、宽窄巷子）门票大概多少钱？有没有学生票或免费时段？
4608,spot,44,description,从春熙路打车去青城山或者都江堰方便吗？大概要多久，有没有直达的旅游大巴？
4609,spot,44,description,带5岁小孩去成都的风景名胜区合适吗？有没有推车方便或者儿童游乐设施多的地方？
4610,spot,44,description,成都的风景名胜里，哪些是真正值得花一天慢慢玩的？有没有本地人推荐的小众玩法？
4611,spot,46,description,成都的公园一般早上几点开门？晚上会关门吗？
4612,spot,46,description,去成都的公园玩要收门票吗？大概多少钱一个人？
4613,spot,46,description,从春熙路怎么坐公交或地铁去人民公园？大概要多久？
4614,spot,46,description,带5岁的小孩去成都的公园玩合适吗？里面有儿童游乐设施吗？
4615,spot,46,description,成都哪个公园最好玩？适合和朋友一起逛大半天的那种？
4616,spot,44,cultural_context,九叶莲桥几点开门关门，晚上去亮灯吗？
4617,spot,44,cultural_context,去九叶莲桥要门票不，大概多少钱一个人？
4618,spot,44,cultural_context,请问九叶莲桥在锦城湖具体哪个位置，坐地铁怎么过去方便？
4619,spot,44,cultural_context,九叶莲桥好玩吗，主要看什么，值不值得专门跑一趟？
4620,spot,44,cultural_context,带小孩去九叶莲桥散步合适吗，那边路平不平、有没有推婴儿车的地方？
4621,spot,46,travel_tips,这个公园几点开门关门哇？晚上去散步到几点合适？
4622,spot,46,travel_tips,进去耍要不要门票哦？是免费随便进吗？
4623,spot,46,travel_tips,这个公园在哪条街嘛？坐地铁几号线能到，出站走好久？
4624,spot,46,travel_tips,里面好不好耍？适合带娃儿去溜达一圈不？
4625,spot,46,travel_tips,听说地下有商业街，逛公园顺便吃个饭方便吗？大概能耍多久？
4626,spot,46,cultural_context,大源中央公园早上几点开门，晚上关门到几点？
4627,spot,46,cultural_context,这个公园要门票吗，进去玩大概要花多少钱？
4628,spot,46,cultural_context,大源中央公园在哪儿啊，坐地铁怎么过去方便？
4629,spot,46,cultural_context,里面好不好玩，有没有适合带小孩耍的设施？
4630,spot,46,cultural_context,这个公园适合老人散步或者年轻人跑步锻炼吗？
4631,spot,51,description,成都的公园一般几点开门关门啊？
4632,spot,51,description,去成都的公园玩要门票吗，大概多少钱一张？
4633,spot,51,description,从春熙路怎么坐车去最近的公园？
4634,spot,51,description,带小孩去哪个公园合适，有没有儿童游乐设施？
4635,spot,51,description,人民公园和望江楼公园哪个更好玩，值得专门去逛吗？
4636,spot,51,cultural_context,锦城湖2号湖区几点开门关门？晚上去散步方便吗？
4637,spot,51,cultural_context,去锦城湖2号湖区要门票吗？大概多少钱一个人？
4638,spot,51,cultural_context,锦城湖2号湖区具体在哪儿？坐地铁或公交怎么过去？
4639,spot,51,cultural_context,锦城湖2号湖区里面好玩吗？主要能看些啥子风景？
4640,spot,51,cultural_context,带小孩去锦城湖2号湖区耍合适不？有没有儿童游乐设施？
4641,spot,57,description,成都的公园一般早上几点开门，晚上几点关门呀？
4642,spot,57,description,去成都的公园玩要收门票吗，大概多少钱一张？
4643,spot,57,description,从春熙路怎么坐车去人民公园，大概要多久？
4644,spot,57,description,带五岁的小朋友去成都哪个公园最合适，有没有儿童游乐设施？
4645,spot,57,description,成都的公园里除了散步，还有啥好玩的，比如喝茶、划船之类的吗？
4646,spot,51,travel_tips,这个湖是早上几点开门，晚上几点关门啊？
4647,spot,51,travel_tips,去那里要门票不，还是免费随便进？
4648,spot,51,travel_tips,这个地方在成都哪个位置，坐地铁或者公交怎么过去方便？
4649,spot,51,travel_tips,环湖走一圈大概要走多久？里面除了喂鱼，还有没有其他好玩的？
4650,spot,51,travel_tips,带5岁的小孩去逛合适吗？路平不平，推婴儿车方便不？
4651,spot,57,travel_tips,请问这个地方几点开门关门呢？是全天开放还是要赶时间？
4652,spot,57,travel_tips,这里要门票吗？大概多少钱一个人？
4653,spot,57,travel_tips,坐地铁方便吗？到中和站下之后还要走多久？有没有更近的公交或者停车场？
4654,spot,57,travel_tips,带小孩去玩合适不？里面有没有儿童设施，或者安全方面要注意啥？
4655,spot,57,travel_tips,这个地方到底好不好耍？主要就是骑车散步看花草吗？大概能逛多久？
4656,spot,57,cultural_context,这个公园几点开门关门呢，晚上去逛安全吗？
4657,spot,57,cultural_context,进去要不要门票，大概多少钱一个人？
4658,spot,57,cultural_context,听说在府河边上，具体位置在哪儿，坐地铁或者公交怎么过去方便？
4659,spot,57,cultural_context,里面主要是看芦苇和湿地吗，有没有什么好玩的步道或者观景台，大概能逛多久？
4660,spot,57,cultural_context,带5岁的小孩去合适吗，里面路好不好推婴儿车，有没有儿童游乐设施？
4661,spot,68,description,成都的综合体育馆一般几点开门关门呢？
4662,spot,68,description,去综合体育馆打一次球或者看场比赛大概要多少钱？
4663,spot,68,description,综合体育馆具体在哪个位置，坐地铁或者公交怎么过去方便？
4664,spot,68,description,里面除了看比赛，平时能自己进去打球或者跑步吗，好玩吗？
4665,spot,68,description,带小孩去综合体育馆玩合适吗，有没有适合小朋友的项目或活动？
4666,spot,68,travel_tips,下午几点去东安湖体育公园比较合适？热不热？
4667,spot,68,travel_tips,那个主体育场进去看要钱不？门票大概好多？
4668,spot,68,travel_tips,带5岁娃娃去耍，除了看外观还有啥子好玩的？
4669,spot,68,travel_tips,坐地铁咋个到那边？周末去会不会人挤人？
4670,spot,68,travel_tips,听说那边经常有演唱会，咋个提前晓得有没有演出？
4671,spot,68,cultural_context,这个场馆具体是哪个体育场啊？就是那个大运会主场馆，几点开门，门票多少钱一张？
4672,spot,68,cultural_context,从春熙路过去怎么坐地铁或者公交最方便？大概要花多长时间？
4673,spot,68,cultural_context,里面除了看比赛，平时去逛好玩吗？有没有什么展览或者可以拍照打卡的地方？
4674,spot,68,cultural_context,带5岁的小朋友去合适不？里面有没有母婴室或者儿童休息区，会不会太晒？
4675,spot,68,cultural_context,网上说融合了太阳神鸟和芙蓉花，实际现场看效果怎么样，值不值得专门跑一趟？
4676,spot,77,description,成都的公园一般早上几点开门，晚上几点关门啊？
4677,spot,77,description,去成都的公园逛一圈要买门票吗，大概多少钱一张？
4678,spot,77,description,从春熙路怎么坐公交或地铁去人民公园，大概要多久？
4679,spot,77,description,带5岁小孩去成都哪个公园最合适，有儿童游乐设施吗？
4680,spot,77,description,成都的公园里除了散步，有没有划船、喝茶或者看花的好玩法？
4681,spot,77,travel_tips,请问这个塔早上几点开门啊？我想早点去人少一点。
4682,spot,77,travel_tips,登那个九天楼是不是要另外收钱？一个人5块吗？
4683,spot,77,travel_tips,这个地方坐地铁方便吗？从春熙路过去大概怎么走？
4684,spot,77,travel_tips,带5岁小孩去玩合适不？里面台阶多不多，怕摔着。
4685,spot,77,travel_tips,里面除了看塔还有啥好玩的？大概能逛多久，值不值得专门跑一趟？
4686,spot,81,description,成都的公园一般早上几点开门，晚上几点关门呀？
4687,spot,81,description,去成都的公园玩要买门票吗，大概多少钱一张？
4688,spot,81,description,从春熙路打车去人民公园大概多远，坐地铁方便吗？
4689,spot,81,description,带三岁小孩去成都哪个公园最合适，有儿童游乐设施吗？
4690,spot,81,description,成都哪个公园最值得逛，本地人推荐去哪个，好玩吗？
4691,spot,81,travel_tips,请问这个地方几点开门关门，要不要门票钱？
4692,spot,81,travel_tips,坐船游湖大概多少钱一个人，需要额外买票吗？
4693,spot,81,travel_tips,从春熙路坐地铁怎么过去，下车后要走多久？
4694,spot,81,travel_tips,傍晚去主要是看啥子风景，除了看湖和欧式建筑还有啥好耍的？
4695,spot,81,travel_tips,带5岁娃儿去合适不，湖边安不安全，有没得啥子要注意的？
4696,spot,77,cultural_context,这个塔是叫九天楼哇？几点开门喃，晚上去能看夜景不？
4697,spot,77,cultural_context,门票好多钱一张？老人和小孩有没有优惠哦？
4698,spot,77,cultural_context,这个公园在哪个位置哦？坐地铁几号线能到，下车要走多远？
4699,spot,77,cultural_context,带五岁娃儿去耍合适不？园头有没有娃儿能玩的，还是光看建筑？
4700,spot,77,cultural_context,九天楼爬上去累不累？上面看锦江和城市风景到底咋样，值不值得专门跑一趟？
4701,spot,85,description,成都那些风景名胜一般早上几点开门？
4702,spot,85,description,去成都的风景名胜区门票大概多少钱一张？
4703,spot,85,description,成都的风景名胜区怎么去最方便？坐地铁能到吗？
4704,spot,85,description,带小孩去成都的风景名胜玩合适吗？有没有亲子路线？
4705,spot,85,description,成都的风景名胜到底好不好玩？值不值得专门跑一趟？
4706,spot,81,cultural_context,这个公园几点开门关门？晚上去拍夜景好看吗？
4707,spot,81,cultural_context,门票多少钱一张？里面租婚纱或者请摄影师要另外收费吗？
4708,spot,81,cultural_context,从春熙路坐地铁或者打车怎么过去最方便？大概要多久？
4709,spot,81,cultural_context,带三岁小孩去玩合适吗？里面有没有儿童游乐区或者推婴儿车方便的路？
4710,spot,81,cultural_context,除了拍照打卡，里面还有啥好玩的？划船或者喂鱼之类的活动有没有？
4711,spot,85,travel_tips,这个公园几点开门关门，逛一圈大概要多久？
4712,spot,85,travel_tips,门票多少钱一张，是免费随便进还是有时间限制？
4713,spot,85,travel_tips,里面好玩吗？值不值得专门跑一趟去？
4714,spot,85,travel_tips,带小孩去合适不，园区里能推婴儿车吗？
4715,spot,85,travel_tips,坐地铁或者公交怎么过去，到了之后观光车怎么坐？
4716,spot,85,cultural_context,天府芙蓉园早上几点开门，晚上几点关门哇？
4717,spot,85,cultural_context,去天府芙蓉园门票好多钱一张，有没有优惠票哦？
4718,spot,85,cultural_context,坐地铁咋个到天府芙蓉园，出站后要走好远不？
4719,spot,85,cultural_context,带五岁娃儿去天府芙蓉园耍，有没有儿童游乐设施，适合亲子游不？
4720,spot,85,cultural_context,网上都说天府芙蓉园的芙蓉花好看，现在这个季节去有花看吗，值不值得专门跑一趟？
4721,spot,96,description,成都的博物馆一般几点开门关门啊？
4722,spot,96,description,去成都博物馆门票要多少钱，需要提前预约吗？
4723,spot,96,description,从春熙路怎么坐车去成都博物馆，大概要多久？
4724,spot,96,description,成都博物馆里有什么好玩的展品，值不值得专门去一趟？
4725,spot,96,description,带5岁小孩去成都博物馆合适吗，有没有适合小朋友的互动项目？
4726,spot,102,description,成都的公园一般早上几点开门，晚上几点关门？
4727,spot,102,description,去成都的公园玩要门票吗，大概多少钱一张？
4728,spot,102,description,从春熙路怎么坐车去人民公园，大概要多久？
4729,spot,102,description,带5岁小孩去成都哪个公园最合适，能玩什么？
4730,spot,102,description,成都的公园里有没有喝茶、打麻将的地方，好玩吗？
4731,spot,102,cultural_context,棠湖公园早上几点开门？晚上开到几点关门？
4732,spot,102,cultural_context,去棠湖公园要门票不？大概多少钱一个人？
4733,spot,102,cultural_context,从双流区市中心怎么坐车去棠湖公园？地铁能到吗？
4734,spot,102,cultural_context,棠湖公园现在这个季节去好玩吗？主要是看海棠花还是也有别的逛的？
4735,spot,102,cultural_context,带5岁小朋友去棠湖公园合适不？里面有儿童游乐设施或者喂鱼的地方吗？
4736,spot,102,travel_tips,早上几点开门啊？我想趁人少去逛一圈。
4737,spot,102,travel_tips,这个公园进去要收门票不？大概多少钱一个人？
4738,spot,102,travel_tips,从春熙路坐地铁或者公交怎么过去方便？
4739,spot,102,travel_tips,里面除了走路看风景，有没有啥好玩的或者拍照的点？
4740,spot,102,travel_tips,带两岁小孩和七十岁老人去，累不累？有地方坐着歇脚吗？
4741,spot,96,travel_tips,请问这边几点开门，门票好多钱一张哇？
4742,spot,96,travel_tips,这个馆在成都哪个位置哦，坐地铁方便不？
4743,spot,96,travel_tips,里面大概要耍好久喃，值不值60块的门票？
4744,spot,96,travel_tips,带5岁的小娃娃去合适不，娃娃会不会觉得无聊？
4745,spot,96,travel_tips,周一闭馆嗦？那平时去可以拍照不，展车能摸不？
4746,spot,96,cultural_context,三和老爷车博物馆每天几点开门？关门时间是好久？
4747,spot,96,cultural_context,门票好多钱一张？老人和小孩有没有优惠？
4748,spot,96,cultural_context,从春熙路咋个坐车过去最方便？地铁能到不？
4749,spot,96,cultural_context,里头除了看老爷车，还有没有其他好耍的？逛一圈大概要多久？
4750,spot,96,cultural_context,带5岁娃儿去合适不？娃娃会不会觉得无聊，有没有互动体验？
4751,spot,108,description,成都的公园一般早上几点开门，晚上几点关门？
4752,spot,108,description,去成都的公园玩要买门票吗，大概多少钱一个人？
4753,spot,108,description,从春熙路怎么坐地铁或公交去人民公园？
4754,spot,108,description,带5岁的小孩去成都哪个公园最合适，里面有游乐设施吗？
4755,spot,108,description,成都的望江楼公园和浣花溪公园哪个更好玩，值得专门去逛吗？
4756,spot,108,cultural_context,新川之心公园早上几点开门，晚上几点关门？
4757,spot,108,cultural_context,去新川之心公园要门票不，大概多少钱一个人？
4758,spot,108,cultural_context,从地铁站过去新川之心公园怎么走，打车方便吗？
4759,spot,108,cultural_context,新川之心公园里面好玩吗，主要能看些啥子景观？
4760,spot,108,cultural_context,带小朋友去新川之心公园耍合适不，有没有儿童游乐设施？
4761,spot,108,travel_tips,这个园区几点开门关门呀？傍晚去是不是最合适？
4762,spot,108,travel_tips,进去要门票吗？还是免费随便逛？
4763,spot,108,travel_tips,这个地方具体在哪儿？坐地铁或者公交方便吗？
4764,spot,108,travel_tips,里面主要是看什么玩什么？大概能逛多久？
4765,spot,108,travel_tips,带五六岁的小孩去合适不？有没有什么安全隐患或者适合小朋友的设施？
4766,spot,109,description,成都的公园一般早上几点开门啊？
4767,spot,109,description,去成都的公园玩要收门票吗，大概多少钱一个人？
4768,spot,109,description,从春熙路怎么坐地铁去人民公园，大概要多久？
4769,spot,109,description,带五岁小孩去成都的公园，有哪些适合亲子玩的设施？
4770,spot,109,description,成都哪个公园风景最好，适合拍照散步，值不值得专门去一趟？
4771,spot,109,travel_tips,请问这里早上几点开门呀？一般逛多久比较合适？
4772,spot,109,travel_tips,这个地方现在门票多少钱？是不是常年免费，只有灯会才收费？
4773,spot,109,travel_tips,从青羊宫或者百花潭走过去方便吗？附近有公交或地铁站不？
4774,spot,109,travel_tips,里面好玩吗？有没有什么特色，适合带小朋友去逛逛不？
4775,spot,109,travel_tips,如果是晚上去，是不是要买票？灯会期间具体怎么收费，需要提前看公告吗？
4776,spot,109,cultural_context,文化公园一般早上几点开门，晚上好久关门？
4777,spot,109,cultural_context,去文化公园耍要门票不，大概好多钱一个人？
4778,spot,109,cultural_context,文化公园在成都哪个位置，坐地铁咋个去方便？
4779,spot,109,cultural_context,文化公园里头好不好耍，带娃儿去有啥子适合的游乐项目？
4780,spot,109,cultural_context,听说文化公园经常办花会灯会，现在去能看到不，值不值得专门跑一趟？
4781,spot,113,cultural_context,天府公园早上几点开门，晚上几点关门哇？
4782,spot,113,cultural_context,去天府公园耍要门票不，大概多少钱一个人？
4783,spot,113,cultural_context,天府公园咋个去啊，坐地铁几号线到哪个站下？
4784,spot,113,cultural_context,天府公园里头好不好玩，主要有哪些值得逛的景点？
4785,spot,113,cultural_context,带小朋友去天府公园耍合适不，有没有儿童游乐设施？
4786,spot,113,travel_tips,这个公园几点开门关门啊？是免费进去的吗？
4787,spot,113,travel_tips,坐地铁或者公交怎么去那边方便？附近有停车场吗？
4788,spot,113,travel_tips,里面有没有卖水和小吃的地方？还是说要自己带吃的进去？
4789,spot,113,travel_tips,带五岁小孩去玩合适不？有没有适合小朋友骑车或者跑的地方？
4790,spot,113,travel_tips,春秋天傍晚去是不是最舒服？夏天去会不会太晒？
4791,spot,113,description,成都的公园一般几点开门关门呢？
4792,spot,113,description,去成都那些公园玩要门票不，大概多少钱一张？
4793,spot,113,description,带小孩去成都哪个公园最合适，里面有游乐设施吗？
4794,spot,113,description,春熙路附近有没有步行能到的公园，怎么走最近？
4795,spot,113,description,成都哪个公园最好玩，适合拍拍照散散步，值得专门去一趟吗？
4796,spot,117,description,成都那些热门景点一般几点开门，关门时间是几点？
4797,spot,117,description,去成都旅游，景点门票大概要多少钱，有没有免费的好去处？
4798,spot,117,description,从春熙路怎么去宽窄巷子和锦里，坐地铁方便吗？
4799,spot,117,description,带6岁小孩去成都玩，哪些景点比较适合，会不会太累？
4800,spot,117,description,成都的熊猫基地和大熊猫繁育研究基地是同一个地方吗，好玩吗？
4801,spot,117,travel_tips,早上几点开门？去看日出的话大概几点到比较合适？
4802,spot,117,travel_tips,这个地方要门票吗？还是完全免费的？
4803,spot,117,travel_tips,没开车的话怎么过去方便？打车能直接到山脚吗？
4804,spot,117,travel_tips,带5岁小孩去爬这个山路累不累？有台阶吗？
4805,spot,117,travel_tips,黄昏去能看到城市夜景吗？大概要待多久才天黑？
4806,spot,120,description,成都的公园一般早上几点开门，晚上几点关门啊？
4807,spot,120,description,去成都的公园玩要买门票吗，大概多少钱一张？
4808,spot,120,description,带小孩去成都的公园合适吗，有没有儿童游乐设施？
4809,spot,120,description,成都哪个公园最值得逛，里面主要看什么风景？
4810,spot,120,description,从春熙路怎么坐车去人民公园，方便吗？
4811,spot,117,cultural_context,龙泉山观景台几点开门关门呢？晚上去看星星有没有时间限制？
4812,spot,117,cultural_context,去龙泉山观景台要门票不？大概多少钱一个人？
4813,spot,117,cultural_context,从市区怎么坐车去龙泉山观景台啊？自驾方便吗？
4814,spot,117,cultural_context,龙泉山观景台除了看日落，还有啥好玩的？适合带小孩去耍不？
4815,spot,117,cultural_context,网上都说那是看全景的网红地，实际去过的朋友觉得值不值得专门跑一趟？
4816,spot,120,cultural_context,新华公园早上几点开门，晚上几点关门呢？
4817,spot,120,cultural_context,去新华公园要门票吗，还是免费随便进？
4818,spot,120,cultural_context,新华公园在成都哪个位置，坐地铁几号线能到？
4819,spot,120,cultural_context,带小孩去新华公园玩合适吗，有没有儿童游乐设施？
4820,spot,120,cultural_context,新华公园里面好不好耍，大概能逛多久？
4821,spot,120,travel_tips,这个公园几点开门关门啊？是全天都能进吗？
4822,spot,120,travel_tips,进去耍要门票不？大概好多钱一个人？
4823,spot,120,travel_tips,这个地方在成都哪个位置哦？坐地铁或者公交咋个过去方便？
4824,spot,120,travel_tips,里面好不好耍？主要能看些啥子，逛一圈大概要多久？
4825,spot,120,travel_tips,带起小娃娃去耍合适不？有没有啥子儿童玩的设施？
4826,spot,132,travel_tips,这个街区晚上去逛大概要多久啊？几点去比较合适？
4827,spot,132,travel_tips,这里要门票吗？还是免费随便进？
4828,spot,132,travel_tips,这个地方在哪儿？坐地铁2号线到通惠门站下车后怎么走？
4829,spot,132,travel_tips,带小孩去逛这个街区好玩吗？有没有什么适合小朋友的？
4830,spot,132,travel_tips,这个街区跟琴台路还有文化公园离得近吗？值得专门跑一趟吗？
4831,spot,132,description,成都那些特色商业街一般几点开门关门啊？
4832,spot,132,description,春熙路、宽窄巷子这些特色商业街逛起来要门票不？大概花多少钱？
4833,spot,132,description,带外地朋友去成都的特色商业街，哪条街最值得逛，怎么坐地铁去方便？
4834,spot,132,description,成都的特色商业街里，哪条更适合带小孩去玩，有没有啥亲子项目？
4835,spot,132,description,网上都说成都的特色商业街很网红，实际去逛体验咋样，值不值得专门跑一趟？
4836,spot,132,cultural_context,这个地方几点开门关门呢？
4837,spot,132,cultural_context,去那里要门票不，大概多少钱一张？
4838,spot,132,cultural_context,从春熙路坐地铁或者公交怎么过去最方便？
4839,spot,132,cultural_context,里面主要看什么，就是逛逛古建筑吗，好玩不？
4840,spot,132,cultural_context,带五岁的小朋友去逛合适吗，会不会太无聊？
4841,spot,135,description,成都的公园一般早上几点开门，晚上几点关门啊？
4842,spot,135,description,去成都的公园玩要买门票吗，大概多少钱一张？
4843,spot,135,description,从春熙路怎么坐车去人民公园，大概要多久？
4844,spot,135,description,带5岁的小孩去成都的公园玩，有没有适合亲子游的项目？
4845,spot,135,description,成都哪个公园最值得逛，本地人一般都去哪些公园？
4846,spot,135,travel_tips,这个公园几点开门关门呢？是免费随便进吗？
4847,spot,135,travel_tips,去那儿方便吗？坐地铁1号线到韦家碾站下来后要走多久啊？
4848,spot,135,travel_tips,里面主要能玩些啥？可以爬山看风景吗？大概逛下来要多久？
4849,spot,135,travel_tips,带5岁小孩去合适不？有没有什么要注意的，比如台阶多不多？
4850,spot,135,travel_tips,这个公园口碑怎么样？春秋季下午去是不是最舒服，夏天去会不会太晒？
4851,spot,135,cultural_context,凤凰山公园早上几点开门，晚上几点关门哇？
4852,spot,135,cultural_context,去凤凰山玩要门票不？大概多少钱一个人？
4853,spot,135,cultural_context,从春熙路坐地铁怎么到凤凰山啊，下车还要走多远？
4854,spot,135,cultural_context,凤凰山上面好不好耍？主要能看些啥子，大概逛多久？
4855,spot,135,cultural_context,带五岁的小朋友去凤凰山合适不？有没有推车能走的路？
4856,spot,141,travel_tips,这个公园几点开门，晚上关门吗？
4857,spot,141,travel_tips,进去耍要门票不，大概好多钱一个人？
4858,spot,141,travel_tips,这个公园在成都哪个位置，坐地铁咋个去？
4859,spot,141,travel_tips,里面除了散步还有啥子好耍的，划船或者看花这些有没？
4860,spot,141,travel_tips,带起小娃娃去耍合适不，有没有专门的儿童游乐区？
4861,spot,141,description,成都的公园一般早上几点开门？晚上会关门吗？
4862,spot,141,description,去成都的公园玩要买门票不，大概好多钱一个人？
4863,spot,141,description,我想问下从春熙路咋个坐车去人民公园，地铁能到不？
4864,spot,141,description,带5岁的小娃娃去公园耍，有没有啥子儿童游乐设施，适合不？
4865,spot,141,description,成都哪个公园最好耍？有没有那种本地人常去、风景又好的推荐？
4866,spot,141,cultural_context,这个公园几点开门关门呢？晚上去散步让进吗？
4867,spot,141,cultural_context,门票好多钱一张？有没有免费时段或者优惠票？
4868,spot,141,cultural_context,咋个坐地铁或者公交到那儿？开车去停车方便不？
4869,spot,141,cultural_context,里面除了看湖和草坪，还有没有啥子好耍的？能划船或者骑自行车不？
4870,spot,141,cultural_context,带小娃娃去合适不？有没有儿童游乐区或者喂鱼的地方？
4871,spot,147,travel_tips,请问这个景点早上几点开门呀？
4872,spot,147,travel_tips,进去耍要门票不？还是免费的哇？
4873,spot,147,travel_tips,坐地铁咋个过去方便不？哪条线能到？
4874,spot,147,travel_tips,里面好不好耍哦？适合带娃娃去逛半天不？
4875,spot,147,travel_tips,春秋天去的话，骑车和走路哪个更安逸？需要自己带水不？
4876,spot,147,description,成都的公园一般早上几点开门，晚上几点关门？
4877,spot,147,description,去这些公园逛要买门票吗，大概多少钱一个人？
4878,spot,147,description,带小孩去成都的公园玩合适吗，有没有儿童游乐设施？
4879,spot,147,description,从春熙路出发怎么坐车去人民公园或者望江楼公园？
4880,spot,147,description,成都哪个公园最好玩，适合和闺蜜一起拍照散步？
4881,spot,147,cultural_context,这个永安湖公园早上几点开门，晚上到几点关门呢？
4882,spot,147,cultural_context,去永安湖耍要不要门票，停车费咋算的？
4883,spot,147,cultural_context,从市区坐地铁或者公交咋个到永安湖水库那边？
4884,spot,147,cultural_context,永安湖里头好不好耍，主要能看些啥子风景？
4885,spot,147,cultural_context,带五六岁的小娃娃去永安湖玩，有没得啥子适合娃儿的项目？
4886,spot,149,description,成都的公园一般早上几点开门？晚上会关门吗？
4887,spot,149,description,去成都的公园玩要收门票吗，大概多少钱一张？
4888,spot,149,description,从春熙路坐地铁怎么去人民公园，大概要多久？
4889,spot,149,description,带五岁小孩去成都的公园玩，有哪些适合孩子玩的项目？
4890,spot,149,description,成都哪个公园最好逛？听说有茶馆和划船的地方，值不值得专门去一趟？
4891,spot,149,travel_tips,这个地方几点开门，晚上去会不会关门啊？
4892,spot,149,travel_tips,门票多少钱，需要提前买吗？
4893,spot,149,travel_tips,请问具体在哪个位置，坐地铁怎么过去方便？
4894,spot,149,travel_tips,里面好玩吗，大概能逛多久？
4895,spot,149,travel_tips,带三岁小孩去合适吗，路好不好走？
4896,spot,149,cultural_context,活水公园早上几点开门？晚上几点关门？
4897,spot,149,cultural_context,去活水公园要买门票不？大概多少钱一个人？
4898,spot,149,cultural_context,这个公园在成都哪个位置？坐地铁或者公交怎么过去方便？
4899,spot,149,cultural_context,活水公园里面主要看什么？带娃去能玩水吗，大概能逛多久？
4900,spot,149,cultural_context,网上说这是水生态主题公园，实际去好玩吗？值不值得专门跑一趟？
4901,spot,151,description,成都那些风景名胜区一般几点开门关门啊？
4902,spot,151,description,带小孩去成都的风景名胜玩，有没有特别适合亲子的路线？
4903,spot,151,description,去成都的著名景点，门票大概多少钱一张，有没有学生票或老人优惠？
4904,spot,151,description,从春熙路出发，怎么坐车去都江堰或者青城山这些风景名胜区最方便？
4905,spot,151,description,成都的风景名胜里，哪个最值得玩，大概要花多长时间逛完？
4906,spot,151,travel_tips,下午去会不会太晒？大概逛多久比较合适？
4907,spot,151,travel_tips,这个地方门票好多钱？需要提前预约吗？
4908,spot,151,travel_tips,没地铁直达，那从春熙路打车过去大概要多久？
4909,spot,151,travel_tips,带5岁小朋友去玩，有没有什么适合孩子耍的？还是说更适合情侣拍照？
4910,spot,151,travel_tips,这个季节去花还开得好不好？值不值得专门跑一趟？
4911,spot,153,description,成都的产业园区一般几点开门？晚上能进去逛吗？
4912,spot,153,description,去这些产业园区要买门票吗？大概多少钱一个人？
4913,spot,153,description,成都的商务住宅和产业园区具体在哪个位置？坐地铁怎么去方便？
4914,spot,153,description,带小孩去产业园区玩合适吗？里面有没有适合亲子逛的地方？
4915,spot,153,description,这些产业园区和商务住宅区好不好玩？值不值得专门跑一趟去看看？
4916,spot,151,cultural_context,这里几点开门？门票贵不贵，大概多少钱一个人？
4917,spot,151,cultural_context,从市区怎么过去方便？坐地铁还是打车，大概要多久？
4918,spot,151,cultural_context,这个网红花田具体在双流机场哪个位置？导航搜什么名字能到？
4919,spot,151,cultural_context,带小孩去玩合适吗？除了看花和飞机，还有没有其他能让孩子玩的项目？
4920,spot,151,cultural_context,现在这个季节去，花还开着吗？值不值得专门跑一趟，还是路过顺便看看就行？
4921,spot,156,description,成都的公园一般早上几点开门，晚上几点关门呀？
4922,spot,156,description,去成都的公园玩要收门票钱吗，大概多少钱一个人？
4923,spot,156,description,从春熙路怎么坐地铁或公交去人民公园，大概要多久？
4924,spot,156,description,带5岁的小朋友去成都的公园玩，有哪些适合亲子活动的项目吗？
4925,spot,156,description,成都的公园里除了看花花草草，有没有茶馆或者划船这类好耍的？
4926,spot,161,description,成都那些体育休闲场所一般几点开门关门啊？
4927,spot,161,description,带小孩去成都的体育休闲服务场所玩，有没有适合亲子的项目或区域？
4928,spot,161,description,从市区怎么坐地铁或公交去这些体育休闲服务场所，方便吗？
4929,spot,161,description,这些体育休闲场所门票大概多少钱一张，有没有学生票或套票优惠？
4930,spot,161,description,成都的体育休闲服务场所里，哪些比较好玩，适合周末和朋友一起去？
4931,spot,156,travel_tips,这个公园几点开门关门哇？早上想去散步的话几点去比较合适？
4932,spot,156,travel_tips,进去耍要门票不？还是说完全免费随便进？
4933,spot,156,travel_tips,这个公园在哪儿哦？没得地铁的话，坐公交坐几路能到？
4934,spot,156,travel_tips,里头好不好耍哦？就是那种普通的社区公园嘛，有没有啥子特色或者好看的景色？
4935,spot,156,travel_tips,带我家5岁娃儿去耍合适不？有没有啥子儿童设施或者安全的活动区域？
4936,spot,156,cultural_context,这个公园几点开门关门啊？早上想去遛弯会不会太早进不去？
4937,spot,156,cultural_context,进去耍要不要门票？大概多少钱一个人？
4938,spot,156,cultural_context,簇锦街道这个社区公园具体在哪儿？坐地铁或者公交怎么过去方便？
4939,spot,156,cultural_context,这个公园里面除了绿化，有没有啥子好耍的？光走路会不会无聊？
4940,spot,156,cultural_context,带两岁多的小娃娃去耍合适不？有没有儿童设施或者安全的活动空间？
4941,spot,161,travel_tips,请问这个景点几点开门呀？早上和傍晚去是不是人少点？
4942,spot,161,travel_tips,这个公园免费进吗？里面租自行车环湖骑一圈大概多少钱？
4943,spot,161,travel_tips,坐地铁或者公交怎么过去方便？周末去会不会挤得没法骑车？
4944,spot,161,travel_tips,带5岁小孩去玩合适不？有没有专门给小朋友玩的地方，还是只能看湖？
4945,spot,161,travel_tips,里面除了骑车还有啥好玩的？逛下来大概要多久，值不值得专程跑一趟？
4946,spot,161,cultural_context,这个田园综合体几点开门关门呢？晚上去有没有灯光或活动？
4947,spot,161,cultural_context,门票多少钱一张？老人和小孩有优惠吗，还是免费进？
4948,spot,161,cultural_context,从春熙路坐地铁或者公交怎么过去最方便？打车大概要多久？
4949,spot,161,cultural_context,里面具体有啥好玩的？是看花海、拍照打卡，还是有农田体验和艺术展览？
4950,spot,161,cultural_context,带5岁的小朋友去合适吗？有没有儿童游乐设施或者喂小动物的区域？
4951,spot,171,description,成都的公园一般早上几点开门，晚上几点关门啊？
4952,spot,171,description,去成都的公园玩要门票吗，大概多少钱一张？
4953,spot,171,description,从春熙路怎么坐车去人民公园，方便吗？
4954,spot,171,description,成都哪个公园最值得逛，里面有没有茶馆可以坐一下午？
4955,spot,171,description,带5岁小孩去成都哪个公园玩比较合适，有儿童游乐设施吗？
4956,spot,167,description,成都的公园一般早上几点开门？晚上关门吗？
4957,spot,167,description,去人民公园逛一圈要门票不？大概多少钱？
4958,spot,167,description,带5岁小孩去成都哪个公园最合适？有没有游乐设施？
4959,spot,167,description,从春熙路怎么坐地铁去浣花溪公园？大概要多久？
4960,spot,167,description,成都哪个公园最好玩？适合朋友一起野餐拍照的那种，求推荐。
4961,spot,167,travel_tips,下午几点去那边看飞机比较合适？大概能逛多久啊？
4962,spot,167,travel_tips,这个地方门票好多钱？需要提前预约不？
4963,spot,167,travel_tips,在成都哪个位置哦？坐地铁或者公交怎么过去方便？
4964,spot,167,travel_tips,那边除了看飞机起降，还有啥好耍的不？值不值得专门跑一趟？
4965,spot,167,travel_tips,带5岁娃娃去看飞机，那边风大不大？夏天去会不会太晒？
4966,spot,167,cultural_context,这个公园几点开门关门呢？门票要多少钱？
4967,spot,167,cultural_context,从市区坐地铁或者公交怎么去那个双流机场旁边的观景公园啊？
4968,spot,167,cultural_context,那里除了看飞机起降，还有啥好玩的？适合带小孩去耍不？
4969,spot,167,cultural_context,这个观景公园拍照效果咋样？听说能近距离拍飞机，是真的不？
4970,spot,167,cultural_context,公园里面有没有停车场？开车过去方便不，停车费咋算的？
4971,spot,171,travel_tips,这个公园晚上开到几点关门呀？
4972,spot,171,travel_tips,进去耍要买门票不？大概好多钱一个人？
4973,spot,171,travel_tips,坐地铁咋个去这个公园？哪个站下最近？
4974,spot,171,travel_tips,黄昏时候去拍照好看不？大概要逛多久才合适？
4975,spot,171,travel_tips,带五岁娃儿去那里散步安不安全？晚上灯亮不亮？
4976,spot,179,travel_tips,下午去玩到几点关门啊？大概能玩多久？
4977,spot,179,travel_tips,门票现场买多少钱一张？有没有学生票优惠？
4978,spot,179,travel_tips,这个水上项目具体在成都哪个位置？坐地铁能到吗？
4979,spot,179,travel_tips,带5岁小孩去玩水安全不？需要自己带泳圈吗？
4980,spot,179,travel_tips,那边好不好停车？下午去会不会太晒，有遮阳的地方吗？
4981,spot,179,cultural_context,WAVE BOX几点开门营业？周末人多不多，需不需要提前预约？
4982,spot,179,cultural_context,去WAVE BOX玩一次大概多少钱？有学生票或者亲子套票吗？
4983,spot,179,cultural_context,WAVE BOX具体在成都哪个位置？坐地铁或公交怎么过去方便？
4984,spot,179,cultural_context,里面的人工造浪跟海边比刺激吗？适合完全不会游泳的新手玩不？
4985,spot,179,cultural_context,带5岁的小朋友去WAVE BOX合适吗？有没有儿童浅水区和救生员看着？
4986,spot,179,description,成都的公园一般早上几点开门，晚上几点关门啊？
4987,spot,179,description,去成都的公园玩要买门票吗，大概多少钱一张？
4988,spot,179,description,从春熙路怎么坐车去人民公园，地铁能到吗？
4989,spot,179,description,带5岁小孩去成都哪个公园最合适，有游乐设施吗？
4990,spot,179,description,成都的公园里哪个最好玩，适合逛一整天的那种，有没有推荐？
4991,spot,171,cultural_context,怡心湖那个滨水公园早上几点开门啊？
4992,spot,171,cultural_context,去那边逛一圈要买门票不，大概多少钱一个人？
4993,spot,171,cultural_context,从地铁5号线怡心湖站走过去方便吗，还是得打车？
4994,spot,171,cultural_context,带5岁娃去玩一天合适不，有没有儿童设施或者草坪能野餐？
4995,spot,171,cultural_context,看网上说那边是人工湖，实际去散步拍照到底值不值得专程跑一趟？
4996,spot,184,description,成都的城市广场一般几点开放？晚上去逛安全吗？
4997,spot,184,description,去天府广场或春熙路那种城市广场，坐地铁几号线能到？
4998,spot,184,description,带小孩去城市广场玩，有没有适合小朋友的设施或者活动？
4999,spot,184,description,成都的城市广场附近停车方便吗？大概多少钱一个小时？
5000,spot,184,description,城市广场除了拍照，平时有什么好玩的？有没有本地人推荐的玩法？
5001,spot,184,cultural_context,东郊记忆早上几点开门，晚上几点关门？
5002,spot,184,cultural_context,去东郊记忆要门票吗，大概多少钱一个人？
5003,spot,184,cultural_context,东郊记忆在成都哪个位置，坐地铁怎么去方便？
5004,spot,184,cultural_context,东郊记忆好玩吗，里面除了拍照还有啥可以逛的？
5005,spot,184,cultural_context,带小孩去东郊记忆合适不，有没有适合小朋友玩的地方？
5006,spot,184,travel_tips,东郊记忆的火车头广场几点开门？晚上去会不会关门？
5007,spot,184,travel_tips,去火车头广场要门票不？大概逛多久比较合适？
5008,spot,184,travel_tips,带娃去火车头广场玩安全吗？那边可以随便爬上火车拍照吗？
5009,spot,184,travel_tips,火车头广场在哪个位置？坐地铁怎么过去方便？
5010,spot,184,travel_tips,那个火车头广场到底好不好耍？值不值得专门跑一趟？
5011,spot,186,description,成都的公园广场一般早上几点开门，晚上几点关门呢？
5012,spot,186,description,去成都的公园广场要买门票吗，大概多少钱一个人？
5013,spot,186,description,从春熙路坐地铁怎么去最近的公园广场，大概要多久？
5014,spot,186,description,带5岁的小孩去公园广场玩合适吗，里面有没有儿童游乐设施？
5015,spot,186,description,成都哪个公园广场最好玩，适合拍照和散步，本地人推荐去哪个？
5016,spot,186,travel_tips,麓镇周末下午去人多不多？大概要逛多久啊？
5017,spot,186,travel_tips,麓镇是免费进去的吗？里面的展览单独收费贵不贵？
5018,spot,186,travel_tips,带家里小孩去麓镇玩合适吗？有没有适合小朋友的活动？
5019,spot,186,travel_tips,麓镇具体在成都哪个位置？坐地铁或者公交方便到吗？
5020,spot,186,travel_tips,那个欧式小镇到底好不好耍？除了拍照还有啥子可以体验的？
5021,spot,186,cultural_context,麓镇广场周末一般几点开门？晚上会不会关门？
5022,spot,186,cultural_context,去麓镇广场逛要门票吗？里面那些艺术展和市集是免费看的还是另外收费？
5023,spot,186,cultural_context,从市中心坐地铁或者公交怎么去麓镇广场？打车大概要多久？
5024,spot,186,cultural_context,麓镇广场那边好玩吗？除了拍照打卡，平时有没有什么特别的活动或者展览可以逛？
5025,spot,186,cultural_context,带小孩去麓镇广场合适吗？有没有适合小朋友玩的地方或者亲子活动？
5026,spot,191,travel_tips,请问早上几点开门呀？下午去来得及不？
5027,spot,191,travel_tips,这个地方要门票吗？大概逛多久比较合适？
5028,spot,191,travel_tips,具体位置在哪儿啊？坐公交或者地铁怎么过去方便？
5029,spot,191,travel_tips,里面好玩吗？除了烧香拜佛，有没有可以登高看风景的地方？
5030,spot,191,travel_tips,带五六岁的小孩去合适吗？有没有什么需要注意的规矩？
5031,spot,193,travel_tips,那边周末人多不多，早上几点去能占到好位置野餐？
5032,spot,193,travel_tips,这个地方要门票不？还是免费随便进？
5033,spot,193,travel_tips,带小孩去放风筝安不安全，有没有什么注意事项？
5034,spot,193,travel_tips,具体在哪个位置，坐地铁或者公交方便吗？
5035,spot,193,travel_tips,傍晚去会不会太晒，一般玩几个小时比较合适？
5036,spot,191,description,成都那些寺庙道观一般几点开门关门啊？我想挑个早上人少的时候去转转。
5037,spot,191,description,去青羊宫或者文殊院门票多少钱一张？有没有学生票或者老人免票的政策？
5038,spot,191,description,从春熙路坐地铁或者公交怎么去昭觉寺方便？大概要花多长时间？
5039,spot,191,description,带6岁小孩去武侯祠旁边的寺庙逛，合适吗？里面会不会太挤或者台阶多不好走？
5040,spot,191,description,成都周边有没有那种环境清幽、香火旺的道观，适合周末去静心玩一天的？求推荐评价好的。
5041,spot,191,cultural_context,白云寺几点开门关门？需要买门票不，大概多少钱一个人？
5042,spot,191,cultural_context,从成都市区怎么坐车去新津白云寺，大概要多久？
5043,spot,191,cultural_context,白云寺里面好玩吗？主要能看些啥子，值不值得专门跑一趟？
5044,spot,191,cultural_context,带小孩去白云寺方便不？有没有啥子适合娃娃耍的地方，路好不好走？
5045,spot,191,cultural_context,白云寺现在烧香灵不灵嘛？周末人多不多，会不会很挤？
5046,spot,193,description,成都的公园一般早上几点开门，晚上几点关门啊？
5047,spot,193,description,去成都的公园玩要收门票吗，大概多少钱一张？
5048,spot,193,description,从春熙路怎么坐车去人民公园，方便吗？
5049,spot,193,description,带5岁小孩去成都哪个公园最合适，有儿童游乐设施吗？
5050,spot,193,description,成都的公园里除了散步，还有什么好玩的，值不值得专门去逛一天？
5051,spot,193,cultural_context,这个公园几点开门关门？要不要门票？
5052,spot,193,cultural_context,从市区坐地铁或者公交怎么过去方便？
5053,spot,193,cultural_context,带小孩去玩合适吗？里面有没有儿童游乐设施？
5054,spot,193,cultural_context,那里主要是看草坪和高尔夫球场吗？除了散步还能不能野餐或者打球？
5055,spot,193,cultural_context,周末去人多不多？值不值得专门跑一趟？
5056,spot,198,description,成都的公园一般早上几点开门？晚上会关门吗？
5057,spot,198,description,去人民公园或者浣花溪公园要门票吗，大概多少钱一个人？
5058,spot,198,description,带小孩去成都哪个公园最合适？有没有游乐设施或者喂鱼的地方？
5059,spot,198,description,从春熙路坐地铁怎么去桂溪生态公园？大概要多久？
5060,spot,198,description,最近成都哪个公园的荷花或者银杏最好看？值得专门跑一趟吗？
5061,spot,198,travel_tips,这个公园几点开门关门呢？是全天开放吗？
5062,spot,198,travel_tips,进去要不要门票哦？还是说完全免费随便进？
5063,spot,198,travel_tips,我想带家里小朋友去玩，那边有适合小孩骑车或者跑的地方吗？安全不？
5064,spot,198,travel_tips,除了走路，里面能租自行车不？大概多少钱一个小时？
5065,spot,198,travel_tips,如果下午三四点去，太阳大不大？夏天这个点逛起来热不热？
5066,spot,198,cultural_context,青龙湖湿地公园二期几点开门关门？晚上去安全吗？
5067,spot,198,cultural_context,这个公园要门票不，还是免费随便进？
5068,spot,198,cultural_context,从地铁站过去怎么走最方便，开车有停车场吗？
5069,spot,198,cultural_context,里面主要能耍些啥子，就是看湖和走路吗？有没有租自行车或者划船？
5070,spot,198,cultural_context,带5岁娃儿去合适不，有没得儿童游乐设施或者推车方便的路？
5071,spot,203,description,成都的公园一般几点开门关门啊？
5072,spot,203,description,去成都的公园玩要买门票不，大概多少钱一个人？
5073,spot,203,description,从春熙路怎么坐车去人民公园，大概要多久？
5074,spot,203,description,带5岁小孩去成都哪个公园合适，有没有儿童游乐设施？
5075,spot,203,description,成都除了人民公园，还有哪些公园好耍又适合拍照的？
5076,spot,203,travel_tips,请问这个公园早上几点开门呀？我想趁凉快去逛逛。
5077,spot,203,travel_tips,这个公园要门票吗？是免费随便进的吗？
5078,spot,203,travel_tips,这个公园具体在哪儿呢？坐地铁或者公交方便到吗？
5079,spot,203,travel_tips,里面好不好玩？适合一个人去跑步或者散散步吗？
5080,spot,203,travel_tips,带家里老人和小孩去合适不？湖边安不安全，有没有什么要注意的？
5081,spot,203,cultural_context,这个公园早上几点开门，晚上几点关门呢？
5082,spot,203,cultural_context,进去耍要门票不，大概好多钱一个人？
5083,spot,203,cultural_context,咋个坐地铁或者公交过去，离哪个站最近？
5084,spot,203,cultural_context,里面好不好耍，有没有啥子老成都的传说可以看？
5085,spot,203,cultural_context,带娃娃去合适不，有没有儿童游乐或者喂鱼的地方？
5086,spot,206,description,成都的公园一般早上几点开门，晚上几点关门呢？
5087,spot,206,description,去成都的公园逛逛要门票吗，大概多少钱一个人？
5088,spot,206,description,从春熙路坐地铁去人民公园应该怎么走，大概要多久？
5089,spot,206,description,带3岁小孩去成都的公园玩，有哪些适合的游乐设施或者草坪可以跑？
5090,spot,206,description,成都哪个公园最值得逛，拍照好看又不用走太久？听说有些公园很无聊，是真的吗？
5091,spot,206,cultural_context,这个湿地公园几点开门关门？需要买门票不？
5092,spot,206,cultural_context,带小孩去玩合适吗？里面有没有儿童游乐设施？
5093,spot,206,cultural_context,除了看水草和湿地，里头还有啥好玩的？能骑车或者跑步不？
5094,spot,206,cultural_context,这个公园具体在武侯区哪个位置？坐地铁或者公交怎么过去方便？
5095,spot,206,cultural_context,听说那边水处理挺有特色的，实际逛起来感觉怎么样？值不值得专门跑一趟？
5096,spot,206,travel_tips,这个湿地公园几点开门关门？早上几点去人少适合看鸟？
5097,spot,206,travel_tips,这个地方免费进去吗？需要提前预约还是直接去就行？
5098,spot,206,travel_tips,请问坐地铁或公交怎么到那里？大概要走多久才能到湿地步道？
5099,spot,206,travel_tips,带5岁小孩去走那个2公里的步道累不累？里面有没有儿童玩的设施？
5100,spot,206,travel_tips,春秋季去最好，那夏天去是不是太晒蚊子多？值得专门跑一趟吗？
5101,spot,211,description,成都的陵园一般早上几点开门？下午关门早不早？
5102,spot,211,description,去一趟成都的陵园大概要花多少钱？有门票或者停车费吗？
5103,spot,211,description,从市区坐地铁或公交去凤凰山陵园方便吗？具体怎么走？
5104,spot,211,description,带小孩去成都的陵园扫墓合适吗？有没有什么需要注意的地方？
5105,spot,211,description,成都周边除了烈士陵园，还有哪些环境好、值得一去的陵园？适合顺便逛逛吗？
5106,spot,217,travel_tips,这个景点几点开门关门啊？是全天免费随便进吗？
5107,spot,217,travel_tips,全程走下来大概要多久？穿普通运动鞋行不行，还是要专门防滑的？
5108,spot,217,travel_tips,这个地方具体在成都哪个位置？坐地铁或者公交怎么过去方便？
5109,spot,217,travel_tips,带5岁小孩去走这条徒步路线合适吗？路上会不会太危险或者太累？
5110,spot,217,travel_tips,里面到底好不好玩？有没有什么特别值得看的风景，还是就纯走路锻炼？
5111,spot,217,description,成都那些体育休闲和风景名胜结合的地方，一般早上几点开门？我想早点去人少点。
5112,spot,217,description,带小孩去成都这种既能看风景又能玩体育项目的地方，门票大概多少钱？有儿童票优惠吗？
5113,spot,217,description,从春熙路出发，怎么坐地铁或公交去那种有体育休闲服务的旅游景点？大概要多久？
5114,spot,217,description,成都周边有没有那种既能爬山看风景，又能玩攀岩或骑行的地方？适合年轻人周末去玩吗？
5115,spot,217,description,网上都说成都某个风景区里能租自行车或玩皮划艇，实际体验好不好？会不会排队很久？
5116,spot,221,description,成都那些有名的景点一般早上几点开门啊？
5117,spot,221,description,去都江堰或者青城山玩一趟，门票大概要多少钱？
5118,spot,221,description,从春熙路怎么坐车去大熊猫基地，方便吗？
5119,spot,221,description,带五岁的小孩去成都科技馆或者动物园，合适吗？
5120,spot,221,description,宽窄巷子和锦里晚上去好玩吗，哪个更值得逛？
5121,spot,221,travel_tips,这儿几点开门？是全天都免费进去吗？
5122,spot,221,travel_tips,去那边逛一圈大概要花多少钱？里面吃东西贵不贵，能不能扫码？
5123,spot,221,travel_tips,这地方在成都哪个位置？坐地铁或者公交怎么过去方便？
5124,spot,221,travel_tips,周末带小孩去玩合适不？大概能玩多久，有没有啥好吃的推荐？
5125,spot,221,travel_tips,那边到底好不好耍？主要就是拍拍照、吃小吃吗，人多不多？
5126,spot,217,cultural_context,龙泉山城市森林公园的健身步道早上几点开门？晚上关门吗？
5127,spot,217,cultural_context,走这条健身步道要买门票不？大概多少钱一个人？
5128,spot,217,cultural_context,从市区坐地铁或者公交怎么去龙泉山那个健身步道？自驾方便停车不？
5129,spot,217,cultural_context,这条步道走完全程大概要多久？沿途有没有补给点或者厕所？
5130,spot,217,cultural_context,带5岁小孩去走这条步道合适吗？路况陡不陡？有没有推婴儿车能走的路段？
5131,spot,226,description,成都的公园一般几点开门关门啊？
5132,spot,226,description,去这些公园玩要收门票吗，大概多少钱一个人？
5133,spot,226,description,带小孩去哪个公园比较合适，有没有儿童游乐设施？
5134,spot,226,description,这些公园怎么去最方便，坐地铁能到吗？
5135,spot,226,description,哪个公园风景最好，适合拍照或者散步发呆？
5136,spot,226,travel_tips,这个公园几点开门关门呀？
5137,spot,226,travel_tips,进去要门票不，还是免费随便进？
5138,spot,226,travel_tips,坐地铁或者公交怎么过去方便？
5139,spot,226,travel_tips,带两岁多的小孩去骑平衡车合适不？
5140,spot,226,travel_tips,里面有没有租自行车的地方，还是只能自己带？
5141,spot,226,cultural_context,这个公园几点开门关门？晚上去能逛吗？
5142,spot,226,cultural_context,门票多少钱一张？有没有免费时段或者优惠政策？
5143,spot,226,cultural_context,带小孩去玩合适吗？里面有没有儿童游乐设施？
5144,spot,226,cultural_context,这里具体在哪儿？坐地铁或者公交怎么过去？
5145,spot,226,cultural_context,里面主要看什么？好不好玩？大概能逛多久？
5146,spot,221,cultural_context,枣子巷早上几点开门？晚上开到几点，去逛的话时间上怎么安排比较合适？
5147,spot,221,cultural_context,去枣子巷要门票不？里面那些民国风的建筑和中医药文化体验，大概要花多少钱？
5148,spot,221,cultural_context,枣子巷具体在成都哪个位置？坐地铁几号线能到，出站后怎么走最近？
5149,spot,221,cultural_context,带家里老人和小孩去枣子巷逛合适吗？里面有没有适合拍照、遛娃或者休息的地方？
5150,spot,221,cultural_context,枣子巷好不好玩？除了看建筑和拍照，有没有什么特色小吃或中医药互动体验值得专门跑一趟？
5151,spot,231,description,成都的旅游景点一般几点开门关门啊？周末去会不会排队很久？
5152,spot,231,description,这些风景名胜区的门票大概多少钱一张？有没有学生票或者老人优惠？
5153,spot,231,description,从春熙路出发，坐地铁或者公交去青城山、都江堰这些景点方便吗？大概要多久？
5154,spot,231,description,带5岁的小孩去武侯祠和宽窄巷子玩，适合吗？有没有推婴儿车不方便的地方？
5155,spot,231,description,网上都说成都市区哪些景点值得逛？有没有本地人推荐的小众又好玩的地方？
5156,spot,231,cultural_context,锦江绿道双流段早上几点开门？晚上关门吗？
5157,spot,231,cultural_context,去锦江绿道双流段要门票不？还是免费随便逛？
5158,spot,231,cultural_context,从市区坐地铁或公交怎么到锦江绿道双流段？具体哪站下？
5159,spot,231,cultural_context,带小孩去锦江绿道双流段合适吗？有没有儿童玩的地方？
5160,spot,231,cultural_context,锦江绿道双流段好玩吗？主要能看啥风景，大概能逛多久？
5161,spot,235,description,成都的公园一般早上几点开门，晚上几点关门呢？
5162,spot,235,description,去公园玩要买门票吗，大概多少钱一张？
5163,spot,235,description,从春熙路怎么坐地铁或公交去人民公园？
5164,spot,235,description,带小孩去公园玩合适吗，里面有没有儿童游乐设施？
5165,spot,235,description,成都哪个公园最好逛又出片，适合周末去散心拍照？
5166,spot,231,travel_tips,这个公园几点开门关门哇？晚上去跑步安全不？
5167,spot,231,travel_tips,进去要不要门票哦？是免费随便进吗？
5168,spot,231,travel_tips,从市区咋个过去方便？骑车能直接上锦城绿道不？
5169,spot,231,travel_tips,带娃娃去骑平衡车合适不？路上有没有树荫遮到？
5170,spot,231,travel_tips,夏天去逛会不会很晒？有没有推荐的骑行路线和耍法？
5171,spot,235,travel_tips,请问这个岛几点开放呢？是全天都能进吗？
5172,spot,235,travel_tips,这个地方要门票不？还是免费随便逛？
5173,spot,235,travel_tips,从春熙路坐地铁或者公交怎么过去方便呀？
5174,spot,235,travel_tips,带五岁小孩去玩台阶多不多？会不会危险？
5175,spot,235,travel_tips,傍晚去光线怎么样？大概逛多久能看完那些艺术装置？
5176,spot,235,cultural_context,这个芙蓉主题的小岛几点开门关门啊？
5177,spot,235,cultural_context,上岛要买门票吗，大概多少钱一个人？
5178,spot,235,cultural_context,从春熙路怎么坐车过去，地铁能到吗？
5179,spot,235,cultural_context,岛上除了看芙蓉花，还有啥好玩的，适合拍照吗？
5180,spot,235,cultural_context,带5岁小孩去玩方便吗，有没有儿童设施或者推车能走的路？
5181,spot,246,description,成都的城市广场一般几点开门关门呢？
5182,spot,246,description,去天府广场或者春熙路那边的城市广场，停车方便吗，大概多少钱一小时？
5183,spot,246,description,带小孩去城市广场玩，有没有什么适合小朋友的设施或者活动？
5184,spot,246,description,成都哪个城市广场晚上去最好看，有什么灯光秀或者喷泉表演吗？
5185,spot,246,description,坐地铁去成都的城市广场，应该坐到哪一站下，从哪个出口出来最近？
5186,spot,246,cultural_context,青春广场几点开门关门啊？晚上去会不会清场？
5187,spot,246,cultural_context,去川大江安校区的青春广场要门票不？随便进吗？
5188,spot,246,cultural_context,从地铁站怎么走到青春广场？坐校车还是直接导航？
5189,spot,246,cultural_context,周末去青春广场有什么好玩的？能看到学生社团活动吗？
5190,spot,246,cultural_context,带小孩去青春广场遛弯合适吗？里面有没有可以坐的草坪或长椅？
5191,spot,246,travel_tips,川大江安校区广场几点开放呀？周末去会不会很多人？
5192,spot,246,travel_tips,这个广场要门票不？进去需要预约或者登记啥的吗？
5193,spot,246,travel_tips,从春熙路坐地铁怎么去川大江安校区广场？大概要多久？
5194,spot,246,travel_tips,带五岁小孩去那儿玩合适吗？有没有什么可以逛的或者休息的地方？
5195,spot,246,travel_tips,听说那是个非典型景点，到底好不好玩？值不值得专门跑一趟？
5196,spot,250,description,成都博物馆几点开门？需要提前预约吗？
5197,spot,250,description,去成都博物馆门票多少钱一张？学生或者老人有优惠吗？
5198,spot,250,description,成都博物馆在哪个位置？坐地铁怎么去最方便？
5199,spot,250,description,带小孩去成都博物馆合适吗？里面有没有适合小朋友互动体验的展区？
5200,spot,250,description,成都博物馆好玩吗？大概逛完要多久，值不值得专门跑一趟？
5201,spot,250,travel_tips,请问这个地方几点开门，下午去来得及不？
5202,spot,250,travel_tips,进去参观要买门票吗，还是凭身份证免费进？
5203,spot,250,travel_tips,这个馆在成都哪个位置，坐地铁能到不？
5204,spot,250,travel_tips,里面大概能逛多久，有没有啥特别值得看的文物？
5205,spot,250,travel_tips,带五岁小孩去合适吗，怕他乱摸展品会不会被说？
5206,spot,250,cultural_context,成都隋唐窑址博物馆几点开门，下午去来得及不？
5207,spot,250,cultural_context,去这个窑址博物馆要门票吗，大概多少钱一张？
5208,spot,250,cultural_context,坐地铁或者公交怎么到成都隋唐窑址博物馆，下车后好找吗？
5209,spot,250,cultural_context,里面展出的东西多不多，大概逛多久能看完，会不会很无聊？
5210,spot,250,cultural_context,带五六岁的小孩去合适吗，有没有互动或者能看懂的东西？
5211,spot,252,travel_tips,这个公园几点开门关门啊？
5212,spot,252,travel_tips,进去耍要钱不？
5213,spot,252,travel_tips,咋个坐车过去喃？
5214,spot,252,travel_tips,里面好不好耍，值不值得专门跑一趟？
5215,spot,252,travel_tips,带娃娃去合适不？有啥子可以骑要跑的地方吗？
5216,spot,252,description,成都的公园一般早上几点开门，晚上几点关门呢？
5217,spot,252,description,去人民公园或者望江楼公园要门票不，大概多少钱一张？
5218,spot,252,description,带小孩去成都哪个公园最合适，里面有游乐设施或者喂鱼的地方吗？
5219,spot,252,description,从春熙路坐地铁怎么去浣花溪公园，大概要多久？
5220,spot,252,description,听说成都的公园茶馆很有名，去那儿主要是喝茶聊天还是看风景，好玩吗？
5221,spot,252,cultural_context,驿马河公园早上几点开门，晚上几点关门哇？
5222,spot,252,cultural_context,这个公园要收门票不，大概多少钱一个人？
5223,spot,252,cultural_context,从成都市区坐地铁或者公交怎么去驿马河公园啊？
5224,spot,252,cultural_context,里面好不好耍？主要能看些啥子，有没有那种古驿道的文化展示？
5225,spot,252,cultural_context,带5岁娃儿去合适不？有没有儿童游乐区或者适合推婴儿车的平路？
5226,spot,258,travel_tips,请问这边几点开门啊？周一是不是不开放？
5227,spot,258,travel_tips,门票大概多少钱一张？老人或者小孩有优惠吗？
5228,spot,258,travel_tips,坐地铁4号线到明蜀王陵站下车后，具体怎么走到景区门口？
5229,spot,258,travel_tips,里面大概能逛多久？主要看些什么内容，值不值得专门跑一趟？
5230,spot,258,travel_tips,带小朋友去合适吗？有没有什么需要特别注意的，比如能不能拍照？
5231,spot,258,description,成都的博物馆一般几点开门关门啊？
5232,spot,258,description,去成都博物馆门票要多少钱，需要提前预约吗？
5233,spot,258,description,从春熙路怎么坐车去成都博物馆方便？
5234,spot,258,description,带5岁小孩去成都博物馆合适吗，里面有没有亲子互动项目？
5235,spot,258,description,成都博物馆好玩吗，大概逛多久能看完主要展品？
5236,spot,262,description,请问这个科教文化场所几点开门关门？
5237,spot,262,description,门票多少钱一张，老人小孩有优惠吗？
5238,spot,262,description,这个科教文化场所在成都哪个位置，坐地铁怎么过去方便？
5239,spot,262,description,带6岁的小朋友去逛，有没有互动体验项目，值不值得专门跑一趟？
5240,spot,262,description,网上评价说这里适合亲子游，那情侣或朋友去会不会觉得无聊，大概能玩多久？
5241,spot,258,cultural_context,蜀王陵几点开门？门票贵不贵，需要提前预约吗？
5242,spot,258,cultural_context,从成都市区怎么坐车去蜀王陵？大概要多久？
5243,spot,258,cultural_context,带小孩去蜀王陵玩合适吗？里面有没有讲解或者互动的东西？
5244,spot,258,cultural_context,蜀王陵地宫好逛吗？大概能玩多久，值不值得专门跑一趟？
5245,spot,258,cultural_context,蜀王陵附近还有啥可以一起耍的？停车方便不？
5246,spot,262,travel_tips,请问这个馆几点开门啊？需要提前预约吗？
5247,spot,262,travel_tips,进去耍要门票不？是免费随便进还是咋个收费？
5248,spot,262,travel_tips,这个地方具体在哪儿哦？坐地铁或者公交方便不？
5249,spot,262,travel_tips,里面逛起来有意思不？大概能耍多久？适合带娃娃去不？
5250,spot,262,travel_tips,馆里头能不能喝水吃东西？参观的时候有啥子规矩没？
5251,spot,274,description,成都的博物馆一般几点开门关门啊？
5252,spot,274,description,去成都博物馆要门票吗，多少钱一张？
5253,spot,274,description,从春熙路怎么坐车去成都博物馆？
5254,spot,274,description,带5岁小孩去成都博物馆合适不，有没有亲子互动项目？
5255,spot,274,description,成都博物馆里面好不好玩，大概逛多久能看完？
5256,spot,274,travel_tips,请问几点开门？工作日去是不是人少些？
5257,spot,274,travel_tips,门票多少钱一张？网上买能便宜点不？
5258,spot,274,travel_tips,这个地方具体在哪儿？坐地铁几号线能到？
5259,spot,274,travel_tips,里面好玩吗？大概能逛多久？
5260,spot,274,travel_tips,带六岁小孩去合适不？会不会有吓人的东西？
5261,spot,277,description,成都的博物馆一般几点开门，需要提前预约吗？
5262,spot,277,description,去成都博物馆门票多少钱，有没有免费开放的日子？
5263,spot,277,description,成都哪些博物馆适合带小孩去玩，里面有没有互动体验？
5264,spot,277,description,从春熙路怎么坐地铁去成都博物馆，大概要多久？
5265,spot,277,description,成都博物馆好玩吗，值不值得专门跑一趟去看？
5266,spot,262,cultural_context,那个成都地方志的展馆几点开门关门？门票收多少钱？
5267,spot,262,cultural_context,这个展馆具体在哪儿啊？坐地铁或者公交怎么过去方便？
5268,spot,262,cultural_context,里面主要看些啥子？有老成都的图片和模型那些不？逛一圈大概要多久？
5269,spot,262,cultural_context,带六岁娃儿去合适不？有没有啥子互动体验或者适合小朋友看的东西？
5270,spot,262,cultural_context,这地方口碑咋样？值不值得专门跑一趟？跟成都博物馆比哪个更值得去？
5271,spot,274,cultural_context,请问这个生命奥秘展览馆几点开门、几点关门呀？
5272,spot,274,cultural_context,去那儿看一次要多少钱门票？小孩有优惠不？
5273,spot,274,cultural_context,这个馆具体在成都哪个位置？坐地铁或公交怎么过去方便？
5274,spot,274,cultural_context,里面除了看人体标本，还有啥好玩的互动项目吗？值不值得专门跑一趟？
5275,spot,274,cultural_context,带五六岁的小朋友去合适吗？会不会吓到孩子，有没有适合亲子的讲解或活动？
5276,spot,282,description,成都的博物馆一般几点开门关门啊？
5277,spot,282,description,去成都博物馆门票要多少钱，需要提前预约吗？
5278,spot,282,description,从春熙路怎么坐车去成都博物馆？
5279,spot,282,description,成都博物馆里面好玩吗，大概能逛多久？
5280,spot,282,description,带五岁小孩去成都博物馆合适吗，有互动项目吗？
5281,spot,277,travel_tips,请问周二到周日几点开门呀？下午五点就关门了吗？
5282,spot,277,travel_tips,这个地方免费进去看，但是要提前预约身份证对吧？现场能约吗？
5283,spot,277,travel_tips,坐地铁或者公交怎么过去方便？附近有停车场吗？
5284,spot,277,travel_tips,里面好玩吗？大概逛多久能看完？有没有那种互动的大屏幕？
5285,spot,277,travel_tips,带五岁小孩去合适不？会不会觉得无聊或者走不动？
5286,spot,277,cultural_context,成都十二月市博物馆几点开门？关门时间是好久？
5287,spot,277,cultural_context,去成都十二月市博物馆要门票不？大概多少钱一个人？
5288,spot,277,cultural_context,这个十二月市博物馆在成都哪个位置？坐地铁咋个过去方便？
5289,spot,277,cultural_context,里面好不好耍？主要是看些啥子，有没有那种可以互动的体验？
5290,spot,277,cultural_context,带5岁的小朋友去合适不？会不会觉得无聊或者看不懂？
5291,spot,282,cultural_context,四川报业博物馆几点开门？进去要买票不，大概多少钱一张？
5292,spot,282,cultural_context,这个博物馆具体在成都哪个位置？坐地铁或者公交怎么过去方便？
5293,spot,282,cultural_context,里面除了看老报纸，有没有好耍的互动体验？大概逛下来要多久？
5294,spot,282,cultural_context,带六岁娃去合适不？有没有适合小朋友看的或者动手玩的东西？
5295,spot,282,cultural_context,网上评价说值不值得专门跑一趟？跟成都博物馆比哪个更值得先去？
5296,spot,282,travel_tips,请问周二到周日具体几点开门？周末和平时开放时间一样吗？
5297,spot,282,travel_tips,这个博物馆免费预约，那进去还要不要另外花钱买票哦？
5298,spot,282,travel_tips,在成都哪个位置？坐地铁几号线能到，下车后好找不？
5299,spot,282,travel_tips,里面主要是看啥子？有没有那种好耍的互动体验，值不值得专门跑一趟？
5300,spot,282,travel_tips,带5岁娃娃去合适不？参观大概要逛好久，娃娃会不会觉得无聊？
5301,spot,313,description,成都的博物馆一般几点开门关门啊？
5302,spot,313,description,去成都博物馆要门票吗，多少钱一张？
5303,spot,313,description,成都博物馆在哪个位置，坐地铁怎么去方便？
5304,spot,313,description,成都博物馆里好玩吗，值不值得专门去逛一趟？
5305,spot,313,description,带小孩去成都博物馆合适不，有没有适合小朋友的展区？
5306,spot,313,travel_tips,请问这个博物馆几点开门？逛一圈大概要多久？
5307,spot,313,travel_tips,去成都理工大学那个地质博物馆要门票不？免费的话需不需要预约？
5308,spot,313,travel_tips,这个博物馆具体在哪儿啊？坐地铁能到吗？还是要从学校哪个门进去？
5309,spot,313,travel_tips,里面主要是看石头和矿物吗？带小学低年级的小孩去会不会觉得无聊？
5310,spot,313,travel_tips,值不值得专门跑一趟？跟四川博物院比，哪个更适合普通游客打卡？
5311,spot,313,cultural_context,成都理工大学博物馆矿产资源厅几点开门？要门票不？
5312,spot,313,cultural_context,带娃去成都理工博物馆看矿石标本，值不值得专门跑一趟？
5313,spot,313,cultural_context,这个矿产资源厅具体在成都理工大学的哪个位置？坐地铁怎么走？
5314,spot,313,cultural_context,成都理工大学博物馆的矿石展区大概能逛多久？里面有没有讲解员？
5315,spot,313,cultural_context,去成都理工博物馆看恐龙和矿石，门票多少钱一个人？需要提前预约吗？
5316,spot,318,description,成都那些有名的景点一般几点开门关门啊？
5317,spot,318,description,去武侯祠和熊猫基地门票分别多少钱？
5318,spot,318,description,从春熙路怎么坐车去都江堰景区方便？
5319,spot,318,description,带5岁小孩去成都玩，哪些景点比较合适？
5320,spot,318,description,宽窄巷子和锦里哪个更好玩，值不值得专门去一趟？
5321,spot,318,cultural_context,西城事几点开门关门？门票多少钱一张？
5322,spot,318,cultural_context,西城事在非遗博览园里面具体咋个走？坐地铁能到不？
5323,spot,318,cultural_context,西城事里头除了看蜀锦和漆器，有没有可以动手体验的项目？好玩不？
5324,spot,318,cultural_context,带5岁娃娃去西城事合适不？有没有适合小朋友耍的？
5325,spot,318,cultural_context,西城事逛下来大概要多久？里面有没有讲解或者吃饭的地方？
5326,spot,318,travel_tips,下午去逛的话，一般几点关门啊？逛完大概要花多长时间？
5327,spot,318,travel_tips,这个园区是免费进的吗？里面哪些展馆要另外收钱，大概多少钱一张票？
5328,spot,318,travel_tips,坐地铁或者公交怎么去最方便？到了之后从哪个门进离主展区近？
5329,spot,318,travel_tips,带5岁小孩去玩合适吗？里面有没有适合小朋友互动或者休息的地方？
5330,spot,318,travel_tips,春秋季下午去是不是人少点？除了看展，园里还有啥好玩的或者拍照好看的地方？
5331,spot,323,description,成都的博物馆一般几点开门关门？需要提前预约吗？
5332,spot,323,description,去成都博物馆门票多少钱？有没有免费开放的日子？
5333,spot,323,description,从春熙路怎么坐地铁或公交去成都博物馆？大概要多久？
5334,spot,323,description,成都博物馆里面好玩吗？带五六岁的小孩去合适不合适？
5335,spot,323,description,成都博物馆值不值得专门去一趟？大概逛多久能看完，有没有什么必看的展品？
5336,spot,323,travel_tips,文殊坊附近那个蜀绣馆下午几点开门啊？逛一圈大概要多久？
5337,spot,323,travel_tips,去那儿看绣娘现场刺绣要买门票不？大概多少钱一个人？
5338,spot,323,travel_tips,从春熙路坐地铁怎么到那个蜀绣展示的地方？下车后好找吗？
5339,spot,323,travel_tips,带五岁娃去文殊坊那个绣坊玩，孩子会不会觉得无聊？有互动体验吗？
5340,spot,323,travel_tips,听说那儿能看真绣娘绣花，但买蜀绣容易踩坑，到底怎么辨别真假啊？
5341,spot,323,cultural_context,蜀绣博物馆几点开门？门票多少钱一张？
5342,spot,323,cultural_context,皇汉绣庄蜀绣博物馆具体在成都哪个位置？坐地铁怎么过去方便？
5343,spot,323,cultural_context,带爸妈去逛那个蜀绣博物馆好玩吗？里面能看现场绣花不？
5344,spot,323,cultural_context,皇汉绣庄适合带小孩去吗？小朋友会不会觉得无聊？
5345,spot,323,cultural_context,去皇汉绣庄看双面绣大概要逛多久？里面能拍照吗？
5346,spot,335,description,成都的博物馆一般几点开门？需要提前预约吗？
5347,spot,335,description,去成都的博物馆门票要多少钱？有没有免费开放的日子？
5348,spot,335,description,成都博物馆怎么去方便？坐地铁几号线能到？
5349,spot,335,description,成都博物馆好玩吗？大概逛多久能看完？
5350,spot,335,description,带小孩去成都博物馆合适吗？里面有没有适合小朋友的互动项目？
5351,spot,335,travel_tips,成都博物馆那个皮影馆几点开门啊？周一是不是闭馆？
5352,spot,335,travel_tips,这个皮影展厅要门票不？还是免费随便进？
5353,spot,335,travel_tips,皮影展在博物馆里面哪个位置？坐地铁几号线能到？
5354,spot,335,travel_tips,带5岁娃去逛皮影展合适不？大概能玩多久？
5355,spot,335,travel_tips,里面灯光暗不暗？皮影看着有意思吗，值不值得专门去一趟？
5356,spot,335,cultural_context,请问这家皮影博物馆几点开门，几点关门啊？
5357,spot,335,cultural_context,门票多少钱一张，学生或者老人有优惠吗？
5358,spot,335,cultural_context,这个博物馆在成都哪个位置，坐地铁或者公交怎么过去方便？
5359,spot,335,cultural_context,里面除了看皮影，有没有现场表演或者可以动手体验的活动？好玩吗？
5360,spot,335,cultural_context,带5岁小孩去合适吗，会不会觉得无聊或者看不懂？
5361,spot,338,description,成都的博物馆一般早上几点开门？需要提前预约吗？
5362,spot,338,description,去成都博物馆坐地铁几号线能到，下车后走多远？
5363,spot,338,description,成都的博物馆门票多少钱一张？老人和小孩有优惠吗？
5364,spot,338,description,带5岁小孩去成都博物馆合适吗？里面有没有适合小朋友互动体验的展区？
5365,spot,338,description,成都博物馆周末人多不多？大概逛完要多久，值不值得专门跑一趟？
5366,spot,338,cultural_context,这家成都馆一般几点开门呀？晚上会不会开到很晚？
5367,spot,338,cultural_context,门票大概多少钱一张？有没有学生票或者亲子套票？
5368,spot,338,cultural_context,从春熙路坐地铁怎么过去方便？具体在哪个站下？
5369,spot,338,cultural_context,里面布置得怎么样？适合带五岁小孩去逛吗，会不会觉得闷？
5370,spot,338,cultural_context,最近在展什么主题？跟网上那些光影展比，实际体验好玩吗？
5371,spot,350,description,成都的博物馆一般几点开门关门啊？
5372,spot,350,description,去成都博物馆要提前买票不，门票多少钱一张？
5373,spot,350,description,从春熙路坐地铁怎么到成都博物馆，大概要多久？
5374,spot,350,description,带五岁小孩去成都博物馆合适吗，里面有没有互动区？
5375,spot,350,description,成都博物馆里面有哪些好玩的展品，逛一圈大概要花几个小时？
5376,spot,338,travel_tips,周末去逛那个展人多不多？大概要提前多久到才能避开排队？
5377,spot,338,travel_tips,现在门票多少钱一张？网上买票和现场买价格差得多吗？
5378,spot,338,travel_tips,那个馆具体在武侯区哪个位置？坐地铁几号线能到，下来还要走多远？
5379,spot,338,travel_tips,里面能带小孩进去吗？适合五六岁的小朋友看吗，会不会太闷？
5380,spot,338,travel_tips,逛一圈大概要多久？里面能不能喝水吃东西，还是说连饮料都不让带？
5381,spot,350,travel_tips,电子科大清水河校区那个景点，几点开门，几点关门哇？
5382,spot,350,travel_tips,去那儿要门票不？大概多少钱一个人？
5383,spot,350,travel_tips,坐地铁或者公交怎么到电子科大清水河校区呀？从哪个门进？
5384,spot,350,travel_tips,里面主要看啥子嘛？逛一圈大概要多久，值不值得专门跑一趟？
5385,spot,350,travel_tips,带5岁娃儿去合适不？会不会太无聊，或者需要提前预约啥子？
5386,spot,356,description,成都的博物馆一般几点开门关门？
5387,spot,356,description,去成都博物馆要门票吗？大概多少钱一张？
5388,spot,356,description,成都博物馆在哪个位置？坐地铁怎么去方便？
5389,spot,356,description,带6岁小孩去成都博物馆合适不？有没有亲子互动项目？
5390,spot,356,description,成都博物馆值不值得专门去逛？大概能玩几个小时？
5391,spot,350,cultural_context,电子科技博物馆几点开门，闭馆时间是好久？
5392,spot,350,cultural_context,去电子科技博物馆要买门票不，大概多少钱一张？
5393,spot,350,cultural_context,这个博物馆在成都哪个位置，坐地铁或者公交咋个去方便？
5394,spot,350,cultural_context,带6岁娃儿去电子科技博物馆合适不，里面有没有能动手耍的？
5395,spot,350,cultural_context,电子科技博物馆逛下来大概要多久，里面好不好耍，值不值得专门跑一趟？
5396,spot,356,cultural_context,中国皮影博物馆二厅几点开门？需要提前预约买票吗？门票多少钱一张？
5397,spot,356,cultural_context,这个皮影博物馆二厅具体在成都哪个位置？坐地铁几号线能到，下车后怎么走？
5398,spot,356,cultural_context,带小孩去中国皮影博物馆二厅参观合适吗？里面有没有互动体验或者皮影表演可以看？
5399,spot,356,cultural_context,中国皮影博物馆二厅逛下来大概要多久？里面除了看皮影，还有没有雕刻演示或者可以亲手玩的地方？
5400,spot,356,cultural_context,网上说成都这个皮影博物馆二厅挺有名的，实际去过的评价怎么样？值不值得专门跑一趟？
5401,spot,356,travel_tips,皮影博物馆二厅在成都博物馆里面，几点开门关门哇？要不要买门票？
5402,spot,356,travel_tips,这个皮影博物馆二厅具体在成都博物馆哪一层啊，怎么过去方便，坐地铁几号线？
5403,spot,356,travel_tips,带5岁的小朋友去合适不？里面会不会很闷，逛一圈大概要多久？
5404,spot,356,travel_tips,那个皮影博物馆二厅好不好耍？里面除了看皮影还有没有互动或者表演？
5405,spot,356,travel_tips,去之前要预约吗？周一去是不是吃闭门羹？拍照能不能开闪光灯？
5406,spot,363,travel_tips,这个景点是几点开门啊，周末去的话人多不多？
5407,spot,363,travel_tips,门票40块是成人票还是通票？小孩或者老人有没有优惠？
5408,spot,363,travel_tips,坐地铁3号线到三河场站之后，出站走多远才能到锦门景区里面？
5409,spot,363,travel_tips,里面主要逛什么呀？两个小时够不够，值不值得专门跑一趟？
5410,spot,363,travel_tips,带5岁的小朋友去合适吗？景区里有没有适合孩子玩或者吃饭休息的地方？
5411,spot,363,description,成都那些科教文化场所一般几点开门啊？
5412,spot,363,description,带娃去这种地方玩，门票大概多少钱一张？
5413,spot,363,description,从春熙路出发，坐地铁去成都科技馆怎么换乘方便？
5414,spot,363,description,成都自然博物馆和科技馆哪个更适合小学生去，里面好玩吗？
5415,spot,363,description,周末去四川博物院人多不多，需要提前预约吗，大概逛多久合适？
5416,spot,363,cultural_context,四川丝绸博物馆早上几点开门，下午几点关门啊？
5417,spot,363,cultural_context,门票多少钱一张，老人和小孩有优惠吗？
5418,spot,363,cultural_context,这个博物馆具体在成都哪个位置，坐地铁或者公交怎么过去方便？
5419,spot,363,cultural_context,里面除了看丝绸，有没有互动体验或者表演，带小孩去逛会不会觉得无聊？
5420,spot,363,cultural_context,网上评价怎么样，值不值得专门跑一趟去参观？
5421,spot,370,description,成都的博物馆一般几点开门关门啊？
5422,spot,370,description,去成都博物馆要门票吗，多少钱一张？
5423,spot,370,description,从春熙路怎么坐车去成都博物馆？
5424,spot,370,description,成都博物馆里有哪些好玩的展品，逛下来要多久？
5425,spot,370,description,带五岁的小孩去成都博物馆合适吗，里面有没有亲子互动区？
5426,spot,370,travel_tips,请问这个地方几点开门，还有周一真的不开放吗？
5427,spot,370,travel_tips,这个景点要门票不，大概逛下来要花多久啊？
5428,spot,370,travel_tips,我想问一下，从成都市区坐公交过去方便吗，具体坐哪一路？
5429,spot,370,travel_tips,这里面主要是看什么的，会不会很枯燥，适合带家里老人去不？
5430,spot,370,travel_tips,带孩子去合适吗，里面能不能拍照，会不会管得很严？
5431,spot,370,cultural_context,四川荣军博物馆几点开门？需要提前预约吗？
5432,spot,370,cultural_context,去四川荣军博物馆要门票不？大概多少钱一个人？
5433,spot,370,cultural_context,四川荣军博物馆在成都哪个位置？坐地铁或者公交怎么过去方便？
5434,spot,370,cultural_context,带家里小孩去四川荣军博物馆参观合适吗？里面会不会太沉闷？
5435,spot,370,cultural_context,四川荣军博物馆大概能逛多久？里面主要看什么，值不值得专门跑一趟？
5436,spot,371,description,成都的博物馆一般几点开门关门呀？
5437,spot,371,description,去成都博物馆要门票不，大概多少钱一张？
5438,spot,371,description,从春熙路坐地铁怎么到成都博物馆，要换乘不？
5439,spot,371,description,成都博物馆里头好玩吗，值不值得专门跑一趟？
5440,spot,371,description,带五岁娃去成都博物馆合适不，有没有啥亲子互动项目？
5441,spot,371,cultural_context,杨升庵博物馆早上几点开门，下午几点关门？
5442,spot,371,cultural_context,去杨升庵博物馆门票多少钱一张，老人和小孩有优惠吗？
5443,spot,371,cultural_context,杨升庵博物馆在成都哪个位置，坐地铁或公交怎么过去方便？
5444,spot,371,cultural_context,带小孩去杨升庵博物馆合适吗，里面有没有互动或适合小朋友看的东西？
5445,spot,371,cultural_context,杨升庵博物馆好玩吗，除了看文物，桂湖园林值得一起逛吗，大概要玩多久？
5446,spot,371,travel_tips,坐地铁到钟楼站后，还要走多远才能到桂湖公园那个要收20块门票的地方？
5447,spot,371,travel_tips,这个景点一般几点开门关门？我想带家里老人去，怕太早或太晚不方便。
5448,spot,371,travel_tips,门票20块钱是只包括桂湖公园还是里面那个博物馆也一起？大概逛两个小时够不够？
5449,spot,371,travel_tips,带5岁小孩去合适吗？里面有没有可以坐的地方或者推婴儿车方便不？
5450,spot,371,travel_tips,现在这个季节去能看到荷花吗？如果错过了荷花季，春天去会不会就没啥看头了？
5451,spot,380,travel_tips,上午去大概要逛多久啊？
5452,spot,380,travel_tips,这个馆是免费的吗，还是要买门票？
5453,spot,380,travel_tips,从宽窄巷子走过去方便吗，具体在哪个位置？
5454,spot,380,travel_tips,带5岁小孩去合适不，会不会太无聊？
5455,spot,380,travel_tips,里面能不能拍照？用手机拍应该没问题吧？
5456,spot,380,cultural_context,中国书法馆几点开门？闭馆时间是多久？
5457,spot,380,cultural_context,去中国书法馆要门票吗？大概多少钱一张？
5458,spot,380,cultural_context,中国书法馆在青羊区具体哪个位置？坐地铁怎么过去方便？
5459,spot,380,cultural_context,中国书法馆里面好玩吗？大概逛多久能看完？
5460,spot,380,cultural_context,带小孩去中国书法馆合适吗？有没有适合小朋友体验的活动？
5461,spot,380,description,成都的展览馆一般几点开门，几点关门啊？
5462,spot,380,description,去展览馆参观门票多少钱一张，老人和小孩有优惠吗？
5463,spot,380,description,成都展览馆在哪个位置，坐地铁方便吗，具体哪条线哪个站下？
5464,spot,380,description,展览馆里主要展些什么内容，逛一圈大概要多久，值不值得专门跑一趟？
5465,spot,380,description,带5岁的小朋友去展览馆合适吗，里面有没有互动体验或者适合孩子玩的项目？
5466,spot,388,description,成都的博物馆一般几点开门关门哇？
5467,spot,388,description,去成都博物馆要门票不，多少钱一张？
5468,spot,388,description,从春熙路咋个坐车去成都博物馆哦？
5469,spot,388,description,成都博物馆里头好不好耍，值不值得专门跑一趟？
5470,spot,388,description,带五岁娃儿去成都博物馆合适不，有没有啥子亲子活动？
5471,spot,388,travel_tips,请问那边几点开门？我打算上午过去，怕去早了白跑一趟。
5472,spot,388,travel_tips,门票是50块一个人吗？老人或者小孩有没有优惠？
5473,spot,388,travel_tips,自驾过去方便不？导航直接搜哪个名字？山路好走吗，会不会很陡？
5474,spot,388,travel_tips,大概逛多久能看完？里面除了石刻还有啥好玩的？带5岁娃去合适不？
5475,spot,388,travel_tips,听说那边环境不错，晴天去拍照好看吗？穿普通运动鞋够不够，还是必须防滑鞋？
5476,spot,388,cultural_context,鹿野苑石刻艺术博物馆几点开门，闭馆时间是多久？
5477,spot,388,cultural_context,门票多少钱一张，老人或者学生有优惠吗？
5478,spot,388,cultural_context,这个博物馆在成都哪个位置，坐地铁或公交怎么去方便？
5479,spot,388,cultural_context,里面主要看啥子，除了石刻还有没有别的看点，逛一圈大概要多久？
5480,spot,388,cultural_context,带5岁的小朋友去合适不，会不会觉得无聊，有没有互动或者休息的地方？
5481,spot,396,description,成都的博物馆一般几点开门啊？周末和平时开放时间一样不？
5482,spot,396,description,去成都博物馆要提前买票吗？门票多少钱一张？
5483,spot,396,description,成都博物馆在哪哦？坐地铁几号线能到，哪个站下？
5484,spot,396,description,带5岁娃去成都博物馆合适不？里面有没有小朋友能玩的互动项目？
5485,spot,396,description,成都博物馆里面好玩吗？大概逛多久能逛完？值不值得专门跑一趟？
5486,spot,396,travel_tips,这个民宿在宽窄巷子具体哪个位置啊？游览完宽窄巷子顺路过去方便不？
5487,spot,396,travel_tips,请问这个民宿几点开门、几点关门？需要提前预约的话，电话是多少？
5488,spot,396,travel_tips,进去参观要门票吗？大概多少钱一个人？小孩或者老人有没有优惠？
5489,spot,396,travel_tips,里面主要看什么呀？听说是个老院子，好玩吗？值不值得专门跑一趟？
5490,spot,396,travel_tips,带5岁的小朋友去合适吗？游览大概要多久，会不会太闷或者走太多路？
5491,spot,411,description,成都的博物馆一般几点开门？周末和平时时间一样吗？
5492,spot,411,description,去成都博物馆要门票不？多少钱一张？学生有优惠没？
5493,spot,411,description,武侯祠和金沙遗址博物馆怎么去最方便？坐地铁几号线能到？
5494,spot,411,description,带5岁小孩去成都自然博物馆合适不？里面有没有互动体验区？
5495,spot,411,description,成都博物馆新馆好玩吗？大概逛多久能看完？值不值得专门跑一趟？
5496,spot,396,cultural_context,这个结合石刻和民宿的地方具体在哪点哦？坐地铁方便不，还是得打车过去？
5497,spot,396,cultural_context,那边门票好多钱一张？进去看石刻和住民宿是分开收费还是打包价？
5498,spot,396,cultural_context,带五岁娃儿去耍合不合适喃？有没有啥子互动体验，还是只能干看？
5499,spot,396,cultural_context,石刻区每天几点开门、几点关门？如果不住宿的话，光去参观大概能逛好久？
5500,spot,396,cultural_context,网上评价说这个地方拍照很出片，但实际去会不会很商业化？值不值得专程跑一趟？
5501,spot,411,cultural_context,刘文辉公馆早上几点开门？下午几点关门呀？
5502,spot,411,cultural_context,去刘文辉公馆要门票不？大概多少钱一张？
5503,spot,411,cultural_context,这个公馆在成都哪个位置哦？坐地铁或者公交怎么过去方便？
5504,spot,411,cultural_context,里面大不大？带小孩去逛一圈大概要玩多久，适合遛娃不？
5505,spot,411,cultural_context,网上说刘文辉是刘湘的叔叔，这个公馆值得专门跑一趟去看吗？跟其他民国公馆比有啥特别的？
5506,spot,420,description,成都的博物馆一般几点开门关门？需要提前预约吗？
5507,spot,420,description,去成都博物馆门票多少钱一张？有没有免费开放日？
5508,spot,420,description,成都博物馆在哪个位置？坐地铁几号线能到？
5509,spot,420,description,成都博物馆里有什么好玩的展品？带小孩去合适吗？
5510,spot,420,description,成都博物馆值得逛吗？大概要玩多长时间？
5511,spot,411,travel_tips,刘氏庄园博物馆里的这个庄园，几点开门啊？早上几点能进去？
5512,spot,411,travel_tips,这个庄园的门票是单独买还是跟刘氏庄园一起的？大概多少钱一张？
5513,spot,411,travel_tips,从成都市区怎么坐车去大邑安仁镇的这个庄园？有直达的公交或大巴吗？
5514,spot,411,travel_tips,这个庄园带小朋友去逛有意思吗？大概能玩多久，会不会太无聊？
5515,spot,411,travel_tips,这个庄园跟刘氏庄园主馆比，哪个更值得看？里面主要看什么呀？
5516,spot,420,travel_tips,这个地方几点开门关门？
5517,spot,420,travel_tips,去建川博物馆聚落玩的时候顺便逛逛这个，要另外买门票吗？
5518,spot,420,travel_tips,从成都市区怎么坐车到大邑安仁镇的这个博物馆？
5519,spot,420,travel_tips,里面大概能逛多久，值不值得专门跑一趟？
5520,spot,420,travel_tips,带5岁小孩去合适吗，会不会太无聊？
5521,spot,425,description,成都的博物馆一般几点开门关门啊？
5522,spot,425,description,去成都博物馆要门票不，大概多少钱一张？
5523,spot,425,description,从春熙路怎么坐车去成都博物馆方便？
5524,spot,425,description,带五岁小朋友去成都博物馆逛，里面有适合娃玩的地方吗？
5525,spot,425,description,成都博物馆值不值得专门去一趟，大概能逛多久？
5526,spot,425,cultural_context,这个中航工业三线建设遗址几点开门？需要提前预约吗？
5527,spot,425,cultural_context,去那儿参观要门票不？大概多少钱一张？
5528,spot,425,cultural_context,这个航空工厂遗址具体在成都哪个位置？坐地铁或者公交怎么过去方便？
5529,spot,425,cultural_context,里面主要看啥子？是看老厂房和飞机模型吗？带小孩去逛会不会觉得无聊？
5530,spot,425,cultural_context,网上评价咋样？值不值得专门跑一趟？大概要逛多长时间？
5531,spot,420,cultural_context,请问私人收藏钱币博物馆几点开门关门呀？周末开不开？
5532,spot,420,cultural_context,这个博物馆门票好多钱一张？学生或者老人有优惠不？
5533,spot,420,cultural_context,私人收藏钱币博物馆在成都哪个位置哦？坐地铁或者公交怎么过去方便？
5534,spot,420,cultural_context,带六岁娃娃去逛这个钱币博物馆合适不？里面会不会太枯燥，娃儿看得懂不？
5535,spot,420,cultural_context,这个博物馆逛起来好玩吗？大概要耍好久？里面有没有讲解或者互动体验？
5536,spot,425,travel_tips,大邑县那个三线建设遗址改造的地方，几点开门？去之前必须要预约吗？
5537,spot,425,travel_tips,自驾去大邑县这个景点大概要开多久？山路好走不，停车方便吗？
5538,spot,425,travel_tips,这个三线建设遗址改造的门票多少钱一张？老人和小孩有优惠吗？
5539,spot,425,travel_tips,带小孩去大邑县这个历史遗址玩合适吗？里面有没有互动体验或者讲解？
5540,spot,425,travel_tips,大邑县这个三线建设遗址改造得怎么样？值不值得专门花半天时间跑一趟？
5541,spot,435,travel_tips,大邑建川博物馆聚落上午大概几点开门？参观要多久？
5542,spot,435,travel_tips,建川博物馆聚落门票多少钱一张？里面展品能拍照吗？
5543,spot,435,travel_tips,从成都市区怎么去大邑建川博物馆？坐大巴还是自驾方便？
5544,spot,435,travel_tips,建川博物馆聚落带10岁小孩去合适吗？会不会太枯燥？
5545,spot,435,travel_tips,建川博物馆聚落里面好玩吗？大概能逛几个小时？
5546,spot,436,description,成都的博物馆一般几点开门？需要提前预约吗？
5547,spot,436,description,去成都博物馆门票多少钱？学生或老人有优惠吗？
5548,spot,436,description,成都博物馆具体在哪个位置？坐地铁怎么去方便？
5549,spot,436,description,带5岁小孩去成都博物馆合适吗？里面有没有适合小朋友互动体验的展区？
5550,spot,436,description,成都博物馆好玩吗？大概逛下来要多久？里面有没有讲解服务？
5551,spot,435,cultural_context,飞虎奇兵博物馆早上几点开门？下午几点关门？
5552,spot,435,cultural_context,去飞虎奇兵博物馆的门票多少钱一张？老人和小孩有优惠吗？
5553,spot,435,cultural_context,飞虎奇兵博物馆具体在成都哪个位置？坐地铁或公交怎么过去方便？
5554,spot,435,cultural_context,这个博物馆里面好玩吗？大概逛多久能看完？值不值得专门跑一趟？
5555,spot,435,cultural_context,带小学的孩子去飞虎奇兵博物馆合适吗？会不会太闷或者看不懂？
5556,spot,435,description,成都那些科教文化场所一般几点开门关门啊？
5557,spot,435,description,带娃去这种科教文化的地方，门票大概好多钱一张？
5558,spot,435,description,从春熙路咋个坐车到这些科教文化场所哦？
5559,spot,435,description,除了看展览，里头有没有啥子互动项目或者好耍的体验？
5560,spot,435,description,这种地方适合带幼儿园的小朋友去不，会不会觉得无聊？
5561,spot,436,travel_tips,我想问下这个景点一般几点开门呀？上午去的话大概要逛多久呢？
5562,spot,436,travel_tips,门票是好多钱一张哦？有没有学生票或者老年票优惠？
5563,spot,436,travel_tips,这个地方具体在哪儿哦？坐地铁或者公交怎么过去方便不？
5564,spot,436,travel_tips,周末去人真的少吗？里面除了看豆瓣翻晒，还有啥子好耍的拍照点不？
5565,spot,436,travel_tips,带5岁的小娃娃去合适不？里面晒不晒，需不需要专门给他带水和帽子？
5566,spot,442,description,成都的博物馆一般几点开门，几点关门啊？
5567,spot,442,description,去成都博物馆门票多少钱，需不需要提前预约？
5568,spot,442,description,从春熙路怎么坐车去成都博物馆，大概要多久？
5569,spot,442,description,成都博物馆好玩吗，里面有没有特别值得看的展品？
5570,spot,442,description,带5岁小孩去成都博物馆合适吗，会不会太无聊？
5571,spot,442,cultural_context,华希昆虫博物馆几点开门？门票多少钱一张？
5572,spot,442,cultural_context,带小孩去华希昆虫博物馆好玩吗？大概能逛多久？
5573,spot,442,cultural_context,华希昆虫博物馆在哪个位置？坐地铁或者公交怎么过去方便？
5574,spot,442,cultural_context,里面除了看标本，有没有互动体验或者讲解活动？值不值得专门跑一趟？
5575,spot,442,cultural_context,华希昆虫博物馆适合老人或者对虫子有点怕的人去吗？会不会很无聊？
5576,spot,436,cultural_context,郫县豆瓣博物馆几点开门，门票多少钱一张？
5577,spot,436,cultural_context,这个豆瓣博物馆具体在哪儿，坐地铁或者公交怎么过去方便？
5578,spot,436,cultural_context,带小孩去郫县豆瓣博物馆好玩吗，有没有什么互动体验或者讲解？
5579,spot,436,cultural_context,去郫县豆瓣博物馆大概能逛多久，里面除了看发酵缸还有啥值得看的？
5580,spot,436,cultural_context,听说能看到日晒夜露的豆瓣酱，那边环境怎么样，适合老人慢慢逛不？
5581,spot,442,travel_tips,请问这个景点几点开门？门票20元是只收现金还是可以扫码支付？
5582,spot,442,travel_tips,这里具体在成都哪个位置？坐地铁或公交方便吗，下车后要走多远？
5583,spot,442,travel_tips,里面主要是看什么呀？昆虫标本多不多，大概能逛多久？
5584,spot,442,travel_tips,带5岁小孩去合适吗？室内会不会很冷，孩子会不会觉得无聊？
5585,spot,442,travel_tips,这个地方好玩吗？值不值得专门跑一趟，还是顺路去看看就行？
5586,spot,449,description,成都那些有名的景点一般几点开门关门啊？
5587,spot,449,description,去都江堰或者青城山门票多少钱一张？
5588,spot,449,description,从成都市区怎么坐车去熊猫基地最方便？
5589,spot,449,description,带小孩去成都科技馆或者动物园合适吗？
5590,spot,449,description,宽窄巷子和锦里哪个更好玩，值得专门去一趟吗？
5591,spot,449,travel_tips,这个公馆几点开门？上午去是不是人少点？
5592,spot,449,travel_tips,门票好多钱？是不是必须要买联票，能不能单独买？
5593,spot,449,travel_tips,带娃去逛合适不？里面那个民国生活展娃儿看得懂不？
5594,spot,449,travel_tips,这个地方咋个去方便？坐公交还是自己开车？停车好停不？
5595,spot,449,travel_tips,里头好不好耍？大概要逛好久？可以拍照不？
5596,spot,449,cultural_context,陈月生公馆几点开门？门票多少钱一张？
5597,spot,449,cultural_context,这个公馆在安仁古镇具体哪个位置？从成都坐车过去方便吗？
5598,spot,449,cultural_context,带小孩去陈月生公馆逛合适不？里面有没有互动体验或者讲解服务？
5599,spot,449,cultural_context,陈月生公馆里面主要看什么？大概逛多久能逛完？值不值得专门跑一趟？
5600,spot,449,cultural_context,去安仁古镇玩，陈月生公馆和旁边那些公馆比起来有啥不一样的？好不好玩？
5601,spot,459,cultural_context,尚义桥几点开门关门呢？晚上去能看夜景吗？
5602,spot,459,cultural_context,去尚义桥要买门票吗？大概多少钱一个人？
5603,spot,459,cultural_context,尚义桥具体在五凤溪古镇哪个位置？从成都市区开车过去大概要多久？
5604,spot,459,cultural_context,尚义桥那边好玩吗？除了看桥，周边还有啥可以一起逛的？
5605,spot,459,cultural_context,带小孩去尚义桥合适吗？桥好走不，有没有安全隐患？
5606,spot,459,description,成都的旅游景点一般几点开门关门啊？想安排一天逛两三个地方，时间上来得及不？
5607,spot,459,description,去成都那些热门景点玩一圈大概要花多少钱？有没有免费或者性价比高的推荐？
5608,spot,459,description,从春熙路出发去武侯祠和锦里，坐地铁还是公交方便？大概要多久？
5609,spot,459,description,带5岁的小朋友去成都玩，哪些景点比较适合亲子游，不会太累又有意思？
5610,spot,459,description,成都的宽窄巷子和锦里哪个更好玩？第一次去的话更推荐逛哪个？
5611,spot,459,travel_tips,尚义桥一般几点去比较好？逛一圈要多久啊？
5612,spot,459,travel_tips,过尚义桥要收门票不？还是免费随便走？
5613,spot,459,travel_tips,尚义桥具体在五凤溪古镇哪个位置？导航到哪儿方便？
5614,spot,459,travel_tips,下雨天去尚义桥安全吗？桥面是不是很滑？穿普通运动鞋行不行？
5615,spot,459,travel_tips,带家里老人和小孩去尚义桥走一走合适吗？桥会不会太窄不好走？
5616,spot,466,description,成都那些热门景点一般几点开门关门啊？想安排一天逛两三个地方，怕时间来不及。
5617,spot,466,description,去都江堰或者青城山门票大概多少钱一张？有没有学生票或者老人优惠？
5618,spot,466,description,从春熙路怎么去熊猫基地最方便？坐地铁还是打车，大概要多久？
5619,spot,466,description,宽窄巷子和锦里哪个更好玩？第一次来成都，时间有限只选一个去的话推荐哪个？
5620,spot,466,description,带5岁小孩去成都玩，武侯祠和杜甫草堂哪个更适合？里面走路多不多，有没有休息的地方？
5621,spot,466,cultural_context,城厢古城早上几点开门？门票多少钱一张？
5622,spot,466,cultural_context,从成都市区出发怎么去城厢古城最方便？坐地铁能到吗？
5623,spot,466,cultural_context,带小孩去城厢古城好玩吗？有没有适合亲子逛的路线？
5624,spot,466,cultural_context,城厢古城里面主要逛什么？古城墙和西街老宅大概要玩多久？
5625,spot,466,cultural_context,城厢古城游客评价怎么样？值不值得专门跑一趟？
5626,spot,492,description,成都那些风景名胜一般几点开门啊？
5627,spot,492,description,去这些景点玩一圈大概要花多少钱门票？
5628,spot,492,description,从春熙路怎么坐车去比较方便的风景名胜？
5629,spot,492,description,带小孩去这些地方合适吗，有没有适合亲子游的玩法？
5630,spot,492,description,网上说成都的风景名胜很值得逛，到底好不好玩，有没有推荐的路线？
5631,spot,492,travel_tips,这个地方几点开门？需要买门票吗？
5632,spot,492,travel_tips,从成都市区怎么过去最方便？坐车要多久？
5633,spot,492,travel_tips,带五岁的小娃娃去耍，路好不好走哦？有没有啥要注意的？
5634,spot,492,travel_tips,那边除了避暑，还有没有其他好玩的？逛半天够不够？
5635,spot,492,travel_tips,最近去人多不多？爬山累不累，穿普通运动鞋行不行？
5636,spot,466,travel_tips,成都那个古镇一般耍好久合适？春秋天去是不是要耍两三个小时？
5637,spot,466,travel_tips,这个古镇门票好多钱？里面那些老建筑像绣川书院要不要另外买票？
5638,spot,466,travel_tips,从青白江城区咋个坐公交过去？大概要坐好久到？
5639,spot,466,travel_tips,带五岁娃儿去逛这个古镇安逸不？有没有啥子要注意的，比如绣川书院周一还开不开？
5640,spot,466,travel_tips,古镇里头好不好耍？主要看些啥子？听说绣川书院要登记，是现场登记还是提前预约？
5641,spot,495,travel_tips,请问这个地方几点开门关门呀？
5642,spot,495,travel_tips,这个小镇的门票是免费的吗，还是说要收钱？
5643,spot,495,travel_tips,在山区的话，开车过去路好走不，会不会很危险？
5644,spot,495,travel_tips,带小孩去玩合适吗，有没有什么要注意的？
5645,spot,495,travel_tips,夏天去避暑听说不错，具体有什么好玩的，大概能玩多久？
5646,spot,492,cultural_context,泰安古镇早上几点开门？要不要门票？
5647,spot,492,cultural_context,从成都市区怎么坐车去泰安古镇？大概要多久？
5648,spot,492,cultural_context,青城后山脚下的泰安古镇好玩吗？里面主要逛些什么？
5649,spot,492,cultural_context,带小孩去泰安古镇方便吗？路好不好走，有没有适合小朋友玩的？
5650,spot,492,cultural_context,泰安古镇里的泰安寺现在还能进去烧香吗？附近吃饭方便不？
5651,spot,495,cultural_context,斜源共享小镇几点开门，晚上去能逛吗？
5652,spot,495,cultural_context,去斜源共享小镇要门票不，里面消费大概多少钱一个人？
5653,spot,495,cultural_context,从成都市区怎么坐车去斜源共享小镇，要多久？
5654,spot,495,cultural_context,斜源共享小镇好不好耍，主要看啥子特色，值不值得专门跑一趟？
5655,spot,495,cultural_context,带5岁娃儿去斜源共享小镇合适不，有没有亲子能耍的项目？
5656,spot,495,description,成都那些风景名胜一般几点开门啊？我想早点去避开人流。
5657,spot,495,description,去成都的风景名胜玩，门票大概多少钱一张？有没有学生票或者套票？
5658,spot,495,description,从春熙路出发，怎么坐车去都江堰或者青城山这些风景名胜？大概要多久？
5659,spot,495,description,带家里老人和小孩去成都的风景名胜，像武侯祠、杜甫草堂这种，逛起来累不累？有没有平路或者电瓶车？
5660,spot,495,description,成都周边哪个风景名胜最适合一日游？除了看景色，有没有什么好玩的体验项目，值不值得专门跑一趟？
5661,spot,498,description,成都那些热门景点一般几点开门关门啊？
5662,spot,498,description,去成都旅游，像宽窄巷子、武侯祠这些景点门票大概多少钱？
5663,spot,498,description,从春熙路怎么坐车去都江堰景区？大概要多久？
5664,spot,498,description,带5岁小孩去成都玩，哪个景点最合适？有没有亲子路线推荐？
5665,spot,498,description,成都的青城山和峨眉山哪个更好玩？一天时间够不够？
5666,spot,498,travel_tips,请问这个地方几点开门呀？是不是全天都能进？
5667,spot,498,travel_tips,这里要门票吗？还是免费进去的？
5668,spot,498,travel_tips,我想问下这个公园具体在哪儿，坐地铁能到不？
5669,spot,498,travel_tips,那边好玩吗？主要能玩些啥项目，有没有极限运动那种？
5670,spot,498,travel_tips,带5岁小孩去合适吗？需要自己带护具和水吗？
5671,spot,501,description,成都的公园一般早上几点开门？晚上会关门吗？
5672,spot,501,description,去成都的公园玩要买门票吗，大概多少钱一个人？
5673,spot,501,description,从春熙路怎么坐地铁或公交去人民公园？
5674,spot,501,description,带5岁小孩去成都哪个公园最合适，有游乐设施吗？
5675,spot,501,description,成都的公园里除了散步拍照，还有啥好玩的？听说有茶馆和相亲角是真的吗？
5676,spot,501,travel_tips,请问早上几点开门啊？要不要门票？
5677,spot,501,travel_tips,这地方在哪儿，怎么去最方便？骑车还是走路逛比较好？
5678,spot,501,travel_tips,带5岁小孩去合适吗？里面有没有卖水和小吃的地方？
5679,spot,501,travel_tips,全程走下来大概要多久？如果只逛一段的话推荐哪段？
5680,spot,501,travel_tips,春秋去最好吗？夏天去会不会很晒，需要带什么装备不？
5681,spot,498,cultural_context,交子极限运动公园早上几点开门，晚上开到好久喃？
5682,spot,498,cultural_context,去交子极限运动公园耍要买门票不，还是免费随便进？
5683,spot,498,cultural_context,交子极限运动公园具体在哪儿，坐地铁几号线能到，出站咋个走？
5684,spot,498,cultural_context,那个公园里头滑板和攀岩的场地好不好耍，有没有专业教练带？
5685,spot,498,cultural_context,带6岁的小朋友去交子极限运动公园合适不，有没有儿童能玩的区域？
5686,spot,501,cultural_context,桂溪生态公园每天几点开门关门，晚上去逛安不安全？
5687,spot,501,cultural_context,这个公园要门票吗，进去骑车或者租车大概多少钱？
5688,spot,501,cultural_context,从春熙路坐地铁怎么去桂溪生态公园，出站后要走多远？
5689,spot,501,cultural_context,带5岁小孩去桂溪生态公园玩，有没有儿童游乐设施或者适合野餐的地方？
5690,spot,501,cultural_context,桂溪生态公园到底好不好耍？跟青龙湖比哪个更值得去，主要看什么景色？
5691,spot,508,cultural_context,交子公园2期早上几点开门，晚上几点关门？
5692,spot,508,cultural_context,去交子公园2期要门票吗，大概多少钱一个人？
5693,spot,508,cultural_context,交子公园2期具体在哪儿，坐地铁几号线能到？
5694,spot,508,cultural_context,交子公园2期里面有什么好玩的，适合带小孩去逛逛不？
5695,spot,508,cultural_context,交子公园2期值不值得专门跑一趟，大概能玩多久？
5696,spot,508,description,成都的公园一般早上几点开门，晚上几点关门呢？
5697,spot,508,description,去成都的公园玩要买门票吗，大概多少钱一个人？
5698,spot,508,description,从春熙路坐地铁怎么去人民公园，大概要多久？
5699,spot,508,description,带5岁的小孩去成都的公园玩，有没有适合亲子活动的项目？
5700,spot,508,description,成都哪个公园最好玩，本地人平时都去那儿散步喝茶吗？
5701,spot,508,travel_tips,请问这个公园几点开门关门？要门票不？
5702,spot,508,travel_tips,周末想带娃去放风筝，那边人多不多？适合小朋友玩吗？
5703,spot,508,travel_tips,这个地方具体在哪儿？坐地铁或者公交怎么过去方便？
5704,spot,508,travel_tips,环湖走一圈大概要多久？里面能不能搭帐篷野餐？
5705,spot,508,travel_tips,这个季节去逛怎么样？草坪让不让踩，会不会被赶？
5706,spot,509,description,成都那些著名的风景名胜一般几点开门关门啊？我想安排一天逛两三个地方。
5707,spot,509,description,去成都旅游，像武侯祠、宽窄巷子这些景点门票大概多少钱？有没有免费的时候？
5708,spot,509,description,从春熙路坐地铁怎么去都江堰景区？大概要多久能到？
5709,spot,509,description,带5岁的小孩去青城山玩合适吗？有没有不累的路线或者缆车？
5710,spot,509,description,成都周边哪个风景名胜区人少景美，适合情侣慢慢逛，不想去太网红的地方？
5711,spot,509,travel_tips,这个地方几点开门呀，晚上去会不会关门？
5712,spot,509,travel_tips,门票多少钱一张？还是说完全免费随便进？
5713,spot,509,travel_tips,这个景点在锦城公园里面具体怎么走？坐地铁几号线能到？
5714,spot,509,travel_tips,里面好玩吗？大概能逛多久，适合专门跑一趟还是顺路看看？
5715,spot,509,travel_tips,带5岁小孩去合适不？石涧步道会不会很滑，推婴儿车方便吗？
5716,spot,509,cultural_context,林涛石涧在锦城公园里面吗？从哪个门进去最近？
5717,spot,509,cultural_context,去林涛石涧玩要门票不？大概逛一圈要多久？
5718,spot,509,cultural_context,林涛石涧早上几点开门？晚上开到几点？
5719,spot,509,cultural_context,带小孩去林涛石涧耍水安不安全？有没得浅滩可以踩水？
5720,spot,509,cultural_context,林涛石涧到底好不好耍？跟公园里其他地方比有啥子特别的？
5721,spot,510,description,成都那些有名的景点一般几点开门关门啊？
5722,spot,510,description,去武侯祠或者杜甫草堂门票要多少钱，有没有学生票？
5723,spot,510,description,从春熙路怎么坐车去都江堰景区，大概要多久？
5724,spot,510,description,带五岁的小孩去成都大熊猫基地方便吗，里面推婴儿车好不好走？
5725,spot,510,description,青城山和都江堰哪个更好玩，一天时间只够去一个的话选哪个？
5726,spot,512,travel_tips,请问这个公园几点开门关门呢？傍晚去会不会太晚？
5727,spot,512,travel_tips,进去要买门票不？大概多少钱一个人？
5728,spot,512,travel_tips,这个地方咋个去啊？坐地铁能到不？
5729,spot,512,travel_tips,环湖走一圈大概要多久？适合带娃儿去耍不？
5730,spot,512,travel_tips,那边蚊子凶不凶？下午去好还是晚上去好？
5731,spot,512,cultural_context,锦城公园几点开门关门？需要买门票吗？
5732,spot,512,cultural_context,带小孩去锦城公园玩，有什么适合亲子的项目或活动吗？
5733,spot,512,cultural_context,从春熙路坐地铁或者公交怎么去锦城公园方便？大概要多久？
5734,spot,512,cultural_context,锦城公园里面好不好玩？主要能看些什么，大概能逛几个小时？
5735,spot,512,cultural_context,去锦城公园是免费的吗？停车方便不，停车费怎么收的？
5736,spot,510,travel_tips,请问这个公园几点开门关门啊？要不要门票？
5737,spot,510,travel_tips,那边交通方便吗？坐地铁或者公交怎么过去？
5738,spot,510,travel_tips,带小孩去玩合适不？有没有什么要注意的，比如不能进的地方？
5739,spot,510,travel_tips,听说湖边的花挺好看的，什么时间段去拍照效果最好？
5740,spot,510,travel_tips,这个地方到底好不好玩？大概能逛多久，主要看什么？
5741,spot,510,cultural_context,岸芷汀兰在锦城公园里具体哪个位置啊？从哪个门进去最近？
5742,spot,510,cultural_context,请问岸芷汀兰几点开门关门？需要单独买门票吗，还是公园免费进去就行？
5743,spot,510,cultural_context,带5岁小孩去岸芷汀兰玩合适不？那边有没有草坪或者水边可以安全散步的地方？
5744,spot,510,cultural_context,岸芷汀兰到底好不好耍？是不是就是一片水草和兰花，拍照好看吗？大概能逛多久？
5745,spot,510,cultural_context,去岸芷汀兰坐地铁方便吗？坐到哪一站下来，再走多远能到？
5746,spot,512,description,成都那些有名的景点一般早上几点开门啊？我想早点去避开人流。
5747,spot,512,description,去都江堰或者青城山门票多少钱一张？有没有学生票或者老人优惠？
5748,spot,512,description,从春熙路坐地铁怎么去熊猫基地最快？大概要多久？
5749,spot,512,description,宽窄巷子和锦里哪个更好玩？第一次来成都只选一个去的话推荐哪个？
5750,spot,512,description,带5岁的小孩去成都科技馆或者动物园，哪个更合适？里面有没有推车和休息的地方？
5751,spot,519,description,成都的公园一般几点开门关门啊？
5752,spot,519,description,去成都的公园逛一圈要买门票不，大概多少钱？
5753,spot,519,description,人民公园离宽窄巷子咋走？坐地铁方便吗？
5754,spot,519,description,带五岁娃去公园玩，有没有啥儿童设施或者适合遛娃的地方？
5755,spot,519,description,成都哪个公园又好看又好玩，适合周末去拍拍照、发发呆的？
5756,spot,516,description,成都那些有名的景点一般几点开门关门啊？
5757,spot,516,description,去成都旅游，像宽窄巷子、锦里这些地方门票要多少钱？
5758,spot,516,description,从成都市区怎么坐车去都江堰或者青城山？
5759,spot,516,description,带5岁的小孩去成都大熊猫基地玩合适吗？有没有什么要注意的？
5760,spot,516,description,成都周边哪个古镇人少又好玩，值得专程跑一趟？
5761,spot,516,cultural_context,中和湿地公园几点开门关门呢？早上想去逛一圈怕去早了进不去
5762,spot,516,cultural_context,这个公园收门票不？大概多少钱一个人？
5763,spot,516,cultural_context,中和湿地公园具体在哪儿啊？坐地铁或者公交怎么过去方便？
5764,spot,516,cultural_context,里面好不好耍？主要是看风景还是有啥子可以逛的？
5765,spot,516,cultural_context,带娃儿去耍合适不？有没有儿童游乐设施或者适合野餐的地方？
5766,spot,516,travel_tips,那边早上几点开门？我想赶早去拍鸟，怕去太早了吃闭门羹。
5767,spot,516,travel_tips,这个湿地公园要门票不？听说免费的，是真的全免费还是里面有些项目要单独收钱？
5768,spot,516,travel_tips,导航到哪个门比较方便？地铁能到吗，还是得坐公交或者打车过去？
5769,spot,516,travel_tips,带五岁小孩去玩合适不？栈道会不会很难走，有没有那种容易摔跤的湿滑路段？
5770,spot,516,travel_tips,里面除了看鸟还有啥好玩的？大概逛两个小时够不够，值不值得专门跑一趟？
5771,spot,519,travel_tips,请问这个地方周末几点开门？人多不多，大概要逛多久啊？
5772,spot,519,travel_tips,这里门票多少钱？是免费的吗？需要提前预约不？
5773,spot,519,travel_tips,木立方在哪个位置？从市区坐地铁或者公交怎么过去方便？
5774,spot,519,travel_tips,带五岁小孩去合适吗？里面有没有可以爬高又安全的地方？
5775,spot,519,travel_tips,这个地方值不值得专门跑一趟？春秋季去是不是风景最好？
5776,spot,524,description,成都那些热门景点一般几点开门关门啊？
5777,spot,524,description,去武侯祠或者熊猫基地门票多少钱一张？
5778,spot,524,description,从春熙路怎么去都江堰景区最方便？
5779,spot,524,description,带小孩去成都科技馆玩合适吗，大概能逛多久？
5780,spot,524,description,青城山和峨眉山哪个更好玩，适合老人去吗？
5781,spot,519,cultural_context,桂溪湿地公园东区的木立方几点开门关门？晚上去能看吗？
5782,spot,519,cultural_context,去那个木立方要买门票不？大概多少钱一个人？
5783,spot,519,cultural_context,从地铁站到桂溪湿地公园东区木立方咋走最近？要坐公交吗？
5784,spot,519,cultural_context,带5岁小孩去木立方那边好玩吗？有没有啥互动或者科普活动？
5785,spot,519,cultural_context,木立方里面到底能看些啥？值不值得专门跑一趟？
5786,spot,524,travel_tips,这个景点是免费的吗？大概能逛多久？
5787,spot,524,travel_tips,下雨天去会不会更巴适？需要穿啥子鞋子不？
5788,spot,524,travel_tips,那边停车方便不？坐地铁或者公交咋个过去？
5789,spot,524,travel_tips,带五岁的小娃娃去耍安全不？能不能下水踩？
5790,spot,524,travel_tips,这个地方好不好耍？值不值得专门跑一趟？
5791,spot,524,cultural_context,桂溪生态公园的雨水花园几点开放？要门票吗？
5792,spot,524,cultural_context,带5岁小孩去雨水花园玩，有适合小朋友的互动设施吗？
5793,spot,524,cultural_context,从地铁站出来怎么走到雨水花园？大概要走多久？
5794,spot,524,cultural_context,雨水花园除了看植物，还有啥好玩的？能野餐或者骑车吗？
5795,spot,524,cultural_context,网上说这是海绵城市示范工程，实际去逛会不会很无聊？值得专门跑一趟吗？
5796,spot,532,description,成都的公园一般早上几点开门，晚上几点关门？
5797,spot,532,description,去成都的公园玩要买门票吗，大概多少钱一个人？
5798,spot,532,description,带小孩去成都哪个公园最合适，有没有儿童游乐设施？
5799,spot,532,description,成都的公园都在哪些地方，坐地铁或者公交方便吗？
5800,spot,532,description,听说成都公园里可以喝茶打麻将，是真的好玩吗，还是只适合散步？
5801,spot,532,travel_tips,周末下午去大概要逛多久？会不会太热？
5802,spot,532,travel_tips,这个地方免费进吗？需不需要提前预约买票？
5803,spot,532,travel_tips,从春熙路坐地铁怎么过去？下车后要走很远吗？
5804,spot,532,travel_tips,里面除了拍照还有啥好玩的？带五岁娃去合适不？
5805,spot,532,travel_tips,听说园里雕塑挺多，下午去光线怎么样？适合拍人像吗？
5806,spot,532,cultural_context,文化方洲公园几点开门关门呢？
5807,spot,532,cultural_context,这个公园要门票吗，还是免费进去的？
5808,spot,532,cultural_context,从地铁站怎么走到文化方洲公园啊？
5809,spot,532,cultural_context,带小孩去文化方洲公园玩合适吗，有没有什么互动项目？
5810,spot,532,cultural_context,听说那边有些艺术装置，实际逛起来好玩吗，大概能玩多久？
5811,spot,539,description,成都的公园一般早上几点开门，晚上几点关门呢？
5812,spot,539,description,去成都的公园玩要买门票吗，大概多少钱一张？
5813,spot,539,description,从春熙路怎么坐车去人民公园，大概要多久？
5814,spot,539,description,带五岁的小孩去成都的公园合适吗，有没有儿童游乐设施？
5815,spot,539,description,成都哪个公园最好玩，适合逛一整天的那种，求推荐？
5816,spot,539,travel_tips,早上几点去人少一点？大概要逛多久？
5817,spot,539,travel_tips,这个地方收门票吗？还是免费随便进？
5818,spot,539,travel_tips,从春熙路坐地铁或者公交怎么过去方便？
5819,spot,539,travel_tips,带5岁小孩去走那个栈道累不累？有没有危险？
5820,spot,539,travel_tips,里面除了看鸟还有其他好玩的吗？会不会很无聊？
5821,spot,539,cultural_context,新川湿地公园早上几点开门，晚上几点关门啊？
5822,spot,539,cultural_context,去新川湿地公园要门票不，大概多少钱一个人？
5823,spot,539,cultural_context,新川湿地公园具体在哪个位置，坐地铁或者公交怎么过去方便？
5824,spot,539,cultural_context,新川湿地公园里面好玩吗，主要能看些什么或者逛多久比较合适？
5825,spot,539,cultural_context,带家里小孩去新川湿地公园耍合适不，有没有啥适合小朋友玩的项目？
5826,spot,547,travel_tips,锦城公园几点开门，晚上开到几点关门呢？
5827,spot,547,travel_tips,去锦城公园要门票不，还是免费随便进？
5828,spot,547,travel_tips,带5岁小孩去锦城公园玩，有没有适合小朋友的设施？
5829,spot,547,travel_tips,锦城公园离地铁站远不远，坐公交怎么过去方便？
5830,spot,547,travel_tips,网上说傍晚去锦城公园拍照好看，实际逛一圈大概要多久？
5831,spot,547,cultural_context,香堤雅境几点开门关门？门票收多少钱？
5832,spot,547,cultural_context,香堤雅境在哪儿？坐地铁或者公交怎么过去方便？
5833,spot,547,cultural_context,香堤雅境里面好不好玩？主要看啥子风景？
5834,spot,547,cultural_context,带娃去香堤雅境耍一天合适不？有没有草坪和耍水的地方？
5835,spot,547,cultural_context,香堤雅境停车方便不？自驾去的话车位多不多？
5836,spot,547,description,成都那些有名的旅游景点一般早上几点开门？
5837,spot,547,description,去都江堰或者青城山玩一趟，门票大概要多少钱？
5838,spot,547,description,从市区怎么坐车去大熊猫繁育研究基地？方便吗？
5839,spot,547,description,带5岁的小孩去成都博物馆和武侯祠，哪个更合适？会不会太累？
5840,spot,547,description,宽窄巷子和锦里晚上去好玩吗，值不值得专门跑一趟？
5841,spot,552,description,成都那些有名的景点一般早上几点开门？我想早点去避开人流。
5842,spot,552,description,去都江堰或者青城山玩一趟，门票大概多少钱？有没有学生票或套票？
5843,spot,552,description,从春熙路怎么坐地铁或公交去熊猫基地？大概要多久？
5844,spot,552,description,带5岁的小朋友去成都科技馆或者动物园，合适吗？有没有亲子设施？
5845,spot,552,description,宽窄巷子和锦里哪个更好玩？晚上去是不是比白天更有意思？
5846,spot,552,travel_tips,这个草坪几点开门啊？
5847,spot,552,travel_tips,进去要门票不，多少钱一个人？
5848,spot,552,travel_tips,具体在哪儿呢，坐地铁怎么过去方便？
5849,spot,552,travel_tips,周末去那边野餐放风筝好玩吗？人多不多？
5850,spot,552,travel_tips,带两岁小孩去合适不？需要自己带垫子那些吗？
5851,spot,552,cultural_context,这个公园几点开门关门？晚上去安全吗？
5852,spot,552,cultural_context,进去要门票吗？还是免费随便逛？
5853,spot,552,cultural_context,从春熙路坐地铁或公交怎么过去最方便？
5854,spot,552,cultural_context,带5岁小孩去合适吗？有没有可以野餐或者跑耍的草坪？
5855,spot,552,cultural_context,周末去人多不？有没有推荐的拍照或晒太阳的好位置？
5856,spot,555,description,成都那些风景名胜一般几点开门关门？
5857,spot,555,description,去都江堰或者青城山这类景点，门票大概多少钱一张？
5858,spot,555,description,从市区出发去西岭雪山怎么坐车最方便？
5859,spot,555,description,带家里老人和小孩去熊猫基地玩合适吗，会不会太累？
5860,spot,555,description,武侯祠和杜甫草堂哪个更值得逛？听说人很多，体验怎么样？
5861,spot,555,travel_tips,白鹭湾湿地公园的桃花现在开了吗？周末去人多不多？
5862,spot,555,travel_tips,去白鹭湾湿地公园看桃花要门票不？大概逛一圈要多久？
5863,spot,555,travel_tips,白鹭湾湿地公园具体在哪儿啊？坐地铁或者公交怎么过去方便？
5864,spot,555,travel_tips,带5岁小孩去白鹭湾看桃花合适吗？里面有没有能让孩子跑跑玩的地方？
5865,spot,555,travel_tips,这个公园平时去好玩吗？除了看桃花，还有啥别的能逛的？
5866,spot,555,cultural_context,白鹭湾几点开门关门？门票多少钱一张？
5867,spot,555,cultural_context,从市区怎么坐车去白鹭湾？有地铁或者公交直达吗？
5868,spot,555,cultural_context,白鹭湾现在这个季节去好玩吗？主要能看啥子风景？
5869,spot,555,cultural_context,带娃去白鹭湾耍一天合适不？里面有没有儿童游乐设施或者喂小动物的地方？
5870,spot,555,cultural_context,去白鹭湾看桃花大概啥子时候最巴适？周末人多不多，会不会堵车？
5871,spot,559,travel_tips,这个地方几点开门，晚上去能玩多久？
5872,spot,559,travel_tips,进去要不要门票，大概逛一圈要花多长时间？
5873,spot,559,travel_tips,那边交通方便吗，坐地铁或者公交怎么过去？
5874,spot,559,travel_tips,里面主要是看啥子风景，带三岁多的小孩去走不走得动？
5875,spot,559,travel_tips,周末去人多不多，蚊子是不是特别凶，要准备些啥子？
5876,spot,559,description,成都那些出名的景点一般几点开门关门啊？我想安排一天逛两三个地方。
5877,spot,559,description,去都江堰或者青城山门票大概多少钱？学生证或者老人有优惠吗？
5878,spot,559,description,从春熙路坐地铁去熊猫基地方便吗？大概要多久，出站后还要走多远？
5879,spot,559,description,带5岁的小孩去成都玩，除了熊猫基地，还有哪些景点比较轻松不累人？
5880,spot,559,description,宽窄巷子和锦里哪个更好玩？晚上去是不是比白天更有意思？
5881,spot,559,cultural_context,中和湿地公园早上几点开门，晚上几点关门？
5882,spot,559,cultural_context,去中和湿地公园要门票吗，大概多少钱一个人？
5883,spot,559,cultural_context,从市中心坐地铁或者公交怎么去中和湿地公园，方便不？
5884,spot,559,cultural_context,中和湿地公园里面好不好玩，值不值得专门跑一趟？
5885,spot,559,cultural_context,带五岁小孩去中和湿地公园合适吗，有没有儿童玩的设施？
5886,spot,561,description,成都那些风景名胜一般几点开门关门啊？
5887,spot,561,description,去成都的风景名胜玩一圈，门票大概要花多少钱？
5888,spot,561,description,从春熙路怎么坐车去这些风景名胜，方便吗？
5889,spot,561,description,带小孩去这些地方合适吗，有没有适合亲子玩的路线？
5890,spot,561,description,这些风景名胜到底好不好玩，值不值得专门跑一趟？
5891,spot,561,travel_tips,夜游大概要好多钱一个人呢？需要提前买票不？
5892,spot,561,travel_tips,晚上几点开始坐船比较合适？全程要坐好久哦？
5893,spot,561,travel_tips,这个夜游是在哪里上船喃？坐地铁或者公交方便过去不？
5894,spot,561,travel_tips,带五岁的小朋友去坐这个船安不安全？小孩子也要买全票吗？
5895,spot,561,travel_tips,节假日去的话人多不多？需不需要提前好久到码头排队？
5896,spot,561,cultural_context,夜游锦江晚上几点开门，最晚一班船是几点发？
5897,spot,561,cultural_context,坐这个船一个人要多少钱，儿童票有没有优惠？
5898,spot,561,cultural_context,江滩公园码头具体在哪儿，坐地铁怎么过去方便？
5899,spot,561,cultural_context,夜游锦江到底好玩吗，主要看些啥子景色？
5900,spot,561,cultural_context,带5岁的小孩去坐船合适不，船上安不安全？
5901,spot,564,description,成都的公园一般早上几点开门，晚上几点关门啊？
5902,spot,564,description,去成都的公园玩要门票不，大概多少钱一个人？
5903,spot,564,description,从春熙路怎么坐车去人民公园，方便吗？
5904,spot,564,description,带三岁小孩去成都哪个公园最合适，有沙坑或者游乐设施吗？
5905,spot,564,description,成都本地人周末爱逛的公园有哪些，哪个最好玩值得专门去一趟？
5906,spot,564,travel_tips,这个公园几点开门关门？晚上能进去逛吗？
5907,spot,564,travel_tips,进去耍要买门票不？大概逛一两个小时够不够？
5908,spot,564,travel_tips,李劼人故居是不是周一闭馆？其他时间去都能进吗？
5909,spot,564,travel_tips,带五岁娃去合适不？里面有没有草坪可以跑一跑、野餐？
5910,spot,564,travel_tips,坐地铁咋个过去方便？公园门口好不好找？
5911,spot,564,cultural_context,劼人公园几点开门关门呢？门票收不收费？
5912,spot,564,cultural_context,请问劼人公园在成都哪个位置，坐地铁或公交怎么过去方便？
5913,spot,564,cultural_context,带小孩去劼人公园玩合适吗？里面有没有什么适合小朋友看或逛的地方？
5914,spot,564,cultural_context,劼人公园里面除了看李劼人故居，还有啥好玩的？大概逛多久比较合适？
5915,spot,564,cultural_context,网上说劼人公园的菱窠值得看，实际去过的游客觉得怎么样？值不值得专门跑一趟？
5916,spot,569,travel_tips,这个地方几点开门，晚上去可以吗？
5917,spot,569,travel_tips,进去要买门票不，大概多少钱一个人？
5918,spot,569,travel_tips,从春熙路坐地铁或者公交怎么过去方便？
5919,spot,569,travel_tips,里面好玩吗，主要能干啥，能野餐或者放风筝不？
5920,spot,569,travel_tips,带五岁的小孩去合适不，有没有遮阴的地方怕晒？
5921,spot,569,cultural_context,日光草坪几点开门关门呢？晚上能进去散步吗？
5922,spot,569,cultural_context,去日光草坪要门票不，还是完全免费随便进？
5923,spot,569,cultural_context,日光草坪具体在哪儿啊，坐地铁或者公交怎么过去方便？
5924,spot,569,cultural_context,那边除了躺草坪晒太阳，还有啥好玩的？能搭帐篷或者野餐吗？
5925,spot,569,cultural_context,带五六岁的小孩去日光草坪合适不？有没有树荫或者安全的活动区域？
5926,spot,571,description,成都的公园一般几点开门关门呢？
5927,spot,571,description,去这些公园玩要买门票吗，大概多少钱一张？
5928,spot,571,description,从春熙路怎么坐车去比较近的公园啊？
5929,spot,571,description,带小孩去这些公园合适吗，有没有儿童游乐设施？
5930,spot,571,description,成都哪个公园最好玩，适合逛一下午的那种？
5931,spot,569,description,成都那些热门景点一般几点开门关门啊？我想安排一天逛三个地方，怕时间来不及。
5932,spot,569,description,去青城山和都江堰玩一天，门票加起来大概要多少钱？学生证能打折吗？
5933,spot,569,description,从春熙路坐地铁怎么去大熊猫繁育研究基地？大概要多久，下车后还要走很远吗？
5934,spot,569,description,带5岁小孩去成都旅游，除了熊猫基地，还有哪些景点适合亲子玩，有没有比较轻松不累的？
5935,spot,569,description,宽窄巷子和锦里哪个更好玩？晚上去是不是比白天更有意思，值不值得专门跑一趟？
5936,spot,571,travel_tips,这个地方几点开门关门呢？是不是全天都能进去？
5937,spot,571,travel_tips,进去耍要不要门票哦？是免费随便逛吗？
5938,spot,571,travel_tips,这个地方在哪哦？坐地铁或者公交咋个去方便？
5939,spot,571,travel_tips,里面主要是干啥子的？就看看风景还是能打球锻炼？带小孩去耍合适不？
5940,spot,571,travel_tips,听说球场有些要预约，具体咋个约喃？下午去人多不多，大概逛两个小时够不够？
5941,spot,573,description,成都那些风景名胜区一般早上几点开门？
5942,spot,573,description,去都江堰和青城山玩，门票分别多少钱？
5943,spot,573,description,从成都市区怎么坐车去西岭雪山？
5944,spot,573,description,带小孩去成都大熊猫基地合适吗，会不会太累？
5945,spot,573,description,武侯祠和杜甫草堂哪个更值得逛，大概要玩多久？
5946,spot,571,cultural_context,银湖体育公园早上几点开门，晚上开到几点关门哦？
5947,spot,571,cultural_context,去银湖体育公园要门票不，还是免费随便进？里面的运动场地租用咋收费？
5948,spot,571,cultural_context,银湖体育公园具体在成都哪个位置，坐地铁或者公交怎么过去方便？
5949,spot,571,cultural_context,银湖体育公园里面除了跑步和看湖景，还有哪些好玩的运动项目？适合带小孩去玩吗？
5950,spot,571,cultural_context,网上看有人说银湖体育公园是示范项目，实际去过的体验咋样？值不值得专门跑一趟？
5951,spot,573,travel_tips,请问这个地方几点开门，晚上关门吗？
5952,spot,573,travel_tips,这里要门票不，大概多少钱一个人？
5953,spot,573,travel_tips,这个公园具体在成都哪个位置，坐地铁能到吗？
5954,spot,573,travel_tips,那边草坪可以野餐和放风筝不，好玩吗？
5955,spot,573,travel_tips,带三岁小孩去合适不，有没有什么要注意的？
5956,spot,573,cultural_context,纸鸢草坪几点开门关门啊？晚上能进去散步吗？
5957,spot,573,cultural_context,去纸鸢草坪放风筝要收门票不？还是免费随便进？
5958,spot,573,cultural_context,纸鸢草坪具体在成都哪个位置？坐地铁或者公交怎么过去方便？
5959,spot,573,cultural_context,纸鸢草坪除了放风筝，还有啥好玩的？适合带娃去野餐吗？
5960,spot,573,cultural_context,听人说纸鸢草坪是城市公园里的草坪，周末人多不多？带小孩去安全不？
5961,spot,577,description,成都的公园一般早上几点开门，晚上几点关门呢？
5962,spot,577,description,去成都的公园玩要门票吗，大概多少钱一个人？
5963,spot,577,description,成都市区哪个公园交通最方便，坐地铁怎么去？
5964,spot,577,description,带小孩去成都的公园玩合适吗，有没有儿童游乐设施？
5965,spot,577,description,成都的公园里除了散步，还有啥好玩的或者值得拍照的地方？
5966,spot,577,cultural_context,南郊公园早上几点开门，晚上几点关门啊？
5967,spot,577,cultural_context,去南郊公园要门票不，多少钱一张？
5968,spot,577,cultural_context,从春熙路坐地铁怎么到南郊公园，下车后好找吗？
5969,spot,577,cultural_context,南郊公园里头有啥好玩的，逛下来大概要多久？
5970,spot,577,cultural_context,带五岁小孩去南郊公园合适不，有没有草坪可以跑？
5971,spot,577,travel_tips,这个公园几点开门喃？早上好久去人少一点？
5972,spot,577,travel_tips,门票好多钱一张？是不是免费随便进？
5973,spot,577,travel_tips,这个园子好不好耍？大概要逛好久才耍得完？
5974,spot,577,travel_tips,带五岁娃儿去合适不？里头蚊子多不多，要不要喷花露水？
5975,spot,577,travel_tips,坐地铁咋个到这儿？下车后走好久？和武侯祠挨得近不，能不能一起耍？
5976,spot,586,description,成都的景点一般几点开门？我想早点去避开人流。
5977,spot,586,description,去成都那些热门景点玩一趟大概要花多少钱？门票加交通的话。
5978,spot,586,description,从春熙路怎么坐车去都江堰或者青城山？要多久？
5979,spot,586,description,带5岁小孩去成都旅游，哪些景点比较轻松不累，适合亲子玩？
5980,spot,586,description,成都市区有哪些值得逛的景点？一天能玩完吗，还是需要分两天？
5981,spot,586,travel_tips,早上几点去人少光线好，拍照好看些？
5982,spot,586,travel_tips,这个地方现在收不收费，门票大概多少钱一张？
5983,spot,586,travel_tips,从春熙路坐地铁或者公交怎么过去方便？
5984,spot,586,travel_tips,带三岁小孩去玩合适吗，会不会太晒或者不好走？
5985,spot,586,travel_tips,里面好玩吗，大概逛一圈要多久，值不值得专门跑一趟？
5986,spot,589,description,成都的公园一般早上几点开门，晚上几点关门呀？
5987,spot,589,description,去成都的公园玩要买门票吗，大概多少钱一张？
5988,spot,589,description,从春熙路怎么坐车去人民公园，大概要多久？
5989,spot,589,description,带五岁的小孩去成都哪个公园最合适，有游乐设施吗？
5990,spot,589,description,成都的公园里除了散步，有没有什么特色活动或者茶馆可以坐一下？
5991,spot,586,cultural_context,请问中和湿地公园叠翠台几点开门关门呢？早上想早点去逛一下。
5992,spot,586,cultural_context,去叠翠台那边要门票不？还是免费的？大概逛一圈要花多少钱？
5993,spot,586,cultural_context,从地铁站或者公交站过去怎么走啊？有没有具体的路线或者导航位置？
5994,spot,586,cultural_context,带五岁的小孩去叠翠台玩合适吗？有没有什么可以让孩子跑跑跳跳的地方？
5995,spot,586,cultural_context,网上说那里四季景色不一样，到底哪个季节去最好看？平时去的人多不多，会不会很挤？
5996,spot,589,travel_tips,请问这个地方几点开门啊？我想上午去，怕去早了白跑一趟。
5997,spot,589,travel_tips,去这儿要门票吗？还是免费随便进？带俩孩子去花销大不大？
5998,spot,589,travel_tips,这个景点在成都哪个位置？坐地铁方便吗，还是要转公交？
5999,spot,589,travel_tips,带5岁的小孩去好玩不？有没有啥互动项目，还是光看风景？
6000,spot,589,travel_tips,下午太阳大的时候去会不会太晒？大概玩多久能逛完，需要准备点啥？
6001,spot,589,cultural_context,这个公园几点开门关门啊？
6002,spot,589,cultural_context,带娃去耍要门票不，大概好多钱一个人？
6003,spot,589,cultural_context,这个新川创新科技园里的儿童公园咋个去哦，坐地铁方便不？
6004,spot,589,cultural_context,里头好不好玩嘛，有没有啥子适合小朋友的设施？
6005,spot,589,cultural_context,带三四岁的小娃娃去合适不，有没有遮阴的地方或者休息区？
6006,spot,593,travel_tips,这个地方几点开门？晚上去会不会关门？
6007,spot,593,travel_tips,去这里要门票吗？免费的话需不需要预约？
6008,spot,593,travel_tips,坐地铁或者公交怎么到那边？方便停车不？
6009,spot,593,travel_tips,里面除了跑步和打篮球，还有啥好玩的？适合散步遛弯吗？
6010,spot,593,travel_tips,带小孩去玩合适吗？有没有儿童能玩的项目？
6011,spot,593,description,成都的公园一般早上几点开门，晚上几点关门呢？
6012,spot,593,description,去成都的公园玩要门票不，大概多少钱一个人？
6013,spot,593,description,带小孩去成都的公园耍合适不，有没有啥子儿童游乐设施？
6014,spot,593,description,从春熙路咋个坐车去人民公园或者望江楼公园，地铁能到不？
6015,spot,593,description,成都哪个公园最好耍，拍照好看又适合散步发呆的？
6016,spot,596,description,成都的公园一般早上几点开门，晚上几点关门呀？
6017,spot,596,description,去成都的公园玩要买门票不，大概多少钱一张？
6018,spot,596,description,成都哪个公园适合带小孩去耍，有没有儿童游乐设施？
6019,spot,596,description,从春熙路坐地铁怎么去那个公园，要换乘几号线？
6020,spot,596,description,成都的公园逛起来好玩吗，值不值得专门跑一趟？
6021,spot,596,travel_tips,请问这边是全天开放的吗？几点去最好，大概逛多久合适？
6022,spot,596,travel_tips,这个地方要门票不？还是免费进去的？
6023,spot,596,travel_tips,从春熙路过去怎么坐车方便啊？具体在哪个位置？
6024,spot,596,travel_tips,傍晚去江边散步好玩吗？有没有什么推荐路线或者拍照点？
6025,spot,596,travel_tips,带家里老人和小孩一起去合适不？路上安全吗，有没有吃饭的地方？
6026,spot,593,cultural_context,双流区那些新建的社区运动公园一般几点开门关门啊？晚上去跑步开到几点？
6027,spot,593,cultural_context,这些社区运动公园进去要钱不？是免费随便进，还是按项目收费？
6028,spot,593,cultural_context,我家住双流城区，想问下离地铁站近的社区运动公园有哪些？具体怎么坐车过去？
6029,spot,593,cultural_context,带5岁娃去这些公园玩合适吗？有没有专门给小孩玩的设施，还是只能大人锻炼？
6030,spot,593,cultural_context,网上说这些公园是‘15分钟健身圈’的一部分，实际去过的朋友觉得环境咋样，周末人多不多？
6031,spot,596,cultural_context,锦江公园早上几点开门？晚上去逛到几点合适？
6032,spot,596,cultural_context,沿着锦江逛一圈要门票不？还是免费随便走？
6033,spot,596,cultural_context,从春熙路怎么走到锦江边最近？坐地铁几号线哪个站下？
6034,spot,596,cultural_context,带小孩去锦江公园玩水或者看夜景，有没有什么安全要注意的？
6035,spot,596,cultural_context,锦江边除了散步，还有没有坐船或者看表演之类的好玩项目？
6036,spot,601,description,成都那些热门景点一般几点开门关门？我想安排一天逛好几个地方，怕时间来不及
6037,spot,601,description,去都江堰或者青城山门票多少钱一张？有没有学生票或者老人优惠？
6038,spot,601,description,从成都市区怎么去大熊猫繁育研究基地最方便？坐地铁能到吗？
6039,spot,601,description,成都市区有没有适合带小孩玩一整天的景点？最好有互动或者看动物的，孩子不会觉得无聊
6040,spot,601,description,宽窄巷子和锦里哪个更好玩？晚上去是不是比白天更有意思？
6041,spot,601,travel_tips,这个公园下午去要门票不？大概逛多久合适？
6042,spot,601,travel_tips,请问秋天银杏黄的时候，公园几点开门关门？
6043,spot,601,travel_tips,这个地方在成都哪儿啊，坐地铁方便吗？
6044,spot,601,travel_tips,带娃去玩怎么样？公园里好走不，怕晒不？
6045,spot,601,travel_tips,网上说这公园免费，值不值得专门跑一趟？
6046,spot,604,description,成都的公园一般早上几点开门，晚上几点关门呢？
6047,spot,604,description,去成都的公园玩要买门票吗，大概多少钱一张？
6048,spot,604,description,成都哪个公园适合带小孩去，里面有没有游乐设施？
6049,spot,604,description,从春熙路怎么坐车去人民公园，大概要多久？
6050,spot,604,description,成都的公园里除了散步，还能不能划船或者喝茶，好玩吗？
6051,spot,601,cultural_context,锦城公园几点开门关门？晚上去逛方便吗？
6052,spot,601,cultural_context,去锦城公园要门票不？里面那个“水声杏色”景点单独收费吗？
6053,spot,601,cultural_context,锦城公园在成都哪个位置？坐地铁或公交怎么过去最方便？
6054,spot,601,cultural_context,带5岁小孩去锦城公园玩合适吗？有没有儿童游乐设施或者适合推婴儿车的路？
6055,spot,601,cultural_context,网上说“水声杏色”挺出片的，实际去好玩吗？大概要逛多久，有什么值得看的？
6056,spot,604,travel_tips,这个公园几点开门关门啊？晚上去跑步行不行？
6057,spot,604,travel_tips,进去耍要门票不？还是免费随便进？
6058,spot,604,travel_tips,这儿咋个去哦？坐地铁几号线能到？
6059,spot,604,travel_tips,带5岁娃娃去玩合适不？里面有没得儿童设施？
6060,spot,604,travel_tips,周末去人多不多？除了跑步还有啥子好耍的？
6061,spot,610,description,成都的公园一般几点开门关门呢？
6062,spot,610,description,去这些公园玩要买门票吗，大概多少钱一张？
6063,spot,610,description,从春熙路坐地铁怎么到最近的公园广场啊？
6064,spot,610,description,带三岁小孩去哪个公园最合适，有游乐设施吗？
6065,spot,610,description,成都哪个公园风景最好，适合周末去拍照散步？
6066,spot,604,cultural_context,新川之心公园早上几点开门？晚上开到几点关门？
6067,spot,604,cultural_context,去新川之心公园要门票吗？还是免费随便进？
6068,spot,604,cultural_context,从地铁1号线怎么换乘公交车到新川之心公园？大概要坐多久？
6069,spot,604,cultural_context,新川之心公园的东区运动公园好玩吗？有哪些健身或运动设施？
6070,spot,604,cultural_context,带5岁小孩去新川之心公园合适吗？有没有儿童游乐区或者安全的活动场地？
6071,spot,610,travel_tips,请问这个公园几点开门关门啊？是免费随便进吗？
6072,spot,610,travel_tips,这个地方具体在成都哪个位置？坐地铁或者公交怎么过去方便？
6073,spot,610,travel_tips,里面主要逛什么呀？大概玩多久合适？适合带小孩去走走吗？
6074,spot,610,travel_tips,春天去那里踏青怎么样？有没有桂花树，秋天去赏桂值不值？
6075,spot,610,travel_tips,园子大不大？里面那些雕塑有看头吗？会不会很无聊，适合一个人静心逛逛不？
6076,spot,610,cultural_context,思蜀园几点开门关门呢？门票要多少钱一张？
6077,spot,610,cultural_context,请问思蜀园具体在锦江区哪个位置，坐地铁或者公交怎么过去方便？
6078,spot,610,cultural_context,带五岁的小孩去思蜀园逛，有没有适合小朋友玩的地方，会不会觉得无聊？
6079,spot,610,cultural_context,思蜀园里面主要看什么呀，就是三国主题的园林吗，大概逛多久能逛完？
6080,spot,610,cultural_context,这个地方网上评价怎么样，值不值得专门跑一趟，还是顺路去看看就行？
6081,spot,613,description,成都的景点一般几点开门啊？我想早上早点去避开人流。
6082,spot,613,description,去成都那些热门景点玩一趟大概要花多少钱？门票贵不贵？
6083,spot,613,description,从春熙路怎么坐车去青城山或者都江堰？大概要多久？
6084,spot,613,description,带5岁小孩去成都旅游，哪些景点比较适合亲子玩？
6085,spot,613,description,宽窄巷子和锦里哪个更好玩？值不值得专门跑一趟？
6086,spot,613,cultural_context,幸福梅林几点开门关门？门票要多少钱一张？
6087,spot,613,cultural_context,从市区坐地铁或公交怎么去幸福梅林最方便？大概要多久？
6088,spot,613,cultural_context,幸福梅林现在这个季节去好玩吗？除了看梅花还有啥子可以逛的？
6089,spot,613,cultural_context,带家里老人和小孩去幸福梅林耍一天合适不？里面路好走吗？
6090,spot,613,cultural_context,幸福梅林那边停车方便不？周末人多不多，会不会堵车？
6091,spot,613,travel_tips,三圣乡那个梅花现在开了没，一般几点开门喃？
6092,spot,613,travel_tips,去那边看梅花要门票不，大概要花好多钱一个人？
6093,spot,613,travel_tips,坐地铁到哪个站下，然后骑共享单车过去方便不？
6094,spot,613,travel_tips,现在这个季节去三圣乡赏梅好不好耍，值不值得专门跑一趟？
6095,spot,613,travel_tips,带五岁的小娃娃去那边看梅花，有没有啥子适合娃儿耍的，会不会太挤？
6096,spot,620,cultural_context,新川环城公园早上几点开门，晚上到几点关门哦？
6097,spot,620,cultural_context,去新川环城公园要门票不，还是免费随便进？
6098,spot,620,cultural_context,新川环城公园具体在哪个位置，坐地铁几号线能到，出站走多远？
6099,spot,620,cultural_context,新川环城公园里面好不好玩，有没有适合拍照或者散步的亮点？
6100,spot,620,cultural_context,带小朋友去新川环城公园合适吗，里面有儿童游乐设施没？
6101,spot,620,travel_tips,请问双流区环城公园早上几点开门？我想赶早去人少一点。
6102,spot,620,travel_tips,这个公园现在还要门票不？大概玩多久合适？
6103,spot,620,travel_tips,双流区环城公园具体在哪儿啊？坐地铁或者公交怎么过去方便？
6104,spot,620,travel_tips,里面能骑共享单车进去吗？还是只能走路？周末去会不会挤得慌？
6105,spot,620,travel_tips,带5岁小孩去玩半天累不累？有没有树荫或者补给点？
6106,spot,620,description,成都的公园一般早上几点开门，晚上几点关门啊？
6107,spot,620,description,去成都那些公园玩要门票吗，大概多少钱一张？
6108,spot,620,description,带小孩去成都的公园玩合适不，有没有什么儿童游乐设施？
6109,spot,620,description,成都哪个公园最值得逛？听说人民公园和浣花溪公园都不错，怎么选？
6110,spot,620,description,从春熙路坐地铁去成都的公园方便吗，哪个公园离地铁站最近？
6111,spot,622,description,成都的公园一般早上几点开门，晚上几点关门呢？
6112,spot,622,description,去成都的公园玩要收门票吗，大概多少钱一张？
6113,spot,622,description,从春熙路怎么坐地铁或公交去人民公园，大概要多久？
6114,spot,622,description,带5岁的小朋友去成都的公园玩，有哪些适合亲子活动的项目？
6115,spot,622,description,成都哪个公园最好玩，能划船或者看花，值得专门去一趟吗？
6116,spot,622,travel_tips,武侯区簇茧公园早上几点开门？
6117,spot,622,travel_tips,这个公园要门票不，停车方便吗？
6118,spot,622,travel_tips,簇茧公园具体在哪儿，坐地铁几号线能到？
6119,spot,622,travel_tips,里面好玩吗，大概能逛多久，值不值得专门跑一趟？
6120,spot,622,travel_tips,带五岁小孩去合适不，园里有卖水和小吃的地方吗？
6121,spot,624,travel_tips,双桂公园早上几点开门啊？我想去散个步。
6122,spot,624,travel_tips,这个公园要不要门票，进去玩大概要花多少钱？
6123,spot,624,travel_tips,从春熙路坐地铁怎么到双桂公园，方便吗？
6124,spot,624,travel_tips,园里桂花多不多，秋天去是不是特别香，值不值得专门跑一趟？
6125,spot,624,travel_tips,带5岁小孩去双桂公园玩合适吗，有没有让孩子跑动的地方？
6126,spot,624,description,成都的公园一般几点开门关门呢？
6127,spot,624,description,去人民公园或者望江楼公园要门票吗，多少钱一张？
6128,spot,624,description,带小孩去成都哪个公园玩比较合适，有没有儿童游乐设施？
6129,spot,624,description,从春熙路怎么坐地铁去桂溪生态公园，大概要多久？
6130,spot,624,description,最近去浣花溪公园好玩吗，有没有什么值得打卡的景点或活动？
6131,spot,622,cultural_context,簇茧公园早上几点开门？门票收不收费？
6132,spot,622,cultural_context,这个簇茧公园在哪里哦？坐地铁或者公交咋个去方便？
6133,spot,622,cultural_context,簇茧公园里头有啥子好耍的？带5岁娃儿去合适不？
6134,spot,622,cultural_context,去簇茧公园逛一圈大概要耍好久？里面有没有讲解或者互动体验？
6135,spot,622,cultural_context,网上说簇茧公园跟蚕桑文化有关，实际去过的朋友觉得值不值得专门跑一趟？
6136,spot,629,description,成都的公园一般几点开门关门呢？
6137,spot,629,description,去这些公园玩要收门票吗，大概多少钱一个人？
6138,spot,629,description,从春熙路坐地铁怎么去比较方便的公园？
6139,spot,629,description,带5岁小孩去哪个公园最合适，有游乐设施吗？
6140,spot,629,description,最近哪个公园的花开了，适合周末去拍照打卡？
6141,spot,624,cultural_context,双桂公园几点开门关门？要门票不？
6142,spot,624,cultural_context,双桂公园在成都哪个位置，坐地铁怎么过去方便？
6143,spot,624,cultural_context,双桂公园里头好不好耍？带娃去有滑梯那些设施不？
6144,spot,624,cultural_context,双桂公园逛一圈大概要多久？里面有没有喝茶打牌的地方？
6145,spot,624,cultural_context,双桂公园值不值得专门跑一趟？跟人民公园比哪个更接地气？
6146,spot,629,travel_tips,小雅公园几点开门关门？早上几点去人最少？
6147,spot,629,travel_tips,这个公园要门票不？大概能逛多久？
6148,spot,629,travel_tips,小雅公园具体在锦江区哪个位置？坐地铁或者公交怎么过去？
6149,spot,629,travel_tips,园里除了石凳和树，有没有什么特别值得看的风景或者打卡点？
6150,spot,629,travel_tips,带三岁的小孩去小雅公园玩合适吗？里面有没有儿童设施或者安全的活动空间？
6151,spot,629,cultural_context,小雅公园几点开门关门呢？
6152,spot,629,cultural_context,去小雅公园要门票不，大概好多钱一个人？
6153,spot,629,cultural_context,小雅公园在成都哪个位置，坐地铁咋个去方便？
6154,spot,629,cultural_context,小雅公园里头好不好耍，大概能逛多久？
6155,spot,629,cultural_context,带5岁娃儿去小雅公园合适不，有没有啥子儿童设施？
6156,spot,633,description,成都的公园一般早上几点开门，晚上几点关门呢？
6157,spot,633,description,去这些公园玩要门票吗，大概多少钱一个人？
6158,spot,633,description,带小朋友去成都的公园玩合适吗，有没有儿童游乐设施？
6159,spot,633,description,从春熙路怎么坐地铁或公交去人民公园或者望江楼公园？
6160,spot,633,description,成都哪个公园最好逛？有没有那种人少又清静、适合散步拍照的？
6161,spot,633,travel_tips,这个公园几点开门关门呢？
6162,spot,633,travel_tips,去那边骑自行车要不要门票，大概玩多久合适？
6163,spot,633,travel_tips,从春熙路过去坐公交或者地铁怎么走方便？
6164,spot,633,travel_tips,带五岁小孩去安全吗，有没有专门给娃耍的地方？
6165,spot,633,travel_tips,春秋天去骑河岸那段路风景好不好，值不值得专门跑一趟？
6166,spot,633,cultural_context,这个公园几点开门关门呢？早上想去散步会不会太早？
6167,spot,633,cultural_context,进去要门票不？大概多少钱一个人？
6168,spot,633,cultural_context,这个公园具体在哪儿啊？坐地铁或者公交怎么过去方便？
6169,spot,633,cultural_context,里面好玩吗？主要能看些啥子，大概逛多久合适？
6170,spot,633,cultural_context,带娃娃去耍安逸不？有没得儿童游乐设施或者适合野餐的地方？
6171,spot,636,description,成都的公园一般早上几点开门，晚上几点关门呀？
6172,spot,636,description,去成都的公园逛逛要收门票吗，大概多少钱一张？
6173,spot,636,description,请问离春熙路最近的公园是哪个，坐地铁怎么去？
6174,spot,636,description,带5岁的小孩去成都哪个公园玩最合适，里面有游乐设施吗？
6175,spot,636,description,成都哪些公园既好逛又出片，适合周末去拍拍照散散步？
6176,spot,636,travel_tips,合江亭晚上几点去最合适？灯光秀大概到几点结束？
6177,spot,636,travel_tips,去合江亭看夜景要门票不？大概能逛多久？
6178,spot,636,travel_tips,合江亭在哪个位置？坐地铁或者公交怎么过去方便？
6179,spot,636,travel_tips,带小孩晚上去合江亭看夜景合适不？江边风大需不需要多穿点？
6180,spot,636,travel_tips,合江亭除了看夜景，白天去好玩吗？还是说一定要晚上去才值得？
6181,spot,636,cultural_context,合江公园几点开门关门呢？早上想去逛逛来得及不？
6182,spot,636,cultural_context,去合江亭要门票吗？大概多少钱一个人？
6183,spot,636,cultural_context,从春熙路怎么坐公交或地铁到合江公园？打车大概多久？
6184,spot,636,cultural_context,合江公园除了看两江汇流，还有啥好玩的？适合带小孩去耍不？
6185,spot,636,cultural_context,合江亭晚上亮灯好看吗？值不值得专门跑一趟去看夜景？
6186,spot,641,travel_tips,绣球花啥时候开得最好看？上午去是不是人少点？
6187,spot,641,travel_tips,这个公园几点开门啊？要门票不？
6188,spot,641,travel_tips,坐地铁或者公交怎么到那边方便？
6189,spot,641,travel_tips,带五岁娃去逛合适不？有没有地方让娃跑着玩？
6190,spot,641,travel_tips,听说那边绣球花免费看，值不值得专门跑一趟？
6191,spot,641,description,成都的公园一般几点开门关门啊？早上想去散步，去太早会不会进不去？
6192,spot,641,description,成都那些有名的公园（比如人民公园、望江楼公园）门票要多少钱？有没有免费的？
6193,spot,641,description,我想去成都的公园逛逛，但不太熟路，坐地铁的话哪几个站能直接到公园门口？
6194,spot,641,description,成都的公园除了看花看树，有没有什么好玩的特色活动或茶馆？适不适合带老人小孩一起去待半天？
6195,spot,641,description,网上都说成都的公园很安逸，到底值不值得专门去打卡？和普通城市公园比有啥不一样的体验？
6196,spot,641,cultural_context,绣球花公园早上几点开门呀？
6197,spot,641,cultural_context,去那个绣球花公园要门票不，大概多少钱一个人？
6198,spot,641,cultural_context,这个公园在成都哪个位置啊，坐地铁怎么过去方便？
6199,spot,641,cultural_context,带五岁小朋友去合适吗，里面除了看花还有啥好玩的？
6200,spot,641,cultural_context,现在这个季节去绣球花开了没，人多不多，值不值得专门跑一趟？
6201,spot,647,description,成都的公园一般几点开门关门哇？
6202,spot,647,description,去成都的公园耍要门票不，大概好多钱一个人？
6203,spot,647,description,咋个坐地铁或者公交去人民公园那边哦？
6204,spot,647,description,带娃儿去哪个公园最合适，有没有儿童游乐设施？
6205,spot,647,description,成都哪个公园最好耍，适合和朋友一起散步拍照的？
6206,spot,647,travel_tips,君平园早上几点开门喃？下午去逛到几点合适？
6207,spot,647,travel_tips,这个君平园收不收门票哦，免费的话带老人进去要不要预约？
6208,spot,647,travel_tips,君平园具体在人民公园哪个位置？从地铁站咋个走过去方便不？
6209,spot,647,travel_tips,里面主要看啥子喃？跟人民公园主园区比，值不值得单独逛一圈？
6210,spot,647,travel_tips,带5岁娃娃去君平园耍得住不？有没有啥子儿童设施或者安全风险？
6211,spot,647,cultural_context,君平园在人民公园里面吗？具体从哪个门进去近一点？
6212,spot,647,cultural_context,君平园几点开门，需要买门票不，还是免费随便逛？
6213,spot,647,cultural_context,带家里老人和小孩去人民公园，顺路逛君平园合适吗？
6214,spot,647,cultural_context,君平园里面除了看雕像和碑，还有啥好玩的？大概能逛多久？
6215,spot,647,cultural_context,网上有人说君平园挺清静适合发呆，你实际觉得值不值得专门跑一趟？
6216,spot,650,description,成都那些科教文化场所一般几点开门关门啊？
6217,spot,650,description,带娃去这种科教文化场所，门票贵不贵，有没有学生票？
6218,spot,650,description,从春熙路出发，去成都科技馆或者博物馆之类的地方怎么坐车方便？
6219,spot,650,description,除了看展览，这类地方有没有好玩的互动项目，值不值得逛大半天？
6220,spot,650,description,下雨天带家里老人和小孩去这种科教文化场所合适吗，里面累不累？
6221,spot,650,travel_tips,这个景点几点开门？上午去大概要逛多久？
6222,spot,650,travel_tips,里面有哪些互动展项是收费的？大概多少钱一个人？
6223,spot,650,travel_tips,请问具体位置在哪？坐地铁或者公交怎么过去方便？
6224,spot,650,travel_tips,带5岁小孩去合适吗？有没有什么特别推荐好玩的项目？
6225,spot,650,travel_tips,这个地方网上评价怎么样？值不值得专门跑一趟去玩？
6226,spot,651,travel_tips,请问这个地方几点开门？白天去大概要逛多久啊？
6227,spot,651,travel_tips,这个地方收费吗？还是免费进去的？
6228,spot,651,travel_tips,这个景点具体在哪儿？离人民公园的茶园近不近？走路怎么过去？
6229,spot,651,travel_tips,带小孩去玩合适吗？里面有没有什么互动或者适合小朋友看的东西？
6230,spot,651,travel_tips,这个地方好玩吗？大概能逛些什么？逛完再去喝盖碗茶顺路不？
6231,spot,650,cultural_context,五感花园早上几点开门，晚上几点关门啊？
6232,spot,650,cultural_context,去五感花园的门票多少钱一张，小孩和老人有优惠吗？
6233,spot,650,cultural_context,从春熙路坐地铁或者公交怎么到五感花园？
6234,spot,650,cultural_context,带五岁的小朋友去五感花园合适吗，里面有没有互动体验的项目？
6235,spot,650,cultural_context,五感花园好玩吗？大概逛一圈要多久，值不值得专门跑一趟？
6236,spot,651,description,成都那些有名的景点一般几点开门关门啊？
6237,spot,651,description,去一趟成都的知名景点大概要花多少钱，门票贵不贵？
6238,spot,651,description,从春熙路怎么坐车去都江堰或者青城山，方便吗？
6239,spot,651,description,带5岁的小孩去熊猫基地和宽窄巷子，有没有适合亲子玩的项目？
6240,spot,651,description,成都周边哪个景点人少景美，适合周末去散心，值不值得专门跑一趟？
6241,spot,661,description,成都的公园一般早上几点开门？晚上会不会关门？
6242,spot,661,description,去成都的公园玩要门票吗？大概多少钱一张？
6243,spot,661,description,从春熙路怎么坐车去人民公园？大概要多久？
6244,spot,661,description,带三岁小孩去成都哪个公园最合适？有没有儿童游乐设施？
6245,spot,661,description,成都的公园里面好不好玩？听说有的公园可以喝茶打麻将，是真的吗？
6246,spot,651,cultural_context,大轰炸纪念墙每天几点开门啊？需要买门票不？
6247,spot,651,cultural_context,这地方咋去啊？坐地铁几号线能到，还是得打车？
6248,spot,651,cultural_context,带小学娃去接受下爱国主义教育合适不？会不会太沉重了？
6249,spot,651,cultural_context,纪念墙那边除了看看碑文，还有啥可以逛的？大概能玩多久？
6250,spot,651,cultural_context,这地方评价咋样？值不值得专门跑一趟，还是路过顺便看看就行？
6251,spot,661,cultural_context,东华门遗址公园早上几点开门，下午好久关门哇？
6252,spot,661,cultural_context,这个公园要不要门票，一个人多少钱？
6253,spot,661,cultural_context,坐地铁咋个去东华门遗址公园，最近哪个站下？
6254,spot,661,cultural_context,带娃娃去东华门遗址公园耍，有没有啥子适合小朋友看的？
6255,spot,661,cultural_context,东华门遗址公园好不好耍，大概逛多久合适？
6256,spot,661,travel_tips,请问这个景点几点开门呀？白天去大概要逛多久？
6257,spot,661,travel_tips,这个地方免费进去吗？需不需要提前预约？还是直接去就行？
6258,spot,661,travel_tips,坐地铁或者公交怎么过去最方便？附近有停车场吗？
6259,spot,661,travel_tips,里面好玩吗？大概能看些什么内容？有没有什么特别值得拍照的地方？
6260,spot,661,travel_tips,带5岁的小孩去合适吗？会不会太枯燥？另外里面能随便走动吗？
6261,spot,668,travel_tips,请问早上几点开门，下午到几点就不能进了？
6262,spot,668,travel_tips,这个景点免费进是吧？里面那个薛涛厅单独买票要多少钱？
6263,spot,668,travel_tips,从地铁站出来怎么走方便？附近还有哪些地方可以一起逛？
6264,spot,668,travel_tips,带家里老人和小孩去玩合适吗？大概能逛多久？
6265,spot,668,travel_tips,这个地方值不值得专门去一趟？和旁边的望江楼公园是不是连在一起的？
6266,spot,668,description,成都的景点一般早上几点开门？去晚了会不会不让进？
6267,spot,668,description,去成都那些热门景点，门票大概多少钱一张？有没有学生票或者老年票优惠？
6268,spot,668,description,从春熙路坐地铁怎么去武侯祠和锦里？大概要多久？
6269,spot,668,description,带5岁小孩去成都玩，哪些景点比较轻松不累，适合亲子游？
6270,spot,668,description,青城山和都江堰一天能玩完吗？早上几点出发比较合适？
6271,spot,668,cultural_context,薛涛厅早上几点开门？门票要多少钱一张？
6272,spot,668,cultural_context,薛涛厅具体在成都哪个位置，坐地铁或者公交怎么过去方便？
6273,spot,668,cultural_context,带家里老人和小孩去薛涛厅逛，里面路平不平，有没有休息的地方？
6274,spot,668,cultural_context,薛涛厅里面除了看竹子，还有没有其他好玩的或者能拍照打卡的点？
6275,spot,668,cultural_context,网上说薛涛厅环境挺清幽的，实际去过的朋友觉得值不值得专门跑一趟？
6276,spot,675,description,成都那些风景名胜一般早上几点开门？
6277,spot,675,description,去成都的风景名胜玩一圈大概要花多少钱，门票贵不贵？
6278,spot,675,description,从春熙路坐地铁怎么去这些风景名胜，方便吗？
6279,spot,675,description,带5岁的小孩去成都的风景名胜合适吗，有没有适合亲子玩的？
6280,spot,675,description,成都的风景名胜到底好不好玩，值不值得专门跑一趟？
6281,spot,670,description,成都的综合体育馆一般几点开门？晚上营业到好久？
6282,spot,670,description,去综合体育馆打一次球大概要多少钱？有学生票或者包场收费吗？
6283,spot,670,description,这个综合体育馆具体在哪个位置？坐地铁或者公交怎么过去方便？
6284,spot,670,description,里面除了看比赛还能自己进去运动吗？有哪些项目可以玩？
6285,spot,670,description,带小孩去综合体育馆合适不？有没有亲子活动或者儿童设施？
6286,spot,670,travel_tips,这个运动场几点开门关门？是全天随便进吗？
6287,spot,670,travel_tips,去那边踢球或者打篮球要收费吗？需要提前预约场地不？
6288,spot,670,travel_tips,这个地方在成都哪个位置？坐地铁或者公交怎么过去方便？
6289,spot,670,travel_tips,傍晚去人多不多？周末带小孩去跑跑跳跳合适不，有儿童设施吗？
6290,spot,670,travel_tips,场地质量怎么样？穿普通运动鞋能直接上吗，有没有租鞋或者器材的地方？
6291,spot,675,travel_tips,邛崃纪念馆园区里那个全天开放的地方，具体是几点开门关门啊？
6292,spot,675,travel_tips,这个地方进去要收门票吗，还是免费随便逛？
6293,spot,675,travel_tips,从邛崃市区坐公交或者打车过去，导航搜哪个名字比较准？
6294,spot,675,travel_tips,带小学生去参观会不会太枯燥，大概能逛多久？
6295,spot,675,travel_tips,这地方网上评价怎么样，值不值得专门跑一趟？
6296,spot,670,cultural_context,武侯区那个新兴社区体育公园早上几点开门，晚上开到几点啊？
6297,spot,670,cultural_context,这个体育公园进去要不要门票，或者玩那些健身器材是免费的吗？
6298,spot,670,cultural_context,从地铁3号线或者公交站过去，具体怎么走啊，附近有停车场吗？
6299,spot,670,cultural_context,里面除了健身器材，有没有篮球场或者跑道，适不适合带五六岁的小孩去玩？
6300,spot,670,cultural_context,网上评价咋样，周末人多不多，值不值得专门跑一趟去打卡？
6301,spot,676,travel_tips,这个纪念馆几点开门关门？需要买门票吗？
6302,spot,676,travel_tips,请问这个纪念馆在哪儿？坐地铁或者公交怎么过去方便？
6303,spot,676,travel_tips,里面大概能逛多久？主要看些什么内容？好玩吗？
6304,spot,676,travel_tips,带小孩进去参观合适吗？有没有什么需要注意的？
6305,spot,676,travel_tips,可以随便拍照吗？参观的时候有什么规矩要遵守？
6306,spot,676,description,成都那些风景名胜一般几点开门关门啊？
6307,spot,676,description,去成都的景点玩，门票大概多少钱一张？
6308,spot,676,description,从春熙路怎么坐车去青城山或者都江堰？
6309,spot,676,description,带五岁小孩去武侯祠和锦里，适合玩大半天吗？
6310,spot,676,description,宽窄巷子和人民公园哪个更好逛，有什么特色玩法？
6311,spot,676,cultural_context,邛崃那个革命英雄墙具体在哪个位置哦？导航搜啥子名字能直接到？
6312,spot,676,cultural_context,这边参观要不要门票喃？大概好多钱一个人？
6313,spot,676,cultural_context,革命英雄墙那边几点开门关门？周末去人多不多？
6314,spot,676,cultural_context,带娃娃去逛这个英雄墙合适不？有没有讲解或者啥子互动内容？
6315,spot,676,cultural_context,从成都市区开车过去要多久？附近好不好停车？值不值得专门跑一趟？
6316,spot,675,cultural_context,这个雕塑在成都哪里能看到？具体怎么坐车过去方便吗？
6317,spot,675,cultural_context,请问参观这个湘江战役雕塑要门票吗？大概多少钱一个人？
6318,spot,675,cultural_context,这个雕塑公园每天几点开门和关门？下午去光线好不好？
6319,spot,675,cultural_context,带小孩去看这个雕塑合适吗？会不会太沉重或者孩子看不懂？
6320,spot,675,cultural_context,这个雕塑现场看震撼吗？除了雕塑周边还有啥可以一起逛的？
6321,spot,683,description,成都的纪念馆一般早上几点开门？需要提前预约吗？
6322,spot,683,description,去成都的纪念馆参观门票大概多少钱一张？有学生票或免票政策吗？
6323,spot,683,description,从春熙路怎么坐车去那个纪念馆？打车过去大概要多久？
6324,spot,683,description,带5岁的小孩去纪念馆逛会无聊吗？里面有没有互动或者适合小朋友的展区？
6325,spot,683,description,那个纪念馆大概要逛多久？里面主要看什么内容，值不值得专门跑一趟？
6326,spot,683,travel_tips,请问这个景点几点开门，周一去会不会扑空？
6327,spot,683,travel_tips,这个地方门票多少钱，还是免费的？
6328,spot,683,travel_tips,我想坐地铁过去，具体到哪一站下，方便吗？
6329,spot,683,travel_tips,里面主要是看什么，大概逛多久，值不值得专门跑一趟？
6330,spot,683,travel_tips,带家里老人和小孩去合适吗，院子里能坐着喝茶休息吗？
6331,spot,683,cultural_context,李劼人故居早上几点开门？需要买门票不？
6332,spot,683,cultural_context,这个故居在成都哪个位置？坐地铁或者公交怎么过去方便？
6333,spot,683,cultural_context,里面大概能逛多久？主要看些什么内容，有没有讲解或者互动展品？
6334,spot,683,cultural_context,带小孩去参观合不合适？会不会太闷，有没有适合小朋友看的东西？
6335,spot,683,cultural_context,这个地方好玩吗？值不值得专门跑一趟，大概要预留多长时间参观？
6336,spot,685,description,成都那些纪念馆一般几点开门关门啊？想去参观怕扑空。
6337,spot,685,description,去成都的纪念馆门票要多少钱？有没有免费开放的日子？
6338,spot,685,description,从春熙路怎么坐车去那几个纪念馆？地铁能到吗？
6339,spot,685,description,带五六岁的小孩去纪念馆逛，会不会太无聊？有没有适合小朋友互动的地方？
6340,spot,685,description,成都的纪念馆除了看展品，里面有没有什么特色活动或讲解，值不值得专门跑一趟？
6341,spot,685,travel_tips,这个博物馆几点开门？是每天都开吗，还是周一要闭馆？
6342,spot,685,travel_tips,进去要买门票不？大概逛一圈要花多长时间？
6343,spot,685,travel_tips,这个博物馆就在人民公园里头哇？从哪个门进去好找不？
6344,spot,685,travel_tips,带五岁娃娃去逛合适不？里面东西多不多，会不会觉得闷？
6345,spot,685,travel_tips,坐地铁到人民公园站下，走好久能到？里面主要看啥子，值不值得专门跑一趟？
6346,spot,685,cultural_context,这个保路运动展览一般几点开门关门呢？门票要多少钱一张？
6347,spot,685,cultural_context,请问这个四川保路运动的历史展览具体在成都哪个位置，坐地铁或公交怎么过去方便？
6348,spot,685,cultural_context,带家里老人和小孩去逛这个展览合适吗，里面会不会太枯燥或者走起来很累？
6349,spot,685,cultural_context,这个展览大概要逛多久啊，里面除了看文字和图片，有没有什么互动体验或者实物可以看？
6350,spot,685,cultural_context,网上评价说这个展览怎么样？值不值得专门跑一趟，还是顺路看看就行？
6351,spot,701,description,成都那些纪念馆一般几点开门关门哦？
6352,spot,701,description,去成都的纪念馆门票大概多少钱一张，有没有优惠？
6353,spot,701,description,从春熙路怎么坐车去成都的纪念馆啊？
6354,spot,701,description,带小朋友去成都的纪念馆逛，合适吗？会不会太无聊？
6355,spot,701,description,成都的纪念馆里面主要看什么，好玩吗？大概能逛多久？
6356,spot,701,travel_tips,请问金牛宾馆那个景点几点开门？需要提前预约吗？
6357,spot,701,travel_tips,进去参观要收门票吗？大概多少钱一个人？
6358,spot,701,travel_tips,这个地方在哪儿啊？坐地铁或者公交怎么过去方便？
6359,spot,701,travel_tips,里面主要看什么？大概逛多久合适？值不值得专门跑一趟？
6360,spot,701,travel_tips,带5岁小孩去合适吗？里面会不会很吵或者不适合小朋友玩？
6361,spot,705,description,成都的纪念馆一般几点开门？需要提前预约吗？
6362,spot,705,description,去这些纪念馆参观门票多少钱一张？老人和小孩有优惠吗？
6363,spot,705,description,市区怎么坐车去这些纪念馆方便？附近有地铁站吗？
6364,spot,705,description,带五岁的小朋友去逛纪念馆合适吗？里面会不会很无聊？
6365,spot,705,description,这些纪念馆里主要看什么？大概逛多久能看完，值不值得专门跑一趟？
6366,spot,701,cultural_context,张大千在成都的故居几点开门关门？门票多少钱一张？
6367,spot,701,cultural_context,这个地方具体在成都哪个位置？坐地铁或者公交怎么去方便？
6368,spot,701,cultural_context,园子里除了看房子，有没有他画作的展览？大概逛多久能看完？
6369,spot,701,cultural_context,带家里老人和小孩去合适吗？里面路好不好走，有没有休息的地方？
6370,spot,701,cultural_context,网上评价怎么样？值不值得专门跑一趟，还是顺路看看就行？
6371,spot,705,cultural_context,请问望帝丛帝纪念馆几点开门关门，门票多少钱一张？
6372,spot,705,cultural_context,这个纪念馆具体在成都哪个位置，坐地铁或者公交怎么过去方便？
6373,spot,705,cultural_context,带家里老人和小孩去望帝丛帝纪念馆逛，里面大不大，大概能玩多久？
6374,spot,705,cultural_context,有没有去过的朋友说说，望帝丛帝纪念馆里面好看吗，值不值得专门跑一趟？
6375,spot,705,cultural_context,纪念馆附近好停车不？如果上午去，周边还有没有其他可以一起耍的地方？
6376,spot,709,description,成都的纪念馆一般几点开门？关门时间是多久？
6377,spot,709,description,去成都那些纪念馆参观，门票要多少钱？有没有免费的时候？
6378,spot,709,description,从春熙路坐地铁怎么到成都的纪念馆？大概要多久？
6379,spot,709,description,带五岁小孩去成都的纪念馆合适吗？里面有没有互动体验？
6380,spot,709,description,成都的纪念馆逛下来大概要多久？有哪些必看的展品或亮点？
6381,spot,705,travel_tips,望丛祠门票好多钱一张？里面那个纪念馆还要单独买票不？
6382,spot,705,travel_tips,请问望丛祠早上几点开门？一般逛完要花多长时间？
6383,spot,705,travel_tips,从成都市区坐地铁或者公交怎么去望丛祠？到了郫都城区好找不？
6384,spot,705,travel_tips,望丛祠里头好不好耍？主要看些啥子？带家里老人和5岁娃儿去合适不？
6385,spot,705,travel_tips,春秋两季去望丛祠是不是最安逸？夏天去会不会遭蚊子咬得很凶，需要带驱蚊水不？
6386,spot,709,cultural_context,巴金纪念馆几点开门？下午去逛来得及不？
6387,spot,709,cultural_context,去巴金纪念馆门票好多钱？学生有没有优惠？
6388,spot,709,cultural_context,巴金纪念馆在成都哪个位置？坐地铁咋个过去方便？
6389,spot,709,cultural_context,带娃去巴金纪念馆合适不？有没有啥子互动或讲解活动？
6390,spot,709,cultural_context,巴金纪念馆里头好耍不？大概逛多久能看完？
6391,spot,714,description,成都那些纪念馆一般几点开门关门啊？
6392,spot,714,description,去成都的纪念馆参观门票要多少钱，有没有免费的时候？
6393,spot,714,description,从春熙路怎么坐车去成都的纪念馆，大概要多久？
6394,spot,714,description,成都的纪念馆里面主要看什么，带小孩去会不会觉得无聊？
6395,spot,714,description,成都的纪念馆好玩吗，值不值得专门跑一趟去打卡？
6396,spot,714,travel_tips,大邑那个纪念馆几点开门啊？周一是不是都闭馆？
6397,spot,714,travel_tips,这个纪念馆门票收多少钱，还是免费的？
6398,spot,714,travel_tips,从成都市区怎么过去方便，自驾还是坐旅游专线？
6399,spot,714,travel_tips,带小孩去逛这个纪念馆合适吗，大概能玩多久？
6400,spot,714,travel_tips,那个纪念馆值不值得专门跑一趟大邑，里面主要看什么？
6401,spot,714,cultural_context,这个纪念馆几点开门关门？需要提前预约吗？
6402,spot,714,cultural_context,门票多少钱一张？老人和小孩有优惠吗？
6403,spot,714,cultural_context,从成都市区怎么坐车过去？开车方便停车不？
6404,spot,714,cultural_context,里面主要看些什么？大概逛多久合适？会不会很沉重？
6405,spot,714,cultural_context,带6岁的小朋友去合适吗？有没有互动或适合孩子看的展区？
6406,spot,709,travel_tips,巴金故居那个馆几点开门关门哇？我怕去晚了白跑一趟。
6407,spot,709,travel_tips,这个巴金纪念馆要门票不？还是说免费随便进？
6408,spot,709,travel_tips,从市区坐公交或者地铁咋个去龙泉驿那个巴金馆方便？
6409,spot,709,travel_tips,里面就是看看手稿和生平介绍嘛，大概能逛多久？带娃进去会不会太闷？
6410,spot,709,travel_tips,跟洛带古镇挨得近不，一天时间两个地方耍得完不？值不值得专程跑一趟？
6411,spot,776,description,成都的城市广场一般几点开放？晚上去逛安全吗？
6412,spot,776,description,天府广场附近有停车场吗？停车费大概多少钱一个小时？
6413,spot,776,description,从春熙路步行到天府广场要多久？坐地铁的话坐几号线？
6414,spot,776,description,带家里老人去城市广场散步，附近有没有可以坐着休息的长椅和卫生间？
6415,spot,776,description,成都的城市广场除了拍照打卡，平时有没有什么喷泉表演或者本地人跳广场舞的活动？
6416,spot,794,description,成都的纪念馆一般几点开门关门？需要提前预约吗？
6417,spot,794,description,去成都那些纪念馆门票多少钱一张？学生或者老人有优惠吗？
6418,spot,794,description,成都的纪念馆都在哪些位置？坐地铁或者公交怎么去最方便？
6419,spot,794,description,带小孩去成都的纪念馆参观合适吗？里面有没有互动体验或者讲解服务？
6420,spot,794,description,成都的纪念馆值不值得专门跑一趟？大概逛下来要多久，里面有什么亮点？
6421,spot,776,cultural_context,这个地方几点开门？晚上去广场亮灯好看吗？
6422,spot,776,cultural_context,进去要门票不？大概多少钱一个人？
6423,spot,776,cultural_context,具体在露天音乐公园哪个位置？坐地铁怎么过去方便？
6424,spot,776,cultural_context,那边除了看地标，有没有啥互动玩法或者演出？纯逛会不会无聊？
6425,spot,776,cultural_context,带5岁小孩去合适不？广场上有没有遮阴或者休息的地方？
6426,spot,776,travel_tips,金钟奖纪念广场几点开门啊？晚上去会不会关门？
6427,spot,776,travel_tips,去金钟奖纪念广场要门票不？大概逛多久合适？
6428,spot,776,travel_tips,金钟奖纪念广场在哪儿？坐公交方便吗，具体哪路车能到？
6429,spot,776,travel_tips,那边好玩吗？主要是看啥子，拍照好看不？
6430,spot,776,travel_tips,带娃儿去金钟奖纪念广场耍安逸不？广场上有没有遮阴的地方？
6431,spot,794,travel_tips,请问从成都市区开车过去大概要多久？那边好停车不？
6432,spot,794,travel_tips,这个古宅是免费进的哇？需不需要提前预约或者刷身份证？
6433,spot,794,travel_tips,带五岁的小朋友去逛，大概能玩多久？里面有没有啥互动或者讲解？
6434,spot,794,travel_tips,想找个周末去，但不确定现在这个季节去合不合适，会不会太热或者光秃秃的？
6435,spot,794,travel_tips,我看网上说古宅有保护规定，具体是哪些地方不能碰或者不能拍照啊？
6436,spot,807,description,成都那些寺庙道观一般几点开门关门啊？
6437,spot,807,description,去青羊宫或者文殊院门票多少钱一张？
6438,spot,807,description,从春熙路怎么坐车去昭觉寺？
6439,spot,807,description,带小孩去成都的寺庙道观逛合适吗，会不会太无聊？
6440,spot,807,description,成都周边哪个寺庙道观风景好又清静，值得专门跑一趟？
6441,spot,794,cultural_context,贺麟故居早上几点开门？下午最晚几点不让进了？
6442,spot,794,cultural_context,去贺麟故居的门票多少钱一张？老人和小孩有优惠吗？
6443,spot,794,cultural_context,从成都市区坐地铁或者公交怎么去贺麟故居？开车方便停车不？
6444,spot,794,cultural_context,贺麟故居里面大不大？逛一圈大概要多久？里面有没有讲解或者互动体验？
6445,spot,794,cultural_context,带小学低年级的孩子去贺麟故居合适吗？会不会太闷，有没有适合小朋友看的东西？
6446,spot,807,cultural_context,宝光寺的罗汉堂早上几点开门？下午关门早不早？
6447,spot,807,cultural_context,去罗汉堂看五百罗汉要单独买票不？还是包含在宝光寺门票里？大概多少钱？
6448,spot,807,cultural_context,罗汉堂在宝光寺里面哪个位置？从大门口走过去要多久？
6449,spot,807,cultural_context,带小孩去罗汉堂看五百罗汉合适吗？小孩子会不会觉得无聊？
6450,spot,807,cultural_context,听说罗汉堂数罗汉很灵，具体怎么玩？好玩吗？
6451,spot,807,travel_tips,宝光寺一般几点开门关门喃？逛完还要去别处，怕时间不够。
6452,spot,807,travel_tips,去宝光寺的门票好多钱一张？有没有学生票或者老年优惠哦？
6453,spot,807,travel_tips,宝光寺离成都市区远不远？坐地铁或者公交咋个去最方便？
6454,spot,807,travel_tips,除了看寺庙，那个“数罗汉”咋个耍的？是不是按年龄数到哪个罗汉就要抽签？灵不灵嘛？
6455,spot,807,travel_tips,带5岁的小娃娃去宝光寺合适不？娃娃会不会觉得无聊，有没有啥子可以给娃讲解的？
6456,spot,808,description,成都的寺庙道观一般几点开门关门呢？我想安排早上去，怕跑空了。
6457,spot,808,description,去青羊宫或者文殊院门票大概多少钱一张？老人和小孩有优惠不？
6458,spot,808,description,从春熙路怎么坐公交或地铁去昭觉寺？大概要花多长时间？
6459,spot,808,description,带6岁的小朋友去文殊院逛，会不会太无聊？里面有没有适合孩子看或者玩的地方？
6460,spot,808,description,成都除了文殊院和青羊宫，还有哪些寺庙道观比较值得逛？最好人少清净一点的。
6461,spot,808,travel_tips,这个寺庙几点开门关门啊？早上早点去能进吗？
6462,spot,808,travel_tips,去这里要门票不？大概多少钱一个人？
6463,spot,808,travel_tips,这个寺庙具体在哪儿啊？从市区坐公交或者地铁怎么过去方便？
6464,spot,808,travel_tips,里面好玩吗？除了烧香拜佛还有啥可以看的，大概能逛多久？
6465,spot,808,travel_tips,带五六岁的小孩去合适不？山路好走吗，会不会太累或者有危险？
6466,spot,808,cultural_context,普照寺早上几点开门，下午好久关门哦？
6467,spot,808,cultural_context,去普照寺要不要门票，大概好多钱一个人？
6468,spot,808,cultural_context,从都江堰市区咋个坐车去普照寺，打车贵不贵？
6469,spot,808,cultural_context,带娃儿去普照寺耍合不合适，里面有没有地方可以歇脚？
6470,spot,808,cultural_context,普照寺除了烧香拜佛，还有啥子好耍的，值不值得专门跑一趟？
6471,spot,816,travel_tips,请问这个景点几点开门呢？我想下午去，大概游览多久合适？
6472,spot,816,travel_tips,这里要门票吗？还是免费的？自己带香烛进去可以吗？
6473,spot,816,travel_tips,这个地方具体在哪里啊？怎么坐车过去方便？
6474,spot,816,travel_tips,那边好玩吗？主要是看什么风景或者拜什么，值不值得专程跑一趟？
6475,spot,816,travel_tips,带五六岁的小孩去合适吗？听说山路滑，会不会不安全？
6476,spot,816,description,成都那些寺庙道观一般几点开门关门啊？我想早上去烧香，怕扑空。
6477,spot,816,description,去青羊宫或者文殊院门票多少钱一张？有没有学生票或者免票政策？
6478,spot,816,description,从春熙路坐地铁或者公交去昭觉寺怎么走最方便？大概要多久？
6479,spot,816,description,带5岁小孩去文殊院或者大慈寺逛合适吗？里面有没有适合小朋友玩的地方？
6480,spot,816,description,成都周边有没有那种风景好、人少又灵验的道观？周末去烧个香顺便爬爬山好玩吗？
6481,spot,816,cultural_context,清凉寺几点开门关门？门票贵不贵，大概多少钱一个人？
6482,spot,816,cultural_context,从成都市区怎么去彭州丹景山的清凉寺，坐公交或者自驾方便吗？
6483,spot,816,cultural_context,清凉寺里面好玩吗？主要看什么，大概能逛多久？
6484,spot,816,cultural_context,带小孩去清凉寺合适不？有没有地方休息或者吃东西？
6485,spot,816,cultural_context,清凉寺现在夏天去凉快不？值得专门跑一趟避暑吗？
6486,spot,833,description,成都那些寺庙道观一般几点开门关门啊？想早起去烧香怕扑空。
6487,spot,833,description,去青羊宫或者文殊院门票多少钱一张？有学生票或者老人免费吗？
6488,spot,833,description,从春熙路坐地铁怎么去昭觉寺最方便？大概要多久？
6489,spot,833,description,带家里五六岁的小孩去文殊院或者大慈寺逛，合适吗？会不会太无聊？
6490,spot,833,description,成都除了文殊院和青羊宫，还有哪些小众又清净的寺庙道观值得专门去一趟？好玩吗？
6491,spot,833,travel_tips,这个景点几点开门关门啊？大概要逛多久？
6492,spot,833,travel_tips,进去是单独买票还是必须买青城山的门票？大概多少钱一张？
6493,spot,833,travel_tips,这个地方在青城山里面具体哪个位置？从山门走过去方便吗？
6494,spot,833,travel_tips,带五岁小孩去合适不？山路好不好走，会不会太累？
6495,spot,833,travel_tips,夏天去真的凉快吗？里面主要看什么，值不值得专门跑一趟？
6496,spot,833,cultural_context,泰安古寺几点开门关门啊？门票要多少钱一个人？
6497,spot,833,cultural_context,从青城山景区门口怎么去泰安古寺，有观光车或者步行要多久？
6498,spot,833,cultural_context,带家里老人和小孩去泰安古寺逛，方便吗？里面爬坡多不多？
6499,spot,833,cultural_context,泰安古寺里面除了看古树和文物，还有没有啥好玩的或者可以上香的地方？
6500,spot,833,cultural_context,这地方跟青城山其他道观比怎么样，值不值得专门绕路去一趟？
6501,spot,846,travel_tips,请问这个地方一般几点开门，几点关门呢？
6502,spot,846,travel_tips,进去耍要买门票不，大概好多钱一个人？
6503,spot,846,travel_tips,从成都市区咋个过去方便，能直接开车到门口不？
6504,spot,846,travel_tips,那边山路陡不陡，带5岁的小娃娃去走起来恼火不？
6505,spot,846,travel_tips,这个季节去合不合适，大概要逛多久才耍得完？
6506,spot,871,description,成都那些寺庙道观一般几点开门关门啊？
6507,spot,871,description,去青羊宫或者文殊院门票要多少钱？
6508,spot,871,description,从春熙路怎么坐车去昭觉寺，方便吗？
6509,spot,871,description,带小孩去成都的寺庙道观逛，会不会无聊，有没有什么好玩的？
6510,spot,871,description,成都哪个道观或者寺庙香火旺、值得专门去一趟，网上评价怎么样？
6511,spot,846,description,成都那些寺庙道观一般几点开门关门啊？我想早上去逛，怕扑空。
6512,spot,846,description,去青羊宫或者文殊院门票多少钱一张？有学生票或者老人优惠吗？
6513,spot,846,description,从春熙路怎么坐公交或地铁到昭觉寺？大概要花多长时间？
6514,spot,846,description,带家里老人和小孩去大慈寺或者宝光寺逛，里面路平不平？有没有休息的地方，适合慢慢走吗？
6515,spot,846,description,成都周边哪个寺庙道观香火旺又好玩？除了烧香拜佛，里面有没有什么特色建筑或者活动值得看？
6516,spot,846,cultural_context,佛山古寺几点开门关门？门票多少钱一张？
6517,spot,846,cultural_context,从成都市区出发，怎么坐车去彭州的佛山古寺方便？
6518,spot,846,cultural_context,带家里老人和小孩去佛山古寺逛，山路好不好走，会不会太累？
6519,spot,846,cultural_context,佛山古寺除了看老建筑和摩崖造像，周边还有啥好耍的？大概能玩多久？
6520,spot,846,cultural_context,网上有人说佛山古寺很灵，到底值不值得专门跑一趟？
6521,spot,937,description,成都那些寺庙道观一般几点开门关门？
6522,spot,937,description,去青羊宫或者文殊院门票多少钱一张？
6523,spot,937,description,成都市区里有哪些寺庙道观交通方便，坐地铁怎么去？
6524,spot,937,description,带小孩去文殊院或者昭觉寺合适吗？里面好玩吗？
6525,spot,937,description,成都的寺庙道观除了烧香拜佛，有没有什么特色活动或值得逛的看点？
6526,spot,871,travel_tips,彭州丹景山景区几点开门？门票是现场买还是提前网上订？
6527,spot,871,travel_tips,丹景山现在这个季节去好玩吗？主要看啥子，大概要耍好久？
6528,spot,871,travel_tips,从成都市区咋个去彭州丹景山？坐高铁还是大巴方便？
6529,spot,871,travel_tips,带5岁娃儿去丹景山爬得起不？山路陡不陡，有没有缆车？
6530,spot,871,travel_tips,丹景山门票好多钱？除了看牡丹花，里头还有没有其他耍的？
6531,spot,937,travel_tips,安仁古镇那个游览大概要逛多久啊？我看有人说30到40分钟够吗？
6532,spot,937,travel_tips,安仁古镇要不要门票？几点开门几点关门啊？
6533,spot,937,travel_tips,从成都市区怎么去安仁古镇方便？有直达的公交或地铁吗？
6534,spot,937,travel_tips,带5岁小孩去安仁古镇合适不？里面有没有什么好玩的或者能歇脚的地方？
6535,spot,937,travel_tips,安仁古镇和旁边哪个景点连着逛比较好？值不值得专门跑一趟？
6536,spot,871,cultural_context,金华寺在丹景山上面，早上几点开门哦？
6537,spot,871,cultural_context,去金华寺要门票不，大概多少钱一个人？
6538,spot,871,cultural_context,从成都市区开车到丹景山金华寺怎么走，好停车不？
6539,spot,871,cultural_context,四月份去金华寺看牡丹花会，除了拜佛还有啥好耍的？
6540,spot,871,cultural_context,带6岁小孩去金华寺爬丹景山，累不累，有没有索道或者观光车？
6541,spot,937,cultural_context,三义庙几点开门关门？门票收多少钱一个人？
6542,spot,937,cultural_context,大邑县的三义庙具体在哪个位置？坐车怎么去方便？
6543,spot,937,cultural_context,里面主要看些啥子？除了塑像还有没有其他三国文化的东西？
6544,spot,937,cultural_context,带家里老人和小孩去逛三义庙合适不？会不会太无聊？
6545,spot,937,cultural_context,网上评价咋样？值不值得专门跑一趟大邑去看？
6546,spot,1032,description,成都那些风景名胜一般早上几点开门？
6547,spot,1032,description,去成都的风景名胜区门票大概多少钱一张？
6548,spot,1032,description,从春熙路怎么坐车到成都的风景名胜景点？
6549,spot,1032,description,带小孩去成都的风景名胜玩合适吗，有没有亲子项目？
6550,spot,1032,description,成都的风景名胜到底好不好玩，值不值得专门去一趟？
6551,spot,1024,description,成都那些风景名胜区一般几点开门关门啊？
6552,spot,1024,description,去成都的风景名胜玩一圈大概要花多少钱门票？
6553,spot,1024,description,成都市区的风景名胜坐地铁能到吗，怎么换乘最方便？
6554,spot,1024,description,带五岁小孩去成都的风景名胜逛，有没有适合亲子游的路线？
6555,spot,1024,description,成都的风景名胜哪个最值得去，周末去会不会人挤人，好玩吗？
6556,spot,1032,travel_tips,爬这座山大概要玩多久？半天够不够啊？
6557,spot,1032,travel_tips,山上要收门票不？大概多少钱一张？
6558,spot,1032,travel_tips,带五岁小孩去爬安全吗？会不会太陡了？
6559,spot,1032,travel_tips,这山具体在哪个位置？坐地铁或者公交怎么过去方便？
6560,spot,1032,travel_tips,春秋去爬风景怎么样？好玩吗，值不值得专门跑一趟？
6561,spot,1024,travel_tips,这个地方几点开门，下午去会不会太晒？
6562,spot,1024,travel_tips,这个遗址公园要门票不，免费的话需要预约吗？
6563,spot,1024,travel_tips,从春熙路坐地铁怎么过去，下车后要走多远？
6564,spot,1024,travel_tips,带5岁小孩去逛这个露天遗址合适吗，会不会觉得无聊？
6565,spot,1024,travel_tips,你们说的这个景点大概能玩多久，值不值得专门跑一趟？
6566,spot,1024,cultural_context,东华门考古遗址公园早上几点开门？需要提前预约吗？
6567,spot,1024,cultural_context,这个遗址公园门票多少钱一张？老人和小孩有优惠吗？
6568,spot,1024,cultural_context,东华门考古遗址公园具体在成都哪个位置？坐地铁几号线能到，出站后怎么走？
6569,spot,1024,cultural_context,带5岁的小朋友去东华门考古遗址公园合适吗？里面有没有互动或体验类的项目？
6570,spot,1024,cultural_context,请问东华门考古遗址公园里面主要看什么？大概逛多久能逛完，值不值得专门跑一趟？
6571,spot,1042,description,成都那些有名的景点一般几点开门关门啊？
6572,spot,1042,description,去成都旅游，热门景点门票大概要多少钱？
6573,spot,1042,description,成都的景点都集中在哪儿？怎么坐地铁或公交过去方便？
6574,spot,1042,description,带小孩去成都玩，哪些景点比较合适不累人？
6575,spot,1042,description,成都的景点哪个最好玩？值不值得专门跑一趟去看？
6576,spot,1042,travel_tips,宽窄巷子几点开门关门？晚上去会不会太晚？
6577,spot,1042,travel_tips,去宽窄巷子要门票不？大概逛一圈要花多少钱？
6578,spot,1042,travel_tips,宽窄巷子具体在哪儿？坐地铁几号线能到？
6579,spot,1042,travel_tips,带小孩去宽窄巷子玩合适吗？里面有没有啥小朋友能玩的项目？
6580,spot,1042,travel_tips,宽窄巷子到底好不好耍？听人说傍晚去人少，是真的吗？
6581,spot,1042,cultural_context,恺庐几点开门？需要买门票吗？
6582,spot,1042,cultural_context,恺庐在宽窄巷子哪个位置？从地铁站怎么走过去？
6583,spot,1042,cultural_context,恺庐里面好玩吗？大概能逛多久？
6584,spot,1042,cultural_context,带小孩去恺庐合适吗？里面有没有什么互动体验？
6585,spot,1042,cultural_context,恺庐值得专门去看吗？和宽窄巷子其他院子比有啥特别的？
6586,spot,1047,description,成都的景点一般早上几点开门？去的话需要提前预约吗？
6587,spot,1047,description,去成都旅游，热门景点门票大概多少钱？有没有免费或者半价的时候？
6588,spot,1047,description,从春熙路怎么坐车去都江堰？大概要花多长时间？
6589,spot,1047,description,带5岁的小孩去成都哪些景点比较合适？会不会太累或者没意思？
6590,spot,1047,description,成都周边哪个景点最值得玩？网上评价怎么样，会不会人挤人？
6591,spot,1032,cultural_context,云顶山早上几点开门？去晚了还能进吗？
6592,spot,1032,cultural_context,从成都市区坐车去云顶山要多久？有没有直达的公交或旅游专线？
6593,spot,1032,cultural_context,云顶山门票多少钱一张？老人和小孩有没有优惠？
6594,spot,1032,cultural_context,带小学四年级的孩子去云顶山看宋蒙战争遗址，适合吗？会不会太枯燥？
6595,spot,1032,cultural_context,云顶山除了看古城墙和遗址，还有没有其他好玩的？大概能逛几个小时？
6596,spot,1047,cultural_context,芒城遗址早上几点开门？需要门票不，大概多少钱一张？
6597,spot,1047,cultural_context,这个遗址具体在成都哪个位置啊，坐地铁或者公交怎么过去方便？
6598,spot,1047,cultural_context,带小孩去芒城遗址玩合适吗？里面有没有讲解或者互动体验？
6599,spot,1047,cultural_context,芒城遗址好玩吗？除了看城墙，大概能逛多久，值不值得专门跑一趟？
6600,spot,1047,cultural_context,遗址附近好停车不？有没有停车场，收费贵不贵？
6601,spot,1047,travel_tips,请问这个地方几点开门，去的话要不要买门票呀？
6602,spot,1047,travel_tips,这个遗址公园具体在青城山哪个位置啊，开车过去方便吗？
6603,spot,1047,travel_tips,带五岁小孩去玩合适不，路好走不，大概能逛多久？
6604,spot,1047,travel_tips,春秋天去是不是最好？里面主要是看啥，会不会很无聊啊？
6605,spot,1047,travel_tips,听说那边是田园区，下雨天去会不会很滑，穿普通运动鞋行吗？
6606,spot,1061,description,成都的景点一般早上几点开门？我想早点去人少一点。
6607,spot,1061,description,去都江堰或者青城山门票多少钱一张？有学生票优惠吗？
6608,spot,1061,description,从春熙路怎么坐车去大熊猫基地？大概要多久？
6609,spot,1061,description,带5岁小孩去成都科技馆合适吗？里面有没有适合低龄儿童玩的？
6610,spot,1061,description,宽窄巷子和锦里哪个更好玩？第一次去成都更推荐去哪个？
6611,spot,1061,travel_tips,竹海那边几点开门关门啊？我想一大早去避开人群。
6612,spot,1061,travel_tips,门票是30块一个人吗？小孩或者老人有没有优惠？
6613,spot,1061,travel_tips,从成都市区怎么过去最方便？有没有直达的班车或者自驾路线？
6614,spot,1061,travel_tips,带5岁小孩去徒步看造纸作坊累不累？大概要走多久？
6615,spot,1061,travel_tips,夏天去真的凉快吗？除了看造纸遗迹，还有没有其他好玩的？
6616,spot,1061,cultural_context,芦沟竹海早上几点开门？门票多少钱一个人？
6617,spot,1061,cultural_context,从邛崃市区怎么坐车去芦沟竹海？打车大概要多少钱？
6618,spot,1061,cultural_context,带5岁小孩去芦沟竹海玩合适吗？里面路好不好走？
6619,spot,1061,cultural_context,芦沟竹海除了看古法造纸遗址，还有啥好玩的？大概能逛多久？
6620,spot,1061,cultural_context,网上说那边是川西竹纸活化石，实际去看会不会很无聊？值不值得专门跑一趟？
6621,spot,1086,travel_tips,请问宽窄巷子里的这个景点几点开门？早上几点去人少一点？
6622,spot,1086,travel_tips,这里要单独买门票不？还是说逛宽窄巷子就能免费进去？
6623,spot,1086,travel_tips,这个景点具体在宽窄巷子哪个位置？从地铁站过去怎么走最近？
6624,spot,1086,travel_tips,里面主要看什么呀？大概逛多久合适？值不值得专门去一趟？
6625,spot,1086,travel_tips,带5岁小孩去方便吗？有没有什么要注意的，比如不能碰的东西？
6626,spot,1086,cultural_context,宽窄巷子那个清朝古街改造时挖出来的遗址，现在去还能看到吗？要不要另外买门票？
6627,spot,1086,cultural_context,带娃去宽窄巷子看那个文物挖掘遗址，大概能逛多久？里面有没有适合小朋友互动的东西？
6628,spot,1086,cultural_context,这个遗址具体在宽窄巷子哪个位置啊？从地铁站出来怎么走最方便？
6629,spot,1086,cultural_context,宽窄巷子的遗址区早上几点开门？下午几点关门？周末人多不多，需不需要提前预约？
6630,spot,1086,cultural_context,听说那儿保留了明清老院子和生活用品，实际看起来会不会很无聊？值不值得专门去一趟？
6631,spot,1086,description,成都那些著名的景点一般几点开门关门啊？想安排一天逛两个地方来得及不？
6632,spot,1086,description,去成都旅游，像武侯祠、宽窄巷子这些地方门票大概多少钱？有没有免费的好景点推荐？
6633,spot,1086,description,从春熙路怎么坐地铁或公交去大熊猫基地最方便？大概要多久？
6634,spot,1086,description,带5岁的小孩去成都，哪些景点比较适合亲子玩？有没有需要注意的地方？
6635,spot,1086,description,成都的青城山和都江堰哪个更值得去？一天时间够玩吗？风景和体验有啥区别？
6636,spot,1094,description,成都那些著名的风景名胜一般几点开门关门？我想安排一天的行程。
6637,spot,1094,description,去都江堰或者青城山玩一趟，门票大概多少钱？有没有学生票或联票优惠？
6638,spot,1094,description,从成都市区怎么去西岭雪山？坐大巴还是高铁方便？
6639,spot,1094,description,带五岁的小孩去熊猫基地和武侯祠，会不会太累？有没有适合亲子的游玩路线？
6640,spot,1094,description,宽窄巷子和锦里哪个更好玩？本地人更推荐去哪个？
6641,spot,1094,travel_tips,这个遗址在宽窄巷子里面具体哪个位置哦？早上几点开门喃？
6642,spot,1094,travel_tips,去这儿耍要不要门票哇？大概逛一圈要花多长时间？
6643,spot,1094,travel_tips,带家里老人和小孩去合适不？里面路好不好走，有没有啥子要注意的？
6644,spot,1094,travel_tips,这个景点好不好耍嘛？除了看遗址，周边还有啥子可以一起逛的？
6645,spot,1094,travel_tips,坐地铁咋个到宽窄巷子这边？从哪个出口出来离这个遗址最近？
6646,spot,1094,cultural_context,韵香遗址在宽窄巷子里面具体哪个位置哦？好不好找？
6647,spot,1094,cultural_context,这个韵香遗址要门票不？大概逛多久能看完？
6648,spot,1094,cultural_context,带娃去韵香遗址合适不？里面有没有啥互动或者给小朋友看的东西？
6649,spot,1094,cultural_context,韵香遗址平时几点开门关门？晚上去能看吗？
6650,spot,1094,cultural_context,韵香遗址听说是挖出来的老茶馆遗迹，实际去好玩吗？值不值得专门拐过去看一眼？
6651,spot,1095,travel_tips,双眼井在宽窄巷子哪个位置哦？好不好找？
6652,spot,1095,travel_tips,看这个双眼井要门票不？大概逛多久合适？
6653,spot,1095,travel_tips,请问双眼井几点开放呢？晚上去看得到不？
6654,spot,1095,travel_tips,带5岁娃娃去双眼井耍，有没有啥子要注意的？
6655,spot,1095,travel_tips,网上说双眼井就是个古井，实际去看有意思吗？值不值得专门跑一趟？
6656,spot,1095,cultural_context,双眼井几点开门关门呢？要不要门票？
6657,spot,1095,cultural_context,请问双眼井具体在宽窄巷子哪个位置？怎么走过去最方便？
6658,spot,1095,cultural_context,这个双眼井就两个洞洞，带小孩去会不会太无聊？附近还有啥可以一起逛的？
6659,spot,1095,cultural_context,双眼井好玩吗？值得专门跑一趟打卡不，还是路过顺便看看就行？
6660,spot,1095,cultural_context,去双眼井坐地铁几号线哪个站下？大概要逛多久？
6661,spot,1117,description,成都地铁站一般几点开门运营，首班车是几点啊？
6662,spot,1117,description,坐一次成都地铁要多少钱，票价怎么算的？
6663,spot,1117,description,从春熙路到天府广场坐地铁怎么换乘，大概要多久？
6664,spot,1117,description,成都地铁站里有没有母婴室，带小宝宝出行方便吗？
6665,spot,1117,description,成都地铁站附近好不好逛，出站就是景点的那种推荐几个呗？
6666,spot,1095,description,成都那些有名的景点一般早上几点开门啊？我想安排一天逛两三个地方，怕时间来不及。
6667,spot,1095,description,去青城山或者都江堰玩一趟，门票大概多少钱？有没有学生票或者联票优惠？
6668,spot,1095,description,从春熙路打车去熊猫基地大概要多久？坐地铁方便吗，具体换乘哪条线？
6669,spot,1095,description,带5岁小孩去成都玩，哪些景点比较适合？像武侯祠、杜甫草堂这种孩子会觉得无聊吗？
6670,spot,1095,description,宽窄巷子和锦里哪个更值得逛？听说都是仿古街，好吃好玩的东西多不多？
6671,spot,1148,description,成都动物园早上几点开门啊？
6672,spot,1148,description,去成都动物园门票多少钱一张？
6673,spot,1148,description,带三岁小孩去成都动物园玩合适吗？
6674,spot,1148,description,成都动物园在哪个位置，坐地铁怎么去？
6675,spot,1148,description,成都动物园好玩吗，大概能逛多久？
6676,spot,1148,cultural_context,成都动物园几点开门？我想早点去看毛冠鹿。
6677,spot,1148,cultural_context,去成都动物园看毛冠鹿，门票多少钱一张？
6678,spot,1148,cultural_context,毛冠鹿在动物园哪个区域？从地铁站怎么走过去？
6679,spot,1148,cultural_context,带5岁小孩去看毛冠鹿合适吗？会不会太小看不懂？
6680,spot,1148,cultural_context,成都动物园的毛冠鹿好养吗？听说挺稀有的，实际看着好玩不？
6681,spot,1150,description,成都动物园早上几点开门？门票多少钱一张？
6682,spot,1150,description,带小孩去成都动物园玩合适吗？大概能逛多久？
6683,spot,1150,description,从春熙路怎么坐车去成都动物园？有地铁直达吗？
6684,spot,1150,description,成都动物园里有哪些值得看的动物？有没有大熊猫？
6685,spot,1150,description,周末去成都动物园人多吗？大概要排队多久才能进去？
6686,spot,1148,travel_tips,毛冠鹿展区啥时候去能看到它们跑动啊？是早上还是傍晚比较好？
6687,spot,1148,travel_tips,去成都动物园看毛冠鹿，门票是单独收还是包含在20块那个总票价里头？
6688,spot,1148,travel_tips,毛冠鹿展区在动物园哪个位置？从北门进去大概走好久？
6689,spot,1148,travel_tips,带5岁娃去毛冠鹿那边逛一圈大概要多久？有没有树荫凉快，怕娃中暑？
6690,spot,1148,travel_tips,那个毛冠鹿展区到底好不好耍？是不是就几只鹿站着不动，值不值得专门过去看？
6691,spot,1150,travel_tips,白虎展区下午几点去能看到白虎活动呀？
6692,spot,1150,travel_tips,去成都动物园看孟加拉白虎，门票是20元一个人吗？
6693,spot,1150,travel_tips,孟加拉白虎展区在动物园哪个位置？好找不？
6694,spot,1150,travel_tips,带5岁小孩去看白虎，那边游览大概要多久，合适吗？
6695,spot,1150,travel_tips,坐地铁去成都动物园看白虎，出站后怎么走？
6696,spot,1161,cultural_context,这个动物园几点开门呀？
6697,spot,1161,cultural_context,门票多少钱一张，小孩有优惠吗？
6698,spot,1161,cultural_context,坐地铁或者公交怎么过去方便？
6699,spot,1161,cultural_context,带两岁半的小朋友去合适吗，会不会太小了？
6700,spot,1161,cultural_context,里面除了看动物，还有啥互动项目好玩吗？
6701,spot,1150,cultural_context,成都动物园几点开门呀？我想早点去看白虎，怕去晚了人多。
6702,spot,1150,cultural_context,看白虎要另外买票不？还是含在动物园门票里，大概多少钱一张？
6703,spot,1150,cultural_context,坐地铁去成都动物园方便吗？哪个站下，出站走多远能到白虎馆？
6704,spot,1150,cultural_context,带5岁小孩去看白虎合适不？有没有讲解或者互动，孩子能听懂不？
6705,spot,1150,cultural_context,白虎展区好玩吗？除了看老虎，周边还有啥能一起逛的，大概能玩多久？
6706,spot,1161,travel_tips,周末上午大概几点去人比较少？动物状态最好吗？
6707,spot,1161,travel_tips,这个项目是包含在门票里的还是要另外收费？大概多少钱？
6708,spot,1161,travel_tips,带3岁的小孩去合适吗？有没有什么要注意的安全问题？
6709,spot,1161,travel_tips,从市区过去方便吗？坐地铁或者公交能到吗？
6710,spot,1161,travel_tips,里面好玩吗？一般带娃逛一圈要花多长时间？
6711,spot,1161,description,成都动物园几点开门，门票多少钱一张？
6712,spot,1161,description,从春熙路坐地铁怎么去成都动物园，大概要多久？
6713,spot,1161,description,带三岁小孩去成都动物园玩合适吗，里面有没有推婴儿车方便的路？
6714,spot,1161,description,成都动物园好不好玩？跟熊猫基地比哪个更值得去？
6715,spot,1161,description,成都动物园里能喂长颈鹿吗？周末去会不会人特别多，建议几点去避开高峰？
6716,spot,1167,description,成都动物园早上几点开门？门票多少钱一张？
6717,spot,1167,description,带小孩去成都动物园玩合适吗？大概能逛多久？
6718,spot,1167,description,成都动物园在哪个位置？坐地铁几号线能到？
6719,spot,1167,description,成都动物园里有哪些特色动物？值不值得专程去一趟？
6720,spot,1167,description,去成都动物园玩，停车方便吗？附近有没有吃饭的地方？
6721,spot,1167,travel_tips,请问那里几点开门呀，一般逛多久比较合适？
6722,spot,1167,travel_tips,门票大概多少钱一张？网上买能便宜点不？
6723,spot,1167,travel_tips,这个地方在温江具体怎么去啊，坐地铁方便吗？
6724,spot,1167,travel_tips,里面主要玩什么，带五岁小孩去合适吗？
6725,spot,1167,travel_tips,这个季节去会不会很晒？有没有蚊子，需要准备啥？
6726,spot,1186,cultural_context,大象馆几点开门关门？下午去会不会扑空？
6727,spot,1186,cultural_context,去大象馆要单独买票吗，还是包含在动物园门票里？
6728,spot,1186,cultural_context,大象馆在动物园哪个位置，从北门进去怎么走最快？
6729,spot,1186,cultural_context,带孩子去大象馆看大象好玩吗？里面有没有科普讲解或者互动活动？
6730,spot,1186,cultural_context,大象馆附近好停车吗？坐地铁几号线能到动物园？
6731,spot,1181,description,成都的住宿一般几点能办理入住？如果提前到了能先放行李吗？
6732,spot,1181,description,在成都住一晚大概多少钱？有没有那种性价比高的民宿推荐？
6733,spot,1181,description,住宿的地方离宽窄巷子或者春熙路远不远？交通方便吗？
6734,spot,1181,description,带小孩住成都的酒店，有没有亲子房或者儿童游乐设施？
6735,spot,1181,description,这家住宿评价怎么样？网上都说隔音好不好、干净不干净？
6736,spot,1186,travel_tips,大象馆是早上几点开门啊，几点去能看到它们活动？
6737,spot,1186,travel_tips,看大象要另外买票不，还是含在门票里的？
6738,spot,1186,travel_tips,这个大象馆在园区哪个位置，怎么走最近？
6739,spot,1186,travel_tips,带五岁小孩去看大象合适吗，会不会味道太大？
6740,spot,1186,travel_tips,大象馆大概能逛多久，上午去还是下午去好？
6741,spot,1167,cultural_context,这个动物园几点开门，关门时间是好久？
6742,spot,1167,cultural_context,门票好多钱一张，儿童或者老人有优惠不？
6743,spot,1167,cultural_context,咋个去这个动物园喃，坐地铁或者公交方便不？
6744,spot,1167,cultural_context,里头主要是看动物表演哇，散放式饲养是啥子意思，好不好耍？
6745,spot,1167,cultural_context,带三岁多的小娃娃去合适不，有没有啥子要注意的？
6746,spot,1186,description,成都动物园早上几点开门？门票多少钱一张？
6747,spot,1186,description,带三岁小孩去成都动物园玩合适吗？里面有没有推婴儿车方便的路？
6748,spot,1186,description,从春熙路坐地铁怎么去成都动物园？大概要多久？
6749,spot,1186,description,成都动物园里有哪些必看的动物？一般逛完要花多长时间？
6750,spot,1186,description,周末去成都动物园人多不多？值不值得专门跑一趟？
6751,spot,1190,description,成都动物园几点开门关门啊？
6752,spot,1190,description,去成都动物园门票多少钱一张？
6753,spot,1190,description,带小孩去成都动物园玩合适吗，大概能逛多久？
6754,spot,1190,description,成都动物园在哪个位置，坐地铁怎么去方便？
6755,spot,1190,description,成都动物园好玩吗，里面动物多不多，值不值得专门跑一趟？
6756,spot,1190,travel_tips,长颈鹿馆上午几点去能看到它们喂食啊？大概要逛多久？
6757,spot,1190,travel_tips,喂长颈鹿那个投喂体验是另外收钱的吗，具体多少钱一次？
6758,spot,1190,travel_tips,长颈鹿馆在动物园里具体怎么走，从大门过去远不远？
6759,spot,1190,travel_tips,带三岁小孩去长颈鹿馆玩合适吗，会不会等太久或者没意思？
6760,spot,1190,travel_tips,长颈鹿馆除了看喂食还有啥好玩的，值不值得专门跑一趟？
6761,spot,1190,cultural_context,成都动物园几点开门？长颈鹿展区早上能看到它们活动吗？
6762,spot,1190,cultural_context,去成都动物园看长颈鹿，门票多少钱一张？小孩有优惠吗？
6763,spot,1190,cultural_context,从春熙路坐地铁怎么去成都动物园？到哪个站下最近？
6764,spot,1190,cultural_context,带3岁小孩去成都动物园看长颈鹿好玩吗？里面推婴儿车方便不？
6765,spot,1190,cultural_context,成都动物园的长颈鹿展区评价咋样？听说模仿非洲草原，值得专门去打卡不？
6766,spot,1270,description,成都的旅游景点一般早上几点开门？我想早点去人少一点。
6767,spot,1270,description,去成都那些热门景点玩一圈大概要花多少钱？门票和里面项目分开算吗？
6768,spot,1270,description,从春熙路怎么坐车去都江堰或青城山？有直达的景区直通车吗？
6769,spot,1270,description,带5岁的小孩去成都哪个景点最合适？有没有推婴儿车方便的地方？
6770,spot,1270,description,成都的宽窄巷子和锦里哪个更好玩？晚上去是不是比白天有意思？
6771,spot,1270,travel_tips,动物园里的百鸟苑一般几点去能看到丹顶鹤比较活跃的样子？
6772,spot,1270,travel_tips,去成都动物园看百鸟苑还要另外买票不，还是说门票已经包含了？
6773,spot,1270,travel_tips,百鸟苑在动物园里面具体哪个位置，好不好找？
6774,spot,1270,travel_tips,带五岁小孩去百鸟苑逛一圈大概要多久，会不会无聊？
6775,spot,1270,travel_tips,听说百鸟苑可以喂丹顶鹤，是真的吗，还是只能看看？
6776,spot,1270,cultural_context,成都动物园的百鸟苑几点开门呀？我想早点儿去看丹顶鹤。
6777,spot,1270,cultural_context,去成都动物园看丹顶鹤，门票多少钱一张？老人和小孩有优惠吗？
6778,spot,1270,cultural_context,从春熙路坐地铁或者公交怎么去成都动物园的百鸟苑？大概要多久？
6779,spot,1270,cultural_context,百鸟苑里除了丹顶鹤还有别的鸟吗？带五岁小孩去逛，好玩吗，会不会走很久很累？
6780,spot,1270,cultural_context,听说丹顶鹤寓意长寿，想带爸妈去百鸟苑看看，那边路平不平、有没有休息的地方，适合老人慢慢逛吗？
6781,spot,1281,cultural_context,浣熊展区早上几点开门呀？
6782,spot,1281,cultural_context,看浣熊要单独买票不，还是包含在动物园门票里？
6783,spot,1281,cultural_context,浣熊展区在动物园哪个位置，怎么走过去方便？
6784,spot,1281,cultural_context,带5岁小孩去看浣熊合适吗，有没有互动讲解活动？
6785,spot,1281,cultural_context,网上说浣熊会洗手，实际去现场看好玩吗，值得专门跑一趟不？
6786,spot,1304,description,成都植物园早上几点开门？门票多少钱一张？
6787,spot,1304,description,带小孩去成都植物园玩合适吗？里面有没有儿童游乐设施？
6788,spot,1304,description,去成都植物园坐地铁方便吗？具体在哪个站下？
6789,spot,1304,description,成都植物园里面主要看什么？这个季节去有什么花值得看？
6790,spot,1304,description,成都植物园大概要逛多久？里面有没有吃饭或者休息的地方？
6791,spot,1281,travel_tips,下午去成都动物园浣熊展区的话，大概几点能看到它们比较活跃呀？
6792,spot,1281,travel_tips,去浣熊展区看它们洗东西，门票是包含在动物园大门票里还是要另外收费？
6793,spot,1281,travel_tips,从地铁站到成都动物园浣熊展区怎么走最近？大概要走多久？
6794,spot,1281,travel_tips,带5岁小朋友去看浣熊，除了看它们洗食物，还有没有其他好玩的互动或者讲解？
6795,spot,1281,travel_tips,听说浣熊下午喂食的时候最活泼，那周末去人多不多，值不值得专门挑那个时间段去？
6796,spot,1281,description,成都那些有名的景点一般几点开门啊？
6797,spot,1281,description,去武侯祠和锦里玩一圈大概要花多少钱？
6798,spot,1281,description,从春熙路怎么坐车去都江堰景区方便？
6799,spot,1281,description,带五岁小孩去成都大熊猫基地合适吗，会不会太累？
6800,spot,1281,description,宽窄巷子和锦里哪个更好玩，值得专门去一趟吗？
6801,spot,1304,cultural_context,珍稀植物园一般几点开门关门啊？
6802,spot,1304,cultural_context,进去要买门票不，大概多少钱一个人？
6803,spot,1304,cultural_context,坐地铁或者公交怎么去珍稀植物园方便？
6804,spot,1304,cultural_context,里面除了看珍稀植物，还有啥好玩的，值不值得专门跑一趟？
6805,spot,1304,cultural_context,带5岁小孩去珍稀植物园合适吗，有没有科普讲解或者互动活动？
6806,spot,1306,description,成都植物园早上几点开门？门票多少钱一张？
6807,spot,1306,description,带小孩去成都植物园玩合适吗？里面有什么小朋友能玩的项目？
6808,spot,1306,description,成都植物园怎么去最方便？坐地铁几号线能到？
6809,spot,1306,description,植物园里哪个季节去最好看？现在这个季节去值得逛吗？
6810,spot,1306,description,成都植物园里面大不大？逛一圈大概要多久，有没有观光车？
6811,spot,1304,travel_tips,请问这个地方几点开门呀？早上想去的话大概什么时候到比较合适？
6812,spot,1304,travel_tips,门票多少钱一张？老人和小孩有没有优惠，还是说必须提前在网上买？
6813,spot,1304,travel_tips,从春熙路坐地铁或者公交怎么过去最方便？大概要花多长时间？
6814,spot,1304,travel_tips,里面主要能玩什么呀？就是逛逛植物还是也有小朋友玩的项目，带5岁娃去合适吗？
6815,spot,1304,travel_tips,这个园区值得专门跑一趟吗？看网上说1小时能逛完，是不是有点小，会不会觉得无聊？
6816,spot,1306,cultural_context,成都植物园的梨园现在开花了吗？大概几点开门，门票好多钱一个人？
6817,spot,1306,cultural_context,请问植物园梨园在哪个位置，坐地铁或者公交怎么过去方便？
6818,spot,1306,cultural_context,带娃去植物园梨园耍一天合适不？里面有没有专门看梨花的地方，可以野餐不？
6819,spot,1306,cultural_context,成都植物园梨园值不值得专门跑一趟？除了看梨花还有啥子好玩的？
6820,spot,1306,cultural_context,植物园梨园开放时间是几点到几点？老年人或者学生买票有没有优惠？
6821,spot,1306,travel_tips,成都植物园梨园早上几点开门啊？我想趁人少去拍梨花。
6822,spot,1306,travel_tips,去成都植物园看梨花要单独买票吗，还是用大门票就行？大概多少钱？
6823,spot,1306,travel_tips,从市区坐地铁或者公交去成都植物园方便吗？具体坐到哪一站下？
6824,spot,1306,travel_tips,三月份带娃去植物园梨园逛，小孩子会感兴趣吗？里面有没有平坦的路能推婴儿车？
6825,spot,1306,travel_tips,成都植物园梨园除了看梨花，周围还有啥好玩的？逛完大概能玩多久？
6826,spot,1307,description,成都植物园早上几点开门？门票多少钱一张？
6827,spot,1307,description,带小朋友去成都植物园玩合适吗？里面有没有儿童游乐区？
6828,spot,1307,description,从春熙路坐地铁或者公交去成都植物园方便吗？大概要多久？
6829,spot,1307,description,成都植物园里面主要看什么？现在这个季节去有什么花或者值得逛的展区？
6830,spot,1307,description,成都植物园大概逛一圈要多久？里面有没有休息和吃饭的地方？
6831,spot,1307,travel_tips,请问木兰园早上几点开门，下午关门时间是啥时候？
6832,spot,1307,travel_tips,去木兰园看花要另外买票吗，还是植物园通票10元就包括了？
6833,spot,1307,travel_tips,木兰园在植物园里面具体哪个位置，从哪个大门进去走多久能到？
6834,spot,1307,travel_tips,带5岁小孩去木兰园玩合适吗，里面除了看花有没有能让孩子跑动的地方？
6835,spot,1307,travel_tips,现在3月底去木兰园赏花人多不多，花开了没，大概能逛多久？
6836,spot,1307,cultural_context,成都植物园的木兰园早上几点开门？门票多少钱一张？
6837,spot,1307,cultural_context,带家里老人去木兰园看白玉兰，坐地铁方便吗？具体怎么走？
6838,spot,1307,cultural_context,木兰园那边除了看花，有没有适合小孩子玩的地方？大概能逛多久？
6839,spot,1307,cultural_context,这个季节去木兰园能看到紫玉兰吗？还是说只有春天才开？
6840,spot,1307,cultural_context,网上都说木兰园是川西园林风格，实际去拍照好看吗？值不值得专程跑一趟？
6841,spot,1308,description,成都那些风景名胜区一般几点开门关门啊？
6842,spot,1308,description,去青城山或者都江堰这种景点，门票大概多少钱一张？
6843,spot,1308,description,从成都市区怎么坐车去西岭雪山，方便吗？
6844,spot,1308,description,带五岁的小孩去成都周边哪个风景名胜区玩最合适？
6845,spot,1308,description,成都的宽窄巷子和锦里哪个更好玩，值得专门去一趟吗？
6846,spot,1308,travel_tips,桃花林早上几点开门？工作日去是不是人少些？
6847,spot,1308,travel_tips,植物园门票多少钱一张？桃花季会不会涨价？
6848,spot,1308,travel_tips,桃花林离桃花园远不远？从市区坐公交怎么过去？
6849,spot,1308,travel_tips,带孩子去桃花林玩合适吗？大概能逛多久？
6850,spot,1308,travel_tips,现在去桃花还开着吗？周末人多不多，值不值得专程跑一趟？
6851,spot,1309,description,成都植物园早上几点开门？门票多少钱一张？
6852,spot,1309,description,带小孩去成都植物园玩合适吗？有没有儿童游乐区？
6853,spot,1309,description,坐地铁去成都植物园方便吗？从哪个站下？
6854,spot,1309,description,成都植物园里哪个季节最好看？大概逛多久能逛完？
6855,spot,1309,description,成都植物园值得专程去一趟吗？里面有什么特别值得看的景点？
6856,spot,1308,cultural_context,成都龙泉驿那个植物园看桃花大概几点开门呀？早上想早点去人少点。
6857,spot,1308,cultural_context,去龙泉驿植物园赏桃花门票多少钱一张？老人和小孩有优惠吗？
6858,spot,1308,cultural_context,从成都市区坐地铁或者公交去龙泉驿植物园方便吗？大概要多久？
6859,spot,1308,cultural_context,带家里三岁的小朋友去植物园看桃花合适不？里面推婴儿车方便吗？
6860,spot,1308,cultural_context,现在这个季节去龙泉驿植物园桃花开了没？除了看桃花还有啥好玩的？
6861,spot,1309,cultural_context,桃花园早上几点开门？下午去会不会太晚？
6862,spot,1309,cultural_context,去桃花园要门票吗？大概多少钱一个人？
6863,spot,1309,cultural_context,桃花园具体在成都哪个位置？坐地铁或者公交怎么过去方便？
6864,spot,1309,cultural_context,这个季节去桃花园主要看什么？除了看桃花还有啥好玩的？
6865,spot,1309,cultural_context,带家里老人和小孩去桃花园合适吗？里面路好不好走，有没有休息的地方？
6866,spot,1309,travel_tips,桃花园和桃花林是同一个地方吗？3月去玩大概要逛多久，门票是现场买吗？
6867,spot,1309,travel_tips,请问桃花园早上几点开门？从市区坐地铁或者公交怎么过去方便？
6868,spot,1309,travel_tips,带5岁小朋友去桃花园合适吗？里面除了看花有没有其他好玩的，会不会很晒？
6869,spot,1309,travel_tips,桃花园门票10块钱是只收现金还是可以扫码？跟梅花园、樱花园挨得近不近，值不值得一起逛？
6870,spot,1309,travel_tips,网上说桃花园3月最美，但周末人多不多？大概能玩两个小时，有没有推荐的拍照或者休息点？
6871,spot,1311,description,成都植物园早上几点开门？门票多少钱一张？
6872,spot,1311,description,从春熙路坐地铁去成都植物园方便吗，大概要多久？
6873,spot,1311,description,带5岁的小孩去成都植物园玩合适吗？里面有没有儿童游乐区？
6874,spot,1311,description,成都植物园除了看花，还有哪些好玩的？大概能逛多久？
6875,spot,1311,description,成都植物园现在这个季节去值得吗？周末人多不多，适合拍照吗？
6876,spot,1311,travel_tips,市花园几点开门关门啊？我想下午去逛逛来得及不？
6877,spot,1311,travel_tips,去市花园看芙蓉花要门票不？多少钱一张？
6878,spot,1311,travel_tips,市花园具体在哪儿啊？从春熙路坐地铁或者公交怎么过去？
6879,spot,1311,travel_tips,现在这个季节去市花园好玩吗？除了看芙蓉花还有啥子看的？
6880,spot,1311,travel_tips,带五岁娃儿去市花园合适不？里面路好不好走，大概能耍多久？
6881,spot,1311,cultural_context,市花园几点开门？去之前需要预约吗？
6882,spot,1311,cultural_context,去市花园逛一圈要门票不？大概多少钱一张？
6883,spot,1311,cultural_context,市花园具体在成都哪个位置？坐地铁或者公交方便吗？
6884,spot,1311,cultural_context,市花园里面花多不多？大概逛多久比较合适，好玩吗？
6885,spot,1311,cultural_context,带小孩去市花园合适吗？里面有没有休息或者遛娃的地方？
6886,spot,1334,description,成都那些风景名胜一般都几点开门关门啊？
6887,spot,1334,description,去这些景点玩一圈大概要花多少钱，门票贵不贵？
6888,spot,1334,description,从市区出发怎么坐车去这些风景名胜最方便？
6889,spot,1334,description,带小孩去这些地方合适吗，有没有适合亲子玩的项目？
6890,spot,1334,description,这些景点到底好不好玩，值不值得专门跑一趟去打卡？
6891,spot,1334,travel_tips,世园会白天一般几点开门，逛完大概要多久啊？
6892,spot,1334,travel_tips,去世园会玩的话，门票是单独买还是必须买那个通票，大概多少钱一张？
6893,spot,1334,travel_tips,世园会具体在哪个位置，坐地铁或者公交怎么过去方便？
6894,spot,1334,travel_tips,世园会里面主要看啥，好不好玩，值不值得专门跑一趟？
6895,spot,1334,travel_tips,带五六岁的小孩去世园会合适吗，里面有没有适合孩子玩或者休息的地方？
6896,spot,1334,cultural_context,这个康奈尔大学展园每天几点开门关门呢？
6897,spot,1334,cultural_context,去世园会看这个展园要额外买票不，还是包含在门票里？
6898,spot,1334,cultural_context,这个展园在园区哪个位置，从哪个门进过去最方便？
6899,spot,1334,cultural_context,里面主要是看植物还是有什么互动体验，逛一圈大概多久？
6900,spot,1334,cultural_context,带5岁娃去合适吗，有没有孩子能玩或者看的东西？
6901,spot,1339,description,成都那些风景名胜一般早上几点开门？
6902,spot,1339,description,去成都的风景名胜玩，门票大概多少钱一张？
6903,spot,1339,description,从春熙路坐地铁怎么去这些风景名胜，方便吗？
6904,spot,1339,description,带五岁小孩去成都的风景名胜逛，会不会太累或者不合适？
6905,spot,1339,description,成都的风景名胜到底好不好玩，值不值得专门花一天去？
6906,spot,1339,travel_tips,世园会核心展馆早上几点开门？几点去人最少啊？
6907,spot,1339,travel_tips,去世园会核心展馆要另外买票吗，还是说光有世园会门票就能进？
6908,spot,1339,travel_tips,从市区坐地铁或者公交去世园会核心展馆方便吗？大概要多久？
6909,spot,1339,travel_tips,带5岁小孩去世园会核心展馆合适吗？里面有没有空调，逛起来累不累？
6910,spot,1339,travel_tips,世园会核心展馆里面到底好不好玩？主要看些什么，值不值得专门跑一趟？
6911,spot,1339,cultural_context,世园会植物馆早上几点开门，晚上几点关门？
6912,spot,1339,cultural_context,去植物馆的门票多少钱一张，老人和小孩有优惠吗？
6913,spot,1339,cultural_context,植物馆具体在哪个位置，坐地铁或公交怎么过去方便？
6914,spot,1339,cultural_context,里面除了看珍稀植物，还有啥好玩的互动项目吗？
6915,spot,1339,cultural_context,带五岁小孩去逛植物馆合适不，会不会觉得无聊或者走不动？
6916,spot,1342,travel_tips,请问科研苗圃早上几点开门？普通游客能进去逛逛吗？
6917,spot,1342,travel_tips,去科研苗圃要买门票吗？大概多少钱一张？
6918,spot,1342,travel_tips,科研苗圃在成都哪个位置？坐地铁或者公交怎么过去方便？
6919,spot,1342,travel_tips,带小孩去科研苗圃外围看看值得吗？里面进不去会不会很无聊？
6920,spot,1342,travel_tips,科研苗圃好玩吗？看网上说只能在外面看，实际景色怎么样？
6921,spot,1342,description,成都植物园早上几点开门？门票多少钱一个人？
6922,spot,1342,description,带小孩去成都植物园玩合适吗？里面有没有儿童游乐区？
6923,spot,1342,description,成都植物园怎么去最方便？坐地铁几号线能到？
6924,spot,1342,description,植物园里主要看什么？这个季节去好玩吗，大概能逛多久？
6925,spot,1342,description,去成都植物园是在市区吗？附近好不好停车，停车费贵不贵？
6926,spot,1342,cultural_context,科研苗圃几点开门，可以进去参观吗？
6927,spot,1342,cultural_context,去科研苗圃要买门票吗，多少钱一个人？
6928,spot,1342,cultural_context,科研苗圃在植物园哪个位置，怎么走过去方便？
6929,spot,1342,cultural_context,科研苗圃里面好玩吗，有没有什么特别的花草可以看？
6930,spot,1342,cultural_context,带小孩去科研苗圃合适吗，有没有科普讲解或者互动活动？
6931,spot,1350,description,成都植物园早上几点开门？门票多少钱一张？
6932,spot,1350,description,带小孩去成都植物园耍，有没有儿童游乐设施，推婴儿车方便不？
6933,spot,1350,description,从春熙路坐地铁或者公交去植物园咋个走？大概要多久？
6934,spot,1350,description,成都植物园现在这个季节去好玩吗？里面主要能看些啥子花花草草？
6935,spot,1350,description,去成都植物园玩一天够不够？里面有没有吃饭或者休息的地方？
6936,spot,1366,description,成都那些有名的风景名胜一般早上几点开门？
6937,spot,1366,description,去都江堰或者青城山玩，门票大概多少钱一张？
6938,spot,1366,description,从春熙路怎么坐车去宽窄巷子？
6939,spot,1366,description,带小孩去成都动物园或者大熊猫基地合适吗？
6940,spot,1366,description,武侯祠和杜甫草堂哪个更值得逛，大概要玩多久？
6941,spot,1350,travel_tips,这个景点几点开门关门啊？早上几点去人少点？
6942,spot,1350,travel_tips,门票是30块一个人吗？小孩或者老人有没有优惠？
6943,spot,1350,travel_tips,从成都市区开车过去要多久？不开车的话有公共交通能到吗？
6944,spot,1350,travel_tips,带五岁的小朋友去合适吗？山路上好不好走，会不会太累？
6945,spot,1350,travel_tips,里面主要看什么？两三个小时够逛吗，值不值得专门跑一趟？
6946,spot,1350,cultural_context,华西亚高山植物园每天几点开门关门呀？
6947,spot,1350,cultural_context,去这个植物园要买门票吗？大概多少钱一个人？
6948,spot,1350,cultural_context,这个植物园在成都哪个位置啊？从市区开车过去要多久？
6949,spot,1350,cultural_context,里面主要看什么呀？高山杜鹃这个季节开得好不好看？
6950,spot,1350,cultural_context,带家里老人和小孩去逛合适吗？路好不好走，会不会很累？
6951,spot,1366,travel_tips,世园会那个地方一般几点开门关门啊？游览大概要花多久？
6952,spot,1366,travel_tips,世园会的门票是单独买还是包含在通票里？大概多少钱一张？
6953,spot,1366,travel_tips,从成都市区怎么去世园会简阳主会场？坐地铁还是大巴方便？
6954,spot,1366,travel_tips,世园会里面主要看啥子？有没有适合带娃耍的互动项目？
6955,spot,1366,travel_tips,听说简阳主会场很大，一天逛得完不？有没有推荐的游览路线？
6956,spot,1366,cultural_context,这个圣何塞市的展园每天几点开门，晚上会不会很早就关门了？
6957,spot,1366,cultural_context,去这个哥斯达黎加展园要单独买票吗，还是包含在世园会门票里？
6958,spot,1366,cultural_context,这个展园在园区里具体怎么走，坐电瓶车能到吗？
6959,spot,1366,cultural_context,里面除了看热带植物，有没有什么互动体验或者表演，值得专门绕过去逛一圈吗？
6960,spot,1366,cultural_context,带五岁小孩去这里玩合适吗，有没有遮阳休息的地方，会不会太晒？
6961,spot,1370,description,成都那些风景名胜一般几点开门关门啊？
6962,spot,1370,description,去成都的风景名胜玩一圈，门票大概要多少钱？
6963,spot,1370,description,从市区怎么坐车去这些风景名胜，方便吗？
6964,spot,1370,description,这些景点带小孩去合适吗，有没有什么亲子玩法？
6965,spot,1370,description,成都的风景名胜到底好不好玩，值得专门去一趟不？
6966,spot,1370,cultural_context,丹梓格华业园每天几点开门关门呢？
6967,spot,1370,cultural_context,去丹梓格华业园要门票不？多少钱一张？
6968,spot,1370,cultural_context,丹梓格华业园具体在哪儿啊？坐地铁或者公交怎么过去方便？
6969,spot,1370,cultural_context,丹梓格华业园里面好玩吗？主要能看些啥子，大概逛多久合适？
6970,spot,1370,cultural_context,带五六岁的小孩去丹梓格华业园合适不？有没有啥子儿童能参与的项目？
6971,spot,1370,travel_tips,世园会国际展园一般几点开门，晚上到几点关门？
6972,spot,1370,travel_tips,去国际展园的门票是单独买还是用通票？大概多少钱一个人？
6973,spot,1370,travel_tips,国际展园在园区哪个位置，从哪个门进去比较近？
6974,spot,1370,travel_tips,带5岁小孩去逛国际展园合适吗？大概能玩多久？
6975,spot,1370,travel_tips,世园会国际展园坐地铁或公交怎么去，有直达的接驳车吗？
6976,spot,1373,travel_tips,世园会国际展园早上几点开门？
6977,spot,1373,travel_tips,国际展园的门票怎么算，用通票能直接进吗？
6978,spot,1373,travel_tips,坐地铁去世园会国际展园方便吗，哪个站下最近？
6979,spot,1373,travel_tips,那个法式园林互动活动具体是玩什么的，有意思吗？
6980,spot,1373,travel_tips,带五岁小孩去国际展园逛，会不会太闷或者走不动？
6981,spot,1373,description,成都那些风景名胜一般早上几点开门？
6982,spot,1373,description,去成都的风景名胜玩，门票大概多少钱一张？
6983,spot,1373,description,从春熙路怎么坐车去这些风景名胜啊？
6984,spot,1373,description,带五岁小孩去成都的风景名胜合适吗，有没有轻松点的路线？
6985,spot,1373,description,成都的风景名胜到底好不好玩，值不值得专门跑一趟？
6986,spot,1373,cultural_context,蒙彼利埃园几点开门关门？要门票吗？
6987,spot,1373,cultural_context,这个园子在成都哪个位置？坐地铁或者公交怎么过去方便？
6988,spot,1373,cultural_context,带小孩去蒙彼利埃园好玩吗？里面有没有适合小朋友跑动或者看花的地方？
6989,spot,1373,cultural_context,蒙彼利埃园大概要逛多久？里面除了看植物还有啥拍照或休息的地方？
6990,spot,1373,cultural_context,网上说这里挺出片的，实际去过的评价咋样？值不值得专门跑一趟？
6991,spot,1387,description,成都水上活动中心几点开门？门票多少钱一张？
6992,spot,1387,description,带5岁小孩去水上活动中心玩合适吗？有没有儿童浅水区？
6993,spot,1387,description,请问水上活动中心具体在哪个位置？坐地铁怎么过去方便？
6994,spot,1387,description,那里除了游泳还有哪些好玩的水上项目？大概能玩多久？
6995,spot,1387,description,周末去人多不多？需要提前预约吗？里面租储物柜和泳圈贵不贵？
6996,spot,1387,travel_tips,这个水上乐园夏天几点开门呀？我们想早点去玩到下午。
6997,spot,1387,travel_tips,门票150块是包含所有项目吗，还是进去了有些还要另收费？
6998,spot,1387,travel_tips,从春熙路坐地铁或者公交怎么去这个玩水的地方啊？方便吗？
6999,spot,1387,travel_tips,那里除了玩水还有别的项目不？大概能玩多久，会不会半天就腻了？
7000,spot,1387,travel_tips,带5岁的小孩去合适不？有浅水区吗，救生员多不多，安全咋样？
7001,spot,1398,description,成都水上活动中心几点开门？关门时间是好久？
7002,spot,1398,description,去那个水上活动中心耍一圈大概要多少钱？门票咋算的？
7003,spot,1398,description,成都水上活动中心具体在哪个位置？坐地铁或者公交怎么过去方便？
7004,spot,1398,description,那里好玩吗？主要是些啥子项目？适合带娃娃去耍不？
7005,spot,1398,description,水上活动中心周末人多不多？要不要提前预约？有没有啥子必带的东西？
7006,spot,1398,travel_tips,这个漂流是几点开门啊？是不是只有夏天才开放？
7007,spot,1398,travel_tips,门票大概多少钱一张？网上买能便宜点不？
7008,spot,1398,travel_tips,去那个漂流的地方交通方便吗？坐公交或者打车能到不？
7009,spot,1398,travel_tips,带5岁的小孩去玩合适不？有没有身高或者年龄限制？
7010,spot,1398,travel_tips,漂流好玩吗？全程要漂多久，会不会很晒？需要自己带啥装备不？
7011,spot,1387,cultural_context,成都融创水世界每天几点开门啊，晚上营业到好久？
7012,spot,1387,cultural_context,去融创水世界耍一圈要好多钱一个人？有没有儿童票或者家庭套票？
7013,spot,1387,cultural_context,从成都市区咋个坐车去融创水世界？地铁能到不，还是要转公交？
7014,spot,1387,cultural_context,融创水世界里面好不好耍？主要是玩水项目多不多，适合带三岁娃儿一起去不？
7015,spot,1387,cultural_context,融创水世界是室内的哇？冬天去冷不冷，水温舒服不，带老人去合适不？
7016,spot,1398,cultural_context,这个漂流早上几点开门？下午去玩来得及不？
7017,spot,1398,cultural_context,门票多少钱一个人？有没有学生票或者网上买便宜些？
7018,spot,1398,cultural_context,从成都市区怎么过去最方便？坐高铁到青城山站后还要走多远？
7019,spot,1398,cultural_context,带5岁小孩去玩合适吗？有没有身高限制或者安全要求？
7020,spot,1398,cultural_context,这个漂流刺激不刺激？全程大概漂多久，中途能停下来拍照吗？
7021,spot,1414,description,成都哪些水上活动中心比较推荐？一般几点开门营业？
7022,spot,1414,description,带小孩去水上活动中心玩合适吗？有没有亲子票卖？
7023,spot,1414,description,成都市区附近的水上活动中心怎么去？坐地铁方便吗？
7024,spot,1414,description,水上活动中心门票大概多少钱一个人？有学生票或团购优惠吗？
7025,spot,1414,description,周末去水上活动中心人多不多？有哪些好玩的水上项目值得体验？
7026,spot,1414,cultural_context,欢乐谷水世界早上几点开门？晚上营业到几点呀？
7027,spot,1414,cultural_context,现在去欢乐谷水世界的门票多少钱一张？有没有学生票或者夜场优惠？
7028,spot,1414,cultural_context,欢乐谷水世界具体在成都哪个位置？坐地铁或者公交怎么过去方便？
7029,spot,1414,cultural_context,欢乐谷水世界里面有哪些好玩的项目？那个巴蜀文化表演是每天都有吗？
7030,spot,1414,cultural_context,带5岁的小孩去欢乐谷水世界合适吗？有没有儿童浅水区和亲子项目？
7031,spot,1414,travel_tips,欢乐谷夏天一般几点开门啊？下午去玩到晚上来得及吗？
7032,spot,1414,travel_tips,现在门票多少钱一张？网上买能便宜多少，是只买水世界还是连欢乐谷一起买划算？
7033,spot,1414,travel_tips,坐地铁能到吗？具体在哪个站下，下车后要走多远？
7034,spot,1414,travel_tips,里面水世界和陆上项目是分开玩的吗？带5岁小孩去合适不，有没有亲子区？
7035,spot,1414,travel_tips,好玩吗？值不值得专门跑一趟，下午进场玩到夜场大概能玩几个项目？
7036,spot,1418,description,成都的水上活动中心一般几点开门，晚上营业到好久？
7037,spot,1418,description,去水上活动中心耍一圈大概要好多钱一个人？有没有学生票或者亲子套票？
7038,spot,1418,description,成都哪个水上活动中心坐地铁方便？具体在哪个站下，出来要走多远？
7039,spot,1418,description,水上活动中心里面有哪些好耍的项目？适不适合带五六岁的小娃儿去？
7040,spot,1418,description,最近天气热，成都水上活动中心人多不多？需不需要提前在网上买票预约？
7041,spot,1418,travel_tips,皮划艇和龙舟是几点开门？我想上午去玩，大概几点到比较合适？
7042,spot,1418,travel_tips,这个皮划艇或者龙舟体验一个人多少钱？费用里包含救生衣和教学吗？
7043,spot,1418,travel_tips,请问这个玩的地方具体在成都哪里？坐地铁或者公交怎么过去方便？
7044,spot,1418,travel_tips,带6岁小孩去玩皮划艇合适吗？有没有年龄限制，小孩能跟大人一起坐吗？
7045,spot,1418,travel_tips,这个龙舟体验好玩吗？没划过的人会不会很难上手，大概要玩多久能学会？
7046,spot,1424,description,成都游乐场一般几点开门关门，晚上去玩到几点合适？
7047,spot,1424,description,游乐场的门票大概多少钱一张，有没有儿童票或者家庭套票？
7048,spot,1424,description,成都哪个游乐场比较好玩，适合带小孩去吗，有什么推荐的项目？
7049,spot,1424,description,从春熙路怎么坐地铁或公交去游乐场，大概要多久？
7050,spot,1424,description,游乐场里人会不会很多，周末去排队时间长不长，值不值得专门跑一趟？
7051,spot,1424,travel_tips,请问早上几点去人少一点？大概要逛多久？
7052,spot,1424,travel_tips,这个公园进去要门票吗，里面的游乐项目是怎么收费的？
7053,spot,1424,travel_tips,从春熙路过去坐什么公交或者地铁方便？
7054,spot,1424,travel_tips,里面到底好不好玩啊，值不值得专门跑一趟？
7055,spot,1424,travel_tips,带三岁的小孩去合适吗？有没有啥能玩的项目？
7056,spot,1418,cultural_context,邛崃那个水上运动中心几点开门喃？下午去耍到好久收摊？
7057,spot,1418,cultural_context,去邛崃水上运动中心玩一圈大概多少钱一个人？有没有亲子套票？
7058,spot,1418,cultural_context,请问邛崃水上运动中心具体在哪个位置？从成都坐高铁过去方便不，下车还要坐好久公交？
7059,spot,1418,cultural_context,那边除了划船还有啥子好耍的？带5岁娃儿去合适不，有没有浅水区或者安全员看着？
7060,spot,1418,cultural_context,网上评价说那边是把老水乡改成运动公园了，实际去过的朋友觉得好不好玩？值不值得专门跑一趟？
7061,spot,1424,cultural_context,人民公园早上几点开门？晚上到几点关门？
7062,spot,1424,cultural_context,去人民公园玩要门票吗？里面那些项目收费贵不贵？
7063,spot,1424,cultural_context,带五岁的小孩去人民公园好玩吗？儿童乐园适合多大的孩子？
7064,spot,1424,cultural_context,人民公园在成都哪个位置？坐地铁几号线能到？
7065,spot,1424,cultural_context,人民公园到底值不值得专门去一趟？本地人平时也去那儿逛吗？
7066,spot,1427,description,成都这边有没有对外开放的篮球场馆？一般几点开门、几点关门？
7067,spot,1427,description,去这种篮球场馆打一次球大概多少钱一个人？需要提前预约吗？
7068,spot,1427,description,有没有离春熙路或者地铁站近一点的篮球场？怎么坐车过去方便？
7069,spot,1427,description,这种篮球场馆是室内的还是露天的？新手去玩或者约朋友打半场合适吗？
7070,spot,1427,description,带十岁小孩去这种篮球馆玩，有没有儿童篮架或者适合小朋友的区域？
7071,spot,1427,travel_tips,成都春秋季晴天去玩帆船或者皮划艇，一般几点开门啊？
7072,spot,1427,travel_tips,玩一次大概多少钱？两个人去要提前多久预约？
7073,spot,1427,travel_tips,这地方在成都哪个位置？坐地铁或者打车方便吗？
7074,spot,1427,travel_tips,带5岁小孩去玩皮划艇合适不？有没有儿童可以穿的救生衣？
7075,spot,1427,travel_tips,晴天去玩两个小时够不够？不会游泳的人能玩吗，安全不？
7076,spot,1458,description,成都那些有名的景点一般几点开门关门啊？
7077,spot,1458,description,去成都旅游，像宽窄巷子、锦里这些地方门票大概多少钱？
7078,spot,1458,description,从春熙路怎么坐车去都江堰景区？大概要多久？
7079,spot,1458,description,带5岁小孩去成都玩，哪些景点比较适合亲子游？
7080,spot,1458,description,成都的武侯祠和杜甫草堂好玩吗？值不值得专门去一趟？
7081,spot,1427,cultural_context,兴隆湖那边几点开门关门啊？早上想过去晨跑会不会太早进不去？
7082,spot,1427,cultural_context,在兴隆湖玩那个浪速运动的水上项目，大概要多少钱一个人？有学生票或者团购价吗？
7083,spot,1427,cultural_context,从地铁一号线到兴隆湖怎么走最方便？出站后走路远不远，还是得换乘公交或打车？
7084,spot,1427,cultural_context,带5岁小孩去兴隆湖玩，除了看风景，浪速运动那边有适合小朋友玩的水上项目吗？安全不？
7085,spot,1427,cultural_context,兴隆湖到底好不好玩？网上说它是天府新区的生态地标，实际去逛一圈大概能玩多久，值不值得专门跑一趟？
7086,spot,1458,travel_tips,百花谷夏秋季去玩大概要玩多久啊？半天够不够？
7087,spot,1458,travel_tips,百花谷门票多少钱一张？50块是含所有项目还是只含部分水上项目？
7088,spot,1458,travel_tips,百花谷具体在成都哪个位置？坐地铁或者公交怎么过去方便？
7089,spot,1458,travel_tips,带5岁小孩去百花谷合适吗？里面除了赏花和水上项目，还有没有其他适合小朋友玩的？
7090,spot,1458,travel_tips,百花谷好玩吗？值不值得专门跑一趟？如果主要去看花，什么季节去最好？
7091,spot,1458,cultural_context,新都这个水上乐园加花田，早上几点开门啊？
7092,spot,1458,cultural_context,门票多少钱一张，有没有儿童票或者套票优惠？
7093,spot,1458,cultural_context,从成都市区坐地铁或者公交怎么过去方便？
7094,spot,1458,cultural_context,里面除了看花和玩水，还有没有别的耍法，适合带小孩玩一天不？
7095,spot,1458,cultural_context,最近去那边花开了没，人多不多，值不值得专门跑一趟？
7096,spot,1484,description,成都游乐场一般几点开门关门？晚上去会不会太赶？
7097,spot,1484,description,游乐场的门票多少钱一张？有没有儿童票或者家庭套票？
7098,spot,1484,description,从春熙路怎么坐地铁或公交去游乐场？大概要多久？
7099,spot,1484,description,这个游乐场里面有哪些好玩的项目？适合带五六岁的小孩去耍不？
7100,spot,1484,description,去过的人评价咋样？周末人多不多，需不需要提前买票排队？
7101,spot,1484,cultural_context,欢乐谷那个水上摩天轮几点开始营业啊？
7102,spot,1484,cultural_context,坐一次水上摩天轮要多少钱，门票是单独买吗？
7103,spot,1484,cultural_context,水上摩天轮在欢乐谷里面哪个位置，从地铁站过去怎么走？
7104,spot,1484,cultural_context,带5岁小孩去玩水上摩天轮合适吗，有没有身高限制？
7105,spot,1484,cultural_context,那个水上摩天轮好玩吗，排队大概要多久，值不值得专门去打卡？
7106,spot,1511,description,成都的公园一般早上几点开门，晚上几点关门啊？
7107,spot,1511,description,去成都的公园玩要买门票吗，大概多少钱一张？
7108,spot,1511,description,从春熙路怎么坐车去人民公园，大概要多久？
7109,spot,1511,description,带5岁的小孩去成都的公园玩，有没有适合亲子活动的推荐？
7110,spot,1511,description,成都哪个公园风景最好，适合拍照或者散心，值不值得专门去一趟？
7111,spot,1484,travel_tips,欢乐谷的摩天轮是下午去坐好还是傍晚去坐好啊？大概要排多久队？
7112,spot,1484,travel_tips,欢乐谷大门票多少钱一张？进去坐摩天轮还要另外给钱不？
7113,spot,1484,travel_tips,从春熙路坐地铁去欢乐谷方便吗？大概要多久到？
7114,spot,1484,travel_tips,带5岁的小朋友去坐那个摩天轮合适不？恐高的话会不会害怕？
7115,spot,1484,travel_tips,网上都说欢乐谷摩天轮看夜景很漂亮，到底值不值得专门等日落那趟？
7116,spot,1511,travel_tips,请问这里几点开门，晚上去能看到江景吗？
7117,spot,1511,travel_tips,这个地方要门票不，大概多少钱一个人？
7118,spot,1511,travel_tips,从春熙路怎么坐车过去方便呀？
7119,spot,1511,travel_tips,傍晚去那边散步大概能逛多久，好玩吗？
7120,spot,1511,travel_tips,带五岁小孩去走那个步道合适不，会不会太累？
7121,spot,1511,cultural_context,崇州文井江边那个观景广场几点开门关门哦？晚上可以去散步吗？
7122,spot,1511,cultural_context,这个广场要门票不？带小孩去玩水安不安全，有没有浅水区？
7123,spot,1511,cultural_context,从成都市区怎么坐车去崇州文井江那个观景广场？打车大概多少钱？
7124,spot,1511,cultural_context,那里除了看江景还有啥好玩的？适不适合带老人去走走坐坐？
7125,spot,1511,cultural_context,网上说那个广场名字跟古代渡口有关，实际去逛会不会很无聊，值不值得专门跑一趟？
7126,spot,1535,cultural_context,天堂岛海洋乐园几点开门关门啊？
7127,spot,1535,cultural_context,门票多少钱一张，有没有儿童票或者家庭套票？
7128,spot,1535,cultural_context,从春熙路坐地铁怎么去天堂岛海洋乐园？
7129,spot,1535,cultural_context,带三岁小孩去玩合适吗？里面有没有浅水区或者亲子设施？
7130,spot,1535,cultural_context,天堂岛那个环岛漂流刺激不？适合不会游泳的人玩吗？
7131,spot,1535,travel_tips,环球中心那个水上乐园是几点开门哦？
7132,spot,1535,travel_tips,环岛漂流额外收费40块，那还有其他项目要单独给钱不？
7133,spot,1535,travel_tips,从春熙路坐地铁怎么去环球中心那个玩水的地方？
7134,spot,1535,travel_tips,带5岁小孩去玩一天合适不？有没有浅水区或者儿童项目？
7135,spot,1535,travel_tips,周末去人多不多？大概玩几个小时能把主要项目都耍一遍？
7136,spot,1535,description,成都那些有名的景点一般几点开门？我打算早上过去，怕去早了白等。
7137,spot,1535,description,去都江堰或者青城山门票大概多少钱一张？有学生票或者老人优惠吗？
7138,spot,1535,description,从春熙路怎么坐地铁或者公交去宽窄巷子？大概要多久？
7139,spot,1535,description,带5岁的小孩去成都大熊猫基地合适吗？里面走路多不多，有没有婴儿车可以租？
7140,spot,1535,description,武侯祠和锦里一般逛下来要多久？里面好玩吗，值不值得专门跑一趟？
7141,spot,58,description,成都那些寺庙道观一般几点开门关门啊？
7142,spot,58,description,去青羊宫或者文殊院门票多少钱一张？
7143,spot,58,description,从春熙路怎么坐车去昭觉寺，大概要多久？
7144,spot,58,description,带小孩去成都的寺庙道观逛，有没有什么适合亲子玩的项目？
7145,spot,58,description,成都哪个寺庙道观最值得去，香火旺不旺，游客评价咋样？
7146,spot,58,travel_tips,你们这儿几点开门啊？早上几点去人少一点？
7147,spot,58,travel_tips,这个寺院进去要门票不？大概逛多久合适？
7148,spot,58,travel_tips,从春熙路坐地铁怎么过去方便？下车后要走多远？
7149,spot,58,travel_tips,里面有没有素斋可以吃？价格贵不贵？
7150,spot,58,travel_tips,带五岁小孩去合适吗？会不会太无聊或者不方便？
7151,spot,58,cultural_context,请问这座古刹几点开门关门呀？下午去会不会太晚？
7152,spot,58,cultural_context,门票多少钱一张？老人和小孩有优惠吗？
7153,spot,58,cultural_context,这个地方具体在武侯区哪个位置？坐地铁或者公交怎么过去方便？
7154,spot,58,cultural_context,里面除了看铁佛，还有啥好逛的？大概能玩多久，会不会很无聊？
7155,spot,58,cultural_context,带5岁的小朋友去合适吗？里面安静会不会待不住，有没有可以坐的地方？
7156,spot,105,description,成都那些寺庙道观一般几点开门关门？有没有特别早或者晚上也开放的？
7157,spot,105,description,去青羊宫或者文殊院门票多少钱一张？老人和小孩有优惠吗？
7158,spot,105,description,从春熙路怎么坐车去昭觉寺或者大慈寺？地铁能到吗，大概要多久？
7159,spot,105,description,带小孩去成都的寺庙道观合适吗？里面有没有什么互动或者安静休息的地方？
7160,spot,105,description,成都除了文殊院和青羊宫，还有哪些小众又好玩的寺庙道观？值不值得专门跑一趟？
7161,spot,105,travel_tips,近慈寺早上几点开门？去的话大概能逛多久？
7162,spot,105,travel_tips,请问近慈寺现在要收门票吗？免费的话里面随便进吗？
7163,spot,105,travel_tips,近慈寺具体在成都哪个位置？坐地铁或公交怎么去方便？
7164,spot,105,travel_tips,近慈寺里面到底好不好玩？是看古建筑还是烧香拜佛那种？
7165,spot,105,travel_tips,带5岁小孩去近慈寺合适吗？会不会太无聊或者有不方便的地方？
7166,spot,105,cultural_context,近慈寺现在开门了吗？每天几点开放，进去要买门票不？
7167,spot,105,cultural_context,从春熙路坐地铁或者公交怎么去近慈寺啊，大概要多久？
7168,spot,105,cultural_context,近慈寺里面大不大，逛一圈大概要多久？带家里老人去方便吗？
7169,spot,105,cultural_context,近慈寺有什么特别的看头吗？听说和藏传佛教有关，值得专门跑一趟不？
7170,spot,105,cultural_context,带五六岁的小孩去近慈寺合适吗？里面有没有能让孩子安静待着或者感兴趣的地方？
7171,spot,114,description,成都那些风景名胜一般早上几点开门？
7172,spot,114,description,去青城山或者都江堰这类景点，门票大概多少钱一张？
7173,spot,114,description,从春熙路出发，坐地铁能到武侯祠或者宽窄巷子吗，还是要换乘公交？
7174,spot,114,description,带家里老人和小孩去成都的风景名胜玩，选哪个比较轻松不累？
7175,spot,114,description,网上都说成都的景点好玩，实际去过的体验怎么样，有没有特别坑的？
7176,spot,118,description,成都的公园一般早上几点开门，晚上几点关门啊？
7177,spot,118,description,去成都的公园玩要买门票不，大概多少钱一张？
7178,spot,118,description,请问从春熙路怎么坐车去人民公园，地铁能到吗？
7179,spot,118,description,带5岁小孩去成都哪个公园最合适，有没有游乐设施？
7180,spot,118,description,成都的公园里除了散步，有没有划船或喝茶的地方，好玩吗？
7181,spot,114,cultural_context,彭镇古镇那个观音阁茶馆几点开门啊？早上想去喝早茶的话大概几点到合适？
7182,spot,114,cultural_context,去观音阁茶馆喝碗盖碗茶大概多少钱一个人？有没有最低消费？
7183,spot,114,cultural_context,从成都市区怎么去彭镇古镇最方便？坐地铁能到吗还是要转公交？
7184,spot,114,cultural_context,彭镇古镇除了喝茶拍照，还有没有其他好耍的？带娃去会不会无聊？
7185,spot,114,cultural_context,网上都说观音阁茶馆很原生态，实际去会不会太破旧或者人挤人？值不值得专程跑一趟？
7186,spot,118,travel_tips,请问这个航空模型展览大概几点开门啊？
7187,spot,118,travel_tips,这个公园是免费的吗，进去看展览要另外收钱不？
7188,spot,118,travel_tips,带5岁的小孩去玩合适不？里面除了看飞机模型还有啥好玩的？
7189,spot,118,travel_tips,这个地方在成都哪个位置，坐地铁或者公交方便到吗？
7190,spot,118,travel_tips,夏天去逛会不会很晒？里面树荫多不多，需要带驱蚊水吗？
7191,spot,114,travel_tips,请问这个地方几点去比较好？是不是上午或者傍晚去更合适，正午去会很晒吗？
7192,spot,114,travel_tips,去逛这个老街要门票吗？大概要花多少钱？如果只是走路看看，不喝茶的话免费吗？
7193,spot,114,travel_tips,这个老街具体在成都哪个位置？坐地铁或者公交怎么过去方便？打车的话该跟师傅说哪个门？
7194,spot,114,travel_tips,这个老街好玩吗？里面除了看老建筑和喝茶，还有没有别的什么特色，比如小吃或者拍照打卡的地方？
7195,spot,114,travel_tips,带小孩去逛合适吗？大概要走多久，路好不好走，会不会太挤或者没地方休息？
7196,spot,118,cultural_context,成飞公园早上几点开门，下午几点关门哇？
7197,spot,118,cultural_context,去成飞公园要门票不，大概多少钱一张？
7198,spot,118,cultural_context,坐地铁或者公交怎么去成飞公园方便呀？
7199,spot,118,cultural_context,里面除了看飞机模型，还有啥好玩的，带小孩去合适不？
7200,spot,118,cultural_context,成飞公园大概能逛多久，有没有人说值不值得专程跑一趟？
7201,spot,122,description,成都那些风景名胜一般早上几点开门啊？
7202,spot,122,description,去这些景点玩一圈大概要花多少钱，门票能网上买吗？
7203,spot,122,description,哪些风景名胜在市区，坐地铁怎么去最方便？
7204,spot,122,description,带小孩去这些地方合适吗，有没有适合亲子游的路线？
7205,spot,122,description,这些景点到底好不好玩，有没有本地人推荐必去的？
7206,spot,122,cultural_context,生机之塔晚上几点开灯？要门票吗？
7207,spot,122,cultural_context,这个地方在交子公园具体哪个位置？坐地铁怎么过去方便？
7208,spot,122,cultural_context,带小孩去生机之塔玩合适不？附近有没有吃饭的地方？
7209,spot,122,cultural_context,那个灯光装置实际看着好看吗？值不值得专门跑一趟去拍照？
7210,spot,122,cultural_context,生机之塔是常年都有还是只搞一阵子？晚上去人多不多？
7211,spot,133,travel_tips,这个公园几点开门关门呢？早上早点去可以吗？
7212,spot,133,travel_tips,去这个公园要门票不？还是免费随便进？
7213,spot,133,travel_tips,公园具体在成都哪个位置啊？坐地铁或者公交方便吗？
7214,spot,133,travel_tips,里面有什么好玩的？适合骑自行车或者散步逛逛吗？大概能玩多久？
7215,spot,133,travel_tips,带小孩子去那里耍怎么样？有专门给娃儿耍的地方不？大热天去晒不晒？
7216,spot,133,description,成都的公园一般早上几点开门？晚上关门时间是几点？
7217,spot,133,description,去人民公园或者浣花溪公园要门票不？大概多少钱一张？
7218,spot,133,description,从春熙路坐地铁怎么去桂溪生态公园？出站后要走多远？
7219,spot,133,description,带5岁的小朋友去成都的公园玩，哪个公园有儿童游乐设施或者沙坑？
7220,spot,133,description,望江楼公园除了看竹子，还有啥好玩的？值不值得专门跑一趟？
7221,spot,122,travel_tips,晚上去交子大道那边看灯光秀，大概几点开始啊？要提前查当天安排吗？
7222,spot,122,travel_tips,这个免费看夜景的地方具体在交子大道哪个位置？坐地铁过去方便不，还是得打车？
7223,spot,122,travel_tips,带5岁小孩晚上去逛合适吗？人多不多，安不安全？
7224,spot,122,travel_tips,除了看灯光秀，附近还有啥好玩的？大概能逛多久？
7225,spot,122,travel_tips,白天去是不是没啥看头？门票真的不要钱吗，有没有什么隐藏收费项目？
7226,spot,145,description,成都的公园一般早上几点开门，晚上几点关门啊？
7227,spot,145,description,去成都的公园玩要收门票吗，大概多少钱一个人？
7228,spot,145,description,从春熙路坐地铁去哪个公园最方便，具体怎么换乘？
7229,spot,145,description,带五岁小孩去成都哪个公园最合适，有没有游乐设施或草坪可以跑？
7230,spot,145,description,最近成都哪个公园的花开得好，适合周末去拍照打卡？
7231,spot,133,cultural_context,这个公园几点开门关门呢？
7232,spot,133,cultural_context,门票多少钱一张，老人小孩有优惠吗？
7233,spot,133,cultural_context,从地铁3号线双流广场站过去怎么走，打车大概多少钱？
7234,spot,133,cultural_context,里面除了看湿地，有没有可以搭帐篷或者骑自行车的地方？好玩吗？
7235,spot,133,cultural_context,带5岁的小朋友去合适吗，有没有儿童游乐设施或者喂鱼的地方？
7236,spot,143,travel_tips,双流老城中心广场晚上几点关门啊？想吃完饭去逛逛。
7237,spot,143,travel_tips,去双流老城中心广场要买门票不？大概能玩多久？
7238,spot,143,travel_tips,请问双流老城中心广场坐地铁怎么过去？附近好停车吗？
7239,spot,143,travel_tips,带五岁小孩去双流老城中心广场合适吗？有没有啥小孩能玩的？
7240,spot,143,travel_tips,双流老城中心广场那边好玩不？除了散步还有啥特色小吃值得尝尝？
7241,spot,143,description,成都的城市广场一般几点开放？晚上去逛安全吗？
7242,spot,143,description,春熙路那个城市广场附近停车方便吗？打车过去定位到哪里最准？
7243,spot,143,description,带小孩去城市广场玩，有没有适合小朋友的设施或者活动？
7244,spot,143,description,成都哪个城市广场夜景最好看，适合拍照打卡？要门票吗？
7245,spot,143,description,从地铁站怎么走到天府广场？那边有没有什么特色小吃推荐？
7246,spot,143,cultural_context,双流区那个老广场一般几点开门哦？早上想早点去逛逛。
7247,spot,143,cultural_context,去双流那个传统市中心广场要不要门票？停车方便不，大概多少钱？
7248,spot,143,cultural_context,从成都市区坐地铁或者公交怎么到双流那个老广场啊？下车后好找吗？
7249,spot,143,cultural_context,这个广场带小孩去合适吗？有没有什么适合娃娃耍的地方或者活动？
7250,spot,143,cultural_context,双流这个老广场好玩不？除了看老建筑，平时有没有啥子本地特色活动或者夜市？
7251,spot,145,travel_tips,这个公园早上几点开门？晚上到几点关门？
7252,spot,145,travel_tips,进去耍要买门票不？大概好多钱一个人？
7253,spot,145,travel_tips,这个公园在哪儿哦？坐地铁或者公交咋个过去方便？
7254,spot,145,travel_tips,里头好不好耍？主要能看些啥子，值不值得专门跑一趟？
7255,spot,145,travel_tips,带小娃娃去合适不？有没有啥子儿童玩的设施？
7256,spot,145,cultural_context,这个公园几点开门关门啊？早上想去遛弯不知道时间合不合适。
7257,spot,145,cultural_context,进去要门票不，还是免费随便逛？
7258,spot,145,cultural_context,这个以桂花为主题的公园具体在成都哪个位置，坐地铁或者公交怎么过去方便？
7259,spot,145,cultural_context,里面除了看桂花，还有啥好玩的？带小孩去有儿童设施或者适合野餐的地方吗？
7260,spot,145,cultural_context,想周末去拍拍照散散步，这个公园人多不多，环境安静不？值得专门跑一趟吗？
7261,spot,155,travel_tips,请问应天寺早上几点开门呀？一般逛多久比较合适？
7262,spot,155,travel_tips,这个地方要门票不？是免费随便进吗？
7263,spot,155,travel_tips,从地铁10号线应天寺站下来具体怎么走？大概要走多久？
7264,spot,155,travel_tips,里面好玩吗？就是那种清幽的寺庙，适合带小孩去逛逛不？
7265,spot,155,travel_tips,想找个安静的地方静心一下，去应天寺穿短裤裙子会不会不合适？
7266,spot,155,cultural_context,请问这个寺庙几点开门，关门时间是好久？
7267,spot,155,cultural_context,门票价格是多少钱一张，老人小孩有没有优惠？
7268,spot,155,cultural_context,从成都市区怎么过去最方便，坐地铁能到不？
7269,spot,155,cultural_context,里面除了看银杏和烧香，还有啥子好耍的？大概逛多久合适？
7270,spot,155,cultural_context,带五岁的小朋友去合适不，有没有啥子注意事项？
7271,spot,155,description,成都那些寺庙道观一般几点开门关门啊？我想早上去烧香，怕扑空。
7272,spot,155,description,去青羊宫或者文殊院门票要多少钱？有没有学生票或者免票的时候？
7273,spot,155,description,从春熙路坐地铁怎么去昭觉寺？大概要多久，下车后还要走很远吗？
7274,spot,155,description,带家里老人和小孩去文殊院逛，里面台阶多不多？有没有休息的地方，适合推婴儿车吗？
7275,spot,155,description,听说大慈寺里面喝茶挺安逸的，除了烧香还有啥好玩的？值不值得专门跑一趟？
7276,spot,160,description,成都的公园一般早上几点开门？晚上会关门吗？
7277,spot,160,description,去成都的公园玩要门票吗？大概多少钱一张？
7278,spot,160,description,带小孩去成都的公园合适吗？有没有儿童游乐设施？
7279,spot,160,description,成都哪个公园最好逛？坐地铁怎么过去方便？
7280,spot,160,description,成都的公园里能搭帐篷或者野餐吗？周末人多不多，好玩不？
7281,spot,160,travel_tips,请问这个公园早上几点开门呀，晚上到几点就不能进了？
7282,spot,160,travel_tips,进去耍要门票不？还是说随便免费进？
7283,spot,160,travel_tips,这个地方离地铁站远不远哦，坐公交方便不？
7284,spot,160,travel_tips,带五岁的小娃娃去骑自行车，路好走不？安不安全？
7285,spot,160,travel_tips,夏天去蚊子是不是特别凶？有没有啥子好建议？
7286,spot,160,cultural_context,这个公园几点开门关门呢？早上想早点去散步会不会被拦在外面？
7287,spot,160,cultural_context,进去耍要买门票不？大概好多钱一个人？
7288,spot,160,cultural_context,这个公园具体在哪儿哦？坐地铁或者公交咋个过去方便？
7289,spot,160,cultural_context,里面好不好耍？除了看河景，还有没有啥子健身器材或者喝茶的地方？
7290,spot,160,cultural_context,带小娃娃去合适不？有没有专门的儿童游乐区或者安全的水边步道？
7291,spot,176,travel_tips,永陵公园早上几点开门啊？我想一早去逛逛。
7292,spot,176,travel_tips,这个公园进去要钱不？里面那个博物馆门票大概多少钱一张？
7293,spot,176,travel_tips,坐地铁或者公交怎么去永陵公园方便？下车后要走很远吗？
7294,spot,176,travel_tips,公园里头除了看博物馆，还有啥好玩的？大概能逛多久？
7295,spot,176,travel_tips,带5岁小孩去合适不？里面蚊子多不多，要不要提前喷驱蚊水？
7296,spot,176,description,成都的公园一般几点开门关门呢？
7297,spot,176,description,去这些公园玩要收门票吗，大概多少钱一张？
7298,spot,176,description,从春熙路坐地铁怎么到人民公园或者浣花溪公园？
7299,spot,176,description,带三岁小朋友去哪个公园最合适，有儿童游乐设施吗？
7300,spot,176,description,成都哪个公园最好玩，适合拍照或者散步？求推荐一下
7301,spot,176,cultural_context,永陵公园早上几点开门？下午关门时间是好久？
7302,spot,176,cultural_context,去永陵参观要门票不？大概好多钱一张？
7303,spot,176,cultural_context,从春熙路坐地铁或者公交怎么到永陵公园？
7304,spot,176,cultural_context,永陵里面除了看王建墓，还有啥好玩的？逛一圈要多久？
7305,spot,176,cultural_context,带6岁娃娃去永陵合适不？里面有没有娃儿感兴趣的东西？
7306,spot,180,description,成都的公园一般早上几点开门，晚上几点关门啊？
7307,spot,180,description,去成都的公园玩要收门票吗，大概多少钱一个人？
7308,spot,180,description,成都市区哪个公园交通最方便，坐地铁怎么去？
7309,spot,180,description,带五六岁的小孩去成都的公园玩，有没有适合亲子活动的项目？
7310,spot,180,description,成都的公园除了散步，还有什么好玩的，值不值得专门去逛一趟？
7311,spot,180,travel_tips,请问这个公园几点开门，需要买门票吗？
7312,spot,180,travel_tips,那里能骑共享单车进去逛吗？大概逛一圈要多久？
7313,spot,180,travel_tips,这个地方在成都哪个位置，坐地铁或者公交怎么过去方便？
7314,spot,180,travel_tips,带五岁的小孩去那里玩合适吗，有没有什么要注意的？
7315,spot,180,travel_tips,这个季节去那边散步或者骑行，会不会很晒，需要自己带水吗？
7316,spot,180,cultural_context,玉石湿地公园早上几点开门？晚上几点关门？
7317,spot,180,cultural_context,去玉石湿地公园要门票吗？大概多少钱一个人？
7318,spot,180,cultural_context,从市中心坐地铁或者公交怎么去玉石湿地公园？
7319,spot,180,cultural_context,玉石湿地公园里面好玩吗？适合带小孩去耍不？
7320,spot,180,cultural_context,这个公园是不是就是以前的河滩改的？里面能骑车或者露营不？
7321,spot,185,travel_tips,那个灯光秀晚上几点开始啊？要门票不？
7322,spot,185,travel_tips,交子公园那个灯光秀具体在哪个位置，坐地铁过去方便吗？
7323,spot,185,travel_tips,带娃去看这个灯光秀合适不？人多不多，大概能逛多久？
7324,spot,185,travel_tips,除了看灯光秀，附近还有啥好耍的？晚上过去停车方便吗？
7325,spot,185,travel_tips,这个灯光秀值不值得专门跑一趟？跟金融城夜景是一起看的吗？
7326,spot,185,description,成都那些有名的景点一般几点开门关门啊？
7327,spot,185,description,去成都旅游，像宽窄巷子、锦里这些地方门票大概要多少钱？
7328,spot,185,description,从成都市区怎么去青城山或者都江堰，坐地铁还是大巴方便？
7329,spot,185,description,带5岁小孩去成都玩，有哪些景点比较适合亲子游，不会太累？
7330,spot,185,description,成都的武侯祠和杜甫草堂好玩吗，值不值得专门花半天去逛？
7331,spot,187,description,成都的公园一般早上几点开门？晚上会关门吗？
7332,spot,187,description,去人民公园或者望江楼公园要门票不？大概多少钱一张？
7333,spot,187,description,带小朋友去哪个公园玩最合适？有没有沙坑或者游乐设施？
7334,spot,187,description,从春熙路坐地铁怎么去浣花溪公园？大概要多久？
7335,spot,187,description,听说成都的公园里可以喝茶打麻将，是随便找个公园都有吗？哪里体验最好？
7336,spot,185,cultural_context,交子之眼晚上几点亮灯？要门票吗？
7337,spot,185,cultural_context,这个交子之眼到底在哪儿啊？坐地铁怎么过去方便？
7338,spot,185,cultural_context,带娃去交子公园看那个交子之眼，有适合小朋友玩的吗？
7339,spot,185,cultural_context,交子之眼白天去看是不是没意思？晚上大概能逛多久？
7340,spot,185,cultural_context,那个交子之眼值不值得特意跑一趟？拍照片出片吗？
7341,spot,187,travel_tips,请问这个公园几点开门关门啊？晚上去逛到几点合适？
7342,spot,187,travel_tips,去南岸公园要门票不？大概玩下来要花多少钱？
7343,spot,187,travel_tips,这个公园在哪个位置？坐地铁或者公交怎么过去方便？
7344,spot,187,travel_tips,傍晚去散步或者骑车大概能逛多久？里面风景怎么样，值不值得专门跑一趟？
7345,spot,187,travel_tips,带小孩去玩安全吗？夏天晚上有没有什么要注意的，比如蚊子多不多？
7346,spot,187,cultural_context,南岸公园早上几点开门，晚上关门吗？
7347,spot,187,cultural_context,去南岸公园要门票不，大概多少钱一个人？
7348,spot,187,cultural_context,从春熙路坐地铁或者公交怎么到南岸公园？
7349,spot,187,cultural_context,南岸公园里面好玩吗，主要能看些啥子风景？
7350,spot,187,cultural_context,带五岁的小娃娃去南岸公园耍，有没有儿童设施或者安全不？
7351,spot,199,description,成都的产业园区一般几点开门？周末开放吗？
7352,spot,199,description,去这些产业园区要门票吗？大概多少钱一个人？
7353,spot,199,description,成都的商务住宅和产业园区具体在哪个位置？坐地铁怎么去？
7354,spot,199,description,带小孩去产业园区逛好玩吗？里面有没有适合亲子互动的项目？
7355,spot,199,description,这些产业园区里面主要看什么？值得专程跑一趟吗？
7356,spot,205,travel_tips,这个公园几点开门关门啊？是不是全天都能进？
7357,spot,205,travel_tips,进去耍要不要门票哦？免费的话有没有啥子限制？
7358,spot,205,travel_tips,这个地方咋个去方便？坐地铁还是公交能到不？
7359,spot,205,travel_tips,里面好不好耍？适合带小娃娃去跑一跑不？
7360,spot,205,travel_tips,去那边玩大概要待多久？周边有没有吃饭的地方？
7361,spot,205,description,成都的公园一般早上几点开门，晚上几点关门呢？
7362,spot,205,description,去成都的公园玩要买门票吗，大概多少钱一张？
7363,spot,205,description,从春熙路怎么坐地铁或公交去人民公园，大概要多久？
7364,spot,205,description,带三岁小孩去成都的公园玩，有哪些适合亲子活动的地方？
7365,spot,205,description,成都的公园除了散步拍照，还有啥好玩的，值不值得专门去一趟？
7366,spot,205,cultural_context,这个公园早上几点开门？晚上几点关门啊？
7367,spot,205,cultural_context,进去要门票不？大概多少钱一个人？
7368,spot,205,cultural_context,这个石人公园具体在青羊区哪个位置？坐地铁几号线能到？
7369,spot,205,cultural_context,里面好不好耍？主要有些啥子看头或者活动？
7370,spot,205,cultural_context,带小娃娃去耍合适不？有没有啥子儿童设施或者安全风险？
7371,spot,210,description,成都那些风景名胜区一般早上几点开门，晚上几点关门啊？
7372,spot,210,description,去成都玩，这些风景名胜的门票大概多少钱一张，有没有学生票或者老人优惠？
7373,spot,210,description,从春熙路出发，坐地铁或者公交怎么去这些风景名胜比较方便？
7374,spot,210,description,带五岁小孩去这些地方合适吗，有没有适合亲子游的路线或者注意事项？
7375,spot,210,description,这些风景名胜到底好不好玩，值不值得专门跑一趟，有没有特别推荐的打卡点？
7376,spot,210,travel_tips,这个湖是全天免费开放的吗？早上几点能进去啊？
7377,spot,210,travel_tips,绕湖走一圈大概要多久？如果带野餐垫去坐一下午，会不会太晒？
7378,spot,210,travel_tips,这个地方在成都哪儿啊？坐地铁方便吗，还是得打车过去？
7379,spot,210,travel_tips,带小孩去玩合适不？有没有草坪可以铺垫子，娃儿能跑得开不？
7380,spot,210,travel_tips,那边好不好耍？除了绕湖散步，还有啥子可以看的？
7381,spot,210,cultural_context,秦皇湖早上几点开门？晚上关门到几点？
7382,spot,210,cultural_context,去秦皇湖要门票吗？大概多少钱一个人？
7383,spot,210,cultural_context,秦皇湖在双流哪个位置？坐地铁或者公交怎么过去？
7384,spot,210,cultural_context,秦皇湖里面好玩吗？主要能逛些什么？
7385,spot,210,cultural_context,带小孩去秦皇湖耍合适不？有没有儿童游乐设施或者安全风险？
7386,spot,220,travel_tips,这个地方几点开门，是全天都免费进吗？
7387,spot,220,travel_tips,带小孩去玩要不要预约啥的，适合多大的娃娃？
7388,spot,220,travel_tips,这个公园在成都哪个位置，坐地铁怎么过去方便？
7389,spot,220,travel_tips,里面除了散步跑步，有没有小孩玩的设施，好玩不？
7390,spot,220,travel_tips,去这儿要不要买门票，停车方便吗，大概能逛多久？
7391,spot,220,description,成都的公园广场一般几点开门关门呢？早上想早点去散步可以吗？
7392,spot,220,description,去公园广场玩要门票不？大概多少钱一个人？
7393,spot,220,description,从春熙路坐地铁或者公交到公园广场怎么走最方便？
7394,spot,220,description,公园广场里面有没有适合带小孩玩的地方？周末去人多不多？
7395,spot,220,description,听说那边风景不错，实际去逛一圈大概能玩多久？有什么特色亮点吗？
7396,spot,220,cultural_context,这个体育文创公园几点开门关门？去之前需要预约吗？
7397,spot,220,cultural_context,门票贵不贵，大概多少钱一个人？里面运动场馆是免费还是另外收费？
7398,spot,220,cultural_context,从市中心坐地铁或者公交过去方便吗？具体在哪个站下，出站后怎么走？
7399,spot,220,cultural_context,里面除了运动场馆还有什么好玩的？工业遗迹拍照出片吗，大概能逛多久？
7400,spot,220,cultural_context,带5岁小孩去合适吗？有没有适合小朋友玩的区域或者亲子设施？
7401,spot,222,description,成都的公园一般早上几点开门？晚上几点关门？
7402,spot,222,description,去成都人民公园逛一圈要门票不？大概多少钱？
7403,spot,222,description,带小孩去成都的公园玩，哪个比较合适？有没有儿童游乐设施？
7404,spot,222,description,从春熙路怎么坐车去浣花溪公园？大概要多久？
7405,spot,222,description,成都哪个公园最好玩？本地人一般推荐去哪个？值得专门去逛吗？
7406,spot,222,travel_tips,这个公园几点开门关门呀？是全天免费随便进吗？
7407,spot,222,travel_tips,去那儿要门票不？大概逛多久比较合适？
7408,spot,222,travel_tips,这地方在成都哪个位置哦？坐地铁或者公交怎么过去方便？
7409,spot,222,travel_tips,里面除了散步还有啥好玩的？有健身器材或者绿道可以跑步不？
7410,spot,222,travel_tips,带小朋友去耍合适不？夏天去的话需要准备啥子，怕不怕蚊子？
7411,spot,225,description,成都的公园一般早上几点开门，晚上几点关门呢？
7412,spot,225,description,去成都这些公园玩要收门票吗，大概多少钱一个人？
7413,spot,225,description,带小孩去成都的公园玩合适吗，有没有专门给小朋友的游乐设施？
7414,spot,225,description,从春熙路怎么坐车去人民公园或者望江楼公园，方便吗？
7415,spot,225,description,成都哪个公园最好玩，值得专门去逛半天，有没有什么特色活动？
7416,spot,225,travel_tips,请问早上几点去人少一点？是全天都免费开放吗？
7417,spot,225,travel_tips,这个地方具体在哪儿？坐地铁或者公交方便吗，怎么走？
7418,spot,225,travel_tips,里面主要能玩些什么？大概逛一个小时够不够？
7419,spot,225,travel_tips,带5岁的小孩去合适吗？夏天去蚊子多不多，要不要带驱蚊水？
7420,spot,225,travel_tips,这里评价怎么样？适合傍晚去散步顺便拍拍照吗？
7421,spot,222,cultural_context,武侯区这个社区公园早上几点开门，晚上开到几点关门呀？
7422,spot,222,cultural_context,这个公园进去要收门票不，大概多少钱一个人？
7423,spot,222,cultural_context,请问这个公园具体在武侯区哪个位置，坐地铁或者公交怎么过去方便？
7424,spot,222,cultural_context,这个公园主要是看花花草草和散步吗，有没有小孩玩的滑梯或者沙坑，带三岁娃去合适不？
7425,spot,222,cultural_context,网上说这个公园是城市微更新修的，实际去过的朋友觉得环境咋样，值不值得专程跑一趟？
7426,spot,225,cultural_context,这个公园几点开门关门呢？
7427,spot,225,cultural_context,进去耍要收门票不，大概好多钱一个人？
7428,spot,225,cultural_context,请问这个公园具体在哪儿，坐地铁或者公交咋个去方便？
7429,spot,225,cultural_context,里头除了看银杏树，还有啥子好耍的？适合带小娃娃去玩不？
7430,spot,225,cultural_context,这个公园平时人多不多，环境咋样，值不值得专门跑一趟？
7431,spot,230,travel_tips,请问这里几点开门，晚上关门吗？
7432,spot,230,travel_tips,这个地方收费不，门票多少钱一张？
7433,spot,230,travel_tips,带小朋友去玩合适不，路好走吗？
7434,spot,230,travel_tips,坐地铁或者公交怎么过去方便？
7435,spot,230,travel_tips,夏天去蚊子多不多，大概能玩多久？
7436,spot,230,description,成都的公园一般几点开门关门呢？
7437,spot,230,description,去成都的公园耍要门票不，大概好多钱一个人？
7438,spot,230,description,从春熙路咋个坐车去人民公园或者望江楼公园？
7439,spot,230,description,带三岁娃儿去哪个公园最合适，有没得儿童游乐设施？
7440,spot,230,description,成都哪个公园最好耍，适合逛半天还有茶馆可以坐的？
7441,spot,230,cultural_context,双流这个白河公园早上几点开门喃？
7442,spot,230,cultural_context,去双流白河边的那个水系公园耍要买门票不，多少钱一个人？
7443,spot,230,cultural_context,从地铁3号线双流广场站咋个走到白河公园？大概要走好久？
7444,spot,230,cultural_context,这个公园好不好耍？主要是有啥子看的和耍的嘛？
7445,spot,230,cultural_context,带5岁娃娃去那里合适不，有没有儿童游乐设施或者安全的水边步道？
7446,spot,233,description,成都的城市广场一般几点开放？晚上去逛安全吗？
7447,spot,233,description,去天府广场坐地铁几号线能到？出站后从哪个口上去最方便？
7448,spot,233,description,春熙路和城市广场周边有什么适合带小孩玩的地方？有没有母婴室？
7449,spot,233,description,成都的城市广场（比如宽窄巷子附近的那个）停车方便吗？收费大概多少钱一小时？
7450,spot,233,description,人民公园旁边的城市广场周末人多不多？有没有什么特色活动或小吃摊值得专门去打卡？
7451,spot,233,cultural_context,宽窄巷子几点开门关门？晚上去会不会更热闹？
7452,spot,233,cultural_context,去宽窄巷子要门票吗？逛一圈大概要花多少钱？
7453,spot,233,cultural_context,宽窄巷子怎么去最方便？坐地铁到哪一站下？
7454,spot,233,cultural_context,宽窄巷子好玩吗？主要看点是什么，大概能逛多久？
7455,spot,233,cultural_context,带小孩去宽窄巷子合适吗？里面有没有适合小朋友玩的地方？
7456,spot,233,travel_tips,请问这个地方几点开门？免费的话要不要预约？
7457,spot,233,travel_tips,这个广场具体在哪儿？离宽窄巷子走路远不远，怎么过去方便？
7458,spot,233,travel_tips,里面一般有啥子民俗活动哦？大概逛多久能耍完？
7459,spot,233,travel_tips,带五岁娃儿去合适不？人多不多，安不安全？
7460,spot,233,travel_tips,晚上去好看还是上午去好？值不值得专门跑一趟？
7461,spot,239,description,成都的公园一般早上几点开门，晚上几点关门呢？
7462,spot,239,description,去成都的公园玩要门票吗，大概多少钱一张？
7463,spot,239,description,从春熙路坐地铁怎么去人民公园，要换乘吗？
7464,spot,239,description,带5岁的小孩去成都的公园玩，有没有适合小朋友的游乐设施？
7465,spot,239,description,成都哪个公园最好逛又出片，适合情侣慢慢散步拍照？
7466,spot,239,travel_tips,请问这个公园几点开门关门啊？傍晚去的话大概能玩多久？
7467,spot,239,travel_tips,这个公园是免费的吗？需要提前预约或者买门票不？
7468,spot,239,travel_tips,这个公园具体在哪儿啊？坐地铁或者公交怎么过去方便？
7469,spot,239,travel_tips,里面好玩吗？主要是看江景还是可以骑车散步？大概逛一圈要多久？
7470,spot,239,travel_tips,带5岁小孩去合适不？傍晚去有没有什么要注意的，比如蚊子多不多？
7471,spot,247,description,成都的公园一般早上几点开门啊？
7472,spot,247,description,去这些公园玩要买门票不，大概多少钱一个人？
7473,spot,247,description,从春熙路坐地铁怎么到最近的公园，要坐几号线？
7474,spot,247,description,带三岁小孩去哪个公园最合适，里面有没有儿童游乐设施？
7475,spot,247,description,这些公园哪个最好玩，适合拍照或者散步，大概能逛多久？
7476,spot,247,travel_tips,这个公园早上几点开门？我想一早去散步，大概能逛多久？
7477,spot,247,travel_tips,这个公园免费进去吗？还是要买门票？
7478,spot,247,travel_tips,请问这个公园在哪条路上？坐地铁或者公交方便吗？
7479,spot,247,travel_tips,里面好玩吗？主要是看花花草草还是有别的活动？
7480,spot,247,travel_tips,带三岁小孩去玩合适不？夏天去蚊子多不多，要不要带驱蚊水？
7481,spot,239,cultural_context,悦动彩林几点开门关门呢？门票收多少钱？
7482,spot,239,cultural_context,这个悦动彩林具体在双流哪儿啊，坐地铁或者公交怎么过去方便？
7483,spot,239,cultural_context,带娃去悦动彩林玩合适不？里面有没有小朋友能耍的设施？
7484,spot,239,cultural_context,悦动彩林里面主要看啥子，有啥好耍的项目，大概能逛多久？
7485,spot,239,cultural_context,最近天气好想去拍照，悦动彩林人多不多，值不值得专程跑一趟？
7486,spot,247,cultural_context,铁佛公园早上几点开门，晚上几点关门哇？
7487,spot,247,cultural_context,这个公园要门票不，大概多少钱一个人？
7488,spot,247,cultural_context,从地铁站过去咋走方便，坐哪路公交能到？
7489,spot,247,cultural_context,里面好玩不，除了看遗址还有啥能逛的？
7490,spot,247,cultural_context,带三岁娃去合适吗，有没有儿童游乐设施或者大草坪跑一跑？
7491,spot,251,description,成都的公园一般早上几点开门，晚上几点关门呢？
7492,spot,251,description,去成都的公园逛逛要收门票吗，大概多少钱一张？
7493,spot,251,description,从春熙路坐地铁怎么去人民公园，大概要多久？
7494,spot,251,description,带5岁小孩去成都的公园玩，有没有适合亲子活动的项目？
7495,spot,251,description,成都的公园除了散步喝茶，还有什么好玩的，值得专门去一趟吗？
7496,spot,251,travel_tips,这个公园几点开门关门呢？是全天都能进吗？
7497,spot,251,travel_tips,进去耍要门票不？大概好多钱一个人？
7498,spot,251,travel_tips,这个地方在成都哪儿哦？坐地铁或者公交咋个去方便？
7499,spot,251,travel_tips,里面有没有啥子好耍的？就是走走看看湖景，大概能玩多久？
7500,spot,251,travel_tips,带家里老人和两三岁的小娃娃去散步合适不？路好不好走，有没有啥要注意的？
7501,spot,251,cultural_context,金牛公园早上几点开门，晚上几点关门哇？
7502,spot,251,cultural_context,去金牛公园要门票不，还是免费随便进？
7503,spot,251,cultural_context,金牛公园在成都哪个位置哦，坐地铁几号线能到？
7504,spot,251,cultural_context,带娃去金牛公园耍一天安逸不，里面有啥子好玩的？
7505,spot,251,cultural_context,金牛公园到底好不好耍，值不值得专门跑一趟嘛？
7506,spot,256,description,成都的公园一般早上几点开门，晚上几点关门呢？
7507,spot,256,description,去成都的公园逛逛要买门票吗，大概多少钱一个人？
7508,spot,256,description,从春熙路坐地铁去人民公园应该怎么走，要换乘吗？
7509,spot,256,description,带三岁的小孩去成都的公园玩，有没有适合小朋友的设施或者活动？
7510,spot,256,description,成都哪个公园最好玩，本地人平时都爱去哪个逛？
7511,spot,256,travel_tips,这个公园几点开门关门？需要买门票不？
7512,spot,256,travel_tips,请问这个公园具体在哪儿啊？坐地铁或者公交怎么过去方便？
7513,spot,256,travel_tips,带三岁小孩去野餐的话，里面有草坪和步道吗？节假日人多不多？
7514,spot,256,travel_tips,这个公园好玩吗？一般逛下来要多久，值不值得专门跑一趟？
7515,spot,256,travel_tips,我想一大早去散步，清晨去的话人少吗？大概几点去比较合适？
7516,spot,256,cultural_context,这个公园几点开门关门？门票收多少钱？
7517,spot,256,cultural_context,这个川西林盘风格的公园具体在哪儿？坐地铁或者公交怎么过去方便？
7518,spot,256,cultural_context,带小孩去玩合适吗？里面有啥适合小朋友耍的设施或者活动？
7519,spot,256,cultural_context,这个公园到底好不好耍？主要看啥子，逛一圈大概要多久？
7520,spot,256,cultural_context,公园里头让不让搭帐篷或者野餐？周末人多不多，要不要提前预约？
7521,spot,270,description,成都的博物馆一般几点开门关门？
7522,spot,270,description,去成都博物馆门票要多少钱，需要提前预约吗？
7523,spot,270,description,从春熙路坐地铁怎么到成都博物馆？
7524,spot,270,description,带6岁小孩去成都博物馆合适吗，里面有什么好玩的？
7525,spot,270,description,成都博物馆值不值得专门去一趟，大概能逛多久？
7526,spot,270,cultural_context,许燎源博物馆几点开门，关门时间是什么时候？
7527,spot,270,cultural_context,去许燎源博物馆门票多少钱一张，需要提前网上买吗？
7528,spot,270,cultural_context,这个博物馆具体在成都哪个位置，坐地铁或公交怎么去方便？
7529,spot,270,cultural_context,里面除了看画和设计品，有没有互动体验或者好拍照的地方，逛一圈大概要多久？
7530,spot,270,cultural_context,带五岁小孩去合适吗？会不会太闷，还是说里面有亲子活动或休息区？
7531,spot,270,travel_tips,请问你们几点开门，最晚几点能进去啊？
7532,spot,270,travel_tips,门票多少钱一张？有没有学生票或者免票政策？
7533,spot,270,travel_tips,这个地方坐地铁方便吗？具体在哪个站下？
7534,spot,270,travel_tips,里面好玩吗？大概能逛多久，值不值得专门跑一趟？
7535,spot,270,travel_tips,带五岁小孩去合适不？会不会太闷或者有互动的东西？
7536,spot,278,description,成都的博物馆一般几点开门啊？
7537,spot,278,description,去成都博物馆要门票吗，大概多少钱一张？
7538,spot,278,description,从春熙路怎么坐车去成都博物馆？
7539,spot,278,description,带五岁小孩去成都博物馆合适吗，有没有亲子互动项目？
7540,spot,278,description,成都博物馆里面好玩吗，大概逛多久能逛完？
7541,spot,278,travel_tips,川大华西那个医学博物馆几点开门啊，周末是不是不开？
7542,spot,278,travel_tips,这个地方免费进吗，要不要提前预约？
7543,spot,278,travel_tips,坐地铁怎么去川大华西校区那个标本馆？
7544,spot,278,travel_tips,里面那些标本吓不吓人，带小学生去看合适不？
7545,spot,278,travel_tips,听说不能拍照，那逛一圈大概要多久，值不值得专门跑一趟？
7546,spot,310,description,成都的博物馆一般几点开门啊？我想早点去避开人流。
7547,spot,310,description,这些博物馆门票贵不贵？有没有免费开放的日子？
7548,spot,310,description,从春熙路坐地铁去成都博物馆方便吗？要坐几号线？
7549,spot,310,description,带五岁的小朋友去成都博物馆合适不？里头有没有适合孩子玩的互动项目？
7550,spot,310,description,成都博物馆里哪个展厅最值得看？大概逛完要花多长时间？
7551,spot,278,cultural_context,华西口腔博物馆几点开门？需要提前预约吗？
7552,spot,278,cultural_context,去华西口腔博物馆看牙科老古董要门票不？大概好多钱一个人？
7553,spot,278,cultural_context,这个口腔博物馆在成都哪个位置哦？坐地铁怎么过去方便？
7554,spot,278,cultural_context,带娃去华西口腔博物馆逛一圈合适不？里面有没有好耍的互动体验？
7555,spot,278,cultural_context,华西口腔博物馆里头主要看啥子？跟普通牙科诊所的展览比有啥子特别之处？
7556,spot,310,travel_tips,请问这个地方几点开门？大概要逛多久啊？
7557,spot,310,travel_tips,这里门票多少钱？是免费的吗？
7558,spot,310,travel_tips,这个地方具体在哪里？是不是在青羊区文化公园附近？交通方便吗？
7559,spot,310,travel_tips,里面能看到蜀绣现场制作吗？好玩不？大概能玩些什么？
7560,spot,310,travel_tips,带小孩去合适吗？环境清不清幽？周一去会不会闭馆？
7561,spot,331,description,成都的水族馆一般几点开门关门？门票多少钱一张？
7562,spot,331,description,带5岁小孩去成都那个水族馆玩合适吗？里面有没有表演？
7563,spot,331,description,从春熙路坐地铁怎么去水族馆？大概要多久？
7564,spot,331,description,成都哪个水族馆最好玩？跟海洋公园比哪个更适合情侣去？
7565,spot,331,description,水族馆周末人多不多？需要提前在网上买票吗？现场能买到吗？
7566,spot,310,cultural_context,蜀绣博物馆几点开门关门哇？周末去需要提前预约不？
7567,spot,310,cultural_context,门票好多钱一张？学生或者老年人有没有优惠哦？
7568,spot,310,cultural_context,从春熙路坐地铁或者公交咋个去杨德全蜀绣博物馆？大概要多久？
7569,spot,310,cultural_context,带6岁娃儿去逛这个博物馆合适不？里头有没有可以动手体验的亲子活动？
7570,spot,310,cultural_context,这个博物馆里头除了看绣品，有没有现场演示或者讲解？大概逛一圈要花好久时间，值不值得专门跑一趟？
7571,spot,331,cultural_context,这个海洋馆几点开门关门啊？周末去会不会很多人？
7572,spot,331,cultural_context,门票多少钱一张？有没有儿童票或者家庭套票？
7573,spot,331,cultural_context,在双流具体哪个位置？坐地铁或者公交怎么过去方便？
7574,spot,331,cultural_context,里面除了看鱼还有啥互动项目？大概能玩几个小时？
7575,spot,331,cultural_context,带三岁小孩去合适吗？有没有推车通道或者母婴室？
7576,spot,331,travel_tips,这个馆一般几点开门哦？周末去是不是要排很久的队？
7577,spot,331,travel_tips,门票大概多少钱一张？有没有团购或者优惠票可以买？
7578,spot,331,travel_tips,这个地方具体在哪儿啊，坐地铁或者公交怎么过去方便？
7579,spot,331,travel_tips,里面好玩吗？大概能逛多久，值不值得专门跑一趟？
7580,spot,331,travel_tips,带5岁的小朋友去合适不？里面光线会不会太暗，走路安全吗？
7581,spot,348,description,成都的博物馆一般早上几点开门啊？
7582,spot,348,description,去成都博物馆门票要多少钱，需不需要提前预约？
7583,spot,348,description,从春熙路怎么坐车去成都博物馆，大概要多久？
7584,spot,348,description,成都博物馆里有哪些镇馆之宝，值得专门去看吗？
7585,spot,348,description,带5岁小孩去成都博物馆合适吗，里面有没有互动体验区？
7586,spot,348,travel_tips,请问一般参观这个地方要花多长时间呀？上午去还是下午去比较好呢？
7587,spot,348,travel_tips,门票大概多少钱一张？里面含不含讲解服务哦？
7588,spot,348,travel_tips,这个地方具体在成都哪里啊？坐地铁或者公交方便吗？
7589,spot,348,travel_tips,里面可以体验织机操作吗？带小朋友去会不会觉得无聊？
7590,spot,348,travel_tips,值不值得专门跑一趟？大概能玩些什么内容，有没有什么要注意的？
7591,spot,348,cultural_context,蜀锦博物馆早上几点开门？下午关门时间是多少？
7592,spot,348,cultural_context,去蜀锦博物馆要门票吗？大概多少钱一张？
7593,spot,348,cultural_context,蜀锦博物馆具体在成都哪个位置？坐地铁几号线能到？
7594,spot,348,cultural_context,里面好玩吗？除了看织机，有没有现场织造演示或者可以体验的活动？
7595,spot,348,cultural_context,带6岁的小孩去蜀锦博物馆合适吗？会不会太枯燥？
7596,spot,352,cultural_context,机车博物园几点开门关门啊？
7597,spot,352,cultural_context,进去要买门票不，大概多少钱一个人？
7598,spot,352,cultural_context,从成都市区坐地铁或者公交怎么过去方便？
7599,spot,352,cultural_context,里面除了火车实物，有没有能互动体验或者拍照好看的地方？
7600,spot,352,cultural_context,带5岁小孩去逛合适吗，会不会觉得无聊？
7601,spot,352,description,成都那些体育休闲服务场所一般几点开门关门啊？
7602,spot,352,description,去这种体育休闲的地方玩一次大概要花多少钱？
7603,spot,352,description,从春熙路出发怎么坐车到体育休闲服务场所？
7604,spot,352,description,带小孩去体育休闲服务场所合适吗，有没有亲子项目？
7605,spot,352,description,成都的体育休闲服务场所好玩吗，值不值得专门跑一趟？
7606,spot,359,description,成都的博物馆一般几点开门关门啊？
7607,spot,359,description,去成都博物馆要门票吗，大概多少钱一个人？
7608,spot,359,description,从春熙路怎么坐地铁去成都博物馆方便？
7609,spot,359,description,成都博物馆里面好玩吗，值不值得专门逛半天？
7610,spot,359,description,带五岁小孩去成都博物馆合适不，有没有亲子互动区？
7611,spot,352,travel_tips,请问西南交大犀浦校区那个免费参观的地方几点开门啊？平时周末去会不会不让进？
7612,spot,352,travel_tips,这个景点要门票不？大概逛一圈要花多长时间？
7613,spot,352,travel_tips,坐地铁6号线到哪个站下？出站后走路远不远，怎么走最快？
7614,spot,352,travel_tips,里面主要看什么呀？是那种老式火车头还是博物馆？值不值得专门跑一趟？
7615,spot,352,travel_tips,带5岁小孩去合适吗？会不会太无聊，有没有可以跑动或者互动的地方？
7616,spot,359,travel_tips,纯阳观博物馆上午去大概要逛多久啊？几点开门呢？
7617,spot,359,travel_tips,门票是10块钱一个人吗？小孩或者老人有没有优惠？
7618,spot,359,travel_tips,从成都市区坐地铁或者公交怎么去纯阳观博物馆方便？
7619,spot,359,travel_tips,带五岁的小朋友去纯阳观合适吗？里面会不会太无聊？
7620,spot,359,travel_tips,纯阳观好玩吗？值不值得专门跑一趟，还是说跟新津其他景点一起逛更划算？
7621,spot,359,cultural_context,纯阳观早上几点开门？门票收多少钱？
7622,spot,359,cultural_context,从成都市区坐地铁或者公交怎么去纯阳观方便？
7623,spot,359,cultural_context,纯阳观里面除了看古建筑，还有啥好玩的？大概能逛多久？
7624,spot,359,cultural_context,带小孩去纯阳观合适不？有没有什么要注意的？
7625,spot,359,cultural_context,纯阳观好玩吗？值不值得专门跑一趟？
7626,spot,366,description,成都的博物馆一般早上几点开门啊？
7627,spot,366,description,去成都博物馆门票要多少钱，需要提前预约吗？
7628,spot,366,description,从春熙路怎么坐车去成都博物馆方便？
7629,spot,366,description,带5岁小孩去成都博物馆逛，有没有适合小朋友的互动项目？
7630,spot,366,description,成都博物馆里有哪些镇馆之宝，大概逛多久能看完？
7631,spot,366,travel_tips,这个博物馆几点开门，周一闭馆是不是所有节假日都这样？
7632,spot,366,travel_tips,门票多少钱一张，老人和小孩有没有优惠或者免费？
7633,spot,366,travel_tips,坐地铁3号线到钟楼站后，出站还要走多久才能到？
7634,spot,366,travel_tips,里面大概能逛多久，值不值得专门跑一趟新都去玩？
7635,spot,366,travel_tips,带5岁小孩去合适吗，馆里有没有互动或者孩子感兴趣的东西？
7636,spot,376,description,成都的博物馆一般几点开门关门？周末和平时时间一样吗？
7637,spot,376,description,去成都的博物馆门票多少钱一张？有没有免费或者半价的时候？
7638,spot,376,description,成都博物馆怎么去最方便？坐地铁几号线能到？
7639,spot,376,description,成都的博物馆好玩吗？值不值得专门去逛一圈？
7640,spot,376,description,带小孩去成都的博物馆合适吗？有没有适合小朋友的互动项目？
7641,spot,366,cultural_context,新都博物馆早上几点开门，下午好久关门哦？
7642,spot,366,cultural_context,这个博物馆门票好多钱一张，需不需要提前预约？
7643,spot,366,cultural_context,从成都市区咋个坐车去新都博物馆，地铁能到不？
7644,spot,366,cultural_context,里面主要看些啥子，有好玩的汉代画像砖那些不，大概逛多久？
7645,spot,366,cultural_context,带5岁娃儿去合适不，有没有啥子互动或者讲解适合小娃娃的？
7646,spot,376,travel_tips,上午几点去人少一点？逛完大概要多久？
7647,spot,376,travel_tips,现在门票多少钱一张？60岁老人有优惠不？
7648,spot,376,travel_tips,这个地方在成都哪个位置？坐地铁几号线能到？
7649,spot,376,travel_tips,里面好玩吗？主要是看啥子东西，值不值得专门跑一趟？
7650,spot,376,travel_tips,带5岁娃娃去合适不？娃儿会不会觉得无聊，有没有互动项目？
7651,spot,376,cultural_context,崇州天演博物馆几点开门？下午去来得及逛完不？
7652,spot,376,cultural_context,门票好多钱一张？老人和小孩有没有优惠？
7653,spot,376,cultural_context,从成都市区怎么去崇州天演博物馆？坐公交或者自驾方便吗？
7654,spot,376,cultural_context,带五岁娃娃去这个博物馆合适不？里面有没有互动或者好耍的恐龙化石？
7655,spot,376,cultural_context,这个博物馆到底好不好耍？大概逛两个小时够不够？值不值得专门跑一趟？
7656,spot,385,description,成都的博物馆一般几点开门？需要提前预约吗？
7657,spot,385,description,去成都博物馆门票多少钱？有没有免费开放的日子？
7658,spot,385,description,成都博物馆怎么去最方便？坐地铁几号线能到？
7659,spot,385,description,带小孩去成都博物馆合适吗？里面有没有适合亲子互动的展区？
7660,spot,385,description,成都博物馆里有哪些镇馆之宝？大概逛多久能逛完？
7661,spot,385,travel_tips,盆景园一般几点开门？早上几点去人少些？
7662,spot,385,travel_tips,现在门票还是20块吗？老人小孩有没有优惠？
7663,spot,385,travel_tips,这个盆景园在成都哪个位置？坐地铁或者公交怎么过去方便？
7664,spot,385,travel_tips,里面好玩吗？大概逛多久？主要看些啥子？
7665,spot,385,travel_tips,带5岁娃娃去合适不？有没有遮阴的地方，怕晒到娃儿？
7666,spot,385,cultural_context,请问三邑川派盆景博物馆每天几点开门、几点关门啊？
7667,spot,385,cultural_context,去这个博物馆参观要买门票不？大概多少钱一个人？
7668,spot,385,cultural_context,从成都市区坐地铁或者公交怎么去三邑川派盆景博物馆？方便吗？
7669,spot,385,cultural_context,里面除了看盆景，还有没有啥好耍的？大概逛多久合适？
7670,spot,385,cultural_context,带五六岁的小孩去那里合适吗？有没有啥互动或者体验项目？
7671,spot,398,travel_tips,请问周一去会不会扑空啊？闭馆的话是不是就进不去了？
7672,spot,398,travel_tips,这个地方参观要钱不？还是免费的话直接刷身份证就能进？
7673,spot,398,travel_tips,从春熙路过去坐几号线方便？大概要多久能到？
7674,spot,398,travel_tips,里面大概能逛多久？带孩子去会不会太闷，适不适合小学生？
7675,spot,398,travel_tips,周末去人多不多？需不需要提前预约，还是到了再排队就行？
7676,spot,398,description,成都的博物馆一般几点开门，几点关门啊？
7677,spot,398,description,去成都博物馆要提前买票吗，门票多少钱一张？
7678,spot,398,description,从春熙路怎么坐地铁或公交去成都博物馆？
7679,spot,398,description,带5岁小孩去成都博物馆合适吗，有没有亲子互动项目？
7680,spot,398,description,成都博物馆里面好玩吗，大概逛多久能看完，值不值得去？
7681,spot,398,cultural_context,这个博物馆几点开门关门？门票多少钱一张？
7682,spot,398,cultural_context,请问这个地方具体在青白江哪里，坐地铁或者公交怎么过去？
7683,spot,398,cultural_context,里面除了看文物，有没有互动体验或者讲解服务？大概逛多久比较合适？
7684,spot,398,cultural_context,带五岁的小孩去合适吗？会不会太枯燥，有没有适合小朋友看的展品？
7685,spot,398,cultural_context,网上评价怎么样？值不值得专程从市区跑一趟去看？
7686,spot,405,description,成都的博物馆一般几点开门？需要提前预约吗？
7687,spot,405,description,门票多少钱一张？学生或者老人有优惠吗？
7688,spot,405,description,从春熙路坐地铁怎么去成都博物馆？大概要多久？
7689,spot,405,description,带5岁的小朋友去成都博物馆合适吗？里面有没有亲子互动区？
7690,spot,405,description,成都博物馆和四川博物院哪个更好玩？哪个更值得花半天时间逛？
7691,spot,405,travel_tips,这个馆几点开门关门啊？大概逛多久比较合适？
7692,spot,405,travel_tips,门票多少钱一张？需要提前预约吗？
7693,spot,405,travel_tips,坐地铁或者公交怎么过去方便？附近好找吗？
7694,spot,405,travel_tips,里面主要看什么？好玩吗？值不值得专门跑一趟？
7695,spot,405,travel_tips,带五六岁的小孩去合适吗？里面能随便摸那些家具不？
7696,spot,410,travel_tips,这个馆几点开门？一般逛多久比较合适？
7697,spot,410,travel_tips,门票多少钱一张？老人和小孩有优惠吗？
7698,spot,410,travel_tips,坐地铁能到吗？还是只能开车过去？停车方便不？
7699,spot,410,travel_tips,里面展品多不多？带5岁小孩去会不会觉得无聊？
7700,spot,410,travel_tips,这个地方值不值得专门跑一趟？大概能玩些什么？
7701,spot,405,cultural_context,臻古堂家具馆几点开门？门票多少钱一张？
7702,spot,405,cultural_context,这家臻古堂家具馆在成都哪个位置？坐地铁怎么过去方便？
7703,spot,405,cultural_context,里面展出的明清家具好玩吗？值不值得专门跑一趟去看？
7704,spot,405,cultural_context,带小孩去参观合适不？会不会觉得无聊或者不让碰？
7705,spot,405,cultural_context,网上对臻古堂家具馆的评价怎么样？大概逛多久能看完？
7706,spot,410,description,成都的博物馆一般早上几点开门？需要提前预约吗？
7707,spot,410,description,去成都博物馆门票多少钱一张？有免费开放日吗？
7708,spot,410,description,从春熙路怎么坐地铁或公交去成都博物馆？大概要多久？
7709,spot,410,description,带5岁小孩去成都博物馆合适吗？里面有没有适合儿童互动体验的项目？
7710,spot,410,description,成都博物馆里面主要展什么？大概逛一圈要花几个小时，值不值得专门跑一趟？
7711,spot,410,cultural_context,请问这个金丝楠木博物馆几点开门呀？
7712,spot,410,cultural_context,门票多少钱一张，老人和小孩有优惠吗？
7713,spot,410,cultural_context,从春熙路坐地铁或者公交怎么过去方便？
7714,spot,410,cultural_context,里面好玩吗，主要看些什么，大概逛多久合适？
7715,spot,410,cultural_context,带5岁的小孩去合适吗，会不会觉得无聊或者有互动体验？
7716,spot,414,description,成都的博物馆一般早上几点开门？需要提前预约吗？
7717,spot,414,description,去成都博物馆要门票不？大概多少钱一张？
7718,spot,414,description,从春熙路坐地铁去成都博物馆怎么走？哪个站下？
7719,spot,414,description,成都博物馆里好玩吗？带5岁的小朋友去合适不？
7720,spot,414,description,成都除了省博，还有哪些又小众又值得逛的博物馆？求推荐一下
7721,spot,414,travel_tips,请问这个地方几点开门，游览大概要花多长时间呀？
7722,spot,414,travel_tips,门票是20块钱一个人吗，小孩或者老人有没有优惠？
7723,spot,414,travel_tips,从成都市区过去方便吗，是不是只能自驾，有没有公共交通？
7724,spot,414,travel_tips,里面好玩吗，主要看些什么，大概走一圈累不累？
7725,spot,414,travel_tips,带五岁的小朋友去合适吗，展品不能碰的话孩子会不会觉得无聊？
7726,spot,418,travel_tips,请问这个馆几点开门，游览大概要多久？
7727,spot,418,travel_tips,这个地方要门票不，还是说要提前预约才能进？
7728,spot,418,travel_tips,从市区自驾过去方便吗，导航直接搜啥名字？
7729,spot,418,travel_tips,带5岁娃去逛合适不，里面灯光暗会不会娃觉得害怕？
7730,spot,418,travel_tips,有没有去过的朋友说下，值不值得专门跑一趟郫都区看？
7731,spot,418,description,成都的博物馆一般几点开门，几点闭馆？
7732,spot,418,description,去成都博物馆门票多少钱，需要提前预约吗？
7733,spot,418,description,从春熙路怎么坐地铁去成都博物馆，大概要多久？
7734,spot,418,description,成都博物馆里有哪些镇馆之宝，值不值得专门去逛半天？
7735,spot,418,description,带5岁小孩去成都博物馆合适吗，有没有适合小朋友的互动展区？
7736,spot,418,cultural_context,这个展馆几点开门关门呀？
7737,spot,418,cultural_context,门票多少钱一张，老人和小孩有优惠吗？
7738,spot,418,cultural_context,坐地铁或者公交怎么去最方便？
7739,spot,418,cultural_context,里面主要看啥子，高古玉和明清玉雕有啥子区别，好玩不？
7740,spot,418,cultural_context,带6岁娃娃去合适不，会不会看不懂或者觉得无聊？
7741,spot,414,cultural_context,你们那儿几点开门关门哇？逛一圈大概要多久？
7742,spot,414,cultural_context,门票好多钱一张？有没有学生票或者老年人优惠哦？
7743,spot,414,cultural_context,这个地方具体在成都哪个位置？坐地铁或者公交咋个过去最方便？
7744,spot,414,cultural_context,里面主要是看些啥子喃？除了雕花构件，还有没有别的老建筑可以拍照？
7745,spot,414,cultural_context,带5岁娃儿来耍合适不？会不会觉得无聊，有没有啥子互动或者讲解可以听？
7746,spot,424,description,成都那些有名的景点一般早上几点开门？我想早点去避开人流。
7747,spot,424,description,去都江堰和青城山玩一天，门票加交通大概要花多少钱？
7748,spot,424,description,从春熙路怎么坐车去大熊猫繁育研究基地？大概要多久？
7749,spot,424,description,带5岁小孩去成都，除了熊猫基地，还有哪些景点适合亲子玩？
7750,spot,424,description,武侯祠和锦里晚上去好玩吗？值不值得专门跑一趟？
7751,spot,424,travel_tips,崇州市那个道明竹编大概几点开门啊？
7752,spot,424,travel_tips,去体验竹编编织要多少钱一个人？
7753,spot,424,travel_tips,从成都市区怎么坐车去崇州道明竹编那边？
7754,spot,424,travel_tips,带5岁小孩去玩竹编合适吗，会不会太难？
7755,spot,424,travel_tips,崇州道明竹编到底好不好玩，值不值得专程跑一趟？
7756,spot,430,description,成都的博物馆一般几点开门？周末会延长开放时间吗？
7757,spot,430,description,去成都博物馆要门票不？大概多少钱一张？
7758,spot,430,description,从春熙路坐地铁怎么去成都博物馆，出哪个口最近？
7759,spot,430,description,带5岁小孩去成都博物馆合适吗？里面有没有适合小朋友玩的项目？
7760,spot,430,description,成都博物馆里最值得看的是啥子？逛一圈大概要多久，评价咋样？
7761,spot,430,cultural_context,彭州市博物馆几点开门关门？需要提前预约吗？
7762,spot,430,cultural_context,去彭州市博物馆门票多少钱一张？老人和小孩有优惠吗？
7763,spot,430,cultural_context,彭州市博物馆在哪个位置？坐公交或者地铁怎么过去方便？
7764,spot,430,cultural_context,彭州市博物馆里面主要看啥？那个宋代金银器窖藏展品多不多，逛一圈大概要多久？
7765,spot,430,cultural_context,带6岁小朋友去彭州市博物馆合适吗？里面有没有互动体验或者讲解服务？
7766,spot,424,cultural_context,请问道明镇那个竹编博物馆几点开门呀？周末去人多不多？
7767,spot,424,cultural_context,带小孩去崇州道明竹艺村玩，门票多少钱一个人？有亲子体验项目吗？
7768,spot,424,cultural_context,从成都市区怎么坐车去道明镇竹编展示馆？地铁能到吗？大概要多久？
7769,spot,424,cultural_context,那里除了看竹编，还有没有好玩的互动项目？逛一圈大概要多久？
7770,spot,424,cultural_context,网上说这个竹编展很出名，实际去过的朋友觉得值不值得专门跑一趟？
7771,spot,430,travel_tips,彭州市区那个博物馆上午几点开门啊？逛一圈要多久？
7772,spot,430,travel_tips,这个博物馆门票收不收钱？周一是不是关门？
7773,spot,430,travel_tips,从成都市区坐啥车能到彭州这个馆？跟龙兴寺离得近不近，走路能到吗？
7774,spot,430,travel_tips,里面主要看啥子？宋代的金碗银盘子多不多？带娃儿去会不会觉得无聊？
7775,spot,430,travel_tips,有去过的朋友说下，这个馆值不值得专门跑一趟？跟龙兴寺一起耍大概半天够不够？
7776,spot,443,description,成都的博物馆一般几点开门关门啊？
7777,spot,443,description,去成都博物馆要门票不，大概多少钱一张？
7778,spot,443,description,成都博物馆在哪个位置，坐地铁怎么过去方便？
7779,spot,443,description,成都博物馆里面好玩吗，值不值得专门去逛一趟？
7780,spot,443,description,带小孩去成都博物馆合适不，有没有适合小朋友看的展？
7781,spot,443,cultural_context,邛窑遗址博物馆早上几点开门？门票多少钱一张？
7782,spot,443,cultural_context,从成都市区怎么坐车去邛窑博物馆？大概要多久？
7783,spot,443,cultural_context,带小孩去邛窑博物馆好玩吗？有没有可以动手体验的活动？
7784,spot,443,cultural_context,邛窑博物馆里面主要看些什么？除了看瓷器，还有啥特色玩法？
7785,spot,443,cultural_context,网上都说邛窑是南方丝绸之路的见证，实际去逛一圈值得吗？大概要逛几个小时？
7786,spot,443,travel_tips,下午去的话大概要逛多久啊？光线真的更好吗？
7787,spot,443,travel_tips,这个地方是免费随便进的吗？几点开门几点关门？周一真的不开吗？
7788,spot,443,travel_tips,那边好停车不？坐地铁或者公交怎么过去方便？
7789,spot,443,travel_tips,里面主要看啥子？带五岁娃儿去耍得开不？会不会太晒？
7790,spot,443,travel_tips,值不值得专门跑一趟？大概能玩几个小时？有没有啥子避坑提醒？
7791,spot,450,description,成都那些有名的景点一般早上几点开门啊？
7792,spot,450,description,去武侯祠和锦里玩一圈，门票大概要花多少钱？
7793,spot,450,description,从春熙路怎么坐车去都江堰景区方便？
7794,spot,450,description,带5岁小孩去成都大熊猫基地合适吗，有没有什么要注意的？
7795,spot,450,description,青城山和都江堰哪个更好玩，一天时间够不够逛完？
7796,spot,450,travel_tips,这个景点是安仁古镇里的哪个地方？需要买联票吗，大概多少钱一张？
7797,spot,450,travel_tips,请问那里早上几点开门？游览一趟大概要花多长时间？
7798,spot,450,travel_tips,带孩子去合适吗？里面有没有能让孩子玩或者休息的地方？
7799,spot,450,travel_tips,从成都市区怎么坐车去安仁古镇最快？到了之后这个景点好找吗？
7800,spot,450,travel_tips,这个地方好玩吗？值不值得专门去一趟，还是说顺便看看就行？
7801,spot,450,cultural_context,张旭初公馆每天几点开门关门呢？
7802,spot,450,cultural_context,进去参观要买门票不，大概多少钱一张？
7803,spot,450,cultural_context,这个公馆在安仁古镇哪个位置，从成都坐车过去方便吗？
7804,spot,450,cultural_context,里面主要看什么呀，就是老房子和院子吗，大概逛多久能看完？
7805,spot,450,cultural_context,带家里老人和小孩去逛合适不，里面路平不平，有没有休息的地方？
7806,spot,453,travel_tips,安仁古镇那些公馆一般上午几点开门？参观大概要多久？
7807,spot,453,travel_tips,去看安仁古镇的公馆建筑群，门票是通票多少钱一张？能单独买吗？
7808,spot,453,travel_tips,从成都市区坐什么车能到安仁古镇？到了之后怎么找到那些开放的公馆？
7809,spot,453,travel_tips,带五六岁的小孩去逛这些公馆合适吗？会不会太无聊？
7810,spot,453,travel_tips,网上说安仁公馆值得看，但有些是私人住的不让进，实际游玩体验怎么样？
7811,spot,453,description,成都那些有名的景点一般几点开门关门？想安排一天逛两三个地方，怕时间赶不上
7812,spot,453,description,去成都旅游，像宽窄巷子、武侯祠这些地方门票大概多少钱？有没有免费的热门景点推荐？
7813,spot,453,description,从成都市区怎么去都江堰和青城山最方便？坐地铁能到吗，还是得坐大巴？
7814,spot,453,description,带5岁小孩去成都玩，哪些景点比较适合亲子游？有没有推婴儿车也好走的地方？
7815,spot,453,description,成都本地人周末爱去哪些风景名胜？有没有那种游客少、但风景特别好的小众景点值得专门跑一趟？
7816,spot,460,description,成都那些有名的景点一般几点开门关门啊？
7817,spot,460,description,去成都旅游，热门景点门票大概要花多少钱？
7818,spot,460,description,从春熙路怎么坐车去都江堰景区方便？
7819,spot,460,description,带5岁小孩去成都，哪个景点最合适、不累人？
7820,spot,460,description,成都的宽窄巷子和锦里哪个更好玩，值得专门去吗？
7821,spot,453,cultural_context,郑子权公馆早上几点开门？门票多少钱一张？
7822,spot,453,cultural_context,从成都市区怎么去安仁古镇的郑子权公馆，坐公交还是自驾方便？
7823,spot,453,cultural_context,带小学二年级的小孩去郑子权公馆参观合适吗，里面有没有互动体验？
7824,spot,453,cultural_context,郑子权公馆里面大不大，大概逛多久能看完？和旁边刘氏庄园比哪个更好玩？
7825,spot,453,cultural_context,郑子权公馆的建筑风格有啥特别之处？适合拍照打卡吗，值不值得专门跑一趟？
7826,spot,460,travel_tips,玉水寨在五凤溪古镇里面，早上几点开门？一般逛多久比较合适？
7827,spot,460,travel_tips,这个玉水寨要门票不？还是说古镇免费它也跟着免费？
7828,spot,460,travel_tips,从成都市区过去五凤溪古镇怎么坐车方便？到了古镇里面玉水寨好找吗？
7829,spot,460,travel_tips,现在这个季节去玉水寨景色咋样？听说夏天晒，带娃去的话有什么要注意的？
7830,spot,460,travel_tips,玉水寨到底好不好玩？就是看水景吗，还是说适合拍照、散步？
7831,spot,488,description,成都的城市广场一般几点开放？晚上去逛安全吗？
7832,spot,488,description,春熙路那个城市广场停车方便吗？大概多少钱一小时？
7833,spot,488,description,带家里老人去天府广场散步，周围有没有可以坐着休息的地方？
7834,spot,488,description,从成都东站坐地铁怎么到市中心的城市广场？要换乘几次？
7835,spot,488,description,城市广场附近除了逛街，有没有适合带小孩玩的项目或者活动？
7836,spot,460,cultural_context,玉水寨早上几点开门？去晚了还进得去吗？
7837,spot,460,cultural_context,去玉水寨要买门票不？大概多少钱一个人？
7838,spot,460,cultural_context,从成都市区怎么坐车到五凤溪古镇的玉水寨？方便吗？
7839,spot,460,cultural_context,玉水寨那边除了看水景，有没有啥好耍的？适合带娃去玩水不？
7840,spot,460,cultural_context,网上有人说玉水寨就是个小水沟，值不值得专门跑一趟？真实体验咋样？
7841,spot,488,travel_tips,请问这个地方几点开门关门呀？傍晚去是不是最好？
7842,spot,488,travel_tips,这个景点要门票吗？还是免费随便进？
7843,spot,488,travel_tips,坐地铁或者公交怎么过去方便？具体在哪个位置？
7844,spot,488,travel_tips,那边晚上好玩吗？主要是看夜景还是有什么活动？
7845,spot,488,travel_tips,带小孩去合适不？广场上人多不多，安不安全？
7846,spot,488,cultural_context,三道堰的水文化广场早上几点开门？晚上关门吗？
7847,spot,488,cultural_context,去三道堰水文化广场要门票不？大概人均花费多少钱？
7848,spot,488,cultural_context,从成都市区坐公交或地铁怎么去三道堰水文化广场？大概要多久？
7849,spot,488,cultural_context,水文化广场那边除了看水景，有没有啥好耍的？适合带娃去玩一天不？
7850,spot,488,cultural_context,三道堰水文化广场值得专门跑一趟吗？跟黄龙溪比哪个更巴适？
7851,spot,493,description,成都那些风景名胜区一般几点开门关门啊？
7852,spot,493,description,去成都的风景名胜玩一圈，门票大概要花多少钱？
7853,spot,493,description,从春熙路怎么坐车去这些风景名胜区最方便？
7854,spot,493,description,带家里老人和小孩去成都的风景名胜逛，会不会太累，有啥推荐路线吗？
7855,spot,493,description,成都的风景名胜区到底好不好玩，值不值得专门跑一趟？
7856,spot,493,cultural_context,海窝子古镇早上几点开门，晚上会不会关门？
7857,spot,493,cultural_context,去海窝子古镇要门票不，大概多少钱一个人？
7858,spot,493,cultural_context,从成都市区怎么坐车去海窝子古镇，方便吗？
7859,spot,493,cultural_context,海窝子古镇好不好玩，大概能逛多久？
7860,spot,493,cultural_context,带小孩去海窝子古镇合适吗，有没有什么亲子项目？
7861,spot,493,travel_tips,那边几点开门喃？晚上去逛得成不？
7862,spot,493,travel_tips,这个古镇要买门票不？大概好多钱一个人？
7863,spot,493,travel_tips,从成都市区咋个过去方便？坐地铁能到不？
7864,spot,493,travel_tips,带5岁娃儿去耍合适不？有没有啥子要注意的？
7865,spot,493,travel_tips,那个冷水鱼好不好吃？雨季涨水会不会影响游玩安全？
7866,spot,503,description,成都的公园一般早上几点开门？晚上会关门吗？
7867,spot,503,description,去人民公园喝茶掏耳朵，大概要花多少钱？
7868,spot,503,description,从春熙路怎么坐地铁去浣花溪公园？
7869,spot,503,description,带5岁小孩去桂溪生态公园玩，有儿童游乐设施吗？
7870,spot,503,description,东湖公园最近好玩吗？适合情侣散步拍照不？
7871,spot,503,travel_tips,这个花园在商场屋顶，晚上几点关门啊？我想傍晚去看夜景，怕去太晚被赶出来。
7872,spot,503,travel_tips,去这个屋顶花园要门票吗？还是免费随便进？
7873,spot,503,travel_tips,这个花园具体在哪个商场啊？坐地铁几号线能到，出站后怎么走？
7874,spot,503,travel_tips,带5岁小孩去那里玩合适吗？有没有什么安全要注意的，比如风大或者栏杆？
7875,spot,503,travel_tips,这个地方拍照效果怎么样？值不值得专门跑一趟，大概能逛多久？
7876,spot,503,cultural_context,成都SKP屋顶花园早上几点开门？晚上会不会关门？
7877,spot,503,cultural_context,去这个屋顶花园要买门票吗，大概多少钱一个人？
7878,spot,503,cultural_context,从地铁站怎么走到成都SKP屋顶花园？开车方便停车不？
7879,spot,503,cultural_context,带小孩去成都SKP屋顶花园玩合适吗？有没有儿童设施或活动？
7880,spot,503,cultural_context,这个屋顶花园到底好玩吗？值不值得专门跑一趟，能逛多久？
7881,spot,507,travel_tips,这个公园几点开门关门啊？要门票不？
7882,spot,507,travel_tips,请问这个公园怎么去？坐地铁或者公交方便吗？
7883,spot,507,travel_tips,带两岁多的小孩去玩，有没有滑梯秋千那些设施？大概能玩多久？
7884,spot,507,travel_tips,这公园主要是看啥子风景哦，还是就适合早上来散个步？值不值得专门跑一趟？
7885,spot,507,travel_tips,夏天去的话蚊子多不多？里面有没有小卖部可以买水？
7886,spot,507,description,成都的公园一般早上几点开门，晚上几点关门呢？
7887,spot,507,description,去成都的公园玩要收门票吗，大概多少钱一张？
7888,spot,507,description,从春熙路怎么坐车去人民公园，大概要多久？
7889,spot,507,description,带五岁的小孩去成都哪个公园最合适，有游乐设施吗？
7890,spot,507,description,成都的公园里除了散步，还有啥好玩的，比如划船或者喝茶？
7891,spot,507,cultural_context,濯锦公园早上几点开门，晚上几点关门哇？
7892,spot,507,cultural_context,这个公园要门票不，大概多少钱一个人？
7893,spot,507,cultural_context,濯锦公园在武侯区哪个位置啊，坐地铁怎么过去方便？
7894,spot,507,cultural_context,里面除了看锦江和蜀锦文化，还有啥好玩的，适合带娃去耍不？
7895,spot,507,cultural_context,网上说濯锦公园名字跟蜀锦有关，实际逛起来咋样，值不值得专门跑一趟？
7896,spot,511,travel_tips,这个公园几点开门关门呢？要不要门票？
7897,spot,511,travel_tips,请问这个地方在成都哪里啊，坐地铁或者公交怎么过去？
7898,spot,511,travel_tips,里面除了散步，有没有篮球场或者健身器材可以用？
7899,spot,511,travel_tips,带小孩去玩合适吗？下午去会不会太晒？
7900,spot,511,travel_tips,这个地方好玩吗，值不值得专门跑一趟？
7901,spot,511,description,成都那些公园广场一般早上几点开门，晚上几点关门哇？
7902,spot,511,description,去成都的公园广场玩要买门票不？大概多少钱一个人？
7903,spot,511,description,从春熙路怎么坐地铁去人民公园或者天府广场啊？
7904,spot,511,description,带小孩去成都的公园广场耍，有没有啥子适合娃娃玩的设施？
7905,spot,511,description,成都哪个公园广场口碑最好，值不值得专门跑一趟去逛？
7906,spot,511,cultural_context,府河文体公园早上几点开门，晚上几点关门？
7907,spot,511,cultural_context,去府河文体公园要门票吗，还是免费随便进？
7908,spot,511,cultural_context,府河文体公园具体在锦江区哪个位置，坐地铁怎么过去方便？
7909,spot,511,cultural_context,府河文体公园里面好玩吗，有哪些体育设施和文化景观可以看？
7910,spot,511,cultural_context,带小孩去府河文体公园合适吗，有没有儿童玩的区域或者安全的活动空间？
7911,spot,518,travel_tips,这个公园几点关门啊？傍晚去会不会太晚了？
7912,spot,518,travel_tips,进去耍要钱不？篮球场和步道是免费随便用的吗？
7913,spot,518,travel_tips,这个体育主题公园在成都哪个位置哦？坐地铁能到不？
7914,spot,518,travel_tips,那边除了打球和走路，还有啥好玩的？适合带娃娃去跑一跑不？
7915,spot,518,travel_tips,你们说的这个公园到底咋样啊？值不值得专门跑一趟去？
7916,spot,518,cultural_context,新体公园早上几点开门，晚上几点关门？
7917,spot,518,cultural_context,去新体公园要门票不，大概多少钱一个人？
7918,spot,518,cultural_context,新体公园具体在哪儿，坐地铁或者公交怎么过去方便？
7919,spot,518,cultural_context,新体公园里面都有啥好玩的，主要是锻炼器材还是也有散步的步道？
7920,spot,518,cultural_context,带小孩去新体公园合适吗，有没有专门给小朋友玩的区域？
7921,spot,529,description,成都的公园一般早上几点开门，晚上几点关门呢？
7922,spot,529,description,去成都的公园玩要买门票吗，大概多少钱一张？
7923,spot,529,description,从春熙路怎么坐地铁或公交去人民公园，大概要多久？
7924,spot,529,description,带5岁的小孩去成都哪个公园最合适，有什么好玩的设施？
7925,spot,529,description,成都的公园里除了散步，有没有划船、喝茶或者看花这些活动，值不值得专程去一趟？
7926,spot,518,description,成都的公园一般早上几点开门，晚上几点关门哇？
7927,spot,518,description,去成都的公园玩要门票不，大概多少钱一张？
7928,spot,518,description,从春熙路怎么坐车去人民公园或者浣花溪公园呀？
7929,spot,518,description,带三岁的小朋友去成都哪个公园最合适，有没有儿童游乐设施？
7930,spot,518,description,成都哪个公园最好玩，适合逛一整天的那种，有没有推荐的？
7931,spot,529,travel_tips,这个景点几点开门关门啊？我想工作日傍晚去，来得及不？
7932,spot,529,travel_tips,这个地方免费进吗？需不需要提前预约或者买票？
7933,spot,529,travel_tips,坐地铁或者公交怎么过去最方便？附近有停车场吗？
7934,spot,529,travel_tips,带5岁小孩去玩合适不？里面有没有儿童游乐区，要玩多久？
7935,spot,529,travel_tips,周末上午去人多不多？大概逛一圈要几个小时，值不值得专门跑一趟？
7936,spot,529,cultural_context,吉泰路活力公园早上几点开门，晚上开到几点关门哦？
7937,spot,529,cultural_context,这个公园要门票吗，还是免费随便进？
7938,spot,529,cultural_context,从地铁站或者公交站过去方便不，具体咋个走？
7939,spot,529,cultural_context,里头有没有适合带小孩耍的设施，比如滑梯秋千这些？
7940,spot,529,cultural_context,这个地方平时人多不多，值不值得专门跑一趟去逛？
7941,spot,531,description,成都植物园早上几点开门？门票多少钱一张？
7942,spot,531,description,带小孩去成都植物园玩合适吗？里面有没有儿童游乐区？
7943,spot,531,description,从春熙路坐地铁怎么去成都植物园？大概要多久？
7944,spot,531,description,成都植物园里面主要看什么？现在这个季节去好玩吗？
7945,spot,531,description,成都植物园值不值得专门去一趟？大概能逛几个小时？
7946,spot,531,travel_tips,这个公园早上几点开门？我想早点去散步，怕去太早了进不去。
7947,spot,531,travel_tips,这个地方是免费的吗？要不要买门票或者预约才能进去？
7948,spot,531,travel_tips,请问这个游园具体在成都哪个位置？坐地铁或者公交怎么过去方便？
7949,spot,531,travel_tips,里面好玩吗？就是普通散步的地方，还是有啥特别的景色或者活动？
7950,spot,531,travel_tips,带小孩去合适不？有没有儿童设施，或者蚊虫会不会特别多？
7951,spot,531,cultural_context,朱家沟游园几点开门关门？要门票吗？
7952,spot,531,cultural_context,这个游园在成都哪个位置，坐地铁或者公交怎么去？
7953,spot,531,cultural_context,带小孩去朱家沟游园合适吗？有没有玩水或者草坪可以跑的地方？
7954,spot,531,cultural_context,朱家沟游园好玩吗？大概逛一圈要多久？里面主要看什么？
7955,spot,531,cultural_context,朱家沟游园停车方便吗？附近有吃的或者咖啡馆吗？
7956,spot,540,description,成都的公园一般早上几点开门，晚上几点关门啊？
7957,spot,540,description,去成都那些公园玩要买门票吗，大概多少钱一张？
7958,spot,540,description,从春熙路怎么坐车去人民公园，方便吗？
7959,spot,540,description,带五岁小孩去成都哪个公园最合适，有没有儿童游乐设施？
7960,spot,540,description,成都哪个公园既能看到老成都生活又适合拍照，值不值得专门去逛一圈？
7961,spot,540,travel_tips,这个地方几点开门关门呢？大概要逛多久？
7962,spot,540,travel_tips,门票多少钱？是免费随便进的吗？
7963,spot,540,travel_tips,具体在哪个位置啊，坐地铁或者公交怎么过去方便？
7964,spot,540,travel_tips,里面好玩吗？就是纯粹看树还是有点别的景致？
7965,spot,540,travel_tips,带小孩去合适不？有没有什么要注意的，比如蚊子多不多？
7966,spot,540,cultural_context,维也纳森林公园几点开门关门？门票要钱不？
7967,spot,540,cultural_context,这个维也纳森林公园具体在成都哪个位置？坐地铁或者公交怎么去？
7968,spot,540,cultural_context,带小孩去维也纳森林公园玩合适吗？里面有没有儿童游乐设施？
7969,spot,540,cultural_context,维也纳森林公园里面主要能玩些啥？大概逛一圈要多久？
7970,spot,540,cultural_context,网上评价说维也纳森林公园值得去吗？和普通公园比有啥特别之处？
7971,spot,545,description,成都的公园一般早上几点开门，晚上几点关门呀？
7972,spot,545,description,请问这些公园的门票多少钱，还是免费随便进？
7973,spot,545,description,从春熙路出发，坐地铁怎么去最近的公园？
7974,spot,545,description,带小朋友去这些公园玩，有没有专门给小孩玩的设施？
7975,spot,545,description,这些公园里哪个最好玩，适合逛大半天的那种？
7976,spot,545,travel_tips,芙蓉岛公园里的场馆几点开门关门哇？
7977,spot,545,travel_tips,这个场馆进去要收门票不，还是免费随便逛？
7978,spot,545,travel_tips,芙蓉岛公园具体在成都哪个位置，坐地铁几号线能到？
7979,spot,545,travel_tips,里面场馆好玩吗，带五岁小孩去合适不？
7980,spot,545,travel_tips,周末去会不会挤得慌，大概要逛多久能看完？
7981,spot,545,cultural_context,芙蓉岛公园几点开门关门？需要买门票吗？
7982,spot,545,cultural_context,从春熙路坐地铁或者公交怎么去芙蓉岛公园，大概要多久？
7983,spot,545,cultural_context,芙蓉岛公园的一号馆主要看什么？带5岁小孩去合适吗？
7984,spot,545,cultural_context,那里好不好耍？除了看芙蓉文化展，还有没有其他能逛能拍照的地方？
7985,spot,545,cultural_context,周末去芙蓉岛公园人多不多？大概逛一圈要花多长时间？
7986,spot,546,description,成都的公园一般早上几点开门，晚上几点关门哇？
7987,spot,546,description,去成都那些公园耍要门票不，大概好多钱一个人？
7988,spot,546,description,从春熙路咋个坐车去人民公园，坐地铁方便不？
7989,spot,546,description,带3岁多的小娃娃去哪个公园最合适，有没得儿童游乐区？
7990,spot,546,description,成都哪个公园最好耍，拍照好看又清静，值不值得专门跑一趟？
7991,spot,546,travel_tips,这个公园几点开门关门啊？
7992,spot,546,travel_tips,进去耍要不要门票，还是免费随便进？
7993,spot,546,travel_tips,这个安全文化公园在成都哪个位置，坐地铁咋个去？
7994,spot,546,travel_tips,带5岁的小娃娃去有没有啥子好耍的，能玩多久？
7995,spot,546,travel_tips,里面那些安全体验设施安全不，娃娃乱按会不会出问题？
7996,spot,546,cultural_context,这个公园几点开门关门呢？门票要钱不？
7997,spot,546,cultural_context,请问具体位置在哪儿，坐地铁或公交怎么过去方便？
7998,spot,546,cultural_context,带小孩去玩合适吗？里面有没有互动体验项目？
7999,spot,546,cultural_context,那里好不好玩？大概能逛多久，主要有哪些看点？
8000,spot,546,cultural_context,周末人多不多，需不需要提前预约？停车方便吗？
8001,spot,549,description,成都那些公园广场一般早上几点开门，晚上关门时间是多少？
8002,spot,549,description,去人民公园或者浣花溪公园玩，门票大概多少钱一张？
8003,spot,549,description,从春熙路怎么坐地铁或公交去成都的公园广场，方便吗？
8004,spot,549,description,带三岁小孩去成都哪个公园广场最合适，有没有儿童游乐设施？
8005,spot,549,description,成都的公园广场除了散步，还有啥好玩的？比如喝茶、看川剧或者划船，值不值得专程去一趟？
8006,spot,549,travel_tips,沙河沿线的带状公园早上几点开门啊？晚上关门吗？
8007,spot,549,travel_tips,这个公园免费进去耍要不要买票哦？里面骑车或者散步要额外收钱不？
8008,spot,549,travel_tips,从春熙路咋个坐地铁或公交到沙河公园那边？下车后好找入口不？
8009,spot,549,travel_tips,带5岁的小娃儿去沙河沿线逛，有没得专门的儿童设施？路平不平好推婴儿车？
8010,spot,549,travel_tips,这个公园周末人多不多？沿河走一圈大概要多久，值不值得专门跑一趟？
8011,spot,560,description,成都的公园一般早上几点开门，晚上几点关门啊？
8012,spot,560,description,去成都的公园玩要买门票吗，大概多少钱一张？
8013,spot,560,description,成都哪个公园最值得逛，里面有什么好玩的？
8014,spot,560,description,带小孩去成都的公园玩合适吗，有没有儿童游乐设施？
8015,spot,560,description,成都的公园坐地铁方便吗，怎么去最顺路？
8016,spot,549,cultural_context,沙河公园早上几点开门？晚上关不关门哦？
8017,spot,549,cultural_context,去沙河那边逛要门票不？大概花好多钱？
8018,spot,549,cultural_context,坐地铁到哪个站下离沙河最近？出站咋个走？
8019,spot,549,cultural_context,沙河现在整治完了好不好耍？带外地朋友去散步拍照怎么样？
8020,spot,549,cultural_context,带5岁娃儿去沙河耍水安全不？有没有儿童游乐设施？
8021,spot,560,travel_tips,请问这个地方几点开门呀？是全天免费随便进吗？
8022,spot,560,travel_tips,那边要门票不？大概多少钱一个人？
8023,spot,560,travel_tips,具体在成都哪个位置哦？坐地铁或者公交怎么过去方便？
8024,spot,560,travel_tips,主要是逛什么呀？就沿着河边走走吗？大概能玩多久？
8025,spot,560,travel_tips,带五岁小孩去合适不？河边安全不，下雨天去会不会很滑？
8026,spot,563,description,成都的公园一般几点开门关门啊？
8027,spot,563,description,去人民公园喝茶打麻将，一个人大概要花多少钱？
8028,spot,563,description,从春熙路怎么坐车去浣花溪公园？
8029,spot,563,description,带三岁小孩去东湖公园玩，有适合的儿童设施吗？
8030,spot,563,description,兴隆湖公园最近好玩吗？适合周末去露营散步不？
8031,spot,560,cultural_context,橡树林滨河公园早上几点开门，晚上到几点关门呢？
8032,spot,560,cultural_context,这个公园要门票不，进去玩大概要花多少钱？
8033,spot,560,cultural_context,橡树林滨河公园具体在锦江边哪个位置，坐地铁或公交怎么过去方便？
8034,spot,560,cultural_context,里面好玩吗，主要能逛些什么，大概能耍多久？
8035,spot,560,cultural_context,带5岁娃去合适不，有没有儿童游乐设施或者安全的活动区域？
8036,spot,563,travel_tips,这个景点几点开门，晚上去会不会关门啊？
8037,spot,563,travel_tips,进去要买门票吗，免费的话有没有什么限制？
8038,spot,563,travel_tips,坐地铁或者公交怎么过去方便？
8039,spot,563,travel_tips,带老人和小孩去逛，路好不好走，大概能玩多久？
8040,spot,563,travel_tips,那里夏天蚊子多不多，傍晚去散步合适吗？
8041,spot,567,description,成都的公园一般早上几点开门，晚上几点关门呢？
8042,spot,567,description,去成都的公园玩要买门票吗，大概多少钱一张？
8043,spot,567,description,从春熙路怎么坐车去人民公园，坐地铁方便吗？
8044,spot,567,description,带5岁小孩去成都哪个公园最合适，有游乐设施吗？
8045,spot,567,description,成都的公园除了散步，有没有划船或者喝茶的地方，好玩吗？
8046,spot,563,cultural_context,栏杆堰滨河公园几点开门关门哇？
8047,spot,563,cultural_context,这个公园要收门票不，还是免费随便进？
8048,spot,563,cultural_context,从地铁站咋个过去哦，走路远不远？
8049,spot,563,cultural_context,里面有没有啥子好耍的，值不值得专门跑一趟？
8050,spot,563,cultural_context,带娃娃去那儿遛弯儿方便不，有没得儿童设施？
8051,spot,567,travel_tips,这个景点几点开门，晚上去能看到啥子不？
8052,spot,567,travel_tips,门票好多钱一个人，需不需要提前预约？
8053,spot,567,travel_tips,具体在哪个立交桥下面哦，坐地铁咋个过去方便？
8054,spot,567,travel_tips,里面主要看些啥子，大概要逛好久才耍得完？
8055,spot,567,travel_tips,带5岁的小娃娃去合适不，附近好停车吗？
8056,spot,567,cultural_context,老成都民俗公园几点开门关门？要门票不？
8057,spot,567,cultural_context,这个公园具体在哪儿啊，坐地铁或者公交怎么去？
8058,spot,567,cultural_context,里面主要是看啥子东西，大概逛多久能逛完？
8059,spot,567,cultural_context,带五岁的小娃娃去耍合适不？有没有啥子互动的东西？
8060,spot,567,cultural_context,网上评论说好不好耍？值不值得专门跑一趟去看？
8061,spot,570,description,成都的公园一般早上几点开门，晚上几点关门啊？
8062,spot,570,description,去成都的公园玩要收门票吗，大概多少钱一个人？
8063,spot,570,description,从春熙路怎么坐车去人民公园，大概要多久？
8064,spot,570,description,带小孩去成都哪个公园比较合适，里面有游乐设施吗？
8065,spot,570,description,成都的公园除了散步喝茶，还有哪些好玩的特色活动？
8066,spot,570,travel_tips,请问这个地方几点开门，晚上去能看到夜景不？
8067,spot,570,travel_tips,这里要门票吗，大概多少钱一个人？
8068,spot,570,travel_tips,从春熙路坐地铁或者公交怎么过去方便？
8069,spot,570,travel_tips,那边主要能玩什么呀，适合带小孩去走走吗？
8070,spot,570,travel_tips,听说河岸步道不错，清晨去会不会太冷清，值不值得专门跑一趟？
8071,spot,570,cultural_context,府河北公园早上几点开门，晚上几点关门呢？
8072,spot,570,cultural_context,这个公园要收门票吗，还是免费进去耍？
8073,spot,570,cultural_context,府河北公园具体在锦江区哪个位置，坐地铁或者公交怎么过去方便？
8074,spot,570,cultural_context,带5岁的小朋友去府河北公园玩合适不？有没有啥子儿童设施或者安全风险？
8075,spot,570,cultural_context,府河北公园里头好不好耍？主要能看些啥子景色，适合散步或者野餐不？
8076,spot,574,description,成都的公园一般早上几点开门，晚上几点关门？
8077,spot,574,description,去成都的公园玩要门票吗，大概多少钱一张？
8078,spot,574,description,从春熙路怎么坐车去人民公园，方便吗？
8079,spot,574,description,成都哪个公园适合带小孩去，有儿童游乐设施吗？
8080,spot,574,description,最近去成都哪个公园好玩，值得专门逛半天吗？
8081,spot,574,travel_tips,这个地方几点开门，晚上关门吗？
8082,spot,574,travel_tips,进去耍要钱不，还是免费随便进？
8083,spot,574,travel_tips,咋个过去哦，坐地铁方便不？
8084,spot,574,travel_tips,带娃娃去耍合适不，有没有啥子好玩的？
8085,spot,574,travel_tips,那边蚊子凶不凶，是不是要带驱蚊水哦？
8086,spot,574,cultural_context,这个公园几点开门关门呢？
8087,spot,574,cultural_context,进去耍要门票不，大概好多钱一个人？
8088,spot,574,cultural_context,从春熙路怎么坐地铁或者公交过去方便？
8089,spot,574,cultural_context,里面好不好玩，有没有适合带小娃娃耍的设施？
8090,spot,574,cultural_context,这个地方平时人多不多，适合去散步跑步或者野餐不？
8091,spot,581,description,成都的公园一般早上几点开门？晚上会关门吗？
8092,spot,581,description,去成都的公园玩要门票吗？大概多少钱一个人？
8093,spot,581,description,从春熙路坐地铁怎么去人民公园？大概要多久？
8094,spot,581,description,带三岁小孩去成都哪个公园最合适？有儿童游乐设施吗？
8095,spot,581,description,成都市区哪个公园风景最好、适合拍照散步？周末人多不多？
8096,spot,581,travel_tips,这个地方几点开门，晚上去逛到几点合适？
8097,spot,581,travel_tips,这个景点门票好多钱？是免费随便进不？
8098,spot,581,travel_tips,坐地铁或者公交咋个过去方便？具体在哪个位置？
8099,spot,581,travel_tips,带娃娃去耍安不安逸？有没有啥子要注意的？
8100,spot,581,travel_tips,这个地方好不好耍？大概要逛好久？傍晚去人多不多？
8101,spot,581,cultural_context,河滨·拾光公园几点开门关门呢？晚上可以去散步吗？
8102,spot,581,cultural_context,这个公园要门票不，还是免费随便进？
8103,spot,581,cultural_context,河滨·拾光公园在双流哪个位置啊，坐地铁或公交怎么过去方便？
8104,spot,581,cultural_context,带五岁的小孩去玩水或者骑车安全吗，有没有专门的儿童设施？
8105,spot,581,cultural_context,去过的朋友说说，公园里除了看河景，还有啥好玩的，值不值得专门跑一趟？
8106,spot,587,description,成都的公园一般早上几点开门，晚上几点关门啊？
8107,spot,587,description,去成都那些公园玩要买门票吗，大概多少钱一张？
8108,spot,587,description,从春熙路坐地铁怎么去人民公园，大概要多久？
8109,spot,587,description,带5岁的小朋友去成都哪个公园最合适，有儿童游乐设施吗？
8110,spot,587,description,成都的公园里除了散步，有没有划船、喝茶或者看花的好玩法？
8111,spot,587,cultural_context,这个消防主题公园每天几点开门，晚上到几点关门？
8112,spot,587,cultural_context,进去玩要买门票不，大概多少钱一个人？
8113,spot,587,cultural_context,高新区消防主题公园具体在哪个位置，坐地铁或者公交怎么过去？
8114,spot,587,cultural_context,里面除了看消防知识，有没有互动体验或者拍照好看的地方，值不值得专门跑一趟？
8115,spot,587,cultural_context,带五六岁的小孩去合适吗，有没有能让孩子动手玩的项目，安全不？
8116,spot,587,travel_tips,这个消防体验园几点开门关门哇？
8117,spot,587,travel_tips,进去耍要门票不，大概好多钱一个人？
8118,spot,587,travel_tips,这个地方在成都哪个位置哦，坐地铁方便不？
8119,spot,587,travel_tips,带五岁娃儿去逛一圈大概能玩多久？里面有啥子可以动手耍的模型吗？
8120,spot,587,travel_tips,大热天中午去会不会遭晒惨？适合带小娃娃去不，人多不多？
8121,spot,591,description,公园几点开门？门票多少钱一张？
8122,spot,591,description,这个公园具体在成都哪个位置，坐地铁怎么去？
8123,spot,591,description,带小孩去玩合适吗？里面有没有儿童游乐设施？
8124,spot,591,description,公园里主要能逛些什么，大概玩多久比较合适？
8125,spot,591,description,这个公园平时人多不多？值不值得专门跑一趟去？
8126,spot,591,travel_tips,这个季节去要门票不？大概逛多久合适？
8127,spot,591,travel_tips,请问几点开门？坐地铁怎么过去方便？
8128,spot,591,travel_tips,现在去银杏黄了没？带家里老人小孩去走一圈累不累？
8129,spot,591,travel_tips,那边好停车不？周末人多不多，值不值得专门跑一趟？
8130,spot,591,travel_tips,去那边除了看银杏，还有啥好玩的？能野餐或者遛娃不？
8131,spot,591,cultural_context,这个地方具体在哪哦？坐地铁或者公交方便过去吗？
8132,spot,591,cultural_context,那边银杏树集中的地方大概几点开门？有没有门票，要多少钱一张？
8133,spot,591,cultural_context,周末带娃去那边看银杏合适不？地方大不大，孩子跑得开吗？
8134,spot,591,cultural_context,除了看银杏，那边还有啥好耍的？大概逛多久比较合适？
8135,spot,591,cultural_context,这会儿去叶子黄了吗？人多不多，值不值得专门跑一趟？
8136,spot,599,description,成都的公园一般早上几点开门，晚上几点关门啊？
8137,spot,599,description,去成都那些公园玩要门票不，大概多少钱一张？
8138,spot,599,description,从春熙路坐地铁怎么去人民公园，要换乘吗？
8139,spot,599,description,带三岁小孩去成都哪个公园最合适，有儿童游乐设施吗？
8140,spot,599,description,成都的公园里除了散步，还能不能喝茶打麻将，好玩吗？
8141,spot,599,travel_tips,请问这个地方几点开门，几点关门喃？
8142,spot,599,travel_tips,这个景点收门票不，还是免费随便进？
8143,spot,599,travel_tips,具体在哪个位置哦，坐地铁或者公交怎么过去方便？
8144,spot,599,travel_tips,里面大概能玩多久，值不值得专门跑一趟？
8145,spot,599,travel_tips,带五岁的小娃娃去逛合适不，会不会太无聊？
8146,spot,603,description,成都的公园一般早上几点开门，晚上几点关门呢？
8147,spot,603,description,去成都的公园玩要买门票吗，大概多少钱一张？
8148,spot,603,description,从春熙路怎么坐车去人民公园，大概要多久？
8149,spot,603,description,带5岁的小朋友去成都哪个公园最合适，有没有游乐设施？
8150,spot,603,description,成都的公园里除了散步，有没有划船或者看花的好玩法，值得专门去一趟吗？
8151,spot,599,cultural_context,玉林东苑那个街头绿地公园，早上几点开门，晚上关门吗？
8152,spot,599,cultural_context,去玉林东苑公园要门票不，还是免费随便进？
8153,spot,599,cultural_context,这个玉林东苑绿地公园具体在武侯区哪个位置，坐地铁几号线能到？
8154,spot,599,cultural_context,玉林东苑公园里面好耍不，就是那种老社区改造的小公园，带小孩去有滑梯或者空地跑吗？
8155,spot,599,cultural_context,网上说玉林东苑是见缝插绿的小绿地，实际去逛一圈大概能待多久，值不值得专门跑一趟？
8156,spot,603,travel_tips,这个运动场地几点开门关门啊？晚上去人多不？
8157,spot,603,travel_tips,去那里打球要钱不？足球场预约是免费的吗？
8158,spot,603,travel_tips,这个免费运动场具体在成都哪个位置？坐地铁几号线能到？
8159,spot,603,travel_tips,带6岁小孩去玩合适吗？有没有儿童可以玩的设施？
8160,spot,603,travel_tips,这个地方好玩吗？除了足球场还有啥运动项目？
8161,spot,603,cultural_context,久居福公园早上几点开门，晚上开到几点关门？
8162,spot,603,cultural_context,去久居福公园要门票不，大概花多少钱？
8163,spot,603,cultural_context,双流久居福公园具体在哪个位置，坐地铁或公交怎么过去？
8164,spot,603,cultural_context,久居福公园里面好玩吗，主要有哪些运动设施和场地？
8165,spot,603,cultural_context,带五岁小孩去久居福公园合适吗，有没有儿童玩耍的区域？
8166,spot,608,description,成都那些著名的旅游景点一般几点开门关门啊？
8167,spot,608,description,去成都玩，像武侯祠、宽窄巷子这些地方门票大概多少钱？
8168,spot,608,description,从成都市区怎么去青城山和都江堰，坐地铁还是大巴方便？
8169,spot,608,description,带小孩去成都大熊猫基地和欢乐谷，哪个更适合亲子游？
8170,spot,608,description,成都周边除了市区景点，还有哪些小众又好玩的自然风光值得去？
8171,spot,608,travel_tips,请问这个地方几点开门啊？早上几点去人少一点？
8172,spot,608,travel_tips,进去要收门票不？大概逛一圈要花多少钱？
8173,spot,608,travel_tips,三圣乡那个花乡农居具体怎么走？坐公交方便还是只能开车过去？
8174,spot,608,travel_tips,里面好玩吗？主要就是看菊花吗？大概能玩多久？
8175,spot,608,travel_tips,带家里老人和小孩去合适不？路好不好走，会不会太挤？
8176,spot,608,cultural_context,东篱菊园每天几点开门关门呢？
8177,spot,608,cultural_context,去东篱菊园要不要门票，大概多少钱一个人？
8178,spot,608,cultural_context,从春熙路坐公交或者地铁怎么到东篱菊园啊？
8179,spot,608,cultural_context,东篱菊园里面除了看菊花，还有没有啥子好耍的，适合带娃儿去不？
8180,spot,608,cultural_context,这个季节去东篱菊园赏花巴适不，人多不多，有没有农家乐可以吃午饭？
8181,spot,611,travel_tips,请问这个地方几点开门呀？是全天都能进去吗？
8182,spot,611,travel_tips,去这儿要门票不？大概玩一个小时够不够？
8183,spot,611,travel_tips,那边好耍不？适合带家里老人和小孩去散步吗？
8184,spot,611,travel_tips,夏天去蚊子多不多？需要自己带驱蚊水不？
8185,spot,611,travel_tips,这地方在成都哪个位置？坐地铁或者公交怎么过去方便？
8186,spot,611,description,成都的公园一般早上几点开门？晚上几点关门？
8187,spot,611,description,去成都这些公园逛要收门票吗？大概多少钱一个人？
8188,spot,611,description,想带家里老人和小孩去公园玩，有没有适合的？哪个公园好玩？
8189,spot,611,description,从春熙路坐地铁去哪个公园最方便？具体怎么走？
8190,spot,611,description,成都的公园里除了散步，还有没有喝茶、划船或者看花的地方？值得专门去一趟吗？
8191,spot,618,description,成都那些风景名胜一般几点开门啊？
8192,spot,618,description,去这些景点玩一趟大概要花多少钱？
8193,spot,618,description,从春熙路怎么坐车去比较方便？
8194,spot,618,description,这些地方带小孩去合适吗，有没有适合亲子玩的项目？
8195,spot,618,description,除了拍照打卡，这些景点还有啥好玩的，值不值得专门跑一趟？
8196,spot,611,cultural_context,大观堰公园早上几点开门，晚上几点关门哇？
8197,spot,611,cultural_context,这个公园要收门票不，还是免费随便进？
8198,spot,611,cultural_context,大观堰公园具体在锦江区哪个位置，坐地铁或者公交怎么过去方便？
8199,spot,611,cultural_context,里面好不好耍，主要能看些啥子，有没有那种川西林盘的感觉？
8200,spot,611,cultural_context,带小娃娃去大观堰公园耍合适不，有没有草坪或者水边可以安全散步的地方？
8201,spot,618,travel_tips,这个公园几点开门关门啊？晚上去跑步到几点都可以吗？
8202,spot,618,travel_tips,进去耍要不要门票？是免费的不？
8203,spot,618,travel_tips,这个公园在成都哪个位置哦？坐地铁或者公交咋个去方便？
8204,spot,618,travel_tips,里面除了跑步还有啥子好耍的？适合同事几个一起去搞团建不？
8205,spot,618,travel_tips,带5岁娃儿去玩合适不？里面有娃儿耍的设施没？
8206,spot,618,cultural_context,锦恩体育公园早上几点开门，晚上开到几点关门呀？
8207,spot,618,cultural_context,去锦恩体育公园玩要门票吗，里面的球场租用大概多少钱一小时？
8208,spot,618,cultural_context,锦恩体育公园具体在双流区哪个位置，坐地铁或公交怎么过去方便？
8209,spot,618,cultural_context,这个公园适合带小孩去吗，有没有儿童玩的设施或者亲子活动区？
8210,spot,618,cultural_context,锦恩体育公园里面能打篮球、踢足球吗，场地好不好约，人会不会很多？
8211,spot,621,travel_tips,湿地公园4号园几点开门关门呢？
8212,spot,621,travel_tips,这个公园要门票不，大概逛多久比较合适？
8213,spot,621,travel_tips,从春熙路坐地铁或者公交怎么过去啊？
8214,spot,621,travel_tips,带5岁娃去玩，有适合小朋友的步道吗，会不会很滑？
8215,spot,621,travel_tips,你们觉得那边上午去还是黄昏去观鸟更安逸？
8216,spot,621,description,成都那些热门景点一般几点开门关门啊？我想安排一天逛两三个地方，怕时间赶不上。
8217,spot,621,description,去都江堰或者青城山门票多少钱一张？有没有学生票或者老人优惠？
8218,spot,621,description,从春熙路怎么去大熊猫繁育研究基地最方便？坐地铁能到吗，还是要转公交？
8219,spot,621,description,带五岁小孩去成都科技馆或者博物馆合适吗？有没有专门给小朋友玩的互动区？
8220,spot,621,description,宽窄巷子和锦里哪个更好玩？晚上去是不是比白天更有意思，值不值得专门跑一趟？
8221,spot,621,cultural_context,新川湿地公园几点开门关门呢？需要买门票不？
8222,spot,621,cultural_context,这个湿地公园具体在哪个位置哦，坐地铁或者公交怎么过去方便？
8223,spot,621,cultural_context,带小孩去新川湿地公园耍合适不？有没有啥子可以互动或者看稀奇的东西？
8224,spot,621,cultural_context,新川湿地公园好不好耍啊？大概逛一圈要多久，里面有没有啥子看点？
8225,spot,621,cultural_context,去新川湿地公园玩要不要提前预约，停车方便吗，收费不？
8226,spot,637,description,成都的公园一般几点开门关门呢？
8227,spot,637,description,去成都的公园玩要买门票吗，大概多少钱一张？
8228,spot,637,description,从春熙路怎么坐车去人民公园？
8229,spot,637,description,带五岁小孩去成都的公园合适吗，有没有儿童游乐设施？
8230,spot,637,description,成都哪个公园最好玩，适合逛半天的那种？
8231,spot,626,travel_tips,这个公园早上几点开门？一般逛多久比较合适？
8232,spot,626,travel_tips,去锦江区双拥主题公园要门票吗？大概多少钱？
8233,spot,626,travel_tips,这个双拥主题公园具体在哪儿？坐公交或地铁怎么过去方便？
8234,spot,626,travel_tips,里面主要是看啥子？有雕塑和展板，逛起来会不会很枯燥？
8235,spot,626,travel_tips,带娃去锦江区双拥主题公园搞爱国主义教育，适合多大的娃娃？
8236,spot,626,description,成都的公园一般早上几点开门？晚上几点关门？
8237,spot,626,description,去人民公园或者浣花溪公园要门票吗？大概多少钱一张？
8238,spot,626,description,带小孩去成都的公园玩，有没有适合亲子活动的项目？
8239,spot,626,description,从春熙路怎么坐车去望江楼公园？大概要多久？
8240,spot,626,description,成都哪个公园比较好玩？有没有本地人推荐又清静又好看的？
8241,spot,626,cultural_context,双拥公园几点开门关门啊？要收门票不？
8242,spot,626,cultural_context,这个双拥公园在成都哪个位置哦，坐地铁怎么过去方便？
8243,spot,626,cultural_context,带娃去双拥公园耍有没有啥子儿童设施，适合遛娃不？
8244,spot,626,cultural_context,双拥公园里面到底有啥子好耍的，逛一圈大概要多久？
8245,spot,626,cultural_context,网上说双拥公园是纪念军民鱼水情的，实际去逛会不会很无聊，值不值得专门跑一趟？
8246,spot,637,travel_tips,这个公园几点开门啊？早上想早点去散步行不行？
8247,spot,637,travel_tips,进去要门票吗？大概逛一圈要花多少钱？
8248,spot,637,travel_tips,这公园具体在哪儿？坐地铁或者公交方便到吗？
8249,spot,637,travel_tips,里面好玩吗？主要能看啥子，大概耍多久合适？
8250,spot,637,travel_tips,带小娃娃去合适不？沿河走路安不安全，有没有啥要注意的？
8251,spot,637,cultural_context,府河中公园早上几点开门？晚上会不会关门？
8252,spot,637,cultural_context,去府河中公园要买门票吗？大概多少钱一个人？
8253,spot,637,cultural_context,府河中公园具体在哪个位置？坐地铁或者公交怎么过去方便？
8254,spot,637,cultural_context,府河中公园里主要能玩些什么？适合带小孩去散步或者骑车吗？
8255,spot,637,cultural_context,府河中公园好玩吗？值不值得专门去逛一圈，大概能逛多久？
8256,spot,640,description,成都的公园一般几点开门关门啊？
8257,spot,640,description,去成都的公园玩要买门票吗，大概多少钱一张？
8258,spot,640,description,从春熙路怎么坐车去人民公园或者望江楼公园？
8259,spot,640,description,带三岁小孩去成都哪个公园比较合适，里面有游乐设施吗？
8260,spot,640,description,成都哪个公园最好逛，适合悠闲散步拍照，本地人常去的是哪几个？
8261,spot,640,travel_tips,这个公园几点开门关门呢？早上6点能进去锻炼吗？
8262,spot,640,travel_tips,这里门票多少钱一个人？老人和小孩有没有优惠？
8263,spot,640,travel_tips,请问这个公园具体在哪个位置？坐地铁或者公交怎么过去方便？
8264,spot,640,travel_tips,公园里好玩吗？除了散步，有没有什么健身器材或者活动场地？
8265,spot,640,travel_tips,想周末带5岁的小孩去玩，里面的儿童设施多不多？安全吗？
8266,spot,646,description,成都的公园一般早上几点开门，晚上几点关门呢？
8267,spot,646,description,去成都那些公园逛一圈要门票不，大概多少钱一个人？
8268,spot,646,description,从春熙路坐地铁怎么去人民公园，要换乘几号线？
8269,spot,646,description,带五岁的小孩去成都哪个公园玩最合适，有沙坑或者游乐设施吗？
8270,spot,646,description,成都的公园里除了散步，有没有划船、喝茶或者看花的好玩法，值不值得专门跑一趟？
8271,spot,640,cultural_context,九龙湖社区公园早上几点开门，晚上开到几点哦？
8272,spot,640,cultural_context,这个公园要门票不，还是免费随便进？
8273,spot,640,cultural_context,想问下九龙湖社区公园在双流具体哪个位置，坐地铁几号线能到？
8274,spot,640,cultural_context,带5岁娃去九龙湖社区公园耍一天怎么样，里面有没有儿童设施？
8275,spot,640,cultural_context,这个公园主要是看风景还是散步锻炼啊，值不值得专门跑一趟？
8276,spot,646,cultural_context,吉顺街运动公园几点开门关门？晚上去跑步方便吗？
8277,spot,646,cultural_context,这个公园要门票不？进去打篮球或者用健身器材收费吗？
8278,spot,646,cultural_context,吉顺街运动公园具体在武侯区哪个位置？坐地铁或者公交怎么过去？
8279,spot,646,cultural_context,带5岁小孩去那儿玩合适吗？有没有儿童滑梯或者沙坑之类的设施？
8280,spot,646,cultural_context,这个公园好玩吗？除了跑道和球场，还有没有其他能拍照或者休息的地方？
8281,spot,646,travel_tips,这个公园早上几点开门？晚上开到几点啊？
8282,spot,646,travel_tips,这里免费开放吗？进去耍要不要买门票？
8283,spot,646,travel_tips,这个地方在成都哪个位置？坐地铁或者公交咋个过去方便？
8284,spot,646,travel_tips,里面除了散步跑步，有没有健身器材？带娃娃去耍合适不？
8285,spot,646,travel_tips,听说夏天中午去太晒，那到底是早上还是傍晚去更安逸？大概要逛多久？
8286,spot,652,description,成都的公园一般早上几点开门，晚上几点关门呀？
8287,spot,652,description,去成都的公园玩要买门票吗，大概多少钱一个人？
8288,spot,652,description,从春熙路坐地铁怎么去人民公园，大概要多久？
8289,spot,652,description,带5岁的小朋友去成都哪个公园最合适，里面有儿童游乐设施吗？
8290,spot,652,description,成都的公园除了散步，还有啥好玩的？听说有喝茶掏耳朵的，体验怎么样？
8291,spot,652,travel_tips,请问这个公园早上几点开门？傍晚去会不会太晚？
8292,spot,652,travel_tips,这个公园门票多少钱？是免费随便进吗？
8293,spot,652,travel_tips,公园在成都哪个位置？坐地铁或者公交怎么过去方便？
8294,spot,652,travel_tips,里面好玩吗？大概能逛多久，需不需要专门安排大半天？
8295,spot,652,travel_tips,带五六岁的小孩去合适吗？里面走路累不累，要不要自己带水？
8296,spot,652,cultural_context,新川环城公园几点开门关门，晚上去散步方便吗？
8297,spot,652,cultural_context,去新川环城公园要门票不，大概多少钱一个人？
8298,spot,652,cultural_context,从地铁1号线怎么换公交到新川环城公园，打车过去大概多少钱？
8299,spot,652,cultural_context,这个公园主要是看啥子风景，有没有适合拍照的网红点，好玩不？
8300,spot,652,cultural_context,带5岁娃儿去新川环城公园耍，有没得儿童游乐设施或者草坪可以野餐？
8301,spot,660,description,成都的公园一般几点开门关门啊？
8302,spot,660,description,去成都的公园玩要收门票吗，大概多少钱一个人？
8303,spot,660,description,带小孩去成都哪个公园比较合适？有没有儿童游乐设施？
8304,spot,660,description,成都的公园坐地铁方便吗，具体怎么去？
8305,spot,660,description,成都的公园值不值得专门去逛一圈，大概能玩多久？
8306,spot,660,travel_tips,周末去大概要逛多久啊？
8307,spot,660,travel_tips,这个公园是免费进的吗，还是要买门票？
8308,spot,660,travel_tips,坐地铁或者公交方便到吗，具体在哪个位置？
8309,spot,660,travel_tips,里面能骑车或者野餐吗？带小孩去合适不？
8310,spot,660,travel_tips,值不值得专门跑一趟？大概好玩吗？
8311,spot,660,cultural_context,梵谷中央公园几点开门关门啊？
8312,spot,660,cultural_context,去梵谷中央公园要门票不，大概多少钱一个人？
8313,spot,660,cultural_context,梵谷中央公园具体在龙泉驿哪个位置，坐地铁或者公交怎么过去方便？
8314,spot,660,cultural_context,梵谷中央公园里面好玩吗，主要能看些啥子？
8315,spot,660,cultural_context,带小孩去梵谷中央公园耍合适不，有没有啥子亲子活动或者适合娃娃跑的地方？
8316,spot,666,description,成都的公园一般早上几点开门，晚上几点关门呢？
8317,spot,666,description,去成都的公园耍要买门票不，大概好多钱一个人？
8318,spot,666,description,从春熙路咋个坐车去人民公园，地铁能到不？
8319,spot,666,description,带3岁的小娃娃去公园玩，有没有专门给娃儿耍的设施？
8320,spot,666,description,成都哪个公园最安逸，适合下午去喝茶摆龙门阵？
8321,spot,666,cultural_context,这个公园几点开门关门，晚上去散步方便吗？
8322,spot,666,cultural_context,进这个公园要门票不，大概多少钱一个人？
8323,spot,666,cultural_context,这个公园具体在双流哪个位置，坐地铁或公交怎么过去？
8324,spot,666,cultural_context,里面除了看水景和绿化，有没有什么好玩的，适合周末去遛弯吗？
8325,spot,666,cultural_context,带四五岁的小孩去合适吗，有没有儿童游乐设施或者安全的活动区域？
8326,spot,677,travel_tips,请问这个地方几点开门，需要买门票吗？
8327,spot,677,travel_tips,具体位置在哪儿，坐地铁或者公交怎么过去方便？
8328,spot,677,travel_tips,里面大概能逛多久，主要看些什么内容？
8329,spot,677,travel_tips,带家里老人和小孩去合适不，会不会太累或者太枯燥？
8330,spot,677,travel_tips,网上评价怎么样，值不值得专程跑一趟去打卡？
8331,spot,666,travel_tips,请问这个公园几点开门呀？是全天都开放吗？
8332,spot,666,travel_tips,进去耍要门票不？大概好多钱一个人？
8333,spot,666,travel_tips,这个地方在哪儿哦？坐地铁或者公交咋个过去方便？
8334,spot,666,travel_tips,里面好不好耍？大概逛多久能逛完？值不值得专门跑一趟？
8335,spot,666,travel_tips,带5岁的小娃娃去合适不？夏天去有没有啥要注意的？
8336,spot,677,description,成都那些风景名胜几点开门关门啊？
8337,spot,677,description,去成都的风景名胜玩一圈，门票大概要多少钱？
8338,spot,677,description,从春熙路坐地铁怎么去这些风景名胜，方便吗？
8339,spot,677,description,带5岁小孩去成都的风景名胜逛，有没有适合亲子游的路线？
8340,spot,677,description,成都的风景名胜到底好不好玩？值不值得专门跑一趟？
8341,spot,677,cultural_context,这个红军标语石刻长廊每天几点开门，门票要多少钱？
8342,spot,677,cultural_context,请问这个长廊具体在邛崃哪个位置，坐公交或者打车怎么过去方便？
8343,spot,677,cultural_context,带孩子去参观这个红军石刻长廊合适吗，会不会太枯燥？
8344,spot,677,cultural_context,这个长廊大概要逛多久，里面除了看标语石刻还有啥好玩的？
8345,spot,677,cultural_context,网上说长廊里的红军标语石刻很有历史价值，实际去看感觉怎么样，值得专程跑一趟吗？
8346,spot,688,description,成都那些纪念馆一般几点开门关门啊？
8347,spot,688,description,去成都的纪念馆参观要买门票吗，大概多少钱一张？
8348,spot,688,description,从春熙路怎么坐车去成都的纪念馆，方便吗？
8349,spot,688,description,成都的纪念馆里面好玩吗，值不值得专门跑一趟？
8350,spot,688,description,带五岁小孩去成都的纪念馆合适吗，会不会觉得无聊？
8351,spot,688,cultural_context,贺麟故居几点开门，关门时间是什么时候，去之前需要网上预约吗？
8352,spot,688,cultural_context,去贺麟故居参观要门票不？大概多少钱一张，老人和小孩有没有优惠？
8353,spot,688,cultural_context,我们想周末自己开车去贺麟故居，导航地址应该输哪里？那边停车方便吗？
8354,spot,688,cultural_context,贺麟故居里面主要看什么？除了看老房子，有没有讲解或者互动体验，大概逛多久合适？
8355,spot,688,cultural_context,带7岁的小朋友去贺麟故居合适吗？里面会不会太闷，有没有让孩子觉得有意思的地方？
8356,spot,688,travel_tips,请问这个故居几点开门，下午去来得及逛完吗？
8357,spot,688,travel_tips,这个地方要不要门票，停车方便不，大概能玩多久？
8358,spot,688,travel_tips,从成都市区开车过去要多久，路好走吗，导航直接搜名字能找到不？
8359,spot,688,travel_tips,里面主要看什么呀，会不会很无聊，适合带五六岁的小孩去转转吗？
8360,spot,688,travel_tips,听说故居是木头房子，里面能拍照吗，周边还有啥可以一起耍的乡村景点？
8361,spot,694,description,成都的纪念馆一般早上几点开门？下午关门时间会不会很早？
8362,spot,694,description,去成都那些纪念馆参观，门票大概多少钱一张？有没有免费开放的日子？
8363,spot,694,description,从春熙路坐地铁或者公交到纪念馆方便吗？具体应该坐到哪个站下车？
8364,spot,694,description,带小孩去纪念馆逛会不会太枯燥？里面有没有适合小朋友互动体验的东西？
8365,spot,694,description,成都本地人觉得这些纪念馆值不值得专门跑一趟？一般逛完需要多长时间？
8366,spot,694,travel_tips,这个博物馆是免费进的哇？需不需要提前预约哦？
8367,spot,694,travel_tips,请问它每天几点开门，几点关门喃？周一去会不会扑空？
8368,spot,694,travel_tips,这个馆在青白江哪个位置哦？坐地铁或者公交咋个去方便？
8369,spot,694,travel_tips,里面大概能逛好久喃？带5岁娃儿去会不会太闷，有没有啥子好耍的？
8370,spot,694,travel_tips,这个地方值不值得专门跑一趟？大概要安排多长时间比较合适？
8371,spot,694,cultural_context,彭家珍祠几点开门关门？需要买门票吗，大概多少钱一张？
8372,spot,694,cultural_context,这个专祠具体在成都哪个位置？坐地铁或者公交怎么去方便？
8373,spot,694,cultural_context,里面大不大，逛一圈要多久？除了看遗物和事迹，有没有什么互动体验或者讲解？
8374,spot,694,cultural_context,带小学三年级的小孩去参观合适吗？会不会太枯燥或者内容太沉重？
8375,spot,694,cultural_context,网上评价怎么样？值不值得专门跑一趟，跟武侯祠、杜甫草堂比会不会太小众？
8376,spot,697,travel_tips,建川博物馆聚落一般几点开门关门？我想安排一天去逛，时间够不够？
8377,spot,697,travel_tips,大邑那个建川博物馆通票大概多少钱？里面包含抗战、民俗那些馆吗？
8378,spot,697,travel_tips,从成都市区怎么去建川博物馆最方便？坐大巴还是自驾？大概要开多久？
8379,spot,697,travel_tips,带小学四年级的小孩去建川博物馆合适吗？展馆内容他会不会看不懂？里面走路多不多？
8380,spot,697,travel_tips,建川博物馆聚落好玩吗？值不值得专门跑一趟？听说展线很长，大概要逛几个小时？
8381,spot,697,description,成都的纪念馆一般早上几点开门？需要提前预约吗？
8382,spot,697,description,去成都那些红色纪念馆参观，门票大概多少钱一张？有学生票或免票政策吗？
8383,spot,697,description,带家里老人和小孩去成都的纪念馆逛，里面平路多不多？大概要逛多久不累？
8384,spot,697,description,从春熙路坐地铁或公交怎么到成都的纪念馆？下车后要走很远吗？
8385,spot,697,description,成都的纪念馆除了看展品，有没有互动体验或者讲解服务？周末去会不会人挤人？
8386,spot,697,cultural_context,你们这儿几点开门关门哇？门票好多钱一个人？
8387,spot,697,cultural_context,这个红军长征纪念馆在成都哪个位置哦？坐公交或者地铁咋个去方便？
8388,spot,697,cultural_context,里面除了看文物那些，有没有啥子互动体验或者实景复原可以拍照打卡的？
8389,spot,697,cultural_context,带家里七八岁的小朋友来逛，会不会觉得枯燥？有没有适合娃娃看的讲解或者活动？
8390,spot,697,cultural_context,网上评价说大概要逛多久才合适？跟团游和自由行哪个更推荐？
8391,spot,704,description,成都的纪念馆一般早上几点开门，下午几点关门啊？
8392,spot,704,description,去成都那些纪念馆参观，门票大概多少钱一张，有没有免费的时候？
8393,spot,704,description,从春熙路出发，坐地铁或者公交怎么去成都的纪念馆比较方便？
8394,spot,704,description,带五岁的小孩去成都的纪念馆逛，会不会太无聊，有没有适合小朋友互动的内容？
8395,spot,704,description,成都的纪念馆里主要展览什么内容，值不值得专门花半天时间去看看？
8396,spot,704,travel_tips,温江公园早上几点开门？我打算一早去散步。
8397,spot,704,travel_tips,王光祈纪念馆在公园里面，进去要另外买票不？
8398,spot,704,travel_tips,温江公园离地铁站远不远？坐公交怎么过去方便？
8399,spot,704,travel_tips,那个王光祈纪念馆里面主要看什么？带小孩去会不会觉得无聊？
8400,spot,704,travel_tips,温江公园大概能逛多久？晨昏去是不是拍照特别好看？
8401,spot,713,description,成都那些热门景点一般几点开门关门？我想早点去避开人流。
8402,spot,713,description,去成都旅游，像宽窄巷子、锦里这些地方门票多少钱？有没有免费开放的？
8403,spot,713,description,我想问下，从春熙路怎么去大熊猫基地最方便？坐地铁还是打车划算？
8404,spot,713,description,成都周边一日游，都江堰和青城山哪个更好玩？适合带老人小孩一起去吗？
8405,spot,713,description,带5岁小朋友去成都，除了熊猫基地，还有哪些景点适合亲子玩，不会太累的？
8406,spot,704,cultural_context,王光祈纪念馆几点开门关门？需要买门票不？
8407,spot,704,cultural_context,这地方在温江哪儿哦，坐地铁或者公交咋个过去方便？
8408,spot,704,cultural_context,带娃儿去王光祈纪念馆逛一圈合适不？里头有没有啥子好耍的互动？
8409,spot,704,cultural_context,王光祈纪念馆大概要逛好久？里面主要看些啥子内容嘛？
8410,spot,704,cultural_context,去过的人觉得王光祈纪念馆值不值得专门跑一趟？环境安静不？
8411,spot,713,travel_tips,请问这个地方几点开门喃？上午去大概要逛好久哦？
8412,spot,713,travel_tips,这个景点收门票不？免费的话要不要提前预约啥子的？
8413,spot,713,travel_tips,那个金桥社区咋个走哦？我开车过去方便不，导航搜啥子名字？
8414,spot,713,travel_tips,带五岁的小娃娃去耍合适不？里面有没有啥子好玩的，值不值得专门跑一趟？
8415,spot,713,travel_tips,这个地方口碑咋样啊？我看说交通不太方便，是不是到了还要走一段路哦？
8416,spot,713,cultural_context,十二桥烈士纪念碑几点开门关门呢？
8417,spot,713,cultural_context,去这个纪念碑参观要买门票不？大概好多钱一个人？
8418,spot,713,cultural_context,请问从成都市区坐地铁或者公交怎么到十二桥烈士纪念碑啊？
8419,spot,713,cultural_context,带娃娃去十二桥纪念碑看哈，合不合适嘛？有没有啥子要注意的？
8420,spot,713,cultural_context,这个地方除了看纪念碑，周边还有没有啥子可以一起逛的？值不值得专程跑一趟？
8421,spot,717,description,成都的那些纪念馆一般几点开门关门啊？
8422,spot,717,description,去成都的纪念馆参观要门票不，大概多少钱一个人？
8423,spot,717,description,请问成都的纪念馆都在哪个位置，坐地铁或者公交怎么过去方便？
8424,spot,717,description,成都的纪念馆里面主要看些什么，逛一圈大概要多久，好玩吗？
8425,spot,717,description,带家里老人和小孩去成都的纪念馆合适不，里面会不会太闷或者要走很多路？
8426,spot,717,travel_tips,请问校园几点开门关门呢？非教学时段具体是啥时候去比较合适？
8427,spot,717,travel_tips,进去参观要不要买门票，还是说完全免费？
8428,spot,717,travel_tips,那个郫都校区具体在哪儿，坐地铁或者公交怎么过去方便？
8429,spot,717,travel_tips,校园里主要是看什么景色或者建筑，大概能逛多久，值不值得专程跑一趟？
8430,spot,717,travel_tips,带小孩去合适吗？会不会打扰到学生，或者有没有什么需要注意的规矩？
8431,spot,745,description,成都的公园一般几点开门关门啊？
8432,spot,745,description,去成都的公园玩要买门票吗，大概多少钱一张？
8433,spot,745,description,从春熙路怎么坐车去人民公园，方便吗？
8434,spot,745,description,带5岁小孩去成都哪个公园最合适，有儿童游乐设施吗？
8435,spot,745,description,成都的公园除了散步，有没有划船或者喝茶的好玩法？
8436,spot,717,cultural_context,陈毅元帅纪念园在成都哪个大学里头？怎么坐地铁过去方便不？
8437,spot,717,cultural_context,请问纪念园每天几点开门关门？需要买门票吗，大概多少钱一个人？
8438,spot,717,cultural_context,带小学生去参观合适不？里面有没有讲解或者互动体验，孩子能看懂吗？
8439,spot,717,cultural_context,这个地方大概逛多久能看完？除了看展板，还有没有别的有意思的玩法？
8440,spot,717,cultural_context,周末去的话人多不多？附近好不好停车，或者打车定位到哪个门最近？
8441,spot,745,travel_tips,请问这个公园几点开门啊？一般逛多久比较合适？
8442,spot,745,travel_tips,去这个地方要门票不？还是免费随便进？
8443,spot,745,travel_tips,这个公园在青白江哪个位置哦？坐公交或者地铁方便吗？
8444,spot,745,travel_tips,里面主要看啥子嘛？就是走走逛逛还是有啥子特别的景点？适合带娃娃去耍不？
8445,spot,745,travel_tips,听说是个纪念性的公园，那里面会不会很严肃？平时去的人多不多，值不值得专门跑一趟？
8446,spot,745,cultural_context,罗汉山纪念公园早上几点开门，下午几点关门啊？
8447,spot,745,cultural_context,去罗汉山纪念公园要门票不，大概多少钱一个人？
8448,spot,745,cultural_context,请问罗汉山纪念公园在青白江哪个位置，坐公交或者地铁怎么过去方便？
8449,spot,745,cultural_context,带家里五六岁的小孩去罗汉山纪念公园合适吗，里面有没有能让孩子跑耍的地方？
8450,spot,745,cultural_context,罗汉山纪念公园里面除了看纪念碑，还有啥子可以逛的，值不值得专门跑一趟？
8451,spot,791,cultural_context,这个公园几点开门关门啊？
8452,spot,791,cultural_context,门票多少钱一张，老人和小孩有优惠吗？
8453,spot,791,cultural_context,从春熙路坐地铁或者公交怎么过去方便？
8454,spot,791,cultural_context,带5岁的小朋友去逛，会不会觉得无聊，有没有互动的东西？
8455,spot,791,cultural_context,里面除了看雕塑和展览，有没有可以坐下来休息或者拍照好看的地方？
8456,spot,791,travel_tips,武侯祠那边那个公园一般几点开门关门啊？
8457,spot,791,travel_tips,这个公园现在还要收门票不？大概多少钱一个人？
8458,spot,791,travel_tips,从春熙路坐地铁或者公交怎么过去方便？
8459,spot,791,travel_tips,里面逛起来有意思吗，大概能玩多久？
8460,spot,791,travel_tips,带五岁的小孩去合适不，会不会太无聊？
8461,spot,791,description,成都的公园一般早上几点开门，晚上几点关门呢？
8462,spot,791,description,去成都的公园玩要买门票吗，大概多少钱一个人？
8463,spot,791,description,从春熙路怎么坐公交或地铁去人民公园呀？
8464,spot,791,description,带5岁的小孩去成都哪个公园最合适，有儿童游乐设施吗？
8465,spot,791,description,成都的公园除了散步，还有啥好玩的？比如喝茶、划船之类的，值不值得专门去一趟？
8466,spot,799,description,成都的纪念馆一般几点开门？关门时间是几点？
8467,spot,799,description,去这种纪念馆参观要买门票吗？大概多少钱一张？
8468,spot,799,description,请问这个纪念馆具体在成都哪个位置？坐地铁或者公交怎么过去方便？
8469,spot,799,description,里面主要展什么内容？大概逛一圈要多久，好玩吗？
8470,spot,799,description,带5岁的小孩去合适吗？会不会太枯燥，有没有互动体验？
8471,spot,799,travel_tips,请问这个祠堂几点开门关门呢？周末去会不会闭馆？
8472,spot,799,travel_tips,这里要收门票吗？大概多少钱一个人？
8473,spot,799,travel_tips,从成都市区怎么过去最方便？坐地铁能到吗？
8474,spot,799,travel_tips,里面大不大？大概逛多久合适？带老人去累不累？
8475,spot,799,travel_tips,网上说这是私人祠堂，那游客进去会不会打扰人家？带小孩去合适吗？
8476,spot,799,cultural_context,这个李氏家族祠堂几点开门关门？门票多少钱一张？
8477,spot,799,cultural_context,这个祠堂具体在成都哪个位置，坐地铁或者公交怎么过去方便？
8478,spot,799,cultural_context,里面大不大，逛一圈大概要多久？带小孩去会不会觉得无聊？
8479,spot,799,cultural_context,除了看老房子和祭祀文化，有没有讲解或者互动体验？值不值得专程跑一趟？
8480,spot,799,cultural_context,网上评价怎么样？适合老人去参观吗，里面路平不平、有没有休息的地方？
8481,spot,805,description,成都那些有名的寺庙道观一般早上几点开门？
8482,spot,805,description,去青羊宫和文殊院门票分别要多少钱？
8483,spot,805,description,从春熙路怎么坐车去昭觉寺方便？
8484,spot,805,description,带小孩去武侯祠那边的道观逛，会不会太无聊？
8485,spot,805,description,成都周边哪个寺庙道观风景好又清净，适合周末去拍照？
8486,spot,805,travel_tips,早上几点去人少一点？大概要逛多久啊？
8487,spot,805,travel_tips,进去要买门票不？还是免费随便进？里面会不会另外收钱？
8488,spot,805,travel_tips,这个寺庙在成都哪个位置？坐地铁或者公交怎么过去方便？
8489,spot,805,travel_tips,里面除了拜佛还有啥好玩的？古树多不多，适合拍照吗？
8490,spot,805,travel_tips,带五岁的小孩去合适不？会不会太无聊或者不让小孩进？
8491,spot,813,description,成都那些寺庙道观一般几点开门关门啊？
8492,spot,813,description,去青羊宫或者文殊院门票多少钱一张？
8493,spot,813,description,从春熙路怎么坐车去昭觉寺方便？
8494,spot,813,description,带小孩去文殊院或者大慈寺逛合适吗？
8495,spot,813,description,成都周边哪个寺庙道观风景好又好玩，值得专门跑一趟？
8496,spot,805,cultural_context,龙兴寺几点开门关门？去的话大概要逛多久？
8497,spot,805,cultural_context,去彭州龙兴寺要门票吗？多少钱一张？
8498,spot,805,cultural_context,从成都市区怎么坐车去龙兴寺？大概要多久？
8499,spot,805,cultural_context,龙兴寺里面除了看塔和碑，还有啥好玩的？适合带小孩去吗？
8500,spot,805,cultural_context,网上说龙兴寺是古寺，值得专门跑一趟吗？跟其他成都寺庙比怎么样？
8501,spot,813,travel_tips,这个地方一般几点开门，几点关门啊？
8502,spot,813,travel_tips,进去要买门票吗，大概多少钱一个人？
8503,spot,813,travel_tips,从春熙路坐地铁或者公交怎么过去方便？
8504,spot,813,travel_tips,里面好玩吗，大概逛多久比较合适？
8505,spot,813,travel_tips,带5岁小孩去合适不，会不会太闷或者不方便？
8506,spot,817,description,成都那些寺庙道观一般几点开门关门啊？
8507,spot,817,description,去青羊宫或者文殊院门票要多少钱？
8508,spot,817,description,从春熙路怎么坐车去昭觉寺方便？
8509,spot,817,description,带小孩去成都的寺庙道观逛，会不会太无聊？
8510,spot,817,description,成都周边有没有值得专程去一趟的深山道观？好玩吗？
8511,spot,813,cultural_context,般若寺几点开门，关门时间是好久？
8512,spot,813,cultural_context,去般若寺要不要门票，大概好多钱一个人？
8513,spot,813,cultural_context,请问这个般若寺具体在都江堰哪里，坐车怎么去方便？
8514,spot,813,cultural_context,般若寺里头好耍不，是那种清静的寺庙还是可以烧香拜佛？
8515,spot,813,cultural_context,带娃儿去般若寺逛一圈合适不，有没有啥子要注意的？
8516,spot,817,cultural_context,大乘院早上几点开门，下午关门时间是多少？
8517,spot,817,cultural_context,去大乘院要买门票吗，大概多少钱一个人？
8518,spot,817,cultural_context,从温江城区怎么坐公交或打车去大乘院，具体位置在哪？
8519,spot,817,cultural_context,大乘院里面除了烧香拜佛，有没有什么值得逛的，好玩吗？
8520,spot,817,cultural_context,带五六岁的小孩去大乘院合适吗，里面会不会太冷清或者不方便？
8521,spot,817,travel_tips,上午去大概要逛多久啊？几点去比较合适？
8522,spot,817,travel_tips,这个地方免费进吗？还是要买门票？听说可以随缘捐赠是啥意思？
8523,spot,817,travel_tips,这个寺庙在哪儿啊？从春熙路坐地铁能到不，还是得打车？
8524,spot,817,travel_tips,里面大不大？一个小时够逛吗？带家里老人和小孩去会不会太挤或者没意思？
8525,spot,817,travel_tips,这个寺庙好玩吗？值不值得专门跑一趟，还是说路过顺便看看就行？
8526,spot,831,description,成都那些寺庙道观一般几点开门关门啊？我想安排早上去，怕扑空。
8527,spot,831,description,去青羊宫或者文殊院门票多少钱一张？有没有学生票或者免票政策？
8528,spot,831,description,从春熙路坐地铁怎么去昭觉寺？大概要多久，下车后好找吗？
8529,spot,831,description,带六岁小孩去文殊院或者大慈寺逛，合适吗？里面有没有地方能让娃歇脚吃东西？
8530,spot,831,description,网上说成都的寺庙道观除了烧香还有啥好玩的？比如喝茶、看古建或者拍汉服，值不值得专门跑一趟？
8531,spot,831,travel_tips,请问这个寺庙几点开门，早上过去人多不多？
8532,spot,831,travel_tips,这个地方要门票吗，大概多少钱一个人？
8533,spot,831,travel_tips,从春熙路坐地铁或者公交过去方便吗，具体怎么走？
8534,spot,831,travel_tips,里面逛起来有意思吗，大概能玩多久，值不值得专门跑一趟？
8535,spot,831,travel_tips,带五岁的小孩去合适吗，会不会太无聊或者有什么忌讳？
8536,spot,831,cultural_context,铁佛寺几点开门关门哇？门票收不收钱？
8537,spot,831,cultural_context,从春熙路坐地铁或者打车去铁佛寺方便不？大概要多久？
8538,spot,831,cultural_context,铁佛寺里头除了看铁佛像，还有啥子逛头？值不值得专门跑一趟？
8539,spot,831,cultural_context,带五岁娃儿去铁佛寺耍合适不？有没有啥子要注意的？
8540,spot,831,cultural_context,听别个说铁佛寺是明代的老庙子，现在去还能看到原来的样子不？香火旺不旺？
8541,spot,835,description,成都那些有名的寺庙道观一般几点开门关门啊？
8542,spot,835,description,去青羊宫或者文殊院门票多少钱一张？
8543,spot,835,description,从春熙路怎么坐车去昭觉寺或者大慈寺方便？
8544,spot,835,description,带小孩去成都的寺庙道观逛，有什么需要注意或者推荐的吗？
8545,spot,835,description,成都周边有没有那种环境清幽、值得专门去烧香祈福的道观，好玩吗？
8546,spot,835,cultural_context,三学禅院早上几点开门？去的话要门票不？
8547,spot,835,cultural_context,这个地方怎么去啊，从成都市区坐公交或者地铁方便吗？
8548,spot,835,cultural_context,带小孩去三学禅院走走合适吗？里面有没有什么清净的地方可以坐一坐？
8549,spot,835,cultural_context,三学禅院好玩吗？主要能看啥，是不是就是烧香拜佛？
8550,spot,835,cultural_context,去三学禅院大概要逛多久？周边吃饭停车方便不？
8551,spot,835,travel_tips,这个地方几点开门，关门时间大概是什么时候？
8552,spot,835,travel_tips,去三学禅院要门票不，还是免费随便进？
8553,spot,835,travel_tips,从成都市区开车过去大概要多久，导航直接搜三学禅院就行吗？
8554,spot,835,travel_tips,里面除了烧香拜佛，有没有什么好玩的，能体验禅修吗？需要提前约吗？
8555,spot,835,travel_tips,带五岁的小孩去合适吗？会不会太无聊，走下来累不累？
8556,spot,843,description,成都那些寺庙道观一般几点开门关门啊？我想早上去拜拜，怕去早了吃闭门羹。
8557,spot,843,description,去文殊院或者青羊宫门票要多少钱？有没有学生票或者免票的时候？
8558,spot,843,description,从春熙路坐地铁或者公交怎么去青羊宫最方便？大概要花多长时间？
8559,spot,843,description,带家里老人和小孩去青羊宫逛，里面台阶多不多？有没有休息的地方？好玩不？
8560,spot,843,description,成都哪个寺庙道观香火最旺、最值得逛？除了烧香拜佛，里面还有啥子看头？
8561,spot,843,travel_tips,这个寺庙在黄龙溪古镇里面吗？门票好多钱一张？
8562,spot,843,travel_tips,请问古镇里头那个寺庙几点开门关门喃？逛一圈大概要多久？
8563,spot,843,travel_tips,带娃儿去黄龙溪耍，顺便逛这个寺方不方便？人多不多哦？
8564,spot,843,travel_tips,这个寺好不好耍？跟古镇一起逛大概要安排多长时间？
8565,spot,843,travel_tips,从成都市区咋个坐车去黄龙溪古镇的这个寺啊？节假日去会不会挤爆？
8566,spot,843,cultural_context,古龙寺早上几点开门？收门票不？
8567,spot,843,cultural_context,从成都市区坐地铁或者公交到黄龙溪古镇，再走到古龙寺方便吗？
8568,spot,843,cultural_context,古龙寺里面除了烧香拜佛，还有啥子好看的？那个古戏台现在还演戏不？
8569,spot,843,cultural_context,带5岁的小朋友去古龙寺逛一圈合适不？里面路平不平，有没有啥子娃儿感兴趣的东西？
8570,spot,843,cultural_context,古龙寺和旁边的镇江寺、潮音寺比起来，哪个更值得先逛？大概要耍好久？
8571,spot,847,description,成都那些寺庙道观一般几点开门关门呀？
8572,spot,847,description,去青羊宫或者文殊院门票多少钱一张？
8573,spot,847,description,从春熙路怎么坐车去昭觉寺方便？
8574,spot,847,description,带小孩去成都的寺庙道观逛，有没有什么特别适合亲子玩的项目？
8575,spot,847,description,成都周边有没有那种风景好又清静的寺庙道观，求推荐，好玩吗？
8576,spot,847,travel_tips,这个景点几点开门关门呢？大概要耍好久？
8577,spot,847,travel_tips,门票好多钱一个人？有没有老年票或者儿童优惠？
8578,spot,847,travel_tips,从成都市区咋个过去最方便？坐公交还是自驾？
8579,spot,847,travel_tips,带三岁娃儿去爬那个台阶恼火不？有没有平路可以走？
8580,spot,847,travel_tips,晴天去是不是特别安逸？值不值得专门跑一趟？
8581,spot,847,cultural_context,丹景山佛兴寺每天几点开门啊？关门时间是什么时候？
8582,spot,847,cultural_context,去丹景山佛兴寺的门票多少钱一张？老人和小孩有优惠吗？
8583,spot,847,cultural_context,丹景山佛兴寺在简阳具体哪个位置？从成都市区开车过去大概要多久？
8584,spot,847,cultural_context,丹景山佛兴寺里面除了烧香拜佛，还有啥好玩的？爬山的风景怎么样？
8585,spot,847,cultural_context,带五岁小孩去丹景山佛兴寺合不合适？山路陡不陡，推婴儿车方便吗？
8586,spot,848,travel_tips,请问那边一般几点开门关门呢？早上早点去可以吗？
8587,spot,848,travel_tips,这个地方要门票不？还是免费随便进？
8588,spot,848,travel_tips,从成都市区开车过去大概要多久啊？导航搜什么名字？
8589,spot,848,travel_tips,带五岁小孩去合适不？路好不好走，有没有台阶？
8590,spot,848,travel_tips,里面主要看啥子风景哦？值不值得专门跑一趟？
8591,spot,848,cultural_context,兴福寺每天几点开门，关门时间是啥时候？
8592,spot,848,cultural_context,去兴福寺要买门票不？大概多少钱一个人？
8593,spot,848,cultural_context,从邛崃城里怎么坐车去兴福寺，自驾导航到哪儿？
8594,spot,848,cultural_context,这个寺庙里头好耍不，除了烧香还有没得啥子看头？
8595,spot,848,cultural_context,带五岁娃儿去兴福寺逛一圈合不合适，有没有啥要注意的？
8596,spot,848,description,成都那些寺庙道观一般早上几点开门啊？我想早点去烧香，怕扑空。
8597,spot,848,description,去青羊宫或者文殊院门票大概多少钱一张？有学生票或者老人优惠吗？
8598,spot,848,description,从春熙路坐地铁怎么去昭觉寺或者大慈寺方便？大概要多久？
8599,spot,848,description,带五岁的小孩去文殊院或者青羊宫逛，会不会太无聊？里面有没有什么适合小朋友玩或者看的？
8600,spot,848,description,成都周边哪个寺庙道观风景最好、最值得专程跑一趟？有没有那种人少又清静的推荐？
8601,spot,851,description,成都那些有名的寺庙道观一般几点开门关门啊？
8602,spot,851,description,去青城山或者文殊院这些地方，门票大概多少钱一张？
8603,spot,851,description,从春熙路怎么坐车去昭觉寺或者金沙庵，方便吗？
8604,spot,851,description,带小孩去武侯祠旁边的寺庙或者道观逛，会不会太无聊？
8605,spot,851,description,成都市区里有没有既清净又好玩、香火旺的寺庙道观推荐？
8606,spot,851,travel_tips,请问这个景点一般玩多久比较合适？大概几点开门关门啊？
8607,spot,851,travel_tips,门票是10块钱一个人吗？小孩或者老人有没有优惠？
8608,spot,851,travel_tips,这个地方具体在哪儿啊？坐公交或者地铁方便吗？自驾好停车不？
8609,spot,851,travel_tips,看完这个再去石象湖顺路吗？两个地方一天玩得过来不？
8610,spot,851,travel_tips,带5岁的小朋友去合适吗？山路会不会太难走，下雨天是不是就别去了？
8611,spot,851,cultural_context,石象寺早上几点开门？去的话要门票不，大概多少钱一个人？
8612,spot,851,cultural_context,从成都市区开车到石象寺大概要多久？有公交或者旅游专线能到吗？
8613,spot,851,cultural_context,石象寺除了烧香拜佛，里面还有啥好玩的？跟石象湖是一起逛吗，大概能玩大半天不？
8614,spot,851,cultural_context,带5岁的小孩去石象寺方便吗？里面路好不好走，有没有婴儿车能推的地方？
8615,spot,851,cultural_context,网上说石象寺是明代的老庙，现在去会不会很破？值不值得专门跑一趟，跟旁边的石象湖比哪个更值得看？
8616,spot,862,travel_tips,武侯祠早上几点开门啊？我打算一开门就进去，避开人流。
8617,spot,862,travel_tips,武侯祠的门票是50块，那里面那个景点还要单独再买票不？
8618,spot,862,travel_tips,从春熙路坐地铁怎么去武侯祠最方便？下车后要走多远？
8619,spot,862,travel_tips,带5岁小孩去武侯祠逛，会不会太枯燥？里面有没有适合孩子看的东西？
8620,spot,862,travel_tips,网上都说武侯祠和锦里连着逛，具体怎么个走法？大概要玩多久？
8621,spot,862,description,成都那些寺庙道观一般几点开门关门？去烧香的话有什么讲究吗？
8622,spot,862,description,去青城山或文殊院这类道观寺庙，门票大概多少钱？老人和小孩有优惠吗？
8623,spot,862,description,从春熙路怎么坐车去比较有名的寺庙道观？比如昭觉寺或者青羊宫，要坐几号线？
8624,spot,862,description,带5岁小孩去武侯祠旁边的寺庙逛，会不会太无聊？有没有适合孩子玩或者看的东西？
8625,spot,862,description,网上说成都的寺庙道观哪个最值得去？求推荐一个既能看古建筑又不用爬太多山的地方，顺便说说好玩在哪？
8626,spot,940,description,成都那些寺庙道观一般几点开门关门啊？
8627,spot,940,description,去青羊宫或者文殊院门票要多少钱？
8628,spot,940,description,从春熙路怎么坐车去昭觉寺，方便吗？
8629,spot,940,description,带小孩去成都的寺庙道观逛，会不会太无聊？
8630,spot,940,description,成都哪个寺庙道观香火旺、环境清静，值得专门去一趟？
8631,spot,862,cultural_context,三义庙在武侯祠里面吗？去那儿要单独买票不，还是门票已经包含了？
8632,spot,862,cultural_context,请问三义庙早上几点开门？我们想早点去人少一点，下午几点关门啊？
8633,spot,862,cultural_context,从地铁高升桥站下车后，走路到三义庙大概要多久？有没有直达的公交？
8634,spot,862,cultural_context,带6岁小孩去三义庙逛，能给他讲讲刘关张的故事吗？里面会不会太挤或者没意思？
8635,spot,862,cultural_context,三义庙好玩吗？除了看塑像，有没有什么互动或者讲解活动，大概逛多久比较合适？
8636,spot,940,travel_tips,请问简阳白马寺几点开门？游览大概要花多长时间？
8637,spot,940,travel_tips,去简阳白马寺要不要门票？听说免费是真的吗？
8638,spot,940,travel_tips,从成都市区怎么去简阳白马寺方便？不开车能到吗？
8639,spot,940,travel_tips,简阳白马寺好玩吗？里面主要看什么，值不值得专门跑一趟？
8640,spot,940,travel_tips,带小孩去简阳白马寺合适吗？夏天去热不热，有啥要注意的？
8641,spot,940,cultural_context,白马寺早上几点开门？下午关门时间是多少？
8642,spot,940,cultural_context,去简阳白马寺要收门票吗？大概多少钱一个人？
8643,spot,940,cultural_context,从简阳市区到白马寺怎么坐车？打车过去远不远？
8644,spot,940,cultural_context,白马寺里面好玩吗？除了烧香拜佛还有啥能逛的？
8645,spot,940,cultural_context,带小孩去白马寺合适不？有没有地方让小朋友跑一跑？
8646,spot,972,description,成都那些寺庙道观一般几点开门关门啊？想早上去烧香怕扑空。
8647,spot,972,description,去青羊宫或者文殊院门票多少钱一张？有学生票或者免票政策吗？
8648,spot,972,description,从春熙路坐地铁或者公交怎么去昭觉寺？大概要多久？
8649,spot,972,description,带5岁小孩去文殊院或者大慈寺逛，里面有没有适合孩子玩的地方，会不会太无聊？
8650,spot,972,description,成都市区哪个寺庙道观香火旺、环境清静，适合去散心拍照？值得专门跑一趟吗？
8651,spot,972,travel_tips,请问这个地方几点开门呀？我想上午去，怕去太早扑个空。
8652,spot,972,travel_tips,这个景点要门票不？还是免费随便进？
8653,spot,972,travel_tips,从蒲江县城走路过去大概要多久？具体位置好找吗？
8654,spot,972,travel_tips,里面好玩吗？大概逛一个小时够不够？值不值得专门跑一趟？
8655,spot,972,travel_tips,带五岁小孩去合适不？有没有台阶或者危险的地方？
8656,spot,1027,description,成都的公园一般早上几点开门？晚上几点关门？
8657,spot,1027,description,去成都的公园需要买门票吗，大概多少钱一张？
8658,spot,1027,description,请问成都哪个公园适合带小孩玩？有没有游乐设施？
8659,spot,1027,description,从春熙路怎么坐车去人民公园？大概要多久？
8660,spot,1027,description,成都的公园里有什么好玩的？适合老年人散步或者年轻人拍照吗？
8661,spot,972,cultural_context,蒲江文庙几点开门？门票多少钱一张？
8662,spot,972,cultural_context,蒲江文庙具体在哪儿？从成都市区坐车怎么去方便？
8663,spot,972,cultural_context,蒲江文庙里面大不大？逛一圈大概要多久，值不值得专门跑一趟？
8664,spot,972,cultural_context,带小学娃去蒲江文庙能看什么？有没有讲解或者适合孩子体验的活动？
8665,spot,972,cultural_context,蒲江文庙周边停车方便吗？附近还有啥可以一起玩的景点？
8666,spot,1027,travel_tips,请问这边一般几点开门，逛一圈大概要多久？
8667,spot,1027,travel_tips,这个地方的门票多少钱，是免费的吗？
8668,spot,1027,travel_tips,从成都市区怎么过去方便，坐公交还是地铁？
8669,spot,1027,travel_tips,带5岁小孩去合适吗，会不会太枯燥？
8670,spot,1027,travel_tips,这个地方好玩吗，值不值得专门跑一趟？
8671,spot,1027,cultural_context,这个遗址每天几点开门？需要提前预约吗？
8672,spot,1027,cultural_context,门票多少钱一张？学生或者老人有优惠吗？
8673,spot,1027,cultural_context,这里具体在成都哪个位置？坐地铁或者公交怎么过去方便？
8674,spot,1027,cultural_context,带小孩去逛这个遗址合适吗？里面有没有互动或者讲解可以看？
8675,spot,1027,cultural_context,这个地方好玩吗？大概逛多久能看完，值不值得专门跑一趟？
8676,spot,1034,description,成都那些风景名胜区一般早上几点开门啊？
8677,spot,1034,description,去成都的景点玩，门票大概要多少钱一张？
8678,spot,1034,description,从春熙路出发，怎么坐车去这些风景名胜区方便？
8679,spot,1034,description,带5岁的小孩去这些地方逛，会不会太累或者不合适？
8680,spot,1034,description,网上都说成都的风景名胜好玩，到底值不值得专门去一趟？
8681,spot,1034,travel_tips,这个景点要门票不？大概逛多久能逛完？
8682,spot,1034,travel_tips,请问那儿几点开门关门？全年都开放吗？
8683,spot,1034,travel_tips,这个地方具体在哪儿啊，坐地铁或者公交怎么过去方便？
8684,spot,1034,travel_tips,带五岁小孩去合适不？里面路好走吗，夏天去会不会蚊子特别多？
8685,spot,1034,travel_tips,这地方好玩吗？就是一片田野遗址的话，会不会很无聊，大概能看些啥？
8686,spot,1034,cultural_context,这个遗址现在开门吗？早上几点能进去？
8687,spot,1034,cultural_context,门票好多钱一张？老人和小孩有优惠没？
8688,spot,1034,cultural_context,这个地方具体在成都哪个位置哦？坐地铁或者公交咋个去方便？
8689,spot,1034,cultural_context,里面除了看陶器石头，有没有啥子互动体验或者讲解，带娃娃去会不会觉得无聊？
8690,spot,1034,cultural_context,网上评价咋样？值不值得专门跑一趟，大概要逛好久？
8691,spot,1044,description,成都那些风景名胜一般几点开门关门啊？
8692,spot,1044,description,去成都玩这几个风景名胜，门票大概多少钱一张？
8693,spot,1044,description,从春熙路怎么坐车去这些风景名胜，方便吗？
8694,spot,1044,description,带6岁小孩去这些地方逛，会不会太累或者不合适？
8695,spot,1044,description,这些风景名胜到底好不好玩，值不值得专门跑一趟？
8696,spot,1049,description,成都那些有名的景点一般几点开门关门啊？
8697,spot,1049,description,去成都旅游，热门景点门票大概多少钱一张？
8698,spot,1049,description,从春熙路怎么坐车去都江堰景区？
8699,spot,1049,description,成都周边哪个景点适合带小孩玩，有没有亲子项目？
8700,spot,1049,description,宽窄巷子和锦里哪个更好逛，值得专门去一趟吗？
8701,spot,1044,cultural_context,宝墩遗址几点开门？门票多少钱一张？
8702,spot,1044,cultural_context,从成都市区怎么坐车去宝墩遗址？大概要多久？
8703,spot,1044,cultural_context,带小朋友去宝墩遗址合适吗？有没有什么互动体验或讲解？
8704,spot,1044,cultural_context,宝墩遗址现在能看到什么？好玩吗？值不值得专门跑一趟？
8705,spot,1044,cultural_context,宝墩遗址考古工作站对外开放吗？能不能进去参观发掘现场？
8706,spot,1044,travel_tips,请问这个考古工作站早上几点开门？需要提前多久预约？
8707,spot,1044,travel_tips,去参观要不要买门票？是免费随便进还是必须预约？
8708,spot,1044,travel_tips,带孩子去合适吗？有没有什么不能碰或者不能进的地方？
8709,spot,1044,travel_tips,从成都市区坐地铁或者公交怎么过去？大概要多久？
8710,spot,1044,travel_tips,里面主要看什么？好玩吗？大概逛一两个小时够不够？
8711,spot,1049,travel_tips,请问这个地方几点开门，白天去大概能逛多久？
8712,spot,1049,travel_tips,这里收门票吗，还是免费的？
8713,spot,1049,travel_tips,从成都市区怎么过去方便，有直达的公交或地铁吗？
8714,spot,1049,travel_tips,那边主要是看什么，拍照好看吗，值不值得专门跑一趟？
8715,spot,1049,travel_tips,带小孩去合适吗，有没有什么需要注意的？
8716,spot,1049,cultural_context,上书院几点开门关门？需要提前预约吗？
8717,spot,1049,cultural_context,去上书院要买门票不？大概多少钱一个人？
8718,spot,1049,cultural_context,上书院在成都哪个位置？坐地铁或者公交怎么过去方便？
8719,spot,1049,cultural_context,上书院里头好耍不？大概能逛多久？值不值得专门跑一趟？
8720,spot,1049,cultural_context,带娃去上书院合适不？有没有什么互动或者讲解适合小朋友的？
8721,spot,1058,description,成都那些风景名胜一般早上几点开门？
8722,spot,1058,description,去都江堰或者青城山门票多少钱一张？
8723,spot,1058,description,从市区怎么坐车去西岭雪山方便？
8724,spot,1058,description,带小孩去武侯祠和杜甫草堂好玩吗，适合亲子游不？
8725,spot,1058,description,成都周边哪个风景名胜评价比较高，值得专门跑一趟？
8726,spot,1058,cultural_context,这个遗址几点开门？门票多少钱一张？
8727,spot,1058,cultural_context,请问怎么去十二桥遗址？坐地铁能到吗？
8728,spot,1058,cultural_context,带孩子去参观合适吗？里面有没有互动体验？
8729,spot,1058,cultural_context,这个地方好玩吗？大概要逛多久？
8730,spot,1058,cultural_context,遗址现场能看到房子遗迹吗？还是只有文物展示？
8731,spot,1058,travel_tips,请问这个地方几点开门，关门又是什么时候呢？
8732,spot,1058,travel_tips,这里门票多少钱，是免费随便进的吗？
8733,spot,1058,travel_tips,从春熙路坐地铁过去方便吗，具体该在哪一站下？
8734,spot,1058,travel_tips,带五岁的小朋友去逛，大概能玩多久，会不会太无聊？
8735,spot,1058,travel_tips,这个地方夏天去晒不晒啊，有没有树荫或者室内部分？
8736,spot,1080,description,成都的公园一般早上几点开门？晚上会关门吗？
8737,spot,1080,description,去成都的公园玩要买门票不？大概多少钱一张？
8738,spot,1080,description,从春熙路怎么坐车去人民公园？地铁能到吗？
8739,spot,1080,description,带五岁小孩去成都哪个公园最合适？有儿童游乐设施吗？
8740,spot,1080,description,成都的公园里除了散步，还有啥好玩的？喝茶掏耳朵那种体验值不值得去？
8741,spot,1080,cultural_context,怀安军遗址公园早上几点开门？门票要多少钱一张？
8742,spot,1080,cultural_context,这个怀安军遗址公园具体在成都哪个位置？坐地铁或者公交怎么过去方便？
8743,spot,1080,cultural_context,带小孩去怀安军遗址公园好玩吗？里面有没有适合亲子互动或者涨知识的展览？
8744,spot,1080,cultural_context,怀安军遗址公园里面主要能看些啥？除了城墙和练兵场，还有没有其他值得逛的地方？
8745,spot,1080,cultural_context,这个地方一般逛下来要多久？适合老人慢慢走吗，里面路平不平？
8746,spot,1080,travel_tips,这个公园几点开门关门哇？晚上能进去逛不？
8747,spot,1080,travel_tips,进去耍要买门票不？大概好多钱一个人？
8748,spot,1080,travel_tips,从成都市区咋个坐车过去呢？地铁能到不？
8749,spot,1080,travel_tips,里面主要看啥子喃？有没得啥子好耍的或者拍照好看的地方？
8750,spot,1080,travel_tips,带5岁的小娃娃去合适不？有没有推车能走的路，热天去会不会遭不住？
8751,spot,1092,travel_tips,芦沟竹海景区几点开门啊？早上早点去能行不？
8752,spot,1092,travel_tips,去芦沟竹海的门票多少钱一个人？小孩有优惠吗？
8753,spot,1092,travel_tips,邛崃芦沟竹海具体怎么去？从成都开车要多久？
8754,spot,1092,travel_tips,芦沟竹海里面好玩不？徒步大概要走多久，累不累？
8755,spot,1092,travel_tips,带五岁小孩去芦沟竹海合适吗？山路滑不滑，要不要穿防滑鞋？
8756,spot,1147,description,成都那些风景名胜区一般早上几点开门？
8757,spot,1147,description,去成都的风景名胜玩一圈，门票大概要多少钱？
8758,spot,1147,description,从春熙路怎么坐车去这些风景名胜区，方便吗？
8759,spot,1147,description,带小孩去成都的风景名胜逛，有没有适合亲子游的路线？
8760,spot,1147,description,成都的风景名胜到底好不好玩，值不值得专门去一趟？
8761,spot,1092,cultural_context,芦沟竹海里的邛人遗址几点开门啊，要不要单独买票？
8762,spot,1092,cultural_context,从邛崃市区开车去芦沟竹海大概要多久，路好走不？
8763,spot,1092,cultural_context,带小孩去邛人遗址那边玩合适吗，有没有啥互动或者讲解？
8764,spot,1092,cultural_context,芦沟竹海和邛人遗址一起逛下来要多少钱，值不值这个价？
8765,spot,1092,cultural_context,除了看竹子，邛人遗址那块有啥好耍的，能不能给娃讲点历史故事？
8766,spot,1092,description,成都那些热门景点一般几点开门啊？我想早点去避开人流。
8767,spot,1092,description,都江堰和青城山门票分别多少钱？有没有学生票或者联票？
8768,spot,1092,description,从春熙路怎么坐车去大熊猫繁育研究基地？大概要多久？
8769,spot,1092,description,带5岁小孩去成都玩，哪些景点比较轻松不累，适合亲子游？
8770,spot,1092,description,宽窄巷子和锦里哪个更好玩？值不值得专门去一趟？
8771,spot,1147,travel_tips,凉亭一般几点开放呢？早上太早去能进吗？
8772,spot,1147,travel_tips,这个凉亭要收费不？还是免费随便坐？
8773,spot,1147,travel_tips,凉亭具体在园区哪个位置啊？从北门进去怎么走？
8774,spot,1147,travel_tips,在凉亭歇脚能干啥？就干坐着吗，还是可以自带点东西边吃边看景？
8775,spot,1147,travel_tips,带两岁多的小孩去那儿休息方便吗？有没有遮挡或者坐着安全不？
8776,spot,1147,cultural_context,动物园里的凉亭一般几点开放？晚上关不关？
8777,spot,1147,cultural_context,在凉亭休息要额外收费吗？还是包含在门票里？
8778,spot,1147,cultural_context,凉亭具体在动物园哪个区域？从正门怎么走过去最近？
8779,spot,1147,cultural_context,带老人小孩去，凉亭周围有买水或者小吃的地方吗？
8780,spot,1147,cultural_context,这个凉亭夏天人多吗？适合中午过去歇脚乘凉吗？
8781,spot,1152,description,成都动物园早上几点开门？门票多少钱一张？
8782,spot,1152,description,带小孩去成都动物园玩，大概需要逛多久？里面有没有儿童游乐设施？
8783,spot,1152,description,坐地铁去成都动物园方便吗？具体在哪一站下？
8784,spot,1152,description,成都动物园里最值得看的是哪些动物？有大熊猫吗？
8785,spot,1152,description,周末去成都动物园人多不多？值不值得专门跑一趟？
8786,spot,1152,travel_tips,成都动物园那个非洲狮展区，一般几点去能看到狮子比较活泼的样子啊？
8787,spot,1152,travel_tips,去动物园看非洲狮，门票是20块钱一个人吗，小孩要不要另外买票？
8788,spot,1152,travel_tips,非洲狮展区在动物园里面怎么走？从哪个门进去比较近？
8789,spot,1152,travel_tips,带两岁多的小朋友去非洲狮展区合适不？那边安全措施怎么样，会不会有危险？
8790,spot,1152,travel_tips,动物园的非洲狮展区值得专门去逛一圈不？大概能玩多久，会不会很无聊？
8791,spot,1152,cultural_context,成都动物园几点开门？我想带娃去看非洲狮，早上过去人多不多？
8792,spot,1152,cultural_context,去成都动物园看狮子要门票不？多少钱一张？小孩有优惠吗？
8793,spot,1152,cultural_context,成都动物园在哪个位置？坐地铁怎么去最方便？
8794,spot,1152,cultural_context,周末带小孩去成都动物园看非洲狮好玩吗？里面除了狮子还有啥值得逛的？
8795,spot,1152,cultural_context,成都动物园的狮子展示区是仿野外那种吗？适合带老人和小孩一起慢慢逛不？
8796,spot,1165,travel_tips,请问那边早上几点开门，下午大概几点就关门了呀？
8797,spot,1165,travel_tips,门票是每个人30块钱吗，小孩或者老人有没有优惠？
8798,spot,1165,travel_tips,这个地方在双流区具体哪个位置啊，不开车的话坐地铁或者公交能到吗？
8799,spot,1165,travel_tips,里面主要是看什么或者玩什么呀，大概逛两个小时够不够？
8800,spot,1165,travel_tips,带5岁的小朋友去合适吗，山路会不会太难走，需要推婴儿车吗？
8801,spot,1165,description,成都的旅游景点一般早上几点开门？需要提前预约吗？
8802,spot,1165,description,去成都那些热门景点玩一圈，门票大概要花多少钱？有没有免费开放的？
8803,spot,1165,description,从春熙路出发去宽窄巷子、锦里这些地方，坐地铁还是打车方便？大概要多久？
8804,spot,1165,description,带5岁的小孩去成都玩，哪些景点比较轻松不累人，适合亲子游？
8805,spot,1165,description,成都的景点除了看熊猫和逛古街，还有哪些小众但好玩的地方值得去？
8806,spot,1165,cultural_context,龙泉山城市森林公园早上几点开门？晚上关门时间是好久？
8807,spot,1165,cultural_context,去龙泉山城市森林公园坐地铁或公交怎么走？自驾停车方便不，停车费咋收？
8808,spot,1165,cultural_context,公园门票好多钱一张？里面看动物是另外收费还是包含在门票里？
8809,spot,1165,cultural_context,带5岁娃儿去龙泉山城市森林公园耍一天，有没得适合小娃娃的动物互动或步道？路好不好走？
8810,spot,1165,cultural_context,这个公园到底好不好耍？主要看森林和动物，跟普通动物园比有啥子不一样？大概要耍几个小时？
8811,spot,1175,description,成都的中餐厅一般几点开门营业？午饭和晚饭时间有区别吗？
8812,spot,1175,description,在成都市中心找一家中餐厅吃饭，人均大概多少钱比较合适？
8813,spot,1175,description,武侯祠附近有没有推荐的中餐厅？走路过去方便吗？
8814,spot,1175,description,带家里老人和小孩去中餐厅吃饭，有什么需要注意的，比如有没有包间或儿童座椅？
8815,spot,1175,description,成都本地人常去的中餐厅有哪些？味道和网红店比怎么样，值得专门去打卡吗？
8816,spot,1315,description,成都植物园早上几点开门？关门时间是好久？
8817,spot,1315,description,去成都植物园的门票多少钱一张？老人和小孩有优惠吗？
8818,spot,1315,description,成都植物园具体在哪个位置？坐地铁或者公交怎么过去方便？
8819,spot,1315,description,带5岁的小朋友去成都植物园耍，里面有没有儿童游乐区或者适合推婴儿车的路？
8820,spot,1315,description,成都植物园里面好不好玩？大概能逛几个小时，主要看点什么花和树？
8821,spot,1315,travel_tips,大草坪周末几点开门，早上能进去野餐不？
8822,spot,1315,travel_tips,去植物园的大草坪玩，门票是10块钱一个人吗，小孩要不要钱？
8823,spot,1315,travel_tips,大草坪具体在植物园哪个位置，从哪个门进去最近？
8824,spot,1315,travel_tips,带两岁小孩去大草坪放风筝合适不，草坪上能坐能跑吗？
8825,spot,1315,travel_tips,大草坪好玩吗，除了野餐放风筝还有啥能玩的，大概能玩多久？
8826,spot,1315,cultural_context,大草坪周末几点开门？需要买门票才能进去耍不？
8827,spot,1315,cultural_context,大草坪在植物园里头哈？从地铁站咋个过去最方便？
8828,spot,1315,cultural_context,那边草坪可以随便踩不？带娃儿去搭帐篷野餐合适不？
8829,spot,1315,cultural_context,去大草坪耍一般玩多久合适？除了晒太阳还有啥子好耍的？
8830,spot,1315,cultural_context,大草坪平时人多不多？周末去会不会很挤，值不值得专门跑一趟？
8831,spot,1318,description,成都植物园早上几点开门？门票多少钱一张？
8832,spot,1318,description,带小孩去成都植物园玩合适吗？里面有没有儿童游乐区？
8833,spot,1318,description,从春熙路怎么坐车去成都植物园？大概要多久？
8834,spot,1318,description,成都植物园现在这个季节去好玩吗？主要能看什么花？
8835,spot,1318,description,成都植物园里面能搭帐篷野餐吗？有没有推荐的游览路线？
8836,spot,1318,travel_tips,樱花园一般几点开门啊？早上几点去人少些？
8837,spot,1318,travel_tips,现在去樱花园门票多少钱一张？要提前网上买吗？
8838,spot,1318,travel_tips,樱花园在成都哪个位置？坐地铁或者公交方便过去不？
8839,spot,1318,travel_tips,带三岁小孩去樱花园玩合适吗？里面路好不好走？
8840,spot,1318,travel_tips,这个季节去樱花园值不值？大概能逛多久，除了看花还有啥好玩的？
8841,spot,1318,cultural_context,成都看樱花那个樱花园几点开门啊？早上想去人少点拍拍照。
8842,spot,1318,cultural_context,樱花园门票多少钱一张？老人和小孩有优惠不？
8843,spot,1318,cultural_context,从春熙路坐地铁或者公交怎么去樱花园最方便？大概要多久？
8844,spot,1318,cultural_context,带五岁的小朋友去樱花园合适吗？里面有没有儿童玩的地方或者推车方便走的路？
8845,spot,1318,cultural_context,现在这个季节去樱花园好玩吗？除了看樱花还有没有其他活动或者小吃摊？网上评价咋样？
8846,spot,1319,description,成都植物园早上几点开门？门票多少钱一张？
8847,spot,1319,description,从春熙路坐地铁去成都植物园方便吗，大概要多久？
8848,spot,1319,description,成都植物园里面好玩吗，带5岁小孩去合适不？
8849,spot,1319,description,植物园哪个季节去最好看，有没有推荐的游览路线？
8850,spot,1319,description,成都植物园停车方便吗，周末去人多不多，值不值得专程跑一趟？
8851,spot,1324,description,成都植物园早上几点开门？门票多少钱一张？
8852,spot,1324,description,带小孩去成都植物园玩合适吗？有没有儿童游乐设施？
8853,spot,1324,description,成都植物园在哪个位置？坐地铁几号线能到？
8854,spot,1324,description,植物园里主要能看些什么？这个季节去有什么花开了？
8855,spot,1324,description,成都植物园好玩吗？大概能逛多久，里面有没有吃饭的地方？
8856,spot,1319,travel_tips,梅花园冬天啥时候去最好啊？大概要逛多久？
8857,spot,1319,travel_tips,现在去梅花园门票好多钱一张？有没有优惠？
8858,spot,1319,travel_tips,梅花园在成都哪个位置哦？坐地铁或者公交咋个去方便？
8859,spot,1319,travel_tips,带五岁娃儿去梅花园耍合适不？除了看梅花还有没得啥子好玩的？
8860,spot,1319,travel_tips,梅花园和腊梅园挨到起的哇？两个一起逛大概要花多长时间？
8861,spot,1319,cultural_context,成都看梅花的地方一般几点开门啊，早上想去人少点？
8862,spot,1319,cultural_context,去梅花园要门票不，大概多少钱一个人？
8863,spot,1319,cultural_context,从春熙路怎么坐车去梅花园最方便，打车大概多久？
8864,spot,1319,cultural_context,带家里老人和小孩去梅花园逛，路好不好走，适合推婴儿车不？
8865,spot,1319,cultural_context,现在这个季节去梅花园梅花开了没，除了看花里面还有啥好耍的，值不值得专程跑一趟？
8866,spot,1324,travel_tips,腊梅园一般早上几点开门？去早了会不会吃闭门羹？
8867,spot,1324,travel_tips,现在去腊梅园门票还是10块钱一个人吗？小孩或者老人有没有优惠？
8868,spot,1324,travel_tips,腊梅园具体在成都哪个位置？坐地铁或者公交怎么过去方便？
8869,spot,1324,travel_tips,带两岁多的小孩去腊梅园合适吗？里面路好不好走，会不会容易被树枝划到？
8870,spot,1324,travel_tips,腊梅园好玩吗？除了看腊梅拍照，里面还有没有其他可以逛的地方？
8871,spot,1324,cultural_context,成都植物园看腊梅一般几月份去最合适？现在这个季节去能看到吗？
8872,spot,1324,cultural_context,去成都植物园看腊梅，门票多少钱一张？小孩和老人有优惠吗？
8873,spot,1324,cultural_context,成都植物园里的腊梅园具体在哪个位置？从哪个门进去最近？
8874,spot,1324,cultural_context,带5岁的小朋友去腊梅园玩，除了看花还有啥适合孩子耍的？会不会太无聊？
8875,spot,1324,cultural_context,坐地铁去成都植物园方便吗？出站后走到腊梅园要多久？园内有没有观光车？
8876,spot,1328,description,成都植物园早上几点开门？门票多少钱一张？
8877,spot,1328,description,从春熙路坐地铁去成都植物园方便吗，大概要多久？
8878,spot,1328,description,带5岁小孩去成都植物园玩合适吗？里面有没有儿童游乐区？
8879,spot,1328,description,成都植物园哪个季节去最好看？除了看花还有什么好玩的？
8880,spot,1328,description,成都植物园里可以搭帐篷或者野餐吗？周末去人多不多？
8881,spot,1328,travel_tips,茶花现在开得怎么样？上午去是不是最好看？一般要逛多久啊？
8882,spot,1328,travel_tips,植物园门票一个人好多钱？里面坐观光车还要另外给钱不？
8883,spot,1328,travel_tips,从市区咋个去植物园方便？坐地铁能到不？
8884,spot,1328,travel_tips,带五岁娃儿去赏茶花合适不？园里头推婴儿车方便吗？
8885,spot,1328,travel_tips,这个季节去植物园除了看茶花，还有啥子好耍的？值不值得专门跑一趟？
8886,spot,1328,cultural_context,成都市植物园茶花园早上几点开门，下午几点关门？
8887,spot,1328,cultural_context,去成都市植物园茶花园的门票多少钱一张，老人和小孩有优惠吗？
8888,spot,1328,cultural_context,成都市植物园茶花园具体在哪个位置，坐地铁或公交怎么过去方便？
8889,spot,1328,cultural_context,带5岁的小朋友去茶花园逛，里面路好走吗，有没有适合孩子玩的地方？
8890,spot,1328,cultural_context,茶花园现在这个季节去能看到花吗？大概逛多久比较合适，值不值得专门跑一趟？
8891,spot,1330,description,成都植物园早上几点开门？关门时间是好久？
8892,spot,1330,description,去成都植物园门票好多钱一张？有没有学生票或者老人优惠？
8893,spot,1330,description,成都植物园在哪个位置？坐地铁或者公交怎么过去方便？
8894,spot,1330,description,成都植物园里面好不好耍？大概要逛多久才耍得完？
8895,spot,1330,description,带5岁的小朋友去成都植物园合适不？里面有没有儿童游乐设施或者推婴儿车方便吗？
8896,spot,1330,travel_tips,樱花大概什么时候开啊？周末去会不会人挤人？
8897,spot,1330,travel_tips,植物园门票多少钱一张？需要提前在哪儿预约吗？
8898,spot,1330,travel_tips,去植物园看樱花坐几路公交能到？地铁方便吗？
8899,spot,1330,travel_tips,带5岁小孩去看樱花合适吗？里面除了赏花还有啥好玩的？
8900,spot,1330,travel_tips,听说樱花花期很短，值不值得专门跑一趟去看？逛多久比较合适？
8901,spot,1330,cultural_context,成都植物园看樱花大概几点开门呀？门票多少钱一张？
8902,spot,1330,cultural_context,带家里老人和小孩去植物园赏樱方便吗？有没有推婴儿车的路？
8903,spot,1330,cultural_context,从春熙路坐地铁去成都植物园看樱花，具体怎么换乘？大概要多久？
8904,spot,1330,cultural_context,现在这个季节去植物园，樱花开了没有？除了看樱花还有啥好玩的？
8905,spot,1330,cultural_context,网上都说植物园是春日赏樱胜地，实际去过的体验咋样？人多不多，值不值得专门跑一趟？
8906,spot,1348,description,成都植物园早上几点开门？门票多少钱一个人？
8907,spot,1348,description,带小孩去成都植物园玩合适吗？里面有什么好玩的？
8908,spot,1348,description,成都植物园在哪个位置？坐地铁或者公交怎么去方便？
8909,spot,1348,description,植物园一般逛多久比较合适？周末人多不多，值得专门跑一趟吗？
8910,spot,1348,description,成都植物园里面可以野餐或者搭帐篷吗？有没有吃饭的地方？
8911,spot,1348,travel_tips,温江芳香植物园几点开门，晚上开到几点关门呀？
8912,spot,1348,travel_tips,这个植物园要门票不，现在还是免费的吗？
8913,spot,1348,travel_tips,坐地铁或者公交怎么去温江芳香植物园，下车后要走多远？
8914,spot,1348,travel_tips,带五岁小孩去玩合适吗，里面有没有能让孩子安全跑动的地方？
8915,spot,1348,travel_tips,听说可以采香草，是自己随便摘还是要收费？另外有没有那种刺多的植物容易扎到人？
8916,spot,1348,cultural_context,请问芳香植物园早上几点开门，下午闭园时间是好久？
8917,spot,1348,cultural_context,去芳香植物园的门票多少钱一张，有没有学生票或者老人优惠？
8918,spot,1348,cultural_context,从成都市区怎么坐车去温江的芳香植物园，地铁能到不？
8919,spot,1348,cultural_context,这个植物园里面除了看薰衣草和迷迭香，还有没有可以动手做香包或者喝香草茶的体验？
8920,spot,1348,cultural_context,带五岁小孩去玩合适吗，里面有没有专门给小朋友耍的草坪或者活动？
8921,spot,1402,description,成都那些公园一般几点开门关门哦？
8922,spot,1402,description,去公园耍要门票不，大概好多钱一个人？
8923,spot,1402,description,我想问下成都的公园咋个去方便，坐地铁能到不？
8924,spot,1402,description,带起小娃儿去这些公园玩合适不，有没有啥子儿童设施？
8925,spot,1402,description,成都的公园哪个最好耍，适合朋友几个去逛一下午那种？
8926,spot,1402,travel_tips,晚上大概几点去灯光最好看？人会不会特别多？
8927,spot,1402,travel_tips,这个景点是免费进去的吗？需不需要提前预约或者买票？
8928,spot,1402,travel_tips,从春熙路那边坐地铁或者公交过去方便吗？大概要多久？
8929,spot,1402,travel_tips,里面主要能逛些什么？纯走路拍照的话，适合带五六岁的小孩去吗？
8930,spot,1402,travel_tips,听说周边有吃的，具体是餐厅多还是小吃摊多？逛完出来吃晚饭方便吗？
8931,spot,1402,cultural_context,这个公园几点开门关门？要门票不？
8932,spot,1402,cultural_context,金牛区这个音乐主题公园具体在哪儿？坐地铁怎么过去？
8933,spot,1402,cultural_context,带5岁小孩去玩合适吗？里面有啥小朋友能耍的？
8934,spot,1402,cultural_context,这个公园好玩吗？跟普通公园比有啥特别的？
8935,spot,1402,cultural_context,公园里有没有露天音乐演出或者互动装置？适合晚上去逛不？
8936,spot,1420,description,成都哪些游乐场比较好玩，适合年轻人去打卡的？
8937,spot,1420,description,欢乐谷和国色天乡几点开门，晚上开到几点啊？
8938,spot,1420,description,带5岁小孩去成都的游乐场，哪家性价比高，门票多少钱？
8939,spot,1420,description,从春熙路怎么坐地铁或公交去成都的游乐场，大概要多久？
8940,spot,1420,description,成都的游乐场周末人多不多，排队严重吗，值不值得专程跑一趟？
8941,spot,1420,travel_tips,这个景点夏天早上几点开门啊？我们想上午去，怕人多排队。
8942,spot,1420,travel_tips,门票多少钱一张？小孩有优惠吗，还是必须买全票？
8943,spot,1420,travel_tips,这地方具体在成都哪个位置？坐地铁或者公交怎么过去方便？
8944,spot,1420,travel_tips,里面主要是玩水的吗？带孩子去玩半天够不够，要不要自己带泳圈？
8945,spot,1420,travel_tips,适合带五六岁的小朋友去吗？安全方面有没有什么要注意的，评价咋样？
8946,spot,1420,cultural_context,南湖梦幻岛的嬉水乐园一般几点开门，晚上开到几点关门喃？
8947,spot,1420,cultural_context,去南湖梦幻岛嬉水乐园耍一圈大概要花多少钱，门票和里面项目是分开收费的不？
8948,spot,1420,cultural_context,从市区坐地铁或者公交怎么去南湖梦幻岛最近，自驾过去停车方便不？
8949,spot,1420,cultural_context,南湖梦幻岛的嬉水乐园好不好耍，有没有那种刺激的水上滑梯，还是主要是小朋友耍的？
8950,spot,1420,cultural_context,带三岁多的小娃娃去南湖梦幻岛嬉水乐园合不合适，有没有浅水区和亲子更衣室？
8951,spot,1428,description,成都游乐场一般几点开门关门啊？
8952,spot,1428,description,去游乐场玩一天大概要花多少钱，门票和里面项目是分开算吗？
8953,spot,1428,description,从春熙路坐地铁到游乐场方便吗，具体坐到哪一站下？
8954,spot,1428,description,游乐场里有哪些适合带小孩玩的项目，有没有身高限制？
8955,spot,1428,description,这个游乐场周末人多不多，排队时间长不长，值不值得专门跑一趟？
8956,spot,1428,travel_tips,请问这个景点夏天几点开门呀？下午去会不会太晒？
8957,spot,1428,travel_tips,门票大概多少钱一个人？需要提前预约吗？
8958,spot,1428,travel_tips,这个地方具体在成都哪个位置？坐地铁或者公交方便吗？
8959,spot,1428,travel_tips,里面主要玩什么？适合带五六岁的小孩去吗？
8960,spot,1428,travel_tips,去玩的话要自己带泳衣或者换的衣服吗？好玩不？
8961,spot,1428,cultural_context,龙泉驿那边青龙湖的水上运动几点开门哦？想周末早点去玩一下。
8962,spot,1428,cultural_context,在洛带那边玩水上项目一般多少钱一个人啊？有没有那种按小时收费的？
8963,spot,1428,cultural_context,从成都市区怎么去青龙湖那个水上俱乐部方便？坐地铁能到不？
8964,spot,1428,cultural_context,带小孩去洛带水域玩水上运动合适吗？有没有亲子项目或者年龄限制？
8965,spot,1428,cultural_context,龙泉驿那个水上运动好玩不？看网上说很年轻时尚，适合几个朋友一起去打卡不？
8966,spot,1476,description,成都那些体育休闲场所一般几点开门啊？
8967,spot,1476,description,去玩一次大概要花多少钱，有没有学生票？
8968,spot,1476,description,市区里有哪些体育休闲服务场所，坐地铁怎么过去？
8969,spot,1476,description,带家里小孩去这些体育休闲场所合适吗，有没有亲子项目？
8970,spot,1476,description,网上都说成都的体育休闲场所好玩，具体有哪些推荐的项目？
8971,spot,1519,travel_tips,温江区那个亲子乐园几点开门关门哇？
8972,spot,1519,travel_tips,门票大概多少钱一张？小孩有没有优惠？
8973,spot,1519,travel_tips,从成都市区坐地铁或者公交怎么过去方便？
8974,spot,1519,travel_tips,里面除了耍项目，能不能自己带帐篷去野餐露营哦？
8975,spot,1519,travel_tips,带两岁多的小娃娃去合适不？会不会没啥可玩的？
8976,spot,1519,description,成都那些体育休闲的景点一般几点开门关门？
8977,spot,1519,description,去这种既能看风景又能运动的地方，门票大概多少钱一张？
8978,spot,1519,description,从春熙路怎么坐车去这类体育休闲景点，方便吗？
8979,spot,1519,description,带五岁小孩去这种风景名胜区的体育休闲场所玩，合适不？
8980,spot,1519,description,成都这种体育加风景的景点，除了散步爬山，还有啥好玩的体验项目？
8981,spot,1519,cultural_context,这个凤栖谷生态区早上几点开门，晚上关门时间是好久？
8982,spot,1519,cultural_context,去温江凤栖谷耍要门票不，大概一个人好多钱？
8983,spot,1519,cultural_context,从成都市区咋个坐车到凤栖谷生态区，自驾方便不？
8984,spot,1519,cultural_context,凤栖谷里头除了看花溪和浅滩，还有没有啥子好耍的亲子活动，适合带5岁娃儿去不？
8985,spot,1519,cultural_context,网上有人说凤栖谷比较原生态，实际去过的朋友觉得值不值得专门跑一趟？
8986,spot,1524,travel_tips,带小孩去的话，一般玩多久比较合适？上午去还是下午去好？
8987,spot,1524,travel_tips,门票是现场买还是网上买便宜？大概多少钱一张？
8988,spot,1524,travel_tips,这个地方在成都哪个位置啊？坐地铁或者公交方便吗？
8989,spot,1524,travel_tips,里面主要是看什么或者玩什么？两三个小时够不够？
8990,spot,1524,travel_tips,园子里树多蚊子多不多？需要给孩子带驱蚊水吗？
8991,spot,1524,description,成都的水上活动中心一般几点开门？门票多少钱一个人？
8992,spot,1524,description,从春熙路坐地铁怎么去那个水上活动中心，大概要多久？
8993,spot,1524,description,带小孩去成都水上活动中心玩合适吗？有没有儿童池或者亲子项目？
8994,spot,1524,description,成都那个旅游景点和旁边的水上活动中心是一起的吗？门票能通用不？
8995,spot,1524,description,夏天去水上活动中心好玩吗？人多不多，要不要提前在网上买票？
8996,spot,1524,cultural_context,新津的奇彩乐园几点开门关门哇？
8997,spot,1524,cultural_context,奇彩乐园门票多少钱一张，有没有家庭套票？
8998,spot,1524,cultural_context,从成都市区怎么去新津奇彩乐园，坐地铁能到不？
8999,spot,1524,cultural_context,奇彩乐园里面主要玩些啥，跟花舞人间比哪个更适合带小孩？
9000,spot,1524,cultural_context,带三岁小朋友去奇彩乐园合适吗，有没有亲子项目可以推荐？
9001,spot,1532,description,成都水上活动中心几点开门？晚上营业到几点？
9002,spot,1532,description,去成都水上活动中心玩一趟大概多少钱？门票和租设备是分开算吗？
9003,spot,1532,description,成都水上活动中心具体在哪个位置？坐地铁几号线能到，下了地铁还要走多远？
9004,spot,1532,description,带5岁小孩去成都水上活动中心合适吗？有没有儿童浅水区或者亲子项目？
9005,spot,1532,description,成都水上活动中心好玩吗？跟其他水上乐园比，排队时间长不长，值不值得专程去一趟？
9006,spot,1532,travel_tips,这个水上运动基地几点开门啊？周末人多不多？
9007,spot,1532,travel_tips,玩一次帆船或者赛艇大概要花多少钱？包含教练费吗？
9008,spot,1532,travel_tips,这个地方具体在成都哪个位置？坐地铁或者公交能到吗？
9009,spot,1532,travel_tips,带8岁的小孩去玩赛艇合适吗？有没有年龄或身高限制？
9010,spot,1532,travel_tips,这里除了帆船和赛艇，还有没有其他水上项目？好玩不？
9011,spot,47,travel_tips,这家天妇罗店中午营业吗？大概几点开门？
9012,spot,47,travel_tips,人均150到300块，两个人吃下来大概要花多少钱？
9013,spot,47,travel_tips,这家店具体在成都哪个位置？坐地铁方便吗？
9014,spot,47,travel_tips,去这家吃天妇罗要提前订位吗？现场去等位行不行？
9015,spot,47,travel_tips,带5岁小孩去吃合适吗？有没有儿童座椅或者小孩能吃的东西？
9016,spot,47,description,成都那些风景名胜一般早上几点开门？
9017,spot,47,description,去这些景点玩一圈大概要花多少钱门票？
9018,spot,47,description,从春熙路出发怎么坐车去青城山最方便？
9019,spot,47,description,带五岁小孩去都江堰景区合适吗，会不会太累？
9020,spot,47,description,成都周边的风景名胜哪个最好玩，值得专门跑一趟？
9021,spot,47,cultural_context,这家天妇罗店几点开门营业？需要提前预约吗？
9022,spot,47,cultural_context,人均消费大概多少钱？有套餐可以选吗？
9023,spot,47,cultural_context,具体位置在成都哪里？坐地铁方便吗，怎么过去？
9024,spot,47,cultural_context,这家店适合带小孩一起去吃吗？有没有儿童友好的座位或菜品？
9025,spot,47,cultural_context,除了吃天妇罗，店里环境怎么样？适合拍照打卡或者约会吗？
9026,spot,1532,cultural_context,三岔湖国际水上运动中心几点开门关门，去之前需要提前预约吗？
9027,spot,1532,cultural_context,去那儿玩皮划艇或者看训练要多少钱一个人，有学生票或者套票吗？
9028,spot,1532,cultural_context,从成都市区怎么坐车过去最方便，自驾导航到哪个门停车不坑？
9029,spot,1532,cultural_context,这里除了看比赛和训练，普通游客自己能下水玩桨板或者摩托艇吗？
9030,spot,1532,cultural_context,带6岁小孩去合适不，有没有儿童能玩的浅水项目或者安全防护措施？
9031,spot,69,description,成都的城市广场一般几点开放？晚上去逛安全吗？
9032,spot,69,description,去天府广场坐地铁几号线能到？出站后从哪个口出去最近？
9033,spot,69,description,城市广场附近有停车场吗？开车过去方便吗，停车费大概多少钱？
9034,spot,69,description,带小孩去城市广场玩，有没有适合小朋友的设施或者活动？
9035,spot,69,description,成都的城市广场除了拍照打卡，还有啥好玩的？值不值得专门跑一趟？
9036,spot,69,travel_tips,请问这个地方晚上几点关门呀？是免费进去的吗？
9037,spot,69,travel_tips,坐地铁过去方便吗，具体是哪条线哪个站下？
9038,spot,69,travel_tips,带五岁小孩去玩合适吗？大概能逛多久？
9039,spot,69,travel_tips,那边主要是看什么景色呀，傍晚去真的有喷泉吗？
9040,spot,69,travel_tips,大白天去会不会很晒，有没有室内的部分可以躲太阳？
9041,spot,93,description,成都那些风景名胜一般早上几点开门？门票大概多少钱一张？
9042,spot,93,description,从春熙路怎么坐车去这几个风景名胜区？方便吗？
9043,spot,93,description,带小孩去这些中餐厅吃饭合适吗？有没有儿童座椅和清淡点的菜？
9044,spot,93,description,这些风景名胜区逛一圈要多久？里面好玩吗，值不值得专门跑一趟？
9045,spot,93,description,请问这些中餐厅人均消费大概多少？中午去需要提前排队吗？
9046,spot,69,cultural_context,天府广场那个城市门户广场几点开门关门哦？晚上去逛有没有灯？
9047,spot,69,cultural_context,去那个挨着环球中心的广场要门票不？还是免费随便进？
9048,spot,69,cultural_context,从春熙路坐地铁怎么到天府广场南边那个广场？出哪个口最近？
9049,spot,69,cultural_context,那个广场除了拍照打卡，有没有啥好玩的？带娃去有地方耍吗？
9050,spot,69,cultural_context,这个广场到底咋样啊？值不值得专门跑一趟，还是就路过看看？
9051,spot,93,travel_tips,这个古镇几点开门关门呢？傍晚去会不会太晚了？
9052,spot,93,travel_tips,进去要买门票不？还是免费随便逛？
9053,spot,93,travel_tips,这个古镇在哪儿啊？坐地铁或者公交怎么过去方便？
9054,spot,93,travel_tips,里面主要是看啥子喃？大概逛多久合适？带娃娃去耍有没有啥子好玩的？
9055,spot,93,travel_tips,网上说这个古镇评价咋样？值不值得专门跑一趟？
9056,spot,93,cultural_context,西蜀廊桥古镇早上几点开门？晚上会不会关门？
9057,spot,93,cultural_context,去西蜀廊桥古镇要门票不？大概人均消费多少钱？
9058,spot,93,cultural_context,从春熙路坐地铁或者公交怎么去西蜀廊桥古镇？方便吗？
9059,spot,93,cultural_context,西蜀廊桥古镇好玩吗？主要能看些啥子，大概逛多久合适？
9060,spot,93,cultural_context,带五岁的小娃娃去西蜀廊桥古镇耍，有没有适合亲子的项目或者休息的地方？
9061,spot,98,description,成都那些产业园区的体育休闲场所一般几点开门？
9062,spot,98,description,带小孩去这种产业园里的休闲场所玩，门票大概多少钱？
9063,spot,98,description,从春熙路怎么坐车去成都的产业园区休闲场所，方便吗？
9064,spot,98,description,成都的产业园区里除了办公，有什么体育休闲项目适合周末去玩？
9065,spot,98,description,去过的朋友说说，成都产业园区的休闲场所好玩吗，适合情侣去吗？
9066,spot,98,travel_tips,周末去会不会人特别多啊？大概要逛多久？
9067,spot,98,travel_tips,这个地方门票多少钱？是免费的吗？
9068,spot,98,travel_tips,坐地铁或者公交怎么过去方便？
9069,spot,98,travel_tips,里面有没有什么好玩的，适合带小孩去吗？
9070,spot,98,travel_tips,最近去的话有没有展览可以看，需要提前打电话问吗？
9071,spot,104,description,成都那些公园广场一般是几点开门关门啊？
9072,spot,104,description,去天府广场或者人民公园玩要门票不，大概多少钱？
9073,spot,104,description,从春熙路怎么坐地铁去人民公园，哪个站下？
9074,spot,104,description,带三岁小孩去浣花溪公园方便吗，里面有没有儿童游乐设施？
9075,spot,104,description,成都的公园广场除了散步，还有什么好耍的，比如喝茶、看展之类的？
9076,spot,98,cultural_context,浓园国际艺术村几点开门关门？需要买门票吗？
9077,spot,98,cultural_context,从春熙路坐地铁或者打车过去方便吗？大概要多久？
9078,spot,98,cultural_context,带5岁小孩去浓园国际艺术村合适吗？有没有亲子互动或手工体验？
9079,spot,98,cultural_context,里面除了看展览，还有没有喝茶、拍照或者逛文创店的地方？大概能玩多久？
9080,spot,98,cultural_context,网上说浓园国际艺术村好不好玩？值不值得专门跑一趟？
9081,spot,104,travel_tips,这个公园早上几点开门？我打算遛弯过去看看。
9082,spot,104,travel_tips,去这个社区公园要买门票不？大概多少钱一个人？
9083,spot,104,travel_tips,请问这个公园具体在哪个位置？坐公交或者地铁方便吗？
9084,spot,104,travel_tips,这个公园里面好玩吗？主要能逛些啥，大概能待多久？
9085,spot,104,travel_tips,带5岁小孩去这个公园合适不？有没有啥儿童设施可以玩？
9086,spot,104,cultural_context,南站公园早上几点开门，晚上几点关门？
9087,spot,104,cultural_context,去南站公园要门票不，大概多少钱一个人？
9088,spot,104,cultural_context,南站公园具体在哪个位置，坐地铁几号线能到？
9089,spot,104,cultural_context,带5岁小孩去南站公园玩，有沙坑或滑梯这些设施吗？
9090,spot,104,cultural_context,南站公园里面好不好耍，适合散步还是主要就是看绿化？
9091,spot,112,description,成都的公园一般早上几点开门，晚上几点关门呢？
9092,spot,112,description,去成都的公园玩要买门票吗，大概多少钱一个人？
9093,spot,112,description,从春熙路怎么坐车去人民公园，大概要多久？
9094,spot,112,description,带三岁小孩去成都的公园耍，有没有啥子适合的亲子项目？
9095,spot,112,description,成都哪个公园最好耍，网上口碑咋样，值得专门跑一趟不？
9096,spot,112,cultural_context,月牙湖几点开门关门呢？晚上去散步让进吗？
9097,spot,112,cultural_context,去月牙湖要门票不？大概多少钱一个人？
9098,spot,112,cultural_context,月牙湖具体在武侯区哪儿啊？坐地铁几号线能到，出站走多远？
9099,spot,112,cultural_context,月牙湖好玩不？就一个湖的话，逛一圈大概要多久？
9100,spot,112,cultural_context,带五岁小孩去月牙湖合适吗？有没有儿童设施或者安全的水边步道？
9101,spot,112,travel_tips,这个湖几点关门啊？傍晚去的话大概几点到比较合适？
9102,spot,112,travel_tips,这个地方门票多少钱？是免费随便进吗？
9103,spot,112,travel_tips,这个湖在哪儿啊？坐地铁或者公交怎么过去方便？
9104,spot,112,travel_tips,那边除了散步拍照，还能不能带小孩去玩？有专门给小孩耍的地方不？
9105,spot,112,travel_tips,这个湖好玩吗？值不值得专程跑一趟？大概能逛多久？
9106,spot,121,travel_tips,周末下午去麓湖那边要不要门票啊？
9107,spot,121,travel_tips,坐地铁到麓湖站之后，走过去大概要多久？
9108,spot,121,travel_tips,带小孩去那儿露营玩一天，有啥需要注意的不？
9109,spot,121,travel_tips,那边除了免费上岛，有没有哪些项目是要单独收费的？
9110,spot,121,travel_tips,自驾过去方便停车吗，还是坐地铁更省事？
9111,spot,121,description,成都那些风景名胜一般早上几点开门？
9112,spot,121,description,去都江堰或者青城山玩，门票大概多少钱一张？
9113,spot,121,description,从春熙路怎么坐车去宽窄巷子或者武侯祠方便？
9114,spot,121,description,带5岁的小孩去成都的哪个景点比较合适，好玩不累？
9115,spot,121,description,成都周边哪些风景名胜值得专门跑一趟，评价怎么样？
9116,spot,121,cultural_context,麓客岛几点开门关门呢？要不要买门票？
9117,spot,121,cultural_context,从市区坐地铁或者打车怎么去麓客岛方便？大概要多久？
9118,spot,121,cultural_context,麓客岛上面有哪些好玩的，适合带小孩去耍一天吗？
9119,spot,121,cultural_context,麓客岛到底值不值得专门跑一趟？网上评价怎么样？
9120,spot,121,cultural_context,麓客岛周末人多不多？需不需要提前预约或者抢票？
9121,spot,126,description,成都的城市广场一般早上几点开放？晚上会关门吗？
9122,spot,126,description,去天府广场坐地铁几号线能到？出站后走哪个出口最近？
9123,spot,126,description,春熙路那边的城市广场平时人多吗？带小孩去逛安全不？
9124,spot,126,description,成都除了天府广场，还有哪些值得逛的城市广场？门票免费不？
9125,spot,126,description,城市广场晚上有没有灯光秀或者喷泉表演？具体几点开始？
9126,spot,126,cultural_context,太古里东广场早上几点开门啊，晚上会不会关门？
9127,spot,126,cultural_context,去太古里东广场坐地铁几号线，哪个站下最近？
9128,spot,126,cultural_context,太古里东广场那边停车方便吗，停车费大概多少钱一小时？
9129,spot,126,cultural_context,太古里东广场除了逛街拍照，还有啥好玩的？带五岁小孩去合适不？
9130,spot,126,cultural_context,太古里东广场和春熙路是一回事吗？值不值得专门跑一趟逛半天？
9131,spot,137,description,回教寺在成都哪里哦？坐地铁方便不？
9132,spot,137,description,回教寺几点开门关门？要不要买门票？
9133,spot,137,description,回教寺里头有啥子好看的？值不值得专门跑一趟？
9134,spot,137,description,带娃儿去回教寺逛合适不？有没有啥子要注意的规矩？
9135,spot,137,description,回教寺周边好不好停车？附近还有啥子可以一起耍的？
9136,spot,126,travel_tips,请问这个地方几点开门关门啊？免费进去耍要不要买门票哦？
9137,spot,126,travel_tips,我想下午带娃儿过去逛，那边人多不多？适不适合小朋友耍？
9138,spot,126,travel_tips,这个景点离春熙路有好远？走路过去方便不，还是坐地铁咋个走？
9139,spot,126,travel_tips,听说那边拍照很好看，具体有啥子好耍的？安排半天时间够不够？
9140,spot,126,travel_tips,那边晚上去会不会太挤？大概逛多久比较合适，有啥子要注意的没？
9141,spot,137,travel_tips,这个地方几点开门，会不会撞上他们做礼拜不让进？
9142,spot,137,travel_tips,进去要买门票不？大概逛多久能看完？
9143,spot,137,travel_tips,坐地铁到骡马市站下来怎么走？出哪个口近？
9144,spot,137,travel_tips,里面好玩吗？适合带小孩去简单逛逛不？
9145,spot,137,travel_tips,去那边参观有啥讲究没，穿短裤或者说话大声会不会被赶出来？
9146,spot,137,cultural_context,这座清真寺几点开门关门，参观要门票吗？
9147,spot,137,cultural_context,从春熙路坐地铁怎么去最方便，大概要多久？
9148,spot,137,cultural_context,里面大不大，大概逛多久能看完，值不值得专门跑一趟？
9149,spot,137,cultural_context,带小孩进去有没有什么要注意的，会不会不让进或者太无聊？
9150,spot,137,cultural_context,网上看评价说建筑很特别，具体和普通寺庙有啥不一样，拍照好看吗？
9151,spot,138,description,成都的游乐场一般几点开门关门啊？想安排一天去玩，怕时间来不及。
9152,spot,138,description,去游乐场玩一圈大概要花多少钱？门票和里面项目是分开收费的吗？
9153,spot,138,description,成都哪个游乐场离市区近点，坐地铁或者公交怎么过去方便？
9154,spot,138,description,带5岁的小朋友去游乐场合适吗？有没有专门给小孩玩的温和项目？
9155,spot,138,description,最近成都的游乐场哪个好玩一点？有没有刺激的过山车或者适合情侣一起玩的？
9156,spot,138,cultural_context,南湖梦幻岛早上几点开门，晚上开到好久哦？
9157,spot,138,cultural_context,去南湖梦幻岛耍一圈大概要花多少钱，门票是咋算的？
9158,spot,138,cultural_context,从春熙路咋个坐地铁或公交到南湖梦幻岛喃？
9159,spot,138,cultural_context,南湖梦幻岛到底好不好耍，有哪些项目适合大人玩的？
9160,spot,138,cultural_context,带5岁的小朋友去南湖梦幻岛合适不，有没有亲子项目？
9161,spot,138,travel_tips,这个游乐场几点开门关门啊？
9162,spot,138,travel_tips,门票大概多少钱一张？
9163,spot,138,travel_tips,坐地铁过去方便吗？下了地铁还要走多远？
9164,spot,138,travel_tips,里面好玩吗？值不值得专门跑一趟？
9165,spot,138,travel_tips,带五岁的小朋友去玩合适不？有没有身高限制？
9166,spot,140,description,成都的公园一般早上几点开门，晚上几点关门呢？
9167,spot,140,description,去成都的公园玩要买门票吗，大概多少钱一张？
9168,spot,140,description,带小孩去成都的公园玩合适吗，有没有儿童游乐设施？
9169,spot,140,description,成都哪个公园最好逛，能推荐一下怎么坐地铁去吗？
9170,spot,140,description,听说成都的公园很安逸，除了散步喝茶，还有啥好玩的？
9171,spot,140,travel_tips,这个公园晚上开到几点啊？我想吃完晚饭去跑跑步。
9172,spot,140,travel_tips,进去耍要不要门票哦？里面踢足球是免费的不？
9173,spot,140,travel_tips,坐地铁6号线到琉三路站下来，具体从哪个出口走，大概要走好久才到公园？
9174,spot,140,travel_tips,那边除了跑道和足球场，还有没有其他好耍的？傍晚去人多不多，气氛咋样？
9175,spot,140,travel_tips,带5岁娃娃去合适不？有没有适合小娃儿耍的设施，或者安全的活动区域？
9176,spot,140,cultural_context,这个新开的全民健身场所几点开门关门呢？
9177,spot,140,cultural_context,去那边运动要收费吗，还是免费对市民开放？
9178,spot,140,cultural_context,这个健身场具体在锦江区哪个位置，坐地铁怎么过去方便？
9179,spot,140,cultural_context,里面除了健身器材，有没有适合带小孩玩的项目或者亲子活动区？
9180,spot,140,cultural_context,这个地方环境怎么样，适合周末去打卡拍照或者随便逛逛吗？
9181,spot,142,description,成都的水族馆一般几点开门关门？门票多少钱一张？
9182,spot,142,description,从春熙路坐地铁去成都水族馆方便吗，大概要多久？
9183,spot,142,description,带5岁小孩去成都水族馆玩合适吗？里面有没有表演或者互动项目？
9184,spot,142,description,成都水族馆和海洋公园是不是同一个地方？哪个更适合情侣去逛？
9185,spot,142,description,周末去水族馆人多不多？需要提前网上买票吗，现场排队久不久？
9186,spot,142,travel_tips,这个海洋馆几点开门关门啊？表演一般安排在什么时候？
9187,spot,142,travel_tips,门票150块是通票吗？小孩或者老人有没有优惠？
9188,spot,142,travel_tips,从升仙湖地铁站下来后坐哪路公交能到？大概要坐多久？
9189,spot,142,travel_tips,里面除了看鱼还有啥好玩的？带3岁小孩去合适不？
9190,spot,142,travel_tips,这地方口碑怎么样？值不值150块？玩两个小时够不够？
9191,spot,142,cultural_context,成都那个海洋馆早上几点开门啊？
9192,spot,142,cultural_context,门票多少钱一张，有没有学生票或者亲子套票？
9193,spot,142,cultural_context,从春熙路坐地铁怎么去这个海洋馆？
9194,spot,142,cultural_context,里面好玩吗？大概能逛多久？
9195,spot,142,cultural_context,带三岁小孩去合适吗，有没有喂鱼或者表演看？
9196,spot,150,description,成都的水族馆一般几点开门、几点关门啊？
9197,spot,150,description,去成都那个水族馆门票多少钱一张，有没有学生票或者家庭套票？
9198,spot,150,description,从春熙路坐地铁怎么去水族馆，大概要多久？
9199,spot,150,description,带5岁的小朋友去成都水族馆玩合适吗，里面有没有互动体验项目？
9200,spot,150,description,成都的水族馆值得专程去一趟吗，和海洋公园比哪个更好玩？
9201,spot,150,travel_tips,这个景点门票大概多少钱一张？有没有什么优惠？
9202,spot,150,travel_tips,请问几点开门？工作日去人会不会少一点，大概要逛多久？
9203,spot,150,travel_tips,从市区坐地铁怎么过去？听说要转公交，具体在哪站下？
9204,spot,150,travel_tips,里面海洋隧道和表演怎么样？值不值这个票价？
9205,spot,150,travel_tips,带五岁小孩去合适吗？玩三四个小时够不够？
9206,spot,150,cultural_context,这个海洋公园几点开门关门呀？
9207,spot,150,cultural_context,门票多少钱一张？小孩有优惠吗？
9208,spot,150,cultural_context,从春熙路坐地铁或者打车过去方便吗？大概要多久？
9209,spot,150,cultural_context,带三岁的小朋友去玩合适不？里面除了看鱼还有啥互动项目？
9210,spot,150,cultural_context,那个40米长的观景窗实际看起震撼吗？值不值得专门跑一趟？
9211,spot,157,description,成都的公园广场一般早上几点开门，晚上几点关门啊？
9212,spot,157,description,去这些公园广场要买门票吗，大概多少钱一个人？
9213,spot,157,description,带小孩去成都的公园广场玩合适吗，有没有儿童游乐设施？
9214,spot,157,description,这些公园广场在成都哪个位置，坐地铁或者公交怎么过去方便？
9215,spot,157,description,成都的公园广场里面有什么好玩的，值不值得专门去逛一圈？
9216,spot,157,travel_tips,请问这个地方几点开门呀？晚上去会不会关门？
9217,spot,157,travel_tips,进去耍要买门票不？还是说免费随便进？
9218,spot,157,travel_tips,坐地铁咋个走哦？是不是6号线兴盛站下了就能到？
9219,spot,157,travel_tips,那边好不好耍哦？适不适合跟朋友约起去逛吃逛喝？
9220,spot,157,travel_tips,带五岁娃娃去方便不？里面有没得娃儿耍的娱乐设施？
9221,spot,157,cultural_context,这个华侨城商业公园广场一般几点开门营业啊？
9222,spot,157,cultural_context,去那边逛要门票吗，里面消费贵不贵？
9223,spot,157,cultural_context,请问从春熙路坐地铁怎么到华侨城那个广场？
9224,spot,157,cultural_context,周末去那里好玩吗，有没有什么特别的活动或市集？
9225,spot,157,cultural_context,带三岁小孩去合适吗，有没有适合小朋友玩的设施？
9226,spot,166,description,成都的博物馆一般几点开门关门呢？
9227,spot,166,description,去成都博物馆门票要多少钱，需要提前预约吗？
9228,spot,166,description,从春熙路怎么坐车去成都博物馆，方便吗？
9229,spot,166,description,带5岁小孩去成都博物馆合适吗，里面有没有儿童互动区？
9230,spot,166,description,成都博物馆好玩吗，大概逛多久能逛完，值不值得专门去一趟？
9231,spot,165,description,成都的城市广场一般几点关门？晚上去逛安全吗？
9232,spot,165,description,去天府广场坐地铁几号线能到？附近好停车不？
9233,spot,165,description,成都的城市广场门票多少钱？有没有免费开放的区域？
9234,spot,165,description,带小孩去成都的城市广场玩合适吗？有没有什么亲子设施？
9235,spot,165,description,成都除了天府广场，还有哪些值得逛的城市广场？哪个拍照最好看？
9236,spot,165,cultural_context,这个邓小平广场几点开门关门呢？
9237,spot,165,cultural_context,去这个广场参观要门票吗，大概多少钱？
9238,spot,165,cultural_context,邓小平广场在武侯区哪个位置，坐地铁怎么过去方便？
9239,spot,165,cultural_context,这个广场除了看雕像和纪念牌，还有啥好玩的或者活动吗？
9240,spot,165,cultural_context,带家里老人和小孩去逛这个广场合适吗，里面会不会太晒或没地方坐？
9241,spot,166,travel_tips,海洋馆门票多少钱一张？网上买能便宜点不？
9242,spot,166,travel_tips,周末带娃去玩，几点开门人少点？玩大半天够不够？
9243,spot,166,travel_tips,坐地铁或者公交怎么去那个海洋公园？方便吗？
9244,spot,166,travel_tips,里面表演几点开始？值回票价吗？还是说就看看鱼？
9245,spot,166,travel_tips,带孩子去合适不？园里吃饭贵不贵，能不能自己带吃的进去？
9246,spot,165,travel_tips,这个广场是免费的吗？几点开门，晚上关门不？
9247,spot,165,travel_tips,带家里老人小孩去逛，大概能玩多久，附近好不好找吃饭的地方？
9248,spot,165,travel_tips,去那儿方便吗，坐地铁几号线能到，还是要转公交？
9249,spot,165,travel_tips,广场上有啥好看的雕塑或者纪念的东西吗，值不值得专程跑一趟？
9250,spot,165,travel_tips,周末去会不会人很多，广场上能不能让孩子跑一跑，有啥要注意的规矩？
9251,spot,166,cultural_context,成都那个海洋馆几点开门？周末人多不多，要不要提前抢票？
9252,spot,166,cultural_context,带5岁娃去那个海底世界玩，门票多少钱一张？有亲子套票吗？
9253,spot,166,cultural_context,从春熙路坐地铁怎么去那个海洋公园？下车后走路远不远？
9254,spot,166,cultural_context,那个室内海洋馆到底好玩不？跟海边那种比会不会很坑？
9255,spot,166,cultural_context,想带爸妈和小孩去，里头有表演看吗？一天时间够逛不？
9256,spot,175,description,成都的城市广场一般几点开放，晚上去逛安全吗？
9257,spot,175,description,去成都天府广场玩要门票吗，附近好停车不？
9258,spot,175,description,带小孩去春熙路那边的城市广场，有什么适合亲子玩的地方吗？
9259,spot,175,description,成都除了天府广场，还有哪些值得逛的城市广场，怎么坐地铁过去方便？
9260,spot,175,description,成都的城市广场白天和晚上哪个时间段去拍照更好看，人少一点？
9261,spot,175,travel_tips,这个地方几点开门关门啊？晚上去安全吗？
9262,spot,175,travel_tips,去那儿要门票不，还是免费随便进？
9263,spot,175,travel_tips,这个广场具体在哪儿，坐地铁或者公交怎么过去方便？
9264,spot,175,travel_tips,傍晚去主要能玩些啥？就是看看跳舞还是有别的活动？
9265,spot,175,travel_tips,带5岁小孩去合适吗？有没有啥儿童设施或者空地能跑一跑？
9266,spot,175,cultural_context,请问武侯区的这些社区公共空间一般几点开门关门呢？晚上能进去散步吗？
9267,spot,175,cultural_context,去这些地方逛要买门票不？还是说完全免费随便进？
9268,spot,175,cultural_context,这些公共空间具体在武侯区哪个位置啊？坐地铁或者公交怎么过去方便？
9269,spot,175,cultural_context,里面到底有啥好玩的呀？是那种只能坐着喝茶的，还是有健身器材、小广场之类的？
9270,spot,175,cultural_context,带家里五六岁的小孩去合适不？有没有儿童玩的设施或者安全的活动区域？
9271,spot,181,description,成都那些公园广场一般早上几点开门？晚上关门吗？
9272,spot,181,description,去人民公园或者浣花溪公园要门票不？大概多少钱一个人？
9273,spot,181,description,带两岁多的小孩去成都哪个公园广场玩比较合适？有没有沙坑或者游乐设施？
9274,spot,181,description,从春熙路怎么坐地铁或公交去东湖公园？大概要多久？
9275,spot,181,description,最近成都哪个公园广场的荷花或者银杏最好看？周末去人多不多，值不值得专程跑一趟？
9276,spot,181,travel_tips,这个公园几点开门关门啊？要不要门票？
9277,spot,181,travel_tips,带家里老人去逛，大概能玩多久？路好不好走？
9278,spot,181,travel_tips,请问这个地方在成都哪个位置？坐地铁或者公交怎么过去方便？
9279,spot,181,travel_tips,里面主要是看啥子风景？有没有适合拍照或者喝茶歇脚的地方？
9280,spot,181,travel_tips,带五岁的小朋友去合适不？会不会太无聊？雨天去有啥要注意的？
9281,spot,189,description,成都的公园一般早上几点开门，晚上几点关门呢？
9282,spot,189,description,去成都的公园玩要买门票吗，大概多少钱一个人？
9283,spot,189,description,从春熙路怎么坐车去人民公园或者望江楼公园？
9284,spot,189,description,带5岁的小孩去成都哪个公园合适，有没有儿童游乐设施？
9285,spot,189,description,成都的公园里除了看风景，能喝茶打麻将或者划船吗，好玩不？
9286,spot,181,cultural_context,沙河东篱翠湖公园早上几点开门，晚上几点关门？
9287,spot,181,cultural_context,这个公园要门票不，进去玩大概要花多少钱？
9288,spot,181,cultural_context,沙河东篱翠湖公园具体在哪个位置，坐地铁或者公交怎么去方便？
9289,spot,181,cultural_context,里面好玩吗，主要能看些啥子风景，适合带娃去耍不？
9290,spot,181,cultural_context,周末去逛一圈大概要多久，有没得啥子亲子活动或者适合老年人散步的步道？
9291,spot,189,travel_tips,公园早上几点开门？晚上开到几点去散步合适？
9292,spot,189,travel_tips,去这个东坡主题公园要门票吗，大概逛多久比较合适？
9293,spot,189,travel_tips,这个公园在成都哪个位置，坐地铁或公交方便吗？
9294,spot,189,travel_tips,里面主要是看什么？除了诗词石刻还有别的可逛的吗？
9295,spot,189,travel_tips,带5岁小孩去玩合适吗？会不会太小没什么意思，需要防蚊吗？
9296,spot,189,cultural_context,东坡清水公园早上几点开门，晚上开到好久哦？
9297,spot,189,cultural_context,去东坡清水公园要买门票不，大概好多钱一个人？
9298,spot,189,cultural_context,请问东坡清水公园在哪儿，坐地铁或者公交怎么过去方便？
9299,spot,189,cultural_context,东坡清水公园里头好不好耍，主要能看些啥子，逛一圈要多久？
9300,spot,189,cultural_context,带五岁的小娃娃去东坡清水公园耍，有没有儿童游乐设施，适不适合亲子游？
9301,spot,190,travel_tips,这个水上乐园夏天几点开门啊？下午去玩到几点能关门？
9302,spot,190,travel_tips,门票多少钱一张？小孩和大人是一个价吗？
9303,spot,190,travel_tips,那边具体在哪个位置哦？坐地铁或者公交怎么过去方便？
9304,spot,190,travel_tips,带5岁的小朋友去玩合适不？里面水深不深，有没有浅水区？
9305,spot,190,travel_tips,好玩吗？值不值得专门跑一趟，大概能玩多久？
9306,spot,190,description,成都那些体育休闲场所一般几点开门关门喃？
9307,spot,190,description,去这种休闲场所耍一圈大概要花好多钱一个人？
9308,spot,190,description,成都哪个区的体育休闲场所比较好找，坐地铁咋个过去方便不？
9309,spot,190,description,带娃儿去这种休闲场所合适不，有没有亲子项目或者儿童区？
9310,spot,190,description,周末去这种体育休闲场所人多不多，要不要提前预约，好不好耍？
9311,spot,195,description,成都那些体育休闲场所一般几点开门关门？晚上去会不会关门早？
9312,spot,195,description,带小孩去这种体育休闲服务场所玩，大概要花多少钱一个人？有亲子票吗？
9313,spot,195,description,从春熙路怎么去最近的体育休闲服务场所？坐地铁方便还是打车快？
9314,spot,195,description,成都除了景点，有没有那种既能运动又能拍照的体育休闲场所？好玩吗？
9315,spot,195,description,老人腿脚不好，去成都这种体育休闲服务场所合适吗？有没有不费力的项目？
9316,spot,190,cultural_context,银沙滩乐园早上几点开门，晚上到几点关门？
9317,spot,190,cultural_context,去银沙滩乐园玩一天大概要花多少钱，门票和里面项目是分开收费吗？
9318,spot,190,cultural_context,从市中心坐地铁或者公交怎么去龙泉驿的银沙滩乐园？方便吗？
9319,spot,190,cultural_context,那个沙滩是真正的人造沙滩吗？除了游泳和玩沙，还有哪些好玩的项目？
9320,spot,190,cultural_context,带三岁多的小孩去银沙滩乐园合适不？有没有浅水区和母婴设施？
9321,spot,195,travel_tips,周末带娃去这儿玩大概要花多少钱？门票是不是100到150块？
9322,spot,195,travel_tips,这个地方在商场里面，具体怎么走啊？地铁能到吗？
9323,spot,195,travel_tips,几点开门营业？我们想工作日去，是不是人少点不用排队？
9324,spot,195,travel_tips,里面好玩吗？适合带3岁的小孩去吗？大概能玩几个小时？
9325,spot,195,travel_tips,去之前需要在网上买票预约是吧？当天现场能买吗？
9326,spot,195,cultural_context,这家室内萌宠乐园一般几点开门关门呀？
9327,spot,195,cultural_context,门票多少钱一张，有没有家庭套票？
9328,spot,195,cultural_context,具体在成都哪个位置，坐地铁方便吗？
9329,spot,195,cultural_context,里面除了看小动物，还有啥好玩的互动项目？
9330,spot,195,cultural_context,带三岁多的小孩去合适吗，会不会害怕或没得玩？
9331,spot,197,description,成都这边有哪些值得去的休闲场所？最好能放松一下，环境安静点的。
9332,spot,197,description,这些休闲场所一般几点开门、几点关门啊？晚上去的话会不会太晚？
9333,spot,197,description,去这些地方玩大概要花多少钱？有没有免费或者性价比高的推荐？
9334,spot,197,description,这些休闲场所都在哪儿？坐地铁方便吗，或者自驾停车好不好停？
9335,spot,197,description,带小孩去这些地方合适吗？有没有适合亲子互动或者能让娃玩得开心的项目？
9336,spot,201,description,成都那些风景名胜一般几点开门关门呀？
9337,spot,201,description,去都江堰或青城山这类景点，门票大概多少钱一张？
9338,spot,201,description,从春熙路出发怎么坐车去西岭雪山最方便？
9339,spot,201,description,带五岁小孩去武侯祠和杜甫草堂玩，会不会太无聊？
9340,spot,201,description,宽窄巷子、锦里这些地方到底好不好玩，值不值得专门跑一趟？
9341,spot,197,travel_tips,那边周末几点开门呀，需要提前买票不？
9342,spot,197,travel_tips,去那个田园玩半天大概要花多少钱，门票和里面的项目是分开收费吗？
9343,spot,197,travel_tips,从市区怎么坐车过去方便，有没有直达的公交或地铁？
9344,spot,197,travel_tips,带五岁小孩去玩合适吗，主要能体验哪些农耕活动，会不会弄得很脏？
9345,spot,197,travel_tips,你们去过的觉得好玩吗，春秋季周末去会不会人特别多，值不值得专门跑一趟？
9346,spot,201,travel_tips,这个场馆具体在金牛区哪个位置啊？坐地铁方便吗？
9347,spot,201,travel_tips,请问门票多少钱一张？小孩有没有优惠或者免票政策？
9348,spot,201,travel_tips,一般早上几点开门？下午去的话几点关门？需要提前预约吗？
9349,spot,201,travel_tips,里面主要看什么或者玩什么？带5岁小孩去合适吗？会不会觉得无聊？
9350,spot,201,travel_tips,这个地方好玩吗？值不值得专门跑一趟？大概能逛多久？
9351,spot,197,cultural_context,双流区那个新兴田园综合体几点开门关门，去晚了会不会不让进？
9352,spot,197,cultural_context,去那里搞农事体验大概要花多少钱，是按人头收费还是按项目收？
9353,spot,197,cultural_context,从市区坐地铁或者公交怎么去双流区这个新兴田园综合体，自驾方便停车不？
9354,spot,197,cultural_context,这个田园综合体里具体有啥好玩的，除了种菜摘菜，有没有适合拍照或者喝下午茶的地方？
9355,spot,197,cultural_context,带五岁小孩去那里合适吗，有没有专门的亲子自然教育活动，安全方面做得咋样？
9356,spot,201,cultural_context,这个项目几点开门，需要预约吗？
9357,spot,201,cultural_context,门票多少钱一张，小孩有优惠吗？
9358,spot,201,cultural_context,具体在成都动物园哪个位置，怎么坐地铁或公交过去？
9359,spot,201,cultural_context,带5岁娃去玩这个科普互动大概能玩多久，值不值得专门跑一趟？
9360,spot,201,cultural_context,网上评价怎么样？是纯看展还是能动手参与，适合情侣去吗？
9361,spot,202,description,成都的城市广场一般几点开放？晚上去逛安全吗？
9362,spot,202,description,去成都的城市广场要门票吗？大概多少钱一个人？
9363,spot,202,description,从春熙路怎么坐地铁到天府广场？下车后哪个出口最近？
9364,spot,202,description,成都的城市广场除了拍照打卡，还有啥好玩的？带娃去合适不？
9365,spot,202,description,网上说成都的城市广场夜景很漂亮，到底值不值得专门跑一趟？
9366,spot,202,travel_tips,这个湖是免费进的吗？大概几点去能看到日落啊？
9367,spot,202,travel_tips,那边门票多少钱一张？坐地铁或者公交怎么过去方便？
9368,spot,202,travel_tips,带小孩去散步骑车安全吗？有没有专门的步道？
9369,spot,202,travel_tips,傍晚去玩大概能逛多久？周边除了看湖还有啥好玩的？
9370,spot,202,travel_tips,这个地方适合情侣约会或者一个人去散心吗？人多不多？
9371,spot,202,cultural_context,这个湖边的广场早上几点开门，晚上会不会关门的？
9372,spot,202,cultural_context,去武侯区那个生态湖区入口广场要买门票不，大概多少钱一个人？
9373,spot,202,cultural_context,请问这个湖区入口广场具体在哪个位置，坐地铁或者公交怎么过去方便？
9374,spot,202,cultural_context,这个广场平时好玩吗，除了看水还有没有啥可以逛的或者拍照的地方？
9375,spot,202,cultural_context,带小孩去这儿耍合适不，有没有啥安全担心，或者适合娃儿玩的项目？
9376,spot,204,description,成都那些风景名胜一般几点开门啊？
9377,spot,204,description,去这些景点玩一圈大概要花多少钱？门票贵不贵？
9378,spot,204,description,这些地方都在成都哪个位置？交通方便吗，坐地铁能到不？
9379,spot,204,description,带小孩去这些风景名胜合适吗？有没有专门给小朋友玩的项目？
9380,spot,204,description,这些景点逛起来好玩不？大概要留出多长时间才能玩得比较尽兴？
9381,spot,204,travel_tips,这个沙滩公园几点开门关门？下午去会不会太晒？
9382,spot,204,travel_tips,门票多少钱一张？小孩和老人有优惠吗？
9383,spot,204,travel_tips,这里具体在哪个位置？坐地铁或者公交怎么去？
9384,spot,204,travel_tips,夏天去主要玩什么？除了玩沙戏水还有别的项目吗？
9385,spot,204,travel_tips,带3岁的小朋友去合适吗？需要自己带挖沙工具和防晒霜吧？
9386,spot,209,description,成都的城市广场一般几点关门？晚上去逛安全吗？
9387,spot,209,description,去天府广场坐地铁几号线能到？出站后从哪个口上去最近？
9388,spot,209,description,成都的城市广场附近有什么好吃的？带外地朋友去逛半天够不够？
9389,spot,209,description,带小孩去城市广场玩合适吗？有没有喷泉或者可以跑跳的空地？
9390,spot,209,description,春熙路那个城市广场和天府广场比，哪个更值得逛？需要门票吗？
9391,spot,204,cultural_context,龙泉驿那个人工湖边的沙滩几点开放啊？晚上能去吗？
9392,spot,204,cultural_context,去那个沙滩玩要门票不？大概多少钱一个人？
9393,spot,204,cultural_context,从春熙路坐地铁或者公交怎么到龙泉驿那个沙滩？
9394,spot,204,cultural_context,那边沙滩好玩吗？除了玩沙还有啥子可以耍的？
9395,spot,204,cultural_context,带三岁半的小朋友去那个沙滩耍水挖沙合适不？需要自己带工具吗？
9396,spot,209,travel_tips,这个地方几点开门关门呢？晚上去逛到几点合适？
9397,spot,209,travel_tips,进去要门票不？还是全天免费随便进？
9398,spot,209,travel_tips,坐地铁或者公交怎么过去方便？附近好停车吗？
9399,spot,209,travel_tips,傍晚去散步大概能玩多久？里面有没有喝茶吃东西的地方？
9400,spot,209,travel_tips,带五岁小孩去合适不？有没有什么好玩的或者要注意的？
9401,spot,209,cultural_context,这个广场早上几点开门，晚上几点关门？
9402,spot,209,cultural_context,去那儿逛要门票不，还是免费随便进？
9403,spot,209,cultural_context,从地铁双流广场站走过去咋走，大概要几分钟？
9404,spot,209,cultural_context,带5岁小孩去那儿玩合适吗，有没有啥儿童设施？
9405,spot,209,cultural_context,这个广场平时人多不多，周末去会不会很挤，值不值得专门跑一趟？
9406,spot,214,travel_tips,这个相亲角周末上午大概几点开始热闹起来？是免费随便进吗？
9407,spot,214,travel_tips,请问这个地方具体在哪儿啊？坐地铁或者公交怎么过去方便？
9408,spot,214,travel_tips,带小孩去逛合适吗？会不会人太多或者有什么不适合孩子看的？
9409,spot,214,travel_tips,里面除了相亲角还有啥好玩的？大概逛多久能看完市井文化？
9410,spot,214,travel_tips,平时去和周末去差别大不大？听说周末相亲角人多，会不会有人上来搭话，需要注意啥？
9411,spot,214,description,成都那些风景名胜区一般早上几点开门？我想早点去避开人流。
9412,spot,214,description,去青城山或者都江堰这种景点，门票大概多少钱一张？有学生票优惠吗？
9413,spot,214,description,从春熙路怎么坐车去西岭雪山？大概要多久能到？
9414,spot,214,description,带家里老人和5岁小孩去武侯祠和杜甫草堂逛，会不会太累？里面路好走吗？
9415,spot,214,description,成都周边哪个风景名胜区最好玩？适合周末一天来回的那种，求推荐一下。
9416,spot,214,cultural_context,人民公园那个相亲角早上几点开门啊？周末去会不会人多？
9417,spot,214,cultural_context,去人民公园看相亲角要门票吗？大概要花多少钱？
9418,spot,214,cultural_context,那个相亲角具体在人民公园哪个位置？从地铁站怎么走过去？
9419,spot,214,cultural_context,带爸妈去人民公园逛逛，顺便看看相亲角好玩吗？他们会不会感兴趣？
9420,spot,214,cultural_context,人民公园相亲角适合带小孩去吗？会不会有奇怪的人或者尴尬场面？
9421,spot,215,description,成都的公园一般早上几点开门，晚上几点关门？
9422,spot,215,description,去成都的公园玩要收门票吗，大概多少钱一张？
9423,spot,215,description,带小孩去成都的公园玩，有没有适合亲子活动的项目？
9424,spot,215,description,从春熙路怎么坐车去人民公园或者望江楼公园？
9425,spot,215,description,成都哪个公园既好逛又适合拍照，周末去人多不多？
9426,spot,215,travel_tips,你们那儿几点开门，晚上关门到几点哇？
9427,spot,215,travel_tips,门票是咋算的，每个项目单独收钱还是咋的？
9428,spot,215,travel_tips,这个地方在哪儿哦，坐地铁或者公交怎么过去方便？
9429,spot,215,travel_tips,里面大概要耍好久，两三个小时够不够，要不要穿运动鞋？
9430,spot,215,travel_tips,带五岁娃儿去合适不，夏天去热不热，需不需要自己带水？
9431,spot,215,cultural_context,这个公园几点开门关门，晚上可以去跑步吗？
9432,spot,215,cultural_context,进去耍要门票不？还是免费随便进？
9433,spot,215,cultural_context,坐地铁或者公交咋个去锦江区那个新兴体育主题公园？
9434,spot,215,cultural_context,里面有哪些好玩的？带5岁娃儿去合适不？
9435,spot,215,cultural_context,这个地方到底咋样？值不值得专门跑一趟去打卡？
9436,spot,218,travel_tips,这个景点是全天免费开放的吗？几点开门关门啊？
9437,spot,218,travel_tips,去那边交通方便吗？坐地铁还是公交怎么走？
9438,spot,218,travel_tips,里面主要能玩些什么？大概逛多久合适，值不值得专门跑一趟？
9439,spot,218,travel_tips,傍晚去的话人多不多？听说有广场舞，适合带小孩去看热闹吗？
9440,spot,218,travel_tips,那边治安怎么样？停车方便吗，会不会有堵车或者小偷之类的？
9441,spot,219,description,成都的剧场一般几点开门？晚上有演出的话最晚到几点？
9442,spot,219,description,去剧场看一场演出大概要多少钱？有学生票或者亲子套票吗？
9443,spot,219,description,成都哪些剧场交通方便？坐地铁几号线能到，下车后好找吗？
9444,spot,219,description,带小孩去剧场看表演合适吗？有没有适合小朋友的儿童剧或亲子节目？
9445,spot,219,description,成都的影剧院和剧场除了看电影，还有什么好玩的？有没有沉浸式演出或者网红打卡点值得体验？
9446,spot,218,cultural_context,华阳那个双流华阳片区的核心公共广场，早上几点开门？晚上几点关门？
9447,spot,218,cultural_context,去这个广场需要买门票吗？还是免费随便进？
9448,spot,218,cultural_context,从地铁1号线华阳站怎么走到这个广场？大概要走多久？
9449,spot,218,cultural_context,这个广场平时除了音乐演出，还有啥好玩的？适合带小孩去耍不？
9450,spot,218,cultural_context,这个广场平时人多不多？环境咋样，值不值得专门跑一趟去逛逛？
9451,spot,218,description,成都的城市广场一般几点开放？早上想早点去逛逛有没限制？
9452,spot,218,description,去天府广场或者市中心那些城市广场，坐地铁几号线能到，哪个出口最近？
9453,spot,218,description,成都的城市广场晚上去好玩吗？有没有灯光秀或者喷泉表演之类的东西？
9454,spot,218,description,带小孩去城市广场遛弯合适不？附近有没有儿童游乐设施或者安全的活动区域？
9455,spot,218,description,城市广场周边停车方便吗？自驾过去大概多少钱一小时，有没有免费时段？
9456,spot,219,travel_tips,请问这个演出一般几点开始啊？需要提前多久到现场？
9457,spot,219,travel_tips,门票多少钱一张？可以在网上买吗，还是要打电话预约？
9458,spot,219,travel_tips,具体位置在成都哪里？坐地铁或者打车方便吗？
9459,spot,219,travel_tips,带5岁的小朋友去看合适吗？会不会坐不住或者听不懂？
9460,spot,219,travel_tips,这个演出好玩吗？值不值得专门去看，大概讲的是什么内容？
9461,spot,219,cultural_context,太古里附近那个川剧社几点开门啊？晚上有表演吗？
9462,spot,219,cultural_context,看一场变脸吐火的演出大概多少钱？门票能现场买不？
9463,spot,219,cultural_context,从春熙路地铁站怎么走过去？具体在太古里哪个位置？
9464,spot,219,cultural_context,带五岁小孩去看川剧合适吗？孩子会不会坐不住或者害怕？
9465,spot,219,cultural_context,除了看变脸，里面还能不能体验画脸谱或者穿戏服拍照？好玩不？
9466,spot,228,cultural_context,锦江区那个‘回家的路’社区绿道，早上几点开门啊？
9467,spot,228,cultural_context,走这个绿道要花钱买门票不？
9468,spot,228,cultural_context,从春熙路怎么过去‘回家的路’绿道？坐地铁还是公交方便？
9469,spot,228,cultural_context,这条绿道好玩吗，主要能看啥风景？
9470,spot,228,cultural_context,带5岁小孩去‘回家的路’散步，有适合小朋友玩的地方吗？
9471,spot,228,description,成都的公园一般早上几点开门，晚上几点关门啊？
9472,spot,228,description,去成都的公园玩要买门票吗，大概多少钱一个人？
9473,spot,228,description,请问从春熙路怎么坐车去人民公园？
9474,spot,228,description,带5岁的小朋友去成都哪个公园最合适？有游乐设施吗？
9475,spot,228,description,成都哪个公园最好玩？值得专门去逛一天吗？
9476,spot,228,travel_tips,这个公园几点开门关门啊？上午去是不是凉快点？
9477,spot,228,travel_tips,去这里要门票不，还是完全免费随便进？
9478,spot,228,travel_tips,这个公园具体在哪儿，坐地铁或者公交怎么过去方便？
9479,spot,228,travel_tips,里面除了散步还有啥好玩的吗，大概能逛多久？
9480,spot,228,travel_tips,带两岁的小孩去合适不，有阴凉地儿吗，夏天会不会太晒？
9481,spot,232,description,成都的城市广场一般几点开放？晚上去逛安全吗？
9482,spot,232,description,去成都的城市广场要门票吗？还是免费随便进？
9483,spot,232,description,从春熙路坐地铁怎么到天府广场？大概要多久？
9484,spot,232,description,城市广场附近有啥好吃的？适合带小孩去遛弯吗？
9485,spot,232,description,成都的城市广场哪个最值得逛？平时有喷泉或表演吗？
9486,spot,232,travel_tips,这个广场几点去最合适？白天去会不会太晒？
9487,spot,232,travel_tips,去这个广场要门票吗？还是完全免费的？
9488,spot,232,travel_tips,请问这个广场具体在哪儿？坐地铁或者公交怎么过去方便？
9489,spot,232,travel_tips,带小孩去逛这个广场合适不？有没有什么需要注意的？
9490,spot,232,travel_tips,傍晚去的话大概能玩多久？除了看跳舞还有啥好玩的吗？
9491,spot,232,cultural_context,红光街道那个红色文化广场，平时几点开门？晚上会关门吗？
9492,spot,232,cultural_context,去郫都红光那个红色文化广场要买门票不？大概多少钱一个人？
9493,spot,232,cultural_context,请问从郫都区城区坐公交或地铁怎么去红光那个红色文化广场？
9494,spot,232,cultural_context,红光那个红色文化广场好玩吗？里面有没有什么展览或者活动可以逛逛？
9495,spot,232,cultural_context,带五岁小孩去红光那个红色文化广场合适吗？有没有适合娃儿玩的设施？
9496,spot,236,description,成都的公园一般早上几点开门，晚上几点关门呢？
9497,spot,236,description,去成都的公园玩要买门票吗，大概多少钱一个人？
9498,spot,236,description,带小孩去成都的公园合适吗，有没有儿童游乐设施？
9499,spot,236,description,成都哪个公园最好耍，怎么坐地铁或公交过去？
9500,spot,236,description,听说成都公园很巴适，去喝茶打牌的话推荐哪个？
9501,spot,236,travel_tips,这个公园早上几点开门？我想早点去跑步，会不会太早没人？
9502,spot,236,travel_tips,里面的足球场和跑道是免费的吗？如果要收费的话大概多少钱一小时？
9503,spot,236,travel_tips,这个公园具体在成都哪个位置？坐地铁或者公交方便吗？
9504,spot,236,travel_tips,带小孩去玩合适不？除了跑道和足球场，有没有小孩能玩的设施？
9505,spot,236,travel_tips,这个地方平时人多不多？去过的朋友都说怎么样，值不值得专程跑一趟？
9506,spot,236,cultural_context,这个公园几点开门关门呢？晚上去跑步方便吗？
9507,spot,236,cultural_context,进去要门票不？还是免费随便进？
9508,spot,236,cultural_context,坐地铁或者公交怎么去青羊区这个体育公园啊？
9509,spot,236,cultural_context,里面除了健身器材，有没有适合小孩玩的设施？带娃去合适不？
9510,spot,236,cultural_context,这个公园好玩吗？平时人多不多，适合约朋友去打打球或者野餐不？
9511,spot,241,description,成都的公园一般早上几点开门？晚上会关门吗？
9512,spot,241,description,去成都的公园玩要门票吗？大概多少钱一张？
9513,spot,241,description,从春熙路坐地铁去人民公园怎么走？要换乘吗？
9514,spot,241,description,带5岁小孩去成都的公园，有哪些适合亲子玩的项目？
9515,spot,241,description,成都哪个公园最好逛？有本地人推荐说望江楼公园比人民公园好玩，是真的吗？
9516,spot,241,travel_tips,这个公园几点开门关门啊？是不是免费的？
9517,spot,241,travel_tips,里面玩一趟大概要花多少钱？有没有额外收费的项目？
9518,spot,241,travel_tips,这个地方在成都哪儿？坐地铁或者公交怎么过去方便？
9519,spot,241,travel_tips,傍晚去的话大概能玩多久？里面主要能做些啥运动？
9520,spot,241,travel_tips,带小孩去合适吗？有没有适合小朋友玩的地方？
9521,spot,241,cultural_context,正兴浅水湾国际体育公园几点开门关门？晚上去散步方便吗？
9522,spot,241,cultural_context,去正兴浅水湾国际体育公园要门票吗，还是免费随便进？
9523,spot,241,cultural_context,从市中心坐地铁或者公交怎么到正兴浅水湾国际体育公园？
9524,spot,241,cultural_context,这个公园里除了跑步和看江景，有没有篮球场或网球场可以玩？
9525,spot,241,cultural_context,带五岁小孩去正兴浅水湾国际体育公园玩一天合适吗，有没有儿童设施？
9526,spot,244,description,成都那些公园和产业园区一般几点开门关门啊？
9527,spot,244,description,去成都的公园和产业园区玩要买门票不，大概多少钱？
9528,spot,244,description,从春熙路出发，怎么坐车去成都的产业园区和公园比较方便？
9529,spot,244,description,带小孩去成都的公园和产业园区逛，有没有啥好玩的推荐？
9530,spot,244,description,成都的公园和产业园区哪个更适合拍照打卡，值不值得专门跑一趟？
9531,spot,244,travel_tips,请问这个地方下午几点去比较好？晚上关门吗？
9532,spot,244,travel_tips,这个园区现在还是免费进吗？里面咖啡馆和文创店消费贵不贵？
9533,spot,244,travel_tips,具体位置在哪儿？坐地铁或者公交怎么过去方便？
9534,spot,244,travel_tips,里面好玩吗？适合带小孩去逛吗？大概能玩多久？
9535,spot,244,travel_tips,听说有些地方在封闭改造，现在去拍照会不会受影响？
9536,spot,244,cultural_context,请问公元1860文创公园几点开门，晚上开到几点关门呀？
9537,spot,244,cultural_context,去公元1860文创公园要买门票吗，大概多少钱一个人？
9538,spot,244,cultural_context,这个公园具体在双流哪个位置，坐地铁或者公交怎么过去方便？
9539,spot,244,cultural_context,里面好玩吗？适合带小孩去逛吗，有没有什么亲子互动项目？
9540,spot,244,cultural_context,听说那边是老厂房改造的，拍照出片吗？周末人多不多，值不值得专门跑一趟？
9541,spot,248,description,成都的游乐场一般几点开门和关门啊？想周末去玩，怕去早了白等。
9542,spot,248,description,游乐场的门票大概多少钱一张？有没有那种包含所有项目的通票，或者学生票优惠？
9543,spot,248,description,从春熙路坐地铁或者公交怎么去最近的游乐场？大概要多久能到？
9544,spot,248,description,那里有哪些刺激的项目适合年轻人玩？有没有比较温和的，适合带五岁小孩一起玩的区域？
9545,spot,248,description,网上评价说这个游乐场周末人多不多？排队时间长不长，值不值得专程跑一趟？
9546,spot,248,cultural_context,奈尔宝光环店早上几点开门，晚上到几点关门？
9547,spot,248,cultural_context,去奈尔宝玩一次大概要多少钱，大人小孩都收费吗？
9548,spot,248,cultural_context,奈尔宝光环店具体在锦江区哪个位置，坐地铁或者开车怎么去方便？
9549,spot,248,cultural_context,奈尔宝里面到底好玩不，适合两三岁的小娃娃去耍不？
9550,spot,248,cultural_context,周末带娃去奈尔宝人多不多，要不要提前预约或者排队很久？
9551,spot,248,travel_tips,周末带娃去亲子餐厅，一般几点开门？需要提前多久预约啊？
9552,spot,248,travel_tips,这家亲子餐厅人均消费大概多少？有最低消费或者门票吗？
9553,spot,248,travel_tips,亲子餐厅具体在哪个位置？地铁或者公交方便到吗？
9554,spot,248,travel_tips,里面好玩吗？适合3到10岁的小孩玩多久？有没有工作人员带着玩？
9555,spot,248,travel_tips,带3岁以下的宝宝去合适吗？会不会太小没得玩？
9556,spot,249,description,成都游乐场一般几点开门？周末会提前开吗？
9557,spot,249,description,带5岁小孩去游乐场玩，有没有适合的项目？门票怎么收费？
9558,spot,249,description,从春熙路怎么坐地铁或公交去游乐场？大概要多久？
9559,spot,249,description,游乐场里有哪些必玩的项目？排队时间长不长？
9560,spot,249,description,游乐场的门票多少钱一张？有没有亲子套票或学生优惠？
9561,spot,249,cultural_context,奈尔宝大悦城店早上几点开门啊？
9562,spot,249,cultural_context,周末去奈尔宝大悦城店玩，一大一小门票大概多少钱？
9563,spot,249,cultural_context,奈尔宝大悦城店具体在哪个位置？坐地铁方便吗？
9564,spot,249,cultural_context,里面有哪些好玩的项目？适合几岁的小孩去？
9565,spot,249,cultural_context,带三岁半的娃去奈尔宝大悦城店合适吗？里面安全卫生怎么样？
9566,spot,253,travel_tips,这个地方晚上几点去比较合适啊？大概能逛多久？
9567,spot,253,travel_tips,去那里要门票不？还是免费随便进？
9568,spot,253,travel_tips,从地铁站怎么走到春熙路那个景点？好找吗？
9569,spot,253,travel_tips,带五岁小孩去玩有意思吗？会不会太无聊？
9570,spot,253,travel_tips,那边人多不多？听说小偷多，带包安全不？
9571,spot,253,description,成都的城市广场一般几点开放？晚上去逛会不会关门？
9572,spot,253,description,去成都的城市广场坐地铁方便吗？具体在哪一站下？
9573,spot,253,description,成都的城市广场附近有什么好吃的？适合带小孩去玩吗？
9574,spot,253,description,成都的城市广场要不要门票？里面有没有什么标志性建筑可以拍照？
9575,spot,253,description,成都的城市广场值不值得专程去一趟？一般逛多久比较合适？
9576,spot,249,travel_tips,大悦城那个亲子乐园几点开门啊？工作日去是不是人少点？
9577,spot,249,travel_tips,带娃去玩一次大概多少钱？门票是只收小孩的还是大人也要买？
9578,spot,249,travel_tips,这个地方具体在大悦城哪个位置？坐地铁方便吗，还是开车过去好？
9579,spot,249,travel_tips,里面主要玩些啥？半天时间够不够，值不值得专程跑一趟？
9580,spot,249,travel_tips,三岁的小孩去合适吗？听说要穿防滑袜，是必须自己带还是现场有卖的？
9581,spot,253,cultural_context,中山广场几点开门，晚上去逛到几点合适？
9582,spot,253,cultural_context,去中山广场要门票吗，大概多少钱一个人？
9583,spot,253,cultural_context,从春熙路地铁站走过去怎么走，大概要多久？
9584,spot,253,cultural_context,中山广场好玩吗，除了看铜像还有啥可以拍照打卡的？
9585,spot,253,cultural_context,带小孩去中山广场合适吗，有没有什么适合孩子玩的地方？
9586,spot,255,description,成都的公园一般早上几点开门，晚上几点关门啊？
9587,spot,255,description,去成都的公园玩要收门票吗，大概多少钱一张？
9588,spot,255,description,请问成都哪个公园交通最方便，坐地铁怎么去？
9589,spot,255,description,带小孩去成都的公园玩合适吗，有没有儿童游乐设施？
9590,spot,255,description,成都的公园里有什么好玩的，逛一圈大概要多久？
9591,spot,257,description,成都的博物馆一般几点开门关门啊？
9592,spot,257,description,去成都博物馆要门票不，大概多少钱一张？
9593,spot,257,description,从春熙路坐地铁怎么去成都博物馆，哪个站下？
9594,spot,257,description,带五岁小朋友去成都博物馆逛，有适合娃的展区吗？
9595,spot,257,description,成都博物馆里头好不好耍，大概要逛几个小时才够？
9596,spot,255,cultural_context,这个法治文化主题公园早上几点开门，晚上几点关门？
9597,spot,255,cultural_context,进去耍要买门票不，还是免费随便进？
9598,spot,255,cultural_context,这个公园在成都哪个位置，坐地铁咋个过去方便？
9599,spot,255,cultural_context,里面除了看普法展板，有没有啥子好耍的互动项目或拍照打卡点？
9600,spot,255,cultural_context,带5岁娃儿去合不合适，有没有儿童能参与的学法小游戏？
9601,spot,255,travel_tips,请问这个公园几点开门关门？晚上去逛到几点合适？
9602,spot,255,travel_tips,进去要不要买门票？还是免费随便进？
9603,spot,255,travel_tips,这个地方在成都哪个位置？坐地铁或者公交怎么过去方便？
9604,spot,255,travel_tips,里面主要逛什么？大概能玩多久？适合散步拍照吗？
9605,spot,255,travel_tips,带小孩去合适不？园里蚊子多不多，需要准备啥？
9606,spot,257,travel_tips,这个展馆几点开门营业呀？
9607,spot,257,travel_tips,门票多少钱一张？网上提前买有优惠吗？
9608,spot,257,travel_tips,这个商场里的展具体在哪个位置，好找不？
9609,spot,257,travel_tips,带5岁小孩去玩合适吗？大概能逛多久？
9610,spot,257,travel_tips,里面好玩吗？值不值得专门跑一趟去？
9611,spot,257,cultural_context,这家博物馆几点开门关门？门票多少钱一张？
9612,spot,257,cultural_context,带小孩去玩合适吗？大概能逛多久？
9613,spot,257,cultural_context,它在成都哪个商场里？地铁或者公交怎么过去方便？
9614,spot,257,cultural_context,里面除了看标本，有没有互动体验或者讲解活动？好玩吗？
9615,spot,257,cultural_context,网上评价怎么样？周末去会不会人很多需要排队？
9616,spot,263,description,成都的博物馆一般几点开门关门啊？
9617,spot,263,description,去成都博物馆要门票不？多少钱一张？
9618,spot,263,description,从春熙路咋个坐车去成都博物馆最方便？
9619,spot,263,description,成都博物馆里头好不好耍？大概逛好久合适？
9620,spot,263,description,带六岁娃儿去成都博物馆合适不？有没有啥子亲子活动？
9621,spot,263,travel_tips,请问你们几点开门啊？周一是不是闭馆不开放？
9622,spot,263,travel_tips,去逛这个馆要门票不？大概多少钱一个人？
9623,spot,263,travel_tips,这个地方坐地铁怎么去方便？附近有没有公交站？
9624,spot,263,travel_tips,里面主要看些啥子？大概逛多久能逛完？好玩不？
9625,spot,263,travel_tips,带5岁的小朋友去合适不？里面能不能拍照，用手机不打闪光灯行不行？
9626,spot,267,description,成都的博物馆一般几点开门关门啊？
9627,spot,267,description,去成都博物馆要门票吗，多少钱一张？
9628,spot,267,description,从春熙路怎么坐地铁去成都博物馆？
9629,spot,267,description,带五岁娃去成都博物馆合适不，有没有儿童活动？
9630,spot,267,description,成都博物馆里头有啥好耍的，大概逛多久能看完？
9631,spot,263,cultural_context,请问这家民办博物馆几点开门，下午去逛来得及不？
9632,spot,263,cultural_context,门票多少钱一张啊，有没有学生票或者老人优惠？
9633,spot,263,cultural_context,这个博物馆具体在哪儿，坐地铁能到吗，下了车怎么走？
9634,spot,263,cultural_context,里面展出的陶瓷和书画多不多，逛一圈大概要多久，值不值得专门跑一趟？
9635,spot,263,cultural_context,带我家小孩去合适吗，会不会太闷，有没有互动或者讲解？
9636,spot,267,cultural_context,请问这家博物馆几点开门？需要提前预约吗？
9637,spot,267,cultural_context,门票多少钱一张？老人和小孩有优惠吗？
9638,spot,267,cultural_context,这个昆虫博物馆具体在成都哪个位置？坐地铁怎么去方便？
9639,spot,267,cultural_context,里面活体昆虫多吗？大概能逛多久，好玩不？
9640,spot,267,cultural_context,带5岁的小朋友去合适吗？有没有互动体验或者讲解活动？
9641,spot,267,travel_tips,下午几点开门，逛一圈大概要多久？
9642,spot,267,travel_tips,门票多少钱，小孩要买票不？
9643,spot,267,travel_tips,这个地方在玉林哪个位置，坐地铁怎么过去？
9644,spot,267,travel_tips,里面好玩吗，主要看些啥子？
9645,spot,267,travel_tips,带5岁娃娃去合适不，有没有啥子要注意的？
9646,spot,269,travel_tips,这个馆几点开门，是不是周一都闭馆哦？
9647,spot,269,travel_tips,进去耍要买门票不，还是免费随便进？
9648,spot,269,travel_tips,这个地方在玉林哪个位置哦，坐地铁咋个过去方便？
9649,spot,269,travel_tips,里面大不大，大概逛多久合适，值不值得专门跑一趟？
9650,spot,269,travel_tips,带5岁娃儿进去合适不，娃儿闹的话会不会遭人说？
9651,spot,269,description,成都的学校一般几点开门？游客能进去参观吗？
9652,spot,269,description,去成都的大学校园逛一圈要门票吗？大概多少钱？
9653,spot,269,description,从春熙路怎么坐车去四川大学？打车方便吗？
9654,spot,269,description,带小孩去电子科大清水河校区看银杏，合适吗？有没有好玩的？
9655,spot,269,description,成都哪所高校的校园风景最值得逛？听说川大和西南交大都不错，哪个更出片？
9656,spot,269,cultural_context,这个玉林街道的微型博物馆几点开门关门呢？要不要门票？
9657,spot,269,cultural_context,这个博物馆具体在玉林哪个位置啊？坐地铁或者公交怎么过去方便？
9658,spot,269,cultural_context,里面主要看些啥子嘛？大概逛多久能逛完，值不值得专门跑一趟？
9659,spot,269,cultural_context,带五岁的小朋友进去合适不？会不会太闷或者有没有互动的东西？
9660,spot,269,cultural_context,网上评价咋样啊？是不是那种很出片或者能感受老成都味道的地方？
9661,spot,271,description,成都的博物馆一般几点开门关门啊？
9662,spot,271,description,去成都博物馆门票多少钱，需要提前预约吗？
9663,spot,271,description,成都博物馆怎么去最方便，坐地铁几号线能到？
9664,spot,271,description,带小孩去成都博物馆玩合适吗，有没有什么亲子互动项目？
9665,spot,271,description,成都博物馆里面展品多不多，大概逛多久比较合适，值不值得专门去一趟？
9666,spot,271,travel_tips,周末去的话大概要排多久队啊？
9667,spot,271,travel_tips,这个地方免费进，但里面那些互动项目一般多少钱一个人？
9668,spot,271,travel_tips,坐地铁到环茂ICD商场应该在哪一站下，从哪个出口出比较近？
9669,spot,271,travel_tips,里面到底好不好玩啊，值不值得专门跑一趟？
9670,spot,271,travel_tips,带五岁的小孩去合适吗，会不会太吵或者不适合？
9671,spot,273,description,成都的博物馆一般几点开门，几点关门啊？
9672,spot,273,description,去成都的博物馆门票多少钱，有没有免费的时候？
9673,spot,273,description,成都博物馆怎么去最方便，坐地铁到哪一站下？
9674,spot,273,description,带小孩去成都的博物馆合适吗，里面有啥好玩的？
9675,spot,273,description,成都的博物馆值不值得专门去一趟，大概能逛多久？
9676,spot,271,cultural_context,森邻奇镜自然博物馆早上几点开门，晚上几点关门？
9677,spot,271,cultural_context,去那儿玩一趟大概要多少钱，门票能现场买不？
9678,spot,271,cultural_context,这个博物馆具体在成都哪个位置，坐地铁或者公交怎么过去方便？
9679,spot,271,cultural_context,里面好玩吗？主要是看些什么，大概能逛多久？
9680,spot,271,cultural_context,带5岁的小孩去合适吗，有没有互动或者适合小朋友体验的项目？
9681,spot,273,travel_tips,这个博物馆几点开门呀？需要提前预约吗？
9682,spot,273,travel_tips,门票多少钱一张？小孩和老人有优惠吗？
9683,spot,273,travel_tips,具体在成都哪个位置？坐地铁或者公交怎么过去方便？
9684,spot,273,travel_tips,里面大概能逛多久？带6岁的小朋友去合适吗，会不会觉得无聊？
9685,spot,273,travel_tips,网上评价怎么样？值不值得专门跑一趟，还是顺路去看看就行？
9686,spot,281,description,成都的博物馆一般几点开门，几点关门啊？
9687,spot,281,description,去成都的博物馆门票多少钱一张，有没有免费的时候？
9688,spot,281,description,成都博物馆怎么去最方便，坐地铁哪号线能到？
9689,spot,281,description,成都的博物馆里好玩吗，大概能逛多久？
9690,spot,281,description,带小孩去成都博物馆合适吗，有没有适合小朋友的互动展区？
9691,spot,273,cultural_context,这个馆几点开门关门啊？门票多少钱一张？
9692,spot,273,cultural_context,请问这个藏传佛教艺术馆具体在成都哪个位置？坐地铁怎么过去方便？
9693,spot,273,cultural_context,里面展出的唐卡和铜像多不多？大概逛多久能看完，好玩吗？
9694,spot,273,cultural_context,带小孩去合适吗？会不会太枯燥，有没有讲解或者互动体验？
9695,spot,273,cultural_context,这里和武侯祠、锦里离得远不远？值不值得专门跑一趟去看？
9696,spot,281,travel_tips,高校博物馆周末几点开门？需要预约吗？
9697,spot,281,travel_tips,去高校博物馆参观要不要门票，大概逛多久合适？
9698,spot,281,travel_tips,带小学生去高校博物馆有意思吗？会不会看不懂？
9699,spot,281,travel_tips,高校博物馆在哪个校区？坐地铁怎么过去方便？
9700,spot,281,travel_tips,这个博物馆里面展品多不多？值不值得专门跑一趟？
9701,spot,285,travel_tips,请问这个馆几点开门，一般逛多久比较合适？
9702,spot,285,travel_tips,这个馆是免费的吗，需不需要提前预约？
9703,spot,285,travel_tips,坐地铁或者公交过去方便吗，具体在哪一站下？
9704,spot,285,travel_tips,里面好玩吗，值不值得专门跑一趟？
9705,spot,285,travel_tips,带6岁的小孩去合适吗，会不会太闷或者管不住？
9706,spot,281,cultural_context,请问西南民族大学博物馆几点开门？需要提前预约吗？
9707,spot,281,cultural_context,去这个博物馆看彝族和藏族文物要买门票吗？大概多少钱一张？
9708,spot,281,cultural_context,西南民族大学博物馆具体在哪个校区？坐地铁或者公交怎么过去方便？
9709,spot,281,cultural_context,里面展出的民族服饰和法器大概能逛多久？有讲解员或者语音导览吗？
9710,spot,281,cultural_context,带家里老人和小孩去参观合不合适？会不会太学术或者太枯燥？
9711,spot,285,description,成都的博物馆一般几点开门，闭馆时间是好久？
9712,spot,285,description,去成都博物馆要门票不，大概好多钱一个人？
9713,spot,285,description,成都博物馆咋个去方便？坐地铁哪一站下？
9714,spot,285,description,带娃儿去成都博物馆耍，适不适合嘛，有没有啥子亲子活动？
9715,spot,285,description,成都博物馆里头主要展些啥子？逛一圈大概要花多长时间，好不好耍？
9716,spot,285,cultural_context,静涛博物馆几点开门？需要提前预约吗？
9717,spot,285,cultural_context,门票好多钱一张？学生或者老人有优惠不？
9718,spot,285,cultural_context,静涛博物馆具体在成都哪个位置？坐地铁怎么过去方便？
9719,spot,285,cultural_context,里面主要看些啥子？大概逛多久能看完，值不值得专门跑一趟？
9720,spot,285,cultural_context,带6岁娃娃去合适不？有没有啥子互动或者讲解，会不会觉得无聊？
9721,spot,292,description,成都的博物馆一般几点开门关门啊？
9722,spot,292,description,去成都博物馆要门票不，大概多少钱一张？
9723,spot,292,description,从春熙路坐地铁怎么到成都博物馆，方便吗？
9724,spot,292,description,成都博物馆里有什么好玩的展品，值不值得专门去逛半天？
9725,spot,292,description,带5岁小孩去成都博物馆合适吗，里面有没有适合小朋友互动的地方？
9726,spot,293,description,成都的博物馆一般几点开门关门啊？
9727,spot,293,description,去成都博物馆要门票吗，多少钱一张？
9728,spot,293,description,从春熙路怎么坐车去成都博物馆？
9729,spot,293,description,带六岁小孩去成都博物馆合适不，有没有亲子互动项目？
9730,spot,293,description,成都博物馆里头有啥好玩的，逛一圈大概要多久？
9731,spot,292,travel_tips,下午带娃去那个爬宠馆，大概几点去合适？逛一圈要多久？
9732,spot,292,travel_tips,门票80块是含讲解的吗？小孩要不要另外买票？
9733,spot,292,travel_tips,这个地方具体在成都哪儿？坐地铁方便吗，还是得打车？
9734,spot,292,travel_tips,里面那些活体爬宠好玩不？孩子会不会觉得害怕或者无聊？
9735,spot,292,travel_tips,带5岁的小朋友去合适吗？能不能拍照？需要注意些啥？
9736,spot,293,cultural_context,天艺博物馆几点开门，闭馆时间是好久？
9737,spot,293,cultural_context,去天艺博物馆门票多少钱一张，有没有学生票或者免费时段？
9738,spot,293,cultural_context,坐地铁或者公交咋个去天艺博物馆方便？附近好停车不？
9739,spot,293,cultural_context,天艺博物馆里面好玩吗？大概逛两个小时够不够？
9740,spot,293,cultural_context,带5岁娃娃去天艺博物馆合适不？有没有啥子互动或者适合娃儿看的展品？
9741,spot,293,travel_tips,请问周二到周日几点开门，下午五点以后还能进吗？
9742,spot,293,travel_tips,这个馆是免费的吗，有没有哪些特展要单独买票？
9743,spot,293,travel_tips,坐地铁或者公交去方便吗，具体在哪个站下？
9744,spot,293,travel_tips,里面艺术品多不多，逛一圈大概要多久，值不值得专门跑一趟？
9745,spot,293,travel_tips,带五岁的小孩去合适吗，参观的时候有什么要注意的，能不能拍照？
9746,spot,292,cultural_context,请问帕帕拉兹爬宠博物馆几点开门，大概逛多久合适？
9747,spot,292,cultural_context,门票多少钱一张，小孩和老人有优惠吗？
9748,spot,292,cultural_context,这个爬宠博物馆具体在哪儿，坐地铁或者公交怎么过去方便？
9749,spot,292,cultural_context,里面除了看蛇和蜥蜴，有没有互动体验或者讲解活动？带小孩去会不会害怕？
9750,spot,292,cultural_context,去过的朋友都说值不值？周末人多不多，需要提前预约吗？
9751,spot,294,description,成都的博物馆一般几点开门，几点闭馆啊？
9752,spot,294,description,去成都博物馆要门票吗，多少钱一张？
9753,spot,294,description,请问成都博物馆怎么去，坐地铁几号线能到？
9754,spot,294,description,成都博物馆里面好玩吗，值不值得专门去一趟？
9755,spot,294,description,带五岁小孩去成都博物馆合适不，有适合小朋友的展区吗？
9756,spot,294,travel_tips,上午去大概要逛多久啊？几点开门合适？
9757,spot,294,travel_tips,进去做那个手工扇子要另外给钱吗，大概多少钱？
9758,spot,294,travel_tips,这个地方在成都哪个位置，坐地铁或者公交方便不？
9759,spot,294,travel_tips,带小孩去玩合适吗？小孩能不能也体验做扇子？
9760,spot,294,travel_tips,里面扇子好看不？逛起来有意思吗，会不会很快就逛完了？
9761,spot,296,description,成都那些科教文化场所一般几点开门啊？
9762,spot,296,description,带娃去这些地方门票大概多少钱，有学生票优惠吗？
9763,spot,296,description,从春熙路出发，去比较有名的科教文化场馆坐地铁怎么换乘方便？
9764,spot,296,description,除了博物馆，成都还有哪些适合亲子打卡的科教文化场所，好玩不？
9765,spot,296,description,周末去这类地方人多不多，需要提前预约吗，大概逛多久合适？
9766,spot,294,cultural_context,你们博物馆几点开门关门哇？门票多少钱一张？
9767,spot,294,cultural_context,制扇至美博物馆具体在成都哪个位置，坐地铁或者公交怎么过去方便？
9768,spot,294,cultural_context,带小朋友去逛这个扇子博物馆合适不？里面有没有可以动手体验做扇子的活动？
9769,spot,294,cultural_context,这个博物馆大概能逛多久，里面除了看扇子还有没有其他好玩的互动项目？
9770,spot,294,cultural_context,网上评价怎么样，值不值得专门跑一趟去看蜀扇和苏扇的区别？
9771,spot,296,travel_tips,请问草堂的办公区几点开门？我想进去看看，是景点吗？
9772,spot,296,travel_tips,去杜甫草堂那个办公区域要买票不？多少钱一张？
9773,spot,296,travel_tips,这个办公区在草堂哪个位置啊？我从正门进去怎么走才能到？
9774,spot,296,travel_tips,带小孩去草堂玩，办公区那边有什么好玩的吗？还是只能在外围转？
9775,spot,296,travel_tips,听说草堂办公区不让进，那外围逛一圈大概要多久？值不值得专门跑一趟？
9776,spot,296,cultural_context,杜甫草堂博物馆的办公区对外开放吗？我想进去看看文物修复是啥样的，几点开门？
9777,spot,296,cultural_context,去杜甫草堂玩，那个办公区要单独买票吗？门票多少钱一张？
9778,spot,296,cultural_context,请问杜甫草堂的办公区具体在哪个位置？从正门进去怎么走才能到？
9779,spot,296,cultural_context,带家里老人和小孩去杜甫草堂，办公区那边有啥好逛的吗？还是说只能看展览区？
9780,spot,296,cultural_context,网上说草堂办公区不开放，那游客去了会不会走错路？有没有指示牌提醒？
9781,spot,297,description,成都的博物馆一般几点开门关门啊？
9782,spot,297,description,去成都的博物馆门票要多少钱？
9783,spot,297,description,成都博物馆怎么去最方便，坐地铁能到吗？
9784,spot,297,description,带小孩去成都的博物馆合适吗？里面有没有适合小朋友玩的项目？
9785,spot,297,description,成都哪些博物馆好玩，值得专门去逛一下？
9786,spot,297,travel_tips,请问这个博物馆几点开门啊？需要提前预约吗？
9787,spot,297,travel_tips,进去参观要不要门票，大概多少钱一个人？
9788,spot,297,travel_tips,这个地方在成都哪个位置，坐地铁或者公交怎么过去方便？
9789,spot,297,travel_tips,里面主要看什么，木雕多不多，大概逛多久能看完？
9790,spot,297,travel_tips,带五岁小孩去合适不，里面能不能摸展品，需要戴口罩吗？
9791,spot,298,description,成都的博物馆一般几点开门、几点闭馆啊？
9792,spot,298,description,这些博物馆门票多少钱，有没有免费开放的日子？
9793,spot,298,description,从春熙路怎么坐车去博物馆方便？
9794,spot,298,description,带小朋友去逛博物馆合适吗，有没有亲子互动项目？
9795,spot,298,description,成都的博物馆好不好玩，值不值得专门去一趟？
9796,spot,297,cultural_context,红牌里那个中医药木雕博物馆几点开门，下午去会不会关门啊？
9797,spot,297,cultural_context,这个中医药木雕博物馆门票多少钱一张，老人小孩有优惠吗？
9798,spot,297,cultural_context,请问这个博物馆具体在红牌里哪个位置，坐地铁怎么过去方便？
9799,spot,297,cultural_context,里面主要看些啥子，就是那些木头雕的药王像和药柜吗，逛一圈大概要好久？
9800,spot,297,cultural_context,带五岁娃儿去合适不，娃儿会不会觉得无聊，有没有啥子互动或者讲解？
9801,spot,299,description,成都的博物馆一般几点开门，几点关门啊？
9802,spot,299,description,去成都博物馆要门票吗，多少钱一张？
9803,spot,299,description,从春熙路怎么坐车去成都博物馆？
9804,spot,299,description,成都博物馆好玩吗，带小孩去合适不？
9805,spot,299,description,成都博物馆里主要展些啥，逛一圈大概要多久？
9806,spot,298,cultural_context,请问追蝶记蝴蝶博物馆几点开门，下午去会不会太晚？
9807,spot,298,cultural_context,去追蝶记蝴蝶博物馆的门票多少钱一张，小孩有优惠吗？
9808,spot,298,cultural_context,追蝶记蝴蝶博物馆在双流具体哪个位置，坐地铁或者公交怎么过去方便？
9809,spot,298,cultural_context,那个活体蝴蝶温室里能近距离接触蝴蝶吗，带三岁的小朋友去合适不？
9810,spot,298,cultural_context,这个地方到底好不好玩，除了看标本和活体蝴蝶，大概能逛多久？
9811,spot,298,travel_tips,请问这个蝴蝶馆一般几点开门，早上早点去人会不会少一点？
9812,spot,298,travel_tips,门票是40块一个人吗，小孩是不是真的半价，大概能玩多久？
9813,spot,298,travel_tips,这个馆具体在成都哪个位置啊，坐地铁或者公交方便过去不？
9814,spot,298,travel_tips,里面那个活蝶区是不是真的有很多蝴蝶飞，穿浅色衣服去拍照效果好不好？
9815,spot,298,travel_tips,带5岁小朋友去合适不，会不会太小看不懂，进去要注意些啥子？
9816,spot,299,travel_tips,请问这个博物馆周末开放吗？工作日去的话大概几点能进？
9817,spot,299,travel_tips,这里参观是免费的吗？需不需要在网上买票或者提前预约？
9818,spot,299,travel_tips,这个钱币博物馆具体在成都哪个位置啊？坐地铁方便吗，或者打车导航到哪儿？
9819,spot,299,travel_tips,里面展出的钱币多不多？大概逛多久能看完，会不会很无聊？
9820,spot,299,travel_tips,带我家小孩去合适吗？参观的时候能摸那些钱币吗，还是只能隔着玻璃看？
9821,spot,299,cultural_context,成都川江钱币博物馆早上几点开门，下午几点关门啊？
9822,spot,299,cultural_context,去这个博物馆要门票不，大概多少钱一张？
9823,spot,299,cultural_context,这个博物馆具体在成都哪个位置，坐地铁或者公交怎么过去方便？
9824,spot,299,cultural_context,里面除了看钱币，有没有互动体验或者讲解，带孩子去合适吗？
9825,spot,299,cultural_context,网上说这里讲交子到民国货币，实际逛下来好玩吗，大概能逛多久？
9826,spot,300,description,成都的博物馆一般几点开门，几点关门啊？
9827,spot,300,description,去成都博物馆参观要门票吗，大概多少钱一张？
9828,spot,300,description,成都博物馆在哪个位置，坐地铁怎么过去方便？
9829,spot,300,description,带小孩去成都博物馆玩合适吗，里面有没有适合小朋友的互动项目？
9830,spot,300,description,成都博物馆里面主要看什么，逛一圈大概要多久，值不值得专门去一趟？
9831,spot,300,cultural_context,四川省体育博物馆几点开门？需要提前预约吗？
9832,spot,300,cultural_context,去四川省体育博物馆要门票不？大概多少钱一张？
9833,spot,300,cultural_context,四川省体育博物馆在哪儿？坐地铁或者公交怎么过去方便？
9834,spot,300,cultural_context,带小孩去四川省体育博物馆逛一圈大概要多久？里面有没有互动体验的项目？
9835,spot,300,cultural_context,四川省体育博物馆里面到底好不好玩？主要能看些啥子嘛？
9836,spot,300,travel_tips,请问周二到周日是早上9点开门吗？下午5点就关门了对吧？
9837,spot,300,travel_tips,这个博物馆是免费进的吧？需要提前预约或者带身份证吗？
9838,spot,300,travel_tips,从春熙路坐地铁过去方便吗？大概要坐几号线到哪个站？
9839,spot,300,travel_tips,带5岁小孩去逛合适不？里面有没有互动体验或者适合小朋友看的展品？
9840,spot,300,travel_tips,听说周一闭馆，那要是周一去了就只能白跑一趟对吧？一般逛完要多久？
9841,spot,301,description,成都的博物馆一般几点开门关门哦？
9842,spot,301,description,去成都博物馆参观要门票吗，大概多少钱一张？
9843,spot,301,description,从春熙路坐地铁怎么去成都博物馆，哪个站下？
9844,spot,301,description,成都博物馆里面好玩吗，大概能逛几个小时？
9845,spot,301,description,带5岁小孩去成都博物馆合适不，有没有亲子互动项目？
9846,spot,301,travel_tips,请问这个博物馆是免费的吗？需要提前预约不？
9847,spot,301,travel_tips,工作日去的话大概几点开门？周末开不开啊？
9848,spot,301,travel_tips,坐地铁过去方便吗？具体在哪个位置？
9849,spot,301,travel_tips,里面大概能逛多久？有讲解或者互动体验吗？
9850,spot,301,travel_tips,带5岁小孩去合适吗？会不会太枯燥？
9851,spot,302,description,成都的博物馆一般几点开门关门？需要提前预约吗？
9852,spot,302,description,去成都博物馆门票要多少钱？学生或老人有优惠吗？
9853,spot,302,description,从春熙路怎么坐地铁去成都博物馆？大概要多久？
9854,spot,302,description,成都博物馆里有哪些镇馆之宝？逛一圈大概要几个小时？
9855,spot,302,description,带5岁小孩去成都博物馆合适吗？有没有适合小朋友互动体验的内容？
9856,spot,301,cultural_context,请问成都体育学院博物馆的开放时间是几点到几点呀？
9857,spot,301,cultural_context,这个博物馆门票要多少钱，需不需要提前预约？
9858,spot,301,cultural_context,从市中心坐地铁或者公交过去方便吗，具体怎么走？
9859,spot,301,cultural_context,里面除了看武术器械，有没有可以动手体验或者适合带小孩玩的项目？
9860,spot,301,cultural_context,带家里老人去逛合适吗？听说跟中医养生有关，会不会太枯燥？
9861,spot,302,travel_tips,这个馆几点开门？上午去大概要逛多久？
9862,spot,302,travel_tips,里面门票好多钱？需不需要提前预约？
9863,spot,302,travel_tips,周末人多不多？带娃去合适不？
9864,spot,302,travel_tips,馆里主要看些啥子？有甲骨文那些吗？
9865,spot,302,travel_tips,这个地方咋个去？坐地铁方便不？
9866,spot,303,description,成都的博物馆一般几点开门关门啊？
9867,spot,303,description,去成都博物馆要钱不，门票多少钱一张？
9868,spot,303,description,请问成都博物馆在哪儿，坐地铁怎么过去方便？
9869,spot,303,description,成都博物馆里面好玩吗，逛一圈大概要多久？
9870,spot,303,description,带小孩去成都博物馆合适不，有没有适合小朋友看的展？
9871,spot,302,cultural_context,中国古文字博物馆几点开门，下午去来得及逛完不？
9872,spot,302,cultural_context,门票多少钱一张，老人和小孩有没有优惠？
9873,spot,302,cultural_context,这个博物馆在成都哪个位置，坐地铁怎么过去方便？
9874,spot,302,cultural_context,带小孩去合适吗，里面有没有互动体验或者讲解服务？
9875,spot,302,cultural_context,去过的朋友说说，这博物馆好玩吗，大概逛多久比较合适？
9876,spot,303,travel_tips,周末下午去的话大概几点关门啊？门票是50块钱一个人吗？
9877,spot,303,travel_tips,这个地方在双流区具体怎么走？坐地铁能直接到吗？
9878,spot,303,travel_tips,里面那个互动体验区好玩不？大概能逛多久？
9879,spot,303,travel_tips,带5岁的小孩去合适吗？会不会觉得无聊？
9880,spot,303,travel_tips,周末下午去人多不多？值不值这个票价？
9881,spot,303,cultural_context,成都芯智慧音乐博物馆几点开门？门票多少钱一张？
9882,spot,303,cultural_context,这个地方具体在哪儿啊？坐地铁或者公交怎么过去方便？
9883,spot,303,cultural_context,带小孩去玩合适吗？里面有没有那种可以亲手玩的智能音乐装置？
9884,spot,303,cultural_context,里面主要看些啥子？大概逛多久能逛完，好不好耍？
9885,spot,303,cultural_context,去过的人评价咋样？值不值得专门跑一趟去打卡？
9886,spot,305,description,成都这边科教文化场所一般几点开门关门哦？
9887,spot,305,description,去这种科教文化的地方门票大概多少钱一张，有没有学生票？
9888,spot,305,description,请问这些科教文化场所在成都哪个位置，坐地铁方便不？
9889,spot,305,description,带5岁小孩去这种科教场所合适吗，会不会太小看不懂？
9890,spot,305,description,这种科教文化场所里面好玩吗，主要能看些啥子，值不值得专门跑一趟？
9891,spot,306,description,成都的博物馆一般几点开门关门啊？
9892,spot,306,description,去成都博物馆门票要多少钱？
9893,spot,306,description,成都博物馆怎么去最方便，坐地铁到哪一站？
9894,spot,306,description,带小孩去成都博物馆合适吗，有没有亲子互动项目？
9895,spot,306,description,成都博物馆好玩吗，大概逛多久能看完？
9896,spot,305,travel_tips,周末上午去大概要逛多久？免费开放的话需要预约吗？
9897,spot,305,travel_tips,这个地方具体几点开门？周一闭馆我知道，但其他日子会不会有临时不开的情况？
9898,spot,305,travel_tips,坐地铁3号线到哪个站下？出站后走路远不远，还是要换公交？
9899,spot,305,travel_tips,带5岁小孩去合适吗？里面有没有互动体验，会不会觉得无聊？
9900,spot,305,travel_tips,馆内是按时代分展厅的，那大概有几个展厅？上午去人流多不多，体验怎么样？
9901,spot,305,cultural_context,四川名人馆早上几点开门？下午关门时间是好久？
9902,spot,305,cultural_context,去四川名人馆的门票好多钱一张？老人和小孩有优惠不？
9903,spot,305,cultural_context,四川名人馆具体在哪个位置？坐地铁或者公交咋个去方便？
9904,spot,305,cultural_context,带5岁的小朋友去四川名人馆合适不？里头有没有互动体验或者适合娃娃耍的项目？
9905,spot,305,cultural_context,四川名人馆里头主要展些啥子？大概逛两个小时够不够？值不值得专门跑一趟？
9906,spot,306,travel_tips,这个地铁站里的文化展示区几点开门关门呢？
9907,spot,306,travel_tips,进去看要买门票不，还是免费随便逛？
9908,spot,306,travel_tips,这个展示区具体在哪个地铁站哪个位置啊，怎么走最近？
9909,spot,306,travel_tips,里面大概有什么好看的，跟金沙遗址博物馆比起来值不值得专门绕过去看一眼？
9910,spot,306,travel_tips,带五岁的小孩去逛合适吗，会不会太枯燥或者人多挤不动？
9911,spot,306,cultural_context,金沙博物馆站几点开门呀？是全天都能进去看吗？
9912,spot,306,cultural_context,去金沙博物馆站坐地铁几号线能到？票价大概多少钱？
9913,spot,306,cultural_context,金沙博物馆站里面好玩吗？值得专门去打卡拍照不？
9914,spot,306,cultural_context,带小孩去金沙博物馆站合适吗？站里有没有什么互动或者讲解？
9915,spot,306,cultural_context,金沙博物馆站具体在哪个位置？从春熙路过去要坐多久地铁？
9916,spot,312,description,成都的博物馆一般几点开门？需要提前预约吗？
9917,spot,312,description,去成都博物馆门票多少钱一张？学生或老人有优惠吗？
9918,spot,312,description,成都哪些博物馆值得逛？怎么坐地铁去最方便？
9919,spot,312,description,带5岁小孩去成都的自然博物馆合适吗？里面好玩不？
9920,spot,312,description,成都的博物馆哪个展品最震撼？看完大概要多久？
9921,spot,312,cultural_context,成都大学博物馆几点开门关门，周末开放不？
9922,spot,312,cultural_context,去成都大学博物馆要门票吗，大概多少钱一张？
9923,spot,312,cultural_context,成都大学博物馆具体在哪个位置，坐地铁怎么过去方便？
9924,spot,312,cultural_context,带小孩去成都大学博物馆逛一圈大概要多久，里面好玩吗？
9925,spot,312,cultural_context,成都大学博物馆里面主要看些啥，值不值得专门跑一趟？
9926,spot,312,travel_tips,请问工作日去参观大概要逛多久呀？需要提前预约吗？
9927,spot,312,travel_tips,这个景点是免费的吗？周末去要不要门票钱？
9928,spot,312,travel_tips,从市区过去方便吗？坐地铁4号线能到吗？大概要坐多久？
9929,spot,312,travel_tips,带6岁小孩去玩合适不？里面有没有适合小朋友互动的内容？
9930,spot,312,travel_tips,寒暑假的时候开放时间会不会变？去之前需要打电话确认一下吗？
9931,spot,314,description,成都的博物馆一般几点开门关门？我想安排一天逛两三个，时间上来得及不？
9932,spot,314,description,去成都博物馆要提前买票吗？门票多少钱一张，老人和小孩有没有优惠？
9933,spot,314,description,从春熙路坐地铁怎么去成都博物馆？出站后要走多远？
9934,spot,314,description,成都博物馆里面好玩吗？有没有那种互动体验或者镇馆之宝，值不值得专门跑一趟？
9935,spot,314,description,带五岁的小朋友去成都博物馆合适吗？里面有没有适合低龄儿童看的展区或者活动？
9936,spot,314,travel_tips,请问你们几点开门，下午去会不会太晚？
9937,spot,314,travel_tips,这个地方免费吗，需不需要提前预约买票？
9938,spot,314,travel_tips,从宽窄巷子走过去大概多远，具体怎么走啊？
9939,spot,314,travel_tips,里面主要看什么，大概逛多久能逛完？
9940,spot,314,travel_tips,带5岁小孩去合适吗，会不会觉得无聊？
9941,spot,314,cultural_context,成都画院书画博物馆几点开门关门？门票要多少钱？
9942,spot,314,cultural_context,这个博物馆在哪里？坐地铁或者公交怎么过去方便？
9943,spot,314,cultural_context,里面除了看画展，有没有适合带小孩一起玩的活动或者体验？
9944,spot,314,cultural_context,去成都画院书画博物馆逛一圈大概要多久？值不值得专门跑一趟？
9945,spot,314,cultural_context,那个清代古建筑群里面好拍照吗？平时人多不多，会不会很挤？
9946,spot,320,description,成都的博物馆一般几点开门关门？需要提前预约吗？
9947,spot,320,description,去成都博物馆门票多少钱？有没有免费开放的日子？
9948,spot,320,description,从春熙路怎么坐地铁或公交去成都博物馆？大概要多久？
9949,spot,320,description,带5岁的小朋友去成都博物馆逛，有没有适合孩子的互动区或讲解？
9950,spot,320,description,成都博物馆好玩吗？值不值得专门花半天时间去逛？里面主要看什么？
9951,spot,320,travel_tips,请问这个地方几点开门，免费进的话需要预约不？
9952,spot,320,travel_tips,自驾过去方便吗，有没有停车场，打车定位到哪个门？
9953,spot,320,travel_tips,里面可以喝茶吗，大概要待多久，值不值得专门跑一趟？
9954,spot,320,travel_tips,带五岁小孩去合适不，会不会太无聊，有没有需要安静不能吵闹的地方？
9955,spot,320,travel_tips,这个地方好玩吗，除了喝茶还有啥看的，大概能逛多久？
9956,spot,321,description,成都的博物馆一般几点开门关门？需要提前预约吗？
9957,spot,321,description,去成都博物馆门票多少钱？有没有免费开放的时间？
9958,spot,321,description,成都市区有哪些值得逛的博物馆？坐地铁怎么去最方便？
9959,spot,321,description,带小孩去成都的博物馆合适吗？有没有适合亲子互动的展览？
9960,spot,321,description,成都的博物馆好玩吗？一般逛下来要多久？有没有特别值得看的镇馆之宝？
9961,spot,320,cultural_context,请问天府荆溪茶具博物馆早上几点开门，下午最晚几点能进去参观？
9962,spot,320,cultural_context,去天府荆溪茶具博物馆门票多少钱一张？老人或者学生有优惠吗？
9963,spot,320,cultural_context,天府荆溪茶具博物馆具体在成都哪个位置？坐地铁或公交怎么过去最方便？
9964,spot,320,cultural_context,里面除了看茶具，有没有可以喝茶歇脚的地方？大概能逛多久，好玩吗？
9965,spot,320,cultural_context,带5岁的小朋友去天府荆溪茶具博物馆合适吗？会不会太闷，有没有互动体验？
9966,spot,321,travel_tips,请问你们几点开门，参观大概要花多长时间？
9967,spot,321,travel_tips,这个展馆门票多少钱，是免费的吗？
9968,spot,321,travel_tips,坐地铁或者公交怎么过去方便？
9969,spot,321,travel_tips,里面好玩吗，值不值得专门跑一趟？
9970,spot,321,travel_tips,带5岁小孩去合适吗，会不会看不懂？
9971,spot,321,cultural_context,华夏意匠博物馆几点开门，关门时间是什么时候？
9972,spot,321,cultural_context,去华夏意匠博物馆门票多少钱一张，有没有学生票？
9973,spot,321,cultural_context,华夏意匠博物馆在成都哪个位置，坐地铁怎么过去方便？
9974,spot,321,cultural_context,华夏意匠博物馆好玩吗，里面展出的木作陶瓷大概能逛多久？
9975,spot,321,cultural_context,带小孩去华夏意匠博物馆合适吗，有没有互动体验或者讲解服务？
9976,spot,329,description,成都那些有名的景点一般几点开门关门啊？
9977,spot,329,description,去武侯祠和锦里玩一圈，门票大概要花多少钱？
9978,spot,329,description,从春熙路怎么坐车去都江堰景区方便？
9979,spot,329,description,带五岁的小孩去成都大熊猫基地合适吗，会不会太累？
9980,spot,329,description,宽窄巷子和锦里哪个更好玩，值得专门去一趟吗？
9981,spot,329,travel_tips,复观堂几点开门呀？傍晚去的话大概几点到比较合适？
9982,spot,329,travel_tips,去复观堂要门票不？大概多少钱一个人？
9983,spot,329,travel_tips,复观堂在成都哪个位置哦？坐地铁或者公交怎么过去方便？
9984,spot,329,travel_tips,复观堂里面好耍不？主要看些啥子，逛一圈要多久？
9985,spot,329,travel_tips,带5岁娃儿去复观堂合适不？会不会太无聊或者不好走？
9986,spot,329,cultural_context,复观堂早上几点开门？下午关门时间大概是什么时候？
9987,spot,329,cultural_context,去复观堂的门票多少钱一张？老人和小孩有优惠吗？
9988,spot,329,cultural_context,复观堂具体在成都哪个位置？坐地铁或者公交怎么过去方便？
9989,spot,329,cultural_context,带5岁的小朋友去复观堂玩合适吗？里面有没有适合孩子看的盆景或者互动的地方？
9990,spot,329,cultural_context,复观堂里面除了看盆景喝茶，还有没有其他好耍的？大概能逛多久？
9991,spot,330,description,这个科教文化场所几点开门，闭馆时间是啥时候？
9992,spot,330,description,去那儿参观门票多少钱，老人和小孩有优惠吗？
9993,spot,330,description,这地方在成都哪个位置，坐地铁或公交怎么去方便？
9994,spot,330,description,里面主要能玩什么，带5岁的小朋友去合适不？
9995,spot,330,description,这地方口碑咋样，值不值得专门跑一趟去逛？
9996,spot,330,travel_tips,成都那个昆虫博物馆几点开门？周末去会不会很多人？
9997,spot,330,travel_tips,带5岁娃去合适不？门票现场买多少钱，网上提前买能便宜点吗？
9998,spot,330,travel_tips,这地方具体在哪儿啊？坐地铁几号线能到，下车后要走多远？
9999,spot,330,travel_tips,里面除了看虫子，有没有互动或者喂食之类的玩法？大概能逛多久？
10000,spot,330,travel_tips,网上说适合玩1-2小时，实际去过的觉得好玩吗？值不值那个票价？
10001,spot,330,cultural_context,这个昆虫展馆几点开门关门呀？
10002,spot,330,cultural_context,门票多少钱一张？小孩有优惠吗？
10003,spot,330,cultural_context,具体位置在哪儿，坐地铁或者公交怎么过去？
10004,spot,330,cultural_context,里面除了看虫子，有没有互动体验或者讲解活动？带5岁娃去合适不？
10005,spot,330,cultural_context,去过的朋友说值不值得专门跑一趟？大概能逛多久？
10006,spot,334,description,成都的博物馆一般几点开门啊？周末去会不会排队很久？
10007,spot,334,description,去成都博物馆要门票不？多少钱一张，学生有优惠吗？
10008,spot,334,description,从春熙路坐地铁到成都博物馆怎么走？哪个站下最近？
10009,spot,334,description,成都博物馆里面好玩吗？有没有适合带娃看的展，比如恐龙或者科技类的？
10010,spot,334,description,成都博物馆和四川博物院哪个更值得带老人小孩去？参观大概要花多长时间？
10011,spot,334,travel_tips,这个地方几点开门，逛一圈大概要多久？
10012,spot,334,travel_tips,进去要门票不，还是免费预约就行？
10013,spot,334,travel_tips,坐地铁怎么过去，到茶店子站下车后好找吗？
10014,spot,334,travel_tips,里面除了看非遗展示，有没有能动手玩的项目？
10015,spot,334,travel_tips,带6岁小孩去合适吗，会不会觉得无聊？
10016,spot,334,cultural_context,这家藏羌织绣的展馆几点开门关门呀？
10017,spot,334,cultural_context,去那里参观要门票吗，大概多少钱一个人？
10018,spot,334,cultural_context,请问这个地方具体在成都哪个位置，坐地铁或者公交怎么过去方便？
10019,spot,334,cultural_context,里面除了看绣品，有没有可以亲手体验或者看老师现场织绣的活动？好玩吗？
10020,spot,334,cultural_context,带小朋友去合适吗，有没有适合孩子看的互动内容或者讲解？
10021,spot,341,travel_tips,请问这个景点几点开门？是每天都开放吗？
10022,spot,341,travel_tips,这个地方门票要钱吗？有没有什么优惠政策？
10023,spot,341,travel_tips,从地铁站出来怎么走？具体在哪个位置？
10024,spot,341,travel_tips,里面主要玩什么？有没有那种互动体验的项目？
10025,spot,341,travel_tips,带小孩去合适吗？大概能玩多久？
10026,spot,341,description,成都的博物馆一般几点开门、几点关门啊？
10027,spot,341,description,去成都博物馆要门票吗，多少钱一张？
10028,spot,341,description,从春熙路怎么坐车去成都博物馆？
10029,spot,341,description,带5岁小孩去成都博物馆合适吗，有没有亲子互动项目？
10030,spot,341,description,成都博物馆里哪个展最值得看，逛一圈大概要多久？
10031,spot,349,description,成都的博物馆一般几点开门、几点关门啊？
10032,spot,349,description,去成都博物馆要门票吗，大概多少钱一张？
10033,spot,349,description,从春熙路坐地铁怎么去成都博物馆方便？
10034,spot,349,description,带五岁小孩去成都博物馆合适吗，里面有没有适合小朋友玩的？
10035,spot,349,description,成都博物馆好玩吗，逛一圈大概要花多长时间？
10036,spot,341,cultural_context,这个金融博物馆每天几点开门哦？门票要多少钱一张？
10037,spot,341,cultural_context,请问这个博物馆具体在成都哪个位置？坐地铁或者公交怎么过去方便呀？
10038,spot,341,cultural_context,带小朋友去逛这个金融博物馆合适不？有没有互动体验或者适合孩子看的东西？
10039,spot,341,cultural_context,这个博物馆里面好玩吗？除了看钱币和票据，有没有那种复原的老成都场景可以拍照？
10040,spot,341,cultural_context,去这个博物馆大概要逛多久？里面讲解是免费的吗，还是需要另外请导游？
10041,spot,349,travel_tips,这个馆几点开门？周末去会不会人特别多？
10042,spot,349,travel_tips,门票现场买和网上买价格一样吗？大概多少钱一张？
10043,spot,349,travel_tips,带5岁小孩去合适吗？里面互动区安全不？
10044,spot,349,travel_tips,从春熙路坐地铁或者公交怎么过去方便？
10045,spot,349,travel_tips,里面大概能玩多久？有没有什么推荐的游览路线或者必看项目？
10046,spot,351,description,成都的博物馆一般几点开门关门啊？
10047,spot,351,description,去成都博物馆门票多少钱，需要提前预约吗？
10048,spot,351,description,从春熙路怎么坐车去四川博物院？
10049,spot,351,description,带5岁小孩去成都博物馆合适吗，有没有互动体验？
10050,spot,351,description,成都自然博物馆好玩吗，大概逛多久能逛完？
10051,spot,351,travel_tips,大珍堂几点开门啊？需要提前打电话问吗？
10052,spot,351,travel_tips,去大珍堂门票大概多少钱一张？现场买票方便不？
10053,spot,351,travel_tips,大珍堂在成都哪个位置哦？坐地铁或者公交怎么过去？
10054,spot,351,travel_tips,大珍堂里面好玩不？主要看些啥子东西，大概逛多久？
10055,spot,351,travel_tips,带娃娃去大珍堂合适不？里面有没有啥子娃娃感兴趣的东西？
10056,spot,351,cultural_context,大珍堂博物馆几点开门关门？需要提前预约吗？
10057,spot,351,cultural_context,去大珍堂博物馆的门票多少钱一张？老人和小孩有优惠吗？
10058,spot,351,cultural_context,大珍堂博物馆具体在成都哪个位置？坐地铁或公交怎么过去方便？
10059,spot,351,cultural_context,大珍堂博物馆里面好玩吗？大概逛多久能看完，值不值得专门跑一趟？
10060,spot,351,cultural_context,带五岁小孩去大珍堂博物馆合适吗？里面有没有互动体验或者会不会太闷？
10061,spot,349,cultural_context,泰迪熊博物馆早上几点开门？关门时间是好久哦？
10062,spot,349,cultural_context,门票好多钱一张？娃娃有没有优惠，还是说1米2以下免费？
10063,spot,349,cultural_context,从成都市区咋个过去方便喃？坐地铁能到不，还是要转公交？
10064,spot,349,cultural_context,里面除了看泰迪熊，有没有啥子互动项目或者拍照打卡的地方，值不值得专门跑一趟？
10065,spot,349,cultural_context,带5岁的小娃娃去合适不？会不会觉得无聊，大概要逛好久呢？
10066,spot,353,description,成都的博物馆一般几点开门关门啊？
10067,spot,353,description,去成都博物馆门票要多少钱，需要提前预约吗？
10068,spot,353,description,成都博物馆在哪个位置，坐地铁怎么过去方便？
10069,spot,353,description,带5岁小孩去成都博物馆合适吗，有没有亲子互动项目？
10070,spot,353,description,成都博物馆好玩吗，大概逛多久能看完，值不值得专门去一趟？
10071,spot,355,description,成都的博物馆一般几点开门关门啊？
10072,spot,355,description,去博物馆门票多少钱，有没有免费的时候？
10073,spot,355,description,从春熙路怎么坐车去成都博物馆？
10074,spot,355,description,带五岁小孩去成都博物馆合适吗，会不会太无聊？
10075,spot,355,description,成都哪些博物馆比较好玩，值得专门去逛一趟？
10076,spot,353,cultural_context,请问大气探测博物馆几点开门？门票多少钱一张，需要提前预约吗？
10077,spot,353,cultural_context,这个博物馆具体在成都哪个位置？坐地铁或者公交怎么过去方便？
10078,spot,353,cultural_context,带小孩去研学的话，里面大概能逛多久？有没有互动体验或者讲解服务？
10079,spot,353,cultural_context,那里主要是看什么呀？除了气象仪器，有没有适合拍照或者动手玩的项目？
10080,spot,353,cultural_context,去过的朋友觉得值不值？大概游玩时间是半天还是一整天？
10081,spot,353,travel_tips,请问这个气象科普馆几点开门，周末开放吗？
10082,spot,353,travel_tips,进去参观要门票不？大概多少钱一个人？
10083,spot,353,travel_tips,这个地方具体在哪儿啊？坐地铁或者公交怎么过去方便？
10084,spot,353,travel_tips,里面主要是看啥子，大概能逛多久，带娃娃去有意思不？
10085,spot,353,travel_tips,这个气象科普馆好不好耍，值不值得专门跑一趟？
10086,spot,355,travel_tips,绿舟博物馆在非遗博览园里面，逛完大概要多久啊？园区一般几点开门关门？
10087,spot,355,travel_tips,去绿舟博物馆的门票是包含在非遗博览园里的吗？单独买的话多少钱一张？
10088,spot,355,travel_tips,请问绿舟博物馆具体在哪个位置？坐地铁或者公交怎么过去方便？
10089,spot,355,travel_tips,带5岁小孩去绿舟博物馆好玩吗？里面有没有适合小朋友互动体验的项目？
10090,spot,355,travel_tips,绿舟博物馆里面主要看什么？跟非遗博览园其他展馆比，值不值得专门去一趟？
10091,spot,355,cultural_context,绿舟博物馆几点开门呀？门票多少钱一张？
10092,spot,355,cultural_context,这个博物馆在哪儿哦，坐地铁或者公交怎么过去方便？
10093,spot,355,cultural_context,带娃去绿舟博物馆耍半天合适不？里面有没有啥子互动体验？
10094,spot,355,cultural_context,绿舟博物馆好不好玩？逛一圈大概要多久？里面主要看些啥子？
10095,spot,355,cultural_context,请问绿舟博物馆周末人多不多？需不需要提前预约买票？
10096,spot,357,description,成都博物馆几点开门？需要提前预约吗？
10097,spot,357,description,去成都博物馆门票好多钱？有没有免费时段？
10098,spot,357,description,成都博物馆在哪个位置？坐地铁几号线能到？
10099,spot,357,description,带6岁娃娃去成都博物馆合适不？有没有啥子亲子互动项目？
10100,spot,357,description,成都博物馆好不好耍？一般逛下来要好久，值不值得专门跑一趟？
10101,spot,357,travel_tips,薰衣草博物馆一般几点开门，关门时间是好久？
10102,spot,357,travel_tips,去这儿玩大概要花多少钱，门票能不能现场买？
10103,spot,357,travel_tips,这个博物馆具体在哪个位置，坐公交或者地铁方便不？
10104,spot,357,travel_tips,里面除了看薰衣草，还有啥好耍的？大概能逛多久？
10105,spot,357,travel_tips,带五岁的小朋友去合适吗，会不会觉得无聊？
10106,spot,357,cultural_context,这个薰衣草种植园几点开门关门？去之前需要预约吗？
10107,spot,357,cultural_context,门票多少钱一张？小孩和老人有没有优惠？
10108,spot,357,cultural_context,从成都市区怎么坐车过去？自驾方便停车不？
10109,spot,357,cultural_context,里面除了看薰衣草，还有啥好玩的？能自己动手做精油不？
10110,spot,357,cultural_context,带5岁小朋友去合适吗？有没有儿童体验项目或者休息区？
10111,spot,358,description,成都的博物馆一般几点开门、几点关门啊？
10112,spot,358,description,去成都的博物馆门票多少钱，有没有免费开放的日子？
10113,spot,358,description,从春熙路坐地铁怎么去成都博物馆，大概要多久？
10114,spot,358,description,带5岁小朋友去成都博物馆合适吗，里面有没有亲子互动区？
10115,spot,358,description,成都的博物馆里哪个最好玩，有没有值得打卡的镇馆之宝？
10116,spot,358,travel_tips,藏文典籍专题馆几点开门？需要提前多久预约？
10117,spot,358,travel_tips,去藏文典籍专题馆要门票吗？大概多少钱一个人？
10118,spot,358,travel_tips,藏文典籍专题馆在成都哪个位置？坐地铁怎么过去方便？
10119,spot,358,travel_tips,藏文典籍专题馆好玩吗？里面主要看些什么，大概能逛多久？
10120,spot,358,travel_tips,带小孩去藏文典籍专题馆合适吗？有没有什么需要注意的禁忌？
10121,spot,358,cultural_context,蓉府藏文典籍博物馆几点开门？需要提前预约吗？
10122,spot,358,cultural_context,门票多少钱一张？老人和小孩有优惠吗？
10123,spot,358,cultural_context,这个博物馆具体在成都哪个位置？坐地铁或者公交怎么去方便？
10124,spot,358,cultural_context,里面除了看经书，有没有互动体验或者讲解？大概逛多久比较合适？
10125,spot,358,cultural_context,带8岁的小孩去合适吗？会不会太枯燥，有没有适合小朋友看的展品？
10126,spot,361,description,成都的博物馆一般几点开门，几点关门啊？
10127,spot,361,description,去成都博物馆要门票吗，大概多少钱一个人？
10128,spot,361,description,从春熙路怎么坐地铁去成都博物馆，方便吗？
10129,spot,361,description,成都博物馆里有哪些好玩的展品，值不值得专门去逛一圈？
10130,spot,361,description,带5岁小孩去成都博物馆合适吗，有没有适合小朋友的互动项目？
10131,spot,361,travel_tips,这个馆几点开门，是不是周一都闭馆？
10132,spot,361,travel_tips,进去要买门票不，大概逛多久能看完？
10133,spot,361,travel_tips,坐地铁到哪个站下，下了车走路远不远？
10134,spot,361,travel_tips,里面能不能摸展品，带五岁娃娃去合适不？
10135,spot,361,travel_tips,这地方好玩吗，值不值得专门跑一趟温江？
10136,spot,361,cultural_context,温江区博物馆几点开门啊？需要提前预约吗？
10137,spot,361,cultural_context,去温江区博物馆要门票不？大概多少钱一个人？
10138,spot,361,cultural_context,请问温江区博物馆具体在哪个位置？坐地铁或者公交怎么过去方便？
10139,spot,361,cultural_context,温江区博物馆里面好玩吗？大概逛多久能看完？
10140,spot,361,cultural_context,带小孩去温江区博物馆合适吗？有没有适合小朋友看的展品或互动？
10141,spot,365,travel_tips,这个地方几点开门，周一是不是闭馆不开放？
10142,spot,365,travel_tips,请问去那里要不要门票，大概能逛多久？
10143,spot,365,travel_tips,从市区怎么坐车过去，坐S04路公交就能到吗？
10144,spot,365,travel_tips,带小孩去合适吗？逛完再去旁边的老茶馆喝杯茶怎么样？
10145,spot,365,travel_tips,这个地方好玩吗？大概一小时够不够逛，值不值得专门跑一趟？
10146,spot,365,description,成都的博物馆一般几点开门，几点关门啊？
10147,spot,365,description,去成都博物馆参观要门票吗，大概多少钱一张？
10148,spot,365,description,从春熙路坐地铁到成都博物馆怎么去，哪个站下？
10149,spot,365,description,带五岁小孩去成都博物馆合适吗，有没有适合小朋友的展区？
10150,spot,365,description,成都博物馆里面好玩吗，大概逛多久能逛完，值不值得专门跑一趟？
10151,spot,367,description,成都的博物馆一般几点开门关门啊？
10152,spot,367,description,去成都博物馆门票要多少钱，需要提前预约吗？
10153,spot,367,description,从春熙路怎么坐地铁去四川博物院？
10154,spot,367,description,带5岁小孩去成都自然博物馆合适吗，有没有亲子互动项目？
10155,spot,367,description,金沙遗址博物馆好玩吗，大概逛多久能看完？
10156,spot,365,cultural_context,三农博物馆几点开门？需要提前预约吗？
10157,spot,365,cultural_context,去三农博物馆要门票不？大概多少钱一张？
10158,spot,365,cultural_context,三农博物馆具体在成都哪个位置？坐地铁或者公交怎么过去方便？
10159,spot,365,cultural_context,带家里小孩去三农博物馆逛一圈大概要多久？里面有没有适合小朋友互动体验的东西？
10160,spot,365,cultural_context,网上看三农博物馆评价咋样？主要看哪些展品？值不值得专门跑一趟？
10161,spot,367,travel_tips,这个商场几点开门关门啊？我们想上午去逛一圈，时间够不够？
10162,spot,367,travel_tips,去招商花园城那个地方要买门票不？大概多少钱一张？
10163,spot,367,travel_tips,请问从地铁站怎么过去方便？开车的话好停车吗？
10164,spot,367,travel_tips,带5岁娃去玩两个小时够不够？里面有没有适合小孩的项目？
10165,spot,367,travel_tips,周末去会不会人挤人？值不值得专门跑一趟？
10166,spot,367,cultural_context,森邻奇境自然博物馆早上几点开门？门票多少钱一张？
10167,spot,367,cultural_context,这个博物馆具体在成都哪个位置？坐地铁或者公交怎么过去方便？
10168,spot,367,cultural_context,里面好玩吗？大概能逛多久？有没有那种沉浸式的互动体验？
10169,spot,367,cultural_context,带五岁小孩去合适吗？会不会太枯燥或者太拥挤？
10170,spot,367,cultural_context,听说它是新开的，现在去人多不多？值不值得专门跑一趟？
10171,spot,368,description,成都那些科教文化场所一般几点开门关门？
10172,spot,368,description,带娃去科教文化场馆耍，门票好多钱一张？
10173,spot,368,description,从春熙路咋个坐车到成都科技馆或者博物馆？
10174,spot,368,description,成都哪个科教文化场所最好玩，适合情侣约会不？
10175,spot,368,description,带6岁小朋友去成都自然博物馆合适吗？里面能逛多久？
10176,spot,368,travel_tips,请问这个景点几点开门？免费的话要不要预约？
10177,spot,368,travel_tips,从市区坐公交219路去洛带古镇大概要多久？自驾方便停车吗？
10178,spot,368,travel_tips,这个地方带小孩去逛合适吗？大概能玩一个小时左右？
10179,spot,368,travel_tips,洛带古镇平时人是不是也很多？周末去会不会挤得不行？
10180,spot,368,travel_tips,里面能抽烟吗？有没有什么特别推荐的看点或者玩法？
10181,spot,368,cultural_context,洛带古镇那个客家民俗博物馆几点开门关门哇？
10182,spot,368,cultural_context,去客家民俗博物馆门票好多钱一张，有没有优惠？
10183,spot,368,cultural_context,从成都市区咋个坐车到洛带古镇的客家博物馆哦？
10184,spot,368,cultural_context,带6岁娃儿去客家民俗博物馆耍，有没得啥子互动体验，值不值得跑一趟？
10185,spot,368,cultural_context,这个客家博物馆里头主要看些啥子，跟洛带古镇其他景点比好不好耍？
10186,spot,375,description,成都的博物馆一般几点开门关门啊？
10187,spot,375,description,去成都博物馆要门票不，大概多少钱一张？
10188,spot,375,description,从春熙路怎么坐车去成都博物馆最方便？
10189,spot,375,description,成都博物馆里有什么好玩的，值不值得专门跑一趟？
10190,spot,375,description,带五岁小孩去成都博物馆合适吗，里面有没有适合小朋友看的？
10191,spot,375,travel_tips,这个博物馆周末开不开门？大概能逛多久？
10192,spot,375,travel_tips,进去要买门票不？还是免费随便进？
10193,spot,375,travel_tips,坐地铁4号线到杨柳河站下车后，走路过去远不远？
10194,spot,375,travel_tips,带5岁小孩去逛合适吗，里面有没有啥好玩的？
10195,spot,375,travel_tips,校外的人进去是不是要登记？登记麻烦不？
10196,spot,375,cultural_context,川藏公路博物馆几点开门，需要提前预约吗？
10197,spot,375,cultural_context,门票好多钱一张，有没有学生票或者免费政策？
10198,spot,375,cultural_context,这个博物馆在成都哪个位置，坐地铁或者公交怎么去方便？
10199,spot,375,cultural_context,带娃娃去逛合适不？里面有没有互动体验或者适合小朋友看的东西？
10200,spot,375,cultural_context,里面主要看些啥子，大概要逛多久，值不值得专门跑一趟？
10201,spot,378,description,成都的博物馆一般几点开门，几点关门啊？
10202,spot,378,description,去成都博物馆门票多少钱，需要提前预约吗？
10203,spot,378,description,从春熙路坐地铁怎么去成都博物馆，大概要多久？
10204,spot,378,description,成都博物馆里面好玩吗，有没有特别值得看的展品？
10205,spot,378,description,带五六岁的小孩去成都博物馆合适吗，有没有互动体验区？
10206,spot,378,travel_tips,请问周末去参观的话会不会很多人？大概要逛多久啊？
10207,spot,378,travel_tips,工作日去这个博物馆要买门票吗？需要提前预约不？
10208,spot,378,travel_tips,从成都市区坐地铁或者公交怎么到那边最方便？
10209,spot,378,travel_tips,带五岁的小孩去合适吗？里面有没有互动或者适合小朋友看的东西？
10210,spot,378,travel_tips,除了看文物标本，校园里还有啥好逛的？大概能玩半天吗？
10211,spot,378,cultural_context,请问这个中医药博物馆几点开门呀？需要提前预约吗？
10212,spot,378,cultural_context,门票多少钱一张？学生或者老人有优惠吗？
10213,spot,378,cultural_context,这个馆在成都哪个位置？坐地铁或者公交怎么过去方便？
10214,spot,378,cultural_context,带小学三年级的小孩去逛合适吗？里面有没有互动体验或者讲解？
10215,spot,378,cultural_context,去那儿逛大概要花多长时间？里面展品有意思吗，值不值得专门跑一趟？
10216,spot,382,description,成都的博物馆一般几点开门和关门啊？
10217,spot,382,description,去成都博物馆要门票吗，大概多少钱一张？
10218,spot,382,description,从春熙路怎么坐车去成都博物馆最方便？
10219,spot,382,description,带5岁小孩去成都博物馆合适吗，里面有什么好玩的？
10220,spot,382,description,成都博物馆值得逛吗，大概要花多长时间能看完？
10221,spot,382,travel_tips,这个馆几点开门？逛一圈大概要多久？
10222,spot,382,travel_tips,门票多少钱？还是免费随便进？
10223,spot,382,travel_tips,从成都市区怎么过去方便？坐公交还是自驾？
10224,spot,382,travel_tips,里面展品多不多？带娃去逛有意思吗？
10225,spot,382,travel_tips,听说周一闭馆？平时去会不会扑空？
10226,spot,387,description,成都的博物馆一般几点开门，几点闭馆啊？
10227,spot,387,description,去成都博物馆门票要多少钱，需要提前预约吗？
10228,spot,387,description,成都博物馆在哪个位置，坐地铁几号线能到？
10229,spot,387,description,带5岁小孩去成都博物馆合适吗，里面有没有适合小朋友玩的项目？
10230,spot,387,description,成都博物馆好玩吗，值不值得专门跑一趟，大概逛多久能逛完？
10231,spot,384,description,成都的博物馆一般几点开门关门？周末和平时时间一样吗？
10232,spot,384,description,去成都博物馆要提前买票不？门票多少钱一张，老人和小孩有没有优惠？
10233,spot,384,description,从春熙路坐地铁怎么去成都博物馆？大概要多久？
10234,spot,384,description,成都博物馆里面好玩吗？值不值得专门去逛一趟？
10235,spot,384,description,带5岁的小朋友去成都博物馆合适不？有没有适合亲子的互动展区？
10236,spot,384,cultural_context,郫都区博物馆几点开门？门票要多少钱？
10237,spot,384,cultural_context,从成都市区坐地铁或公交怎么去郫都区博物馆？方便吗？
10238,spot,384,cultural_context,带小孩去郫都区博物馆好玩吗？里面除了青铜器还有啥互动项目？
10239,spot,384,cultural_context,郫都区博物馆大概能逛多久？有哪些必看的镇馆之宝？
10240,spot,384,cultural_context,博物馆里真的能看豆瓣酱制作吗？有没有现场试吃或体验活动？
10241,spot,384,travel_tips,郫都区博物馆上午几点开门？逛一圈大概要多久？
10242,spot,384,travel_tips,这个博物馆和望丛祠是挨着的吗？门票好多钱一张？
10243,spot,384,travel_tips,带娃去郫都区博物馆耍半天的行程合适不？娃娃会不会觉得无聊？
10244,spot,384,travel_tips,坐地铁咋个去郫都区博物馆？下车后要走多远？
10245,spot,384,travel_tips,听说周一闭馆，那周末去人多不多？值不值得专程跑一趟？
10246,spot,382,cultural_context,龙泉驿区博物馆几点开门，下午去来得及不？
10247,spot,382,cultural_context,门票多少钱一张，老人和小孩有优惠吗？
10248,spot,382,cultural_context,从市中心坐地铁怎么去龙泉驿区博物馆，大概要多久？
10249,spot,382,cultural_context,里面展品多不多，带小学低年级娃去能看懂吗，会不会觉得无聊？
10250,spot,382,cultural_context,网上评价说这个博物馆值不值得专门跑一趟，跟洛带古镇离得近不近，可以一起逛吗？
10251,spot,397,travel_tips,请问上午去好还是下午去好？一般逛多久能逛完？
10252,spot,397,travel_tips,门票多少钱啊？需要提前在网上买吗？
10253,spot,397,travel_tips,这个地方具体在哪儿？坐地铁或者公交方便吗？
10254,spot,397,travel_tips,里面除了看还有什么好玩的？能自己动手拼榫卯吗？
10255,spot,397,travel_tips,带五岁小孩去合适不？有没有那种亲子互动的体验项目？
10256,spot,397,description,成都的博物馆一般几点开门关门啊？
10257,spot,397,description,去成都博物馆参观要门票不？大概多少钱一张？
10258,spot,397,description,从春熙路怎么坐车去成都博物馆？
10259,spot,397,description,成都博物馆带孩子去逛合适吗？里面有没有互动体验？
10260,spot,397,description,成都博物馆好玩吗？大概逛多久能看完？
10261,spot,397,cultural_context,这个榫卯主题展馆早上几点开门？下午最晚几点能进去？
10262,spot,397,cultural_context,门票多少钱一张？老人和小孩有优惠吗？
10263,spot,397,cultural_context,这个展馆在成都哪个位置？坐地铁几号线能到，下车后好找吗？
10264,spot,397,cultural_context,里面主要是看木头模型还是能动手玩？带6岁娃去会不会觉得无聊？
10265,spot,397,cultural_context,网上评价怎么样？大概逛多久能逛完，值不值得专门跑一趟？
10266,spot,387,cultural_context,崇州市博物馆几点开门关门？门票要钱不？
10267,spot,387,cultural_context,这个博物馆在哪儿哦，坐公交或者开车怎么去方便？
10268,spot,387,cultural_context,里头主要看些啥子嘛，除了汉代文物和宋代瓷器，逛一圈大概要好久？
10269,spot,387,cultural_context,带五岁娃儿去逛合适不？有没有啥子互动或者适合小娃娃看的东西？
10270,spot,387,cultural_context,网上评价咋样？值不值得专门跑一趟，跟成都市区那些大博物馆比有啥子特色？
10271,spot,387,travel_tips,请问这个博物馆几点开门关门？是不是只有周末才开放？
10272,spot,387,travel_tips,这个馆门票好多钱？需不需要提前买票，还是直接拿身份证就能进？
10273,spot,387,travel_tips,这个地方具体在崇州哪个位置？如果从成都市区过去坐啥子车方便？
10274,spot,387,travel_tips,带五岁娃儿去逛合适不？里面有没有啥子不能碰或者要安静的地方？
10275,spot,387,travel_tips,听说跟罨画池挨到起的，那这两个地方一起耍大概要花多长时间？值不值得专门跑一趟？
10276,spot,401,description,成都的博物馆一般几点开门关门啊？
10277,spot,401,description,去成都博物馆要门票吗，大概多少钱一张？
10278,spot,401,description,从春熙路怎么坐车去成都博物馆，方便吗？
10279,spot,401,description,带5岁小孩去成都博物馆合适不，里面有没有互动体验？
10280,spot,401,description,成都博物馆好玩吗，值不值得专门花半天去逛？
10281,spot,401,cultural_context,蜀绣博物馆几点开门？需要提前预约吗？
10282,spot,401,cultural_context,去看蜀绣展门票多少钱一张？老人和小孩有优惠吗？
10283,spot,401,cultural_context,从春熙路坐地铁怎么去蜀绣博物馆？大概要多久？
10284,spot,401,cultural_context,带6岁小孩去看蜀绣合适吗？有没有互动体验或者讲解活动？
10285,spot,401,cultural_context,里面除了看绣品，还有没有现场绣娘表演或者可以自己动手试试？值得专门跑一趟不？
10286,spot,404,description,成都的博物馆一般几点开门关门啊？
10287,spot,404,description,去成都博物馆要门票吗，多少钱一张？
10288,spot,404,description,从春熙路怎么坐车去成都博物馆？
10289,spot,404,description,带5岁小孩去成都博物馆合适吗，有没有亲子活动？
10290,spot,404,description,成都博物馆里好玩吗，大概逛多久能看完？
10291,spot,401,travel_tips,蜀绣博物馆几点开门喃？大概要逛好久哦？
10292,spot,401,travel_tips,这个刺绣馆门票好多钱？免费不？需不需要提前预约？
10293,spot,401,travel_tips,坐地铁咋个去那边？下车后走路远不远？
10294,spot,401,travel_tips,里面刺绣展品好不好看？值不值得专门跑一趟？
10295,spot,401,travel_tips,带五岁娃儿进去合适不？娃娃会不会觉得无聊，能摸那些绣品不？
10296,spot,404,travel_tips,周末去大概要逛多久啊？会不会人特别多？
10297,spot,404,travel_tips,这个地方是免费进的吗？里面那些糖画、竹编体验是不是都要另外收钱？
10298,spot,404,travel_tips,具体在哪个位置哦？坐地铁或者公交方便到不？
10299,spot,404,travel_tips,带家里小孩去玩合适不？有没有那种可以动手做的项目？
10300,spot,404,travel_tips,网上评价怎么样？值不值得专门跑一趟，大概能玩出什么花样来？
10301,spot,404,cultural_context,你们那儿几点开门关门哇？
10302,spot,404,cultural_context,门票好多钱一张？娃娃要不要票？
10303,spot,404,cultural_context,从春熙路咋个坐车过去方便哦？
10304,spot,404,cultural_context,里头除了看蜀绣和竹编，有没有可以自己动手耍的？
10305,spot,404,cultural_context,带五岁娃儿去逛一圈，大概要耍好久？值不值得专门跑一趟？
10306,spot,409,travel_tips,下午去的话光线好是啥意思？大概几点去比较合适？
10307,spot,409,travel_tips,这个地方门票好多钱？需不需要提前预约？
10308,spot,409,travel_tips,新都区这个景点咋个走？坐地铁方便不？
10309,spot,409,travel_tips,里面主要看些啥子？逛一个小时够不够哦？
10310,spot,409,travel_tips,带五岁娃儿去合适不？有没有啥子娃儿能耍的？
10311,spot,409,description,成都的博物馆一般几点开门关门啊？
10312,spot,409,description,去成都博物馆门票要多少钱，需要提前预约吗？
10313,spot,409,description,成都博物馆在哪个位置，坐地铁怎么过去方便？
10314,spot,409,description,带5岁小孩去成都博物馆玩合适吗，里面有没有互动体验？
10315,spot,409,description,成都博物馆里面展品多不多，大概逛多久能看完，值不值得去？
10316,spot,409,cultural_context,这个博物馆每天几点开门啊？门票多少钱一张？
10317,spot,409,cultural_context,位置在哪儿？坐地铁或者公交怎么去最方便？
10318,spot,409,cultural_context,里面主要看啥子？就是些老家具和木雕哇？大概逛多久能看完？
10319,spot,409,cultural_context,带5岁娃儿去合适不？会不会太闷，有没有互动或者体验榫卯的地方？
10320,spot,409,cultural_context,网上评价咋样？值不值得专门跑一趟，还是顺路看看就行？
10321,spot,413,description,成都那些有名的景点一般几点开门？我想早上早点去避开人流。
10322,spot,413,description,去都江堰或者青城山玩一趟大概要花多少钱？门票和交通都算上。
10323,spot,413,description,从春熙路怎么去大熊猫繁育研究基地最方便？坐地铁还是打车快？
10324,spot,413,description,带5岁的小孩去成都玩，哪些景点比较合适？有没有亲子友好的路线？
10325,spot,413,description,宽窄巷子和锦里哪个更好玩？第一次去成都值得专门去一趟吗？
10326,spot,413,travel_tips,这个景点几点开门？游览大概要多久？
10327,spot,413,travel_tips,门票要钱吗？是免费开放的吗？
10328,spot,413,travel_tips,这个地方在青白江哪个位置？不自驾的话方便过去吗？
10329,spot,413,travel_tips,那里好玩吗？值不值得专门跑一趟？
10330,spot,413,travel_tips,带小孩去合适吗？可以和城厢古镇一起逛吗？
10331,spot,417,description,成都的博物馆一般几点开门关门啊？
10332,spot,417,description,去成都博物馆门票要多少钱，需要提前预约吗？
10333,spot,417,description,成都博物馆怎么去最方便，坐地铁哪站下？
10334,spot,417,description,带小孩去成都博物馆逛，有没有适合小朋友的互动项目？
10335,spot,417,description,成都博物馆好玩吗，值不值得专门花半天去逛一圈？
10336,spot,417,travel_tips,请问这个地方周末人多不多，几点去比较合适？
10337,spot,417,travel_tips,这里门票多少钱，是免费随便进的吗？
10338,spot,417,travel_tips,坐地铁或者公交怎么到天府花城市场那边？
10339,spot,417,travel_tips,带小孩去逛大概能玩多久，适合亲子游吗？
10340,spot,417,travel_tips,这个地方到底好不好玩，主要看什么内容？
10341,spot,413,cultural_context,这个展馆每天几点开门，闭馆时间是好久？需要提前预约吗？
10342,spot,413,cultural_context,门票好多钱一张？老人和小孩有没有优惠，或者免费政策？
10343,spot,413,cultural_context,这个地方具体在成都哪个位置哦？坐地铁或者公交咋个去最方便？
10344,spot,413,cultural_context,里面主要看些啥子嘛？除了看国宴餐具和礼仪展示，有没有互动体验或者讲解服务？
10345,spot,413,cultural_context,带5岁的小朋友去合适不？会不会觉得无聊，有没有专门给娃娃看的或玩的内容？
10346,spot,417,cultural_context,这个博物馆的开放时间是几点到几点？需要提前预约吗？
10347,spot,417,cultural_context,门票多少钱一张？学生或者老年人有优惠吗？
10348,spot,417,cultural_context,具体位置在成都哪里？坐地铁或公交方便吗？
10349,spot,417,cultural_context,里面主要展什么石头？大概逛多久比较合适？
10350,spot,417,cultural_context,带5岁小孩去有意思吗？有没有互动或讲解服务？
10351,spot,419,description,成都那些科教文化场所一般几点开门哦？
10352,spot,419,description,去这种科教文化场所门票大概多少钱一张？
10353,spot,419,description,请问成都的科教文化场所都在哪些位置，怎么坐车过去方便？
10354,spot,419,description,带小孩去科教文化场所玩合适吗，有没有互动体验的项目？
10355,spot,419,description,成都的科教文化场所里面好玩吗，值不值得专门去逛一趟？
10356,spot,419,travel_tips,这个地方几点开门，关门时间是好久哦？
10357,spot,419,travel_tips,去那边耍要不要门票，免费的话停车方便不？
10358,spot,419,travel_tips,从成都市区咋个过去最方便，坐公交能到不？
10359,spot,419,travel_tips,带五岁娃儿去那边逛一个小时够不够，有没有啥子好耍的？
10360,spot,419,travel_tips,那边农家乐味道咋样，值不值得专门跑一趟去耍？
10361,spot,423,description,成都的博物馆一般几点开门？需要提前预约吗？
10362,spot,423,description,去成都博物馆门票好多钱一张？有没有免费开放的日子？
10363,spot,423,description,成都哪个博物馆最适合带娃去耍？里面有没有互动体验项目？
10364,spot,423,description,从春熙路咋个坐地铁或公交去成都博物馆？大概要坐好久？
10365,spot,423,description,金沙遗址博物馆和成都博物馆哪个更好耍？主要看些啥子？
10366,spot,423,cultural_context,益园民俗博物馆早上几点开门？需要提前预约吗？
10367,spot,423,cultural_context,去益园民俗博物馆的门票多少钱一张？老人和小孩有没有优惠？
10368,spot,423,cultural_context,益园民俗博物馆具体位置在哪儿？坐地铁或者公交怎么过去方便？
10369,spot,423,cultural_context,带5岁的小朋友去益园民俗博物馆逛，有没有互动体验或者适合孩子玩的东西？
10370,spot,423,cultural_context,益园民俗博物馆里面大不大？大概逛多久能逛完，值不值得专门跑一趟？
10371,spot,426,description,成都的博物馆一般几点开门关门啊？
10372,spot,426,description,去成都博物馆门票要多少钱，需要提前预约吗？
10373,spot,426,description,从春熙路坐地铁怎么去成都博物馆，大概要多久？
10374,spot,426,description,成都博物馆里有什么好玩的，值不值得专门去逛一趟？
10375,spot,426,description,带五岁的小孩去成都博物馆合适吗，里面有没有适合小朋友互动的地方？
10376,spot,419,cultural_context,你们那个老龙大队公社几点开门喃？门票好多钱一个人？
10377,spot,419,cultural_context,这个老龙大队在成都哪个位置哦？坐公交或者地铁咋个去方便？
10378,spot,419,cultural_context,里面是不是就是看些老农具和票证嘛，带起娃儿去逛会不会太无聊，有没有啥子互动体验？
10379,spot,419,cultural_context,周末想带爸妈去怀旧一下，那边耍下来大概要多久？除了看展览还有没有其他好耍的？
10380,spot,419,cultural_context,网上评价说这个公社复原得像不像嘛？值不值得专门跑一趟？
10381,spot,423,travel_tips,周末上午去郫都区那边，一般几点开门哦？游览一两个小时够不够？
10382,spot,423,travel_tips,郫都区这些民间收藏的展馆门票大概多少钱啊？有没有免费的时候？
10383,spot,423,travel_tips,从成都市区坐地铁或者公交怎么去郫都区那个民俗收藏点？方便吗？
10384,spot,423,travel_tips,那边主要是看些什么东西呀？好玩吗？带家里老人去会不会觉得有意思？
10385,spot,423,travel_tips,带5岁小孩去合适不？会不会太枯燥，还是说里面有些老物件小孩也会感兴趣？
10386,spot,426,travel_tips,金堂县那边一般几点开门啊，上午去会不会太早？
10387,spot,426,travel_tips,去金堂县和沱江小三峡要门票不，大概多少钱一个人？
10388,spot,426,travel_tips,从成都市区怎么坐车去金堂县，方便吗？
10389,spot,426,travel_tips,带小孩去金堂县看沱江小三峡好玩不，有没有啥适合小朋友的活动？
10390,spot,426,travel_tips,金堂县那个地方逛起来累不累，上午去大概能玩多久？
10391,spot,429,description,成都那些有名的景点一般几点开门关门啊？
10392,spot,429,description,去武侯祠和杜甫草堂玩一圈，门票大概要花多少钱？
10393,spot,429,description,从春熙路怎么坐车去都江堰景区，方便吗？
10394,spot,429,description,带5岁小孩去成都动物园和大熊猫基地，哪个更合适？
10395,spot,429,description,青城山和宽窄巷子哪个更值得玩？会不会太商业化？
10396,spot,429,cultural_context,彭州那个中医药博物馆几点开门啊？门票贵不贵？
10397,spot,429,cultural_context,请问这个博物馆具体在彭州哪个位置？坐公交或者打车方便吗？
10398,spot,429,cultural_context,带家里老人和小孩去逛这个中医药博物馆合适不？里面有没有互动体验？
10399,spot,429,cultural_context,这个博物馆主要看啥子嘛？除了看药材标本，有没有现场炮制表演或者能动手玩的项目？
10400,spot,429,cultural_context,网上评价咋样？值不值得专门跑一趟去看，大概要逛多久？
10401,spot,426,cultural_context,这个沱江流域的科普基地每天几点开门？需要买门票吗，大概多少钱？
10402,spot,426,cultural_context,请问这个地方具体在成都哪个位置？坐地铁或者公交怎么过去最方便？
10403,spot,426,cultural_context,里面主要是看展板还是有好玩的水景互动？带孩子去逛大概能玩多久，适合幼儿园小朋友吗？
10404,spot,426,cultural_context,这个基地是不是就是讲沱江历史的？有没有实景模型或者坐船体验，会不会很枯燥？
10405,spot,426,cultural_context,网上评价说这里适合拍照和涨知识，周末去人多不多？需要提前预约吗？
10406,spot,432,description,成都的博物馆一般几点开门，几点关门啊？
10407,spot,432,description,去成都博物馆门票要多少钱，需要提前预约吗？
10408,spot,432,description,从春熙路怎么坐地铁或者公交去成都博物馆？
10409,spot,432,description,成都博物馆里面好玩吗？带6岁的小朋友去合适不？
10410,spot,432,description,成都博物馆主要展什么？大概要逛多久能看完？
10411,spot,429,travel_tips,彭州那个中药展示馆一般几点开门，关门早不早？
10412,spot,429,travel_tips,去彭州看中药炮制要门票不，大概多少钱一个人？
10413,spot,429,travel_tips,从成都市区咋个坐车到彭州那个中药馆，方便不？
10414,spot,429,travel_tips,带娃娃去彭州看中药炮制合适不，娃儿会不会觉得无聊？
10415,spot,429,travel_tips,彭州那个中药馆里头除了看炮制，有没有可以动手体验或者买点养生茶的地方？
10416,spot,432,travel_tips,大邑县那边几点开门啊，去晚了会不会就看不成了？
10417,spot,432,travel_tips,自驾过去方便吗，停车费贵不贵，大概要开多久？
10418,spot,432,travel_tips,带小孩去看唐卡合适不，孩子会不会觉得无聊或者不小心吵到别人？
10419,spot,432,travel_tips,那边除了看唐卡还能玩点啥，一个小时够不够，会不会太赶？
10420,spot,432,travel_tips,门票多少钱一张，里面哪些地方不能拍照，有没有人管得严？
10421,spot,432,cultural_context,请问仁源物语唐卡博物馆每天几点开门，闭馆时间是啥时候？
10422,spot,432,cultural_context,去这个博物馆要门票不，大概多少钱一张？
10423,spot,432,cultural_context,仁源物语唐卡博物馆在成都哪个位置啊，坐地铁或者公交怎么去方便？
10424,spot,432,cultural_context,里面唐卡多不多，逛一圈大概要多久，值不值得专门跑一趟？
10425,spot,432,cultural_context,带家里老人和小孩去合适吗，会不会看不懂或者里面太安静待不住？
10426,spot,434,cultural_context,这个‘成就篇’展馆几点开门，需要预约吗？
10427,spot,434,cultural_context,门票多少钱一张，老人和小孩有优惠不？
10428,spot,434,cultural_context,这个展馆在龙泉驿具体哪个位置，坐地铁怎么过去方便？
10429,spot,434,cultural_context,里面主要是看图片展板还是有什么互动体验，逛一圈大概要多久？
10430,spot,434,cultural_context,带5岁娃去合适不，会不会太枯燥，有没有讲解员或小游戏？
10431,spot,434,description,成都那些有名的景点一般几点开门关门啊？想安排一天逛几个地方，怕时间来不及。
10432,spot,434,description,去武侯祠、宽窄巷子这些地方门票大概多少钱？有没有套票或者学生票优惠？
10433,spot,434,description,从春熙路怎么坐地铁或者公交去都江堰景区最方便？大概要多久？
10434,spot,434,description,带6岁小孩去成都玩，哪些景点比较适合亲子游？有没有不太累又好玩的地方推荐？
10435,spot,434,description,青城山和都江堰哪个更值得去？网上评价都说好，但一天只能选一个，能帮我分析下吗？
10436,spot,434,travel_tips,龙泉驿那边那个桃花故里和洛带古镇一起逛大概要多久啊？一个小时够不够？
10437,spot,434,travel_tips,去龙泉驿看桃花那个地方，门票多少钱一个人？小孩子要买票不？
10438,spot,434,travel_tips,从成都市里坐地铁或者公交怎么去龙泉驿的桃花故里啊？下车后还要走很远吗？
10439,spot,434,travel_tips,龙泉驿那个展览馆值得专门跑一趟吗？还是说顺便逛逛就行？里面主要看啥？
10440,spot,434,travel_tips,带五岁的小孩去洛带古镇和桃花故里玩，会不会太无聊？有没有适合小朋友玩的东西？
10441,spot,439,description,成都那些科教文化场所一般几点开门关门哇？
10442,spot,439,description,去这种科教文化场所耍一趟门票大概要好多钱？
10443,spot,439,description,成都的科教文化场所有哪些适合带娃儿去长见识的？
10444,spot,439,description,从春熙路咋个坐车到成都的科教文化场所哦？
10445,spot,439,description,成都的科教文化场所里头哪个最好耍，值不值得专门跑一趟？
10446,spot,441,description,成都的博物馆一般几点开门关门啊？
10447,spot,441,description,去成都博物馆要门票不，大概多少钱一张？
10448,spot,441,description,从春熙路坐地铁怎么去成都博物馆，哪个站下？
10449,spot,441,description,带五岁小孩去成都博物馆有适合的展区或者活动吗？
10450,spot,441,description,成都博物馆里面好玩吗，大概要逛几个小时才够？
10451,spot,441,travel_tips,这个馆几点开门？是免费随便进还是要预约？
10452,spot,441,travel_tips,里面主要玩些啥？大概逛多久比较合适？
10453,spot,441,travel_tips,带五岁小孩去有互动项目吗？适合亲子家庭不？
10454,spot,441,travel_tips,这地方在成都哪个位置？坐地铁或者公交怎么过去方便？
10455,spot,441,travel_tips,周一闭馆的话，那周末去人多不？值不值得专门跑一趟？
10456,spot,439,travel_tips,周末下午去的话大概几点能到？风筝制作体验是免费的吗？
10457,spot,439,travel_tips,这个地方门票收多少钱？坐地铁过去方便吗，具体哪站下？
10458,spot,439,travel_tips,带5岁小孩去合适吗？玩一个小时够不够，会不会很无聊？
10459,spot,439,travel_tips,那里除了看风筝，有没有可以动手做或者买纪念品的地方？
10460,spot,439,travel_tips,听说周末有亲子活动，具体是几点开始？需要提前预约吗？
10461,spot,439,cultural_context,崇州风筝那个非遗馆几点开门？去之前要不要预约？
10462,spot,439,cultural_context,带小孩去崇州风筝馆玩合适吗？里面有没有可以动手体验的扎风筝活动？
10463,spot,439,cultural_context,崇州风筝馆门票多少钱一张？老人和小孩有优惠不？
10464,spot,439,cultural_context,这个风筝馆具体在崇州哪个位置？坐公交或者打车怎么过去方便？
10465,spot,439,cultural_context,里面除了看沙燕和龙形风筝，还有啥好玩的？大概逛多久能逛完？
10466,spot,445,description,成都的博物馆一般几点开门关门啊？
10467,spot,445,description,去成都博物馆要门票不，大概多少钱一张？
10468,spot,445,description,成都博物馆具体在哪个位置，坐地铁怎么过去方便？
10469,spot,445,description,带5岁小孩去成都博物馆合适吗，里面有没有适合小朋友玩的？
10470,spot,445,description,成都博物馆好玩吗，值不值得专门花半天去逛一圈？
10471,spot,441,cultural_context,这个博物馆几点开门，最晚几点进去？
10472,spot,441,cultural_context,门票多少钱一张，老人和小孩有优惠吗？
10473,spot,441,cultural_context,从春熙路坐地铁或者公交怎么过去方便？
10474,spot,441,cultural_context,里面除了看农具，有没有可以动手体验或者互动的地方，好玩吗？
10475,spot,441,cultural_context,带5岁小孩去逛合适不，会不会觉得无聊？
10476,spot,451,description,成都那些有名的景点一般几点开门关门啊？
10477,spot,451,description,去成都旅游，热门景点门票大概要花多少钱？
10478,spot,451,description,从春熙路怎么坐车去都江堰景区，方便吗？
10479,spot,451,description,成都市区有没有适合带小孩玩一天还不累的景点？
10480,spot,451,description,宽窄巷子和锦里哪个更好玩，本地人更推荐去哪个？
10481,spot,445,cultural_context,乌木博物馆早上几点开门？门票大概多少钱一张？
10482,spot,445,cultural_context,这个乌木博物馆具体在成都哪个位置？坐地铁或者公交怎么过去方便？
10483,spot,445,cultural_context,里面那些巨型乌木雕刻看着震撼不？大概逛一圈要多久，好玩吗？
10484,spot,445,cultural_context,带5岁小孩去乌木博物馆合适不？有没有互动或者讲解适合小朋友的？
10485,spot,445,cultural_context,周末去乌木博物馆人多不多？需要提前网上订票吗，还是现场买就行？
10486,spot,445,travel_tips,乌木博物馆下午去是不是要好些？大概要逛多久哦？
10487,spot,445,travel_tips,门票好多钱一张？六十块值不值哦？
10488,spot,445,travel_tips,这个博物馆在成都哪个位置哦？坐地铁方便不？
10489,spot,445,travel_tips,里面是不是很冷啊？带娃儿去耍要不要多穿件衣服？
10490,spot,445,travel_tips,听说里面光线暗，上午去跟下午去看起有啥子区别嘛？
10491,spot,451,travel_tips,上午去安仁古镇大概要逛多久啊？一个小时够不够？
10492,spot,451,travel_tips,安仁古镇那个通票多少钱一张？包含刘氏庄园和袍哥楼吗？
10493,spot,451,travel_tips,袍哥楼在古镇哪个位置？需要单独买票进去看吗？
10494,spot,451,travel_tips,石板路下雨天是不是很滑？带老人和小孩去走起来安全吗？
10495,spot,451,travel_tips,从成都市区怎么坐车去安仁古镇方便？大概要多久？
10496,spot,452,travel_tips,安仁古镇那个老街大概几点开门喃？早上早点去人少不？
10497,spot,452,travel_tips,这个景点要单独买门票不？还是说逛古镇就顺路看了？
10498,spot,452,travel_tips,从成都市区咋个坐车过去方便？地铁能到不？
10499,spot,452,travel_tips,带五岁娃儿去逛合适不？有没有啥子要注意的？
10500,spot,452,travel_tips,这个地方跟刘氏庄园、建川博物馆离得近不？一天耍得完不？
10501,spot,452,description,成都那些热门景点一般几点开门关门？我想安排一天逛几个地方，怕时间赶不上。
10502,spot,452,description,去都江堰或者青城山玩，门票大概多少钱一张？网上买和现场买价格差得多吗？
10503,spot,452,description,从春熙路怎么坐车去熊猫基地最方便？是坐地铁还是景区直通车更快？
10504,spot,452,description,带5岁小孩去成都玩，除了熊猫基地和动物园，还有哪些景点比较适合亲子游？
10505,spot,452,description,武侯祠和锦里到底好不好玩？值不值得专门花半天时间去逛一圈？
10506,spot,451,cultural_context,袍哥楼几点开门关门哇？去的话要不要门票，大概多少钱一个人？
10507,spot,451,cultural_context,请问袍哥楼在安仁古镇哪个位置哦？从成都市区坐车过去方便吗？
10508,spot,451,cultural_context,带家里老人和小孩去袍哥楼逛一圈合适不？里面主要看啥子，有没有讲解？
10509,spot,451,cultural_context,袍哥楼好不好耍？跟建川博物馆比起来哪个更值得先去？
10510,spot,451,cultural_context,袍哥楼里面让不让拍照？一般逛完要花多长时间，附近好不好停车？
10511,spot,452,cultural_context,南华宫早上几点开门？下午关门时间是多少？
10512,spot,452,cultural_context,去南华宫要买门票吗？大概多少钱一张？
10513,spot,452,cultural_context,南华宫具体在安仁古镇哪个位置？从古镇主街走过去怎么走？
10514,spot,452,cultural_context,带家里老人和小孩去南华宫逛一圈合适吗？里面会不会很无聊？
10515,spot,452,cultural_context,南华宫里面主要看什么呀？除了看老建筑，有没有讲解或者互动体验？
10516,spot,454,description,成都那些热门景点一般几点开门关门啊？
10517,spot,454,description,去都江堰和青城山玩，门票分别多少钱？
10518,spot,454,description,从春熙路怎么坐车去大熊猫繁育研究基地？
10519,spot,454,description,带5岁小孩去成都，哪些景点比较合适不累？
10520,spot,454,description,宽窄巷子和锦里哪个更好玩，值不值得专门去一趟？
10521,spot,454,travel_tips,安仁古镇那个公馆上午几点开门啊？逛一圈大概要多久？
10522,spot,454,travel_tips,单独买一张公馆的门票划不划算？还是说必须买联票才值？
10523,spot,454,travel_tips,带娃去安仁古镇的公馆逛，大概多长时间能看完，孩子会不会觉得无聊？
10524,spot,454,travel_tips,这个公馆里头让不让抽烟？我听说老建筑管得严，是真的吗？
10525,spot,454,travel_tips,去安仁古镇看公馆，从成都出发坐什么车方便？大概要多久能到？
10526,spot,454,cultural_context,刘体中公馆早上几点开门？下午关门时间是多少？
10527,spot,454,cultural_context,去刘体中公馆要门票不？大概多少钱一张？
10528,spot,454,cultural_context,刘体中公馆在成都哪个位置？坐地铁或者公交怎么过去方便？
10529,spot,454,cultural_context,里面好玩吗？大概逛多久能看完？有没有讲解或者展览？
10530,spot,454,cultural_context,带家里老人和小孩去刘体中公馆合适不？里面会不会很累人？
10531,spot,455,travel_tips,黄龙溪古镇晚上几点去比较好？逛一圈大概要多久？
10532,spot,455,travel_tips,去黄龙溪古镇要门票不？里面的月亭是免费随便进的吗？
10533,spot,455,travel_tips,月亭具体在黄龙溪古镇哪个位置？从正门走过去远不远？
10534,spot,455,travel_tips,夏天傍晚带娃去月亭乘凉看夜景怎么样？蚊子多不多，有啥要注意的？
10535,spot,455,travel_tips,黄龙溪古镇那个月亭好玩吗？主要是看什么景色，值不值得专门跑一趟？
10536,spot,455,description,成都那些出名的风景名胜一般几点开门关门啊？我想早点去避开人流。
10537,spot,455,description,去都江堰或者青城山这种景点，门票大概多少钱一张？有学生票或者老年票优惠吗？
10538,spot,455,description,从春熙路出发，坐地铁或者公交怎么去武侯祠和锦里最方便？大概要多久？
10539,spot,455,description,带5岁的小朋友去熊猫基地和宽窄巷子玩，合适吗？里面有没有婴儿车通道或者休息区？
10540,spot,455,description,成都周边一日游的风景名胜，像西岭雪山或者天台山，哪个更适合情侣去拍照打卡，好玩吗？
10541,spot,455,cultural_context,月亭早上几点开门，晚上几点关门呢？
10542,spot,455,cultural_context,去月亭要买门票不，大概多少钱一个人？
10543,spot,455,cultural_context,从成都市区坐啥子车能到黄龙溪的月亭，方便不？
10544,spot,455,cultural_context,月亭那边除了看亭子，还有啥子好耍的，值不值得专门跑一趟？
10545,spot,455,cultural_context,带5岁娃儿去月亭耍，有没有啥子儿童设施或者安全要注意的？
10546,spot,456,description,成都那些热门景点一般几点开门关门啊？
10547,spot,456,description,去成都旅游，门票大概要准备多少钱一个人？
10548,spot,456,description,从春熙路怎么坐车去都江堰景区，方便吗？
10549,spot,456,description,带五岁小孩去成都玩，哪些景点比较合适不累？
10550,spot,456,description,宽窄巷子和锦里哪个更好玩，值得专门去一趟吗？
10551,spot,456,travel_tips,周末去这个古镇人多不多？大概要逛多久？
10552,spot,456,travel_tips,里面那些小型游乐设施是怎么收费的？大概多少钱一个项目？
10553,spot,456,travel_tips,请问这个古镇具体在成都哪个位置？坐地铁或者公交方便过去吗？
10554,spot,456,travel_tips,带5岁小孩去玩合适吗？除了游乐设施还有没有别的可看的？
10555,spot,456,travel_tips,工作日去的话，一般几点开门几点关门？人少的时候体验怎么样？
10556,spot,456,cultural_context,黄龙溪那个古镇游乐院早上几点开门哦？
10557,spot,456,cultural_context,去古镇游乐院玩一圈大概要花多少钱，门票是单独收的不？
10558,spot,456,cultural_context,请问这个游乐院具体在黄龙溪古镇的哪个位置，好不好找？
10559,spot,456,cultural_context,带五岁的小孩去古镇游乐院合适吗，有没有适合小娃娃耍的项目？
10560,spot,456,cultural_context,从成都市区坐啥子车能到黄龙溪古镇游乐院，大概要多久？
10561,spot,461,travel_tips,贺家祠堂早上几点开门？参观大概要多久啊？
10562,spot,461,travel_tips,去贺家祠堂要门票不？大概多少钱一个人？
10563,spot,461,travel_tips,贺家祠堂在五凤溪古镇哪个位置？从古镇门口怎么走过去？
10564,spot,461,travel_tips,贺家祠堂里头有啥好看的？值不值得专门跑一趟？
10565,spot,461,travel_tips,带家里老人和小孩去贺家祠堂方便吗？里面能烧香吗？
10566,spot,461,description,成都那些有名的景点一般几点开门关门啊？
10567,spot,461,description,去成都旅游，像宽窄巷子、锦里这些地方门票要多少钱？
10568,spot,461,description,从春熙路怎么坐车去都江堰景区？大概要多久？
10569,spot,461,description,带5岁小孩去成都玩，哪些景点比较适合亲子游？
10570,spot,461,description,成都周边有没有那种人少又好玩的冷门景点，值得专门跑一趟吗？
10571,spot,461,cultural_context,贺家祠堂几点开门关门？门票多少钱一张？
10572,spot,461,cultural_context,从五凤溪古镇的游客中心怎么走到贺家祠堂？大概要走多久？
10573,spot,461,cultural_context,贺家祠堂里面大不大，带爸妈去逛合适吗？会不会很无聊？
10574,spot,461,cultural_context,贺家祠堂好玩吗？除了看老房子，里面有没有什么展览或者讲解？
10575,spot,461,cultural_context,带5岁小孩去贺家祠堂方便吗？有没有专门给小朋友看的互动内容？
10576,spot,462,travel_tips,凤池早上几点去人少？听说清晨水面倒影最好看，是真的吗？
10577,spot,462,travel_tips,凤池要门票不？大概逛多久能耍完？
10578,spot,462,travel_tips,凤池在五凤溪古镇哪个位置？从成都开车过去方便不？
10579,spot,462,travel_tips,带娃去凤池咋样？除了看水塘，周边还有啥子适合小朋友耍的？
10580,spot,462,travel_tips,凤池这个景点评价咋样？值不值得单独跑一趟，还是说顺路看看就行？
10581,spot,462,description,成都那些热门景点一般几点开门关门啊？想安排一天逛两三个地方，怕时间来不及。
10582,spot,462,description,去都江堰和青城山玩，门票大概多少钱一张？学生证或者老人有优惠吗？
10583,spot,462,description,从春熙路怎么去熊猫基地最方便？坐地铁还是打车，大概要多久？
10584,spot,462,description,带5岁小孩去成都玩，除了熊猫基地，还有哪些景点适合亲子游？会不会太累？
10585,spot,462,description,宽窄巷子和锦里哪个更好玩？晚上去是不是比白天更有意思？
10586,spot,464,description,成都那些风景名胜一般几点开门关门啊？
10587,spot,464,description,去成都玩这些景点，门票大概多少钱一张？
10588,spot,464,description,从春熙路怎么坐车去这些风景名胜，方便吗？
10589,spot,464,description,这些地方带小孩去合适吗，有没有什么亲子玩法？
10590,spot,464,description,成都的风景名胜到底好不好玩，值不值得专门跑一趟？
10591,spot,462,cultural_context,凤池几点开门关门？要买门票不？
10592,spot,462,cultural_context,凤池在五凤溪古镇的哪个位置？从成都开车过去大概多久？
10593,spot,462,cultural_context,带家里老人和小孩去凤池逛一圈，路好走不？大概能玩多久？
10594,spot,462,cultural_context,凤池好不好耍？除了看水池子，旁边还有没有其他可以拍照或者喝茶的地方？
10595,spot,462,cultural_context,凤池那个传说是不是真的？去那边听讲解要另外花钱吗？
10596,spot,464,travel_tips,这个古镇几点开门关门，一般逛下来要多久？
10597,spot,464,travel_tips,门票多少钱一张？老人和小孩有优惠吗？
10598,spot,464,travel_tips,从成都市区怎么过去最方便？不开车能到吗？
10599,spot,464,travel_tips,那边有什么好玩的？适合带五六岁的小朋友去吗？
10600,spot,464,travel_tips,天气不好的话去会不会很扫兴？需要提前准备什么？
10601,spot,464,cultural_context,夹关古镇几点开门关门哇？有门票没？
10602,spot,464,cultural_context,从成都市区咋个坐车去夹关古镇方便哦？
10603,spot,464,cultural_context,夹关古镇好不好耍？主要看些啥子喃？
10604,spot,464,cultural_context,带五岁娃娃去夹关古镇耍一天合适不？
10605,spot,464,cultural_context,夹关古镇那些古桥和碉楼要单独买票不？
10606,spot,467,description,成都那些热门景点一般几点开门关门啊？
10607,spot,467,description,去成都玩，这些风景名胜区的门票大概多少钱一张？
10608,spot,467,description,从春熙路怎么坐车去都江堰或者青城山这些景点？
10609,spot,467,description,带5岁小孩去成都，哪些景点比较适合亲子游玩？
10610,spot,467,description,成都的网红打卡地（比如宽窄巷子、锦里）到底好不好玩，值不值得专门去一趟？
10611,spot,467,travel_tips,请问平乐古镇早上几点开门，游览大概要花多长时间？
10612,spot,467,travel_tips,这个古镇要收门票吗？大概多少钱一个人？
10613,spot,467,travel_tips,从成都市区过去方便吗？自驾和坐班车分别怎么走？
10614,spot,467,travel_tips,老街石板路下雨天是不是很滑？带老人和小孩去玩合适不？
10615,spot,467,travel_tips,春天去逛这个古镇怎么样？有没有什么特色玩法推荐？
10616,spot,467,cultural_context,火井古镇每天几点开门，去晚了还能进去不？
10617,spot,467,cultural_context,从成都市区到火井古镇怎么坐车最方便，大概要坐多久？
10618,spot,467,cultural_context,去火井古镇玩一趟大概要花多少钱，门票和停车费分别是多少？
10619,spot,467,cultural_context,火井古镇里面除了看火井遗址，还有没有其他好耍的，带5岁娃儿去合适不？
10620,spot,467,cultural_context,网上都说这是中国第一火井，实际去看到底值不值得专门跑一趟，会不会很无聊？
10621,spot,468,description,成都那些风景名胜一般早上几点开门啊？
10622,spot,468,description,去都江堰或者青城山玩，门票大概多少钱一个人？
10623,spot,468,description,从市区坐地铁或者公交怎么去武侯祠和锦里方便？
10624,spot,468,description,带小孩去成都的风景名胜，像熊猫基地或杜甫草堂，合适吗？
10625,spot,468,description,宽窄巷子和文殊院哪个更好玩，适合第一次来成都的人逛半天？
10626,spot,468,cultural_context,石桥古镇几点开门，收不收门票？
10627,spot,468,cultural_context,从成都市区怎么坐车去石桥古镇，大概要多久？
10628,spot,468,cultural_context,石桥古镇的吊脚楼和老街好玩吗，值不值得专门跑一趟？
10629,spot,468,cultural_context,带小孩去石桥古镇方便吗，有没有适合小朋友玩的地方？
10630,spot,468,cultural_context,石桥古镇那边吃饭和停车方便不，大概人均消费多少钱？
10631,spot,468,travel_tips,这个古镇几点开门喃？上午去耍大概要逛好久哦？
10632,spot,468,travel_tips,去这个古镇要不要门票哇？里面吃饭方便不，需不需要自己带点水和干粮？
10633,spot,468,travel_tips,从简阳城区咋个坐车过去呢？大概要坐好久到？
10634,spot,468,travel_tips,这个古镇带娃儿去合适不？有没有啥子好耍的，还是就光看老房子？
10635,spot,468,travel_tips,网上说这儿免费又只要耍两个小时，值不值得专门跑一趟哦？
10636,spot,469,description,成都那些热门景点一般几点开门关门啊？我怕去太早白跑一趟。
10637,spot,469,description,去武侯祠、杜甫草堂这类地方门票多少钱一张？有学生票或者老年优惠吗？
10638,spot,469,description,从春熙路怎么坐地铁或公交去大熊猫繁育研究基地？大概要多久？
10639,spot,469,description,带5岁小孩去成都玩，哪些景点比较轻松不累人，而且孩子会感兴趣？
10640,spot,469,description,宽窄巷子和锦里哪个更值得逛？晚上去好玩还是白天去好玩？
10641,spot,469,cultural_context,大同古镇几点开门关门？门票多少钱一张？
10642,spot,469,cultural_context,从成都市区怎么去大同古镇，坐车方便吗？
10643,spot,469,cultural_context,大同古镇好玩吗？里面大概逛多久能逛完？
10644,spot,469,cultural_context,带5岁小孩去大同古镇合适吗？路好不好走？
10645,spot,469,cultural_context,大同古镇那边停车方便吗？有没有推荐的吃饭地方？
10646,spot,469,travel_tips,请问这个古镇是免费进去的吗？大概逛多久比较合适？
10647,spot,469,travel_tips,那边几点开门关门呢？下午去会不会太赶？
10648,spot,469,travel_tips,自驾过去方便不？听说路有点窄，好会车吗？
10649,spot,469,travel_tips,带小孩去玩怎么样？有没有什么适合小朋友的？
10650,spot,469,travel_tips,除了古镇本身，顺路去天台山玩一天够不够？
10651,spot,471,travel_tips,古城一般几点开门，下午去来得及逛完不？
10652,spot,471,travel_tips,这个地方收门票不，大概要多少钱一个人？
10653,spot,471,travel_tips,从郫都城区过去坐哪路公交能到，下车后好找吗？
10654,spot,471,travel_tips,里面主要是看什么呀，带五岁小孩去走起来累不累？
10655,spot,471,travel_tips,周边农家乐吃饭贵不贵，有没有推荐的家常菜？
10656,spot,471,description,成都那些国家级景点一般早上几点开门啊？我想早点去避开人流。
10657,spot,471,description,去成都玩，像武侯祠、杜甫草堂这些国家级景点门票大概多少钱一张？有没有学生票？
10658,spot,471,description,从春熙路出发，怎么坐车去青城山或者都江堰这种国家级景点最方便？
10659,spot,471,description,带五岁的小孩去成都博物馆或者金沙遗址这种地方合适吗？会不会太枯燥？
10660,spot,471,description,成都周边的国家级景点里，哪个更适合喜欢徒步和自然风光的人？好玩吗？
10661,spot,472,description,成都那些风景名胜一般几点开门关门？
10662,spot,472,description,去成都的景点玩，门票大概多少钱一张？
10663,spot,472,description,从春熙路怎么坐车去都江堰或者青城山？
10664,spot,472,description,带三岁小孩去成都的景点，哪个比较轻松不累人？
10665,spot,472,description,宽窄巷子和锦里哪个更值得逛，听说都挺网红，好玩吗？
10666,spot,472,travel_tips,海窝子古镇几点开门，晚上关不关门？
10667,spot,472,travel_tips,去海窝子古镇要买门票吗，大概逛一圈要多久？
10668,spot,472,travel_tips,自驾从成都出发，导航到海窝子古镇怎么走最顺路？
10669,spot,472,travel_tips,带5岁小孩去海窝子古镇玩，有没有适合小朋友的看点？
10670,spot,472,travel_tips,海窝子古镇值不值得专门跑一趟，跟白鹿镇比起来哪个更好玩？
10671,spot,471,cultural_context,西蜀古城几点开门关门啊，门票大概多少钱一张？
10672,spot,471,cultural_context,从成都市区怎么坐车去西蜀古城，方便吗？
10673,spot,471,cultural_context,西蜀古城里面好玩吗，大概要逛多久？
10674,spot,471,cultural_context,带5岁小孩去西蜀古城合适不，有没有什么互动或讲解？
10675,spot,471,cultural_context,西蜀古城和旁边的三道堰是不是可以一起玩，一天够不够？
10676,spot,474,description,成都那些风景名胜一般几点开门啊？
10677,spot,474,description,去成都玩，这些景点门票大概多少钱一张？
10678,spot,474,description,成都的风景名胜都分布在哪些地方，怎么坐车去最方便？
10679,spot,474,description,带5岁小孩去成都的风景名胜逛，有没有特别适合亲子的路线？
10680,spot,474,description,成都的风景名胜到底好不好玩，值不值得专程去一趟？
10681,spot,473,description,成都那些风景名胜一般几点开门啊？
10682,spot,473,description,去都江堰或者青城山这类景点，门票大概多少钱一张？
10683,spot,473,description,从市区怎么坐车去西岭雪山，方便吗？
10684,spot,473,description,带5岁小孩去武侯祠和杜甫草堂合适吗，会不会太无聊？
10685,spot,473,description,成都周边哪个风景名胜最值得玩，一天来回够不够？
10686,spot,473,travel_tips,下午去逛大概要花多长时间啊？
10687,spot,473,travel_tips,这个古镇现在还要收门票不？
10688,spot,473,travel_tips,坐地铁三号线到钟楼站之后，具体换哪路公交能到？
10689,spot,473,travel_tips,带五岁娃去那边玩，会不会太无聊或者走太久？
10690,spot,473,travel_tips,桂湖公园和古镇是挨着的吗，一起逛下来值不值？
10691,spot,472,cultural_context,请问万年古镇几点开门，收不收门票，大概要逛多久？
10692,spot,472,cultural_context,从成都市区怎么去万年古镇最方便，有直达班车吗？
10693,spot,472,cultural_context,带5岁小孩去万年古镇耍合适不，里面路好不好走，有没有儿童能玩的项目？
10694,spot,472,cultural_context,万年古镇里面除了看老街和旧房子，还有啥子好耍的？大概能玩半天还是一天？
10695,spot,472,cultural_context,网上看别人说万年古镇比较冷门，值不值得专门跑一趟？周边还有啥可以一起耍的？
10696,spot,473,cultural_context,升庵古镇早上几点开门？下午关门时间大概是好多？
10697,spot,473,cultural_context,去升庵古镇要门票不？大概好多钱一张？
10698,spot,473,cultural_context,从成都市区咋个坐车去升庵古镇？开车方便不？
10699,spot,473,cultural_context,升庵古镇里头好不好耍？大概逛一圈要多久？
10700,spot,473,cultural_context,带娃娃去升庵古镇合适不？有没有啥子适合娃儿看的东西？
10701,spot,475,travel_tips,这个古镇几点开门关门呢？
10702,spot,475,travel_tips,去那里要门票不，大概多少钱一个人？
10703,spot,475,travel_tips,从青白江城区坐公交过去方便吗，要坐多久？
10704,spot,475,travel_tips,那边主要是看三国文化吗，带小孩去会不会觉得无聊？
10705,spot,475,travel_tips,镇上吃饭方便不，大概能玩几个小时？
10706,spot,474,travel_tips,这个古镇一般早上几点开门喃？
10707,spot,474,travel_tips,去那边耍要不要门票哦，大概好多钱一个人？
10708,spot,474,travel_tips,从成都市区咋个坐车去这个古镇呢？
10709,spot,474,travel_tips,带五岁的小娃娃去逛，方不方便推婴儿车？
10710,spot,474,travel_tips,春秋天去逛一个小时够不够，值不值得专门跑一趟？
10711,spot,474,cultural_context,万岁古城几点开门关门？门票多少钱一张？
10712,spot,474,cultural_context,请问万岁古城怎么去啊？从成都市区坐公交或地铁方便吗？
10713,spot,474,cultural_context,万岁古城里面好玩吗？主要看些什么，大概能逛多久？
10714,spot,474,cultural_context,带小孩去万岁古城合适吗？有没有适合小朋友玩的项目或者要注意的地方？
10715,spot,474,cultural_context,万岁古城停车方便不？附近有没有吃饭的地方，还是需要自己带吃的？
10716,spot,475,description,成都那些风景名胜区一般几点开门、几点关门啊？
10717,spot,475,description,去成都的风景名胜玩一圈大概要花多少钱，门票贵不贵？
10718,spot,475,description,从春熙路怎么坐车去这些风景名胜区，方便吗？
10719,spot,475,description,带小孩去这些地方逛，有没有适合亲子游的路线或活动？
10720,spot,475,description,成都的风景名胜到底好不好玩，值不值得专门安排一天去打卡？
10721,spot,475,cultural_context,弥牟古镇的旱八阵图遗址早上几点开门？门票多少钱一个人？
10722,spot,475,cultural_context,从成都市区怎么坐车去弥牟古镇？打车过去大概要多久？
10723,spot,475,cultural_context,那个诸葛亮推演兵法的旱八阵图现在还剩多少？现场看着震撼不？
10724,spot,475,cultural_context,带家里老人和小孩去弥牟古镇玩，走起来累不累？遗址附近有吃饭的地方吗？
10725,spot,475,cultural_context,弥牟古镇除了看八阵图，还有哪些三国相关的看点？大概逛半天够不够？
10726,spot,477,travel_tips,这个地方几点开门，早上能去吗？
10727,spot,477,travel_tips,进去耍要门票不，大概好多钱一个人？
10728,spot,477,travel_tips,从郫都区城区咋个坐车过去喃，公交哪一路？
10729,spot,477,travel_tips,里面主要看啥子，光拍照打卡会不会很无聊？
10730,spot,477,travel_tips,带5岁娃儿去耍半天合适不，有没得河边上喝茶歇脚的地方？
10731,spot,480,travel_tips,请问这个地方几点开门，下午去来得及不？
10732,spot,480,travel_tips,这个地方要门票不，还是免费进去随便逛？
10733,spot,480,travel_tips,自驾过去方便吗，导航直接搜哪个名字？
10734,spot,480,travel_tips,里面大概能玩多久，除了看花还有啥好耍的？
10735,spot,480,travel_tips,带三岁小孩去走石板路安不安全，雨天会不会很滑？
10736,spot,477,cultural_context,三道堰古镇那个牌坊几点开门呢？是全天都能看吗？
10737,spot,477,cultural_context,去三道堰古镇看那个标志性牌坊要门票不？大概多少钱一个人？
10738,spot,477,cultural_context,从成都市区怎么坐车去三道堰古镇啊？到了之后牌坊好找吗？
10739,spot,477,cultural_context,三道堰古镇的牌坊和河边风景好玩吗？带家里老人慢慢逛合适不？
10740,spot,477,cultural_context,想周末带小孩去三道堰古镇耍水看牌坊，那边适合亲子游吗？大概能玩多久？
10741,spot,477,description,成都那些热门景点一般几点开门关门啊？我想安排一天的行程。
10742,spot,477,description,去武侯祠、熊猫基地这些地方，门票大概多少钱？有没有学生票或者联票优惠？
10743,spot,477,description,从春熙路出发去都江堰，坐地铁还是大巴方便？大概要多久能到？
10744,spot,477,description,带5岁小孩去成都玩，除了熊猫基地，还有哪些景点适合亲子游？会不会太累？
10745,spot,477,description,青城山和峨眉山哪个更好玩？如果只有一天时间，去哪个更值得？
10746,spot,480,description,成都那些有名的景点一般早上几点开门啊，我想早点去避开人流
10747,spot,480,description,去都江堰或者青城山玩一趟大概要花多少钱，门票加交通加吃饭
10748,spot,480,description,从春熙路怎么坐车去大熊猫繁育研究基地最方便，有直达地铁或公交吗
10749,spot,480,description,带家里老人和小孩去宽窄巷子、锦里这些地方逛，会不会太挤或者不适合
10750,spot,480,description,成都周边有没有那种风景美又不太累、适合周末一日游的景点，求推荐玩法
10751,spot,480,cultural_context,铁溪古村早上几点开门？需要买门票吗，大概多少钱一张？
10752,spot,480,cultural_context,从成都市区怎么过去铁溪古村方便？有直达的公交或旅游专线吗？
10753,spot,480,cultural_context,铁溪古村里面主要看什么？除了老房子和古桥，有没有什么好玩的体验项目？
10754,spot,480,cultural_context,带5岁的小孩去铁溪古村合适吗？里面路好不好走，有没有休息和吃饭的地方？
10755,spot,480,cultural_context,网上都说铁溪古村很原生态，实际去过的朋友觉得值不值得专门跑一趟？大概要玩多久？
10756,spot,482,cultural_context,金沙古镇早上几点开门？关门时间是什么时候？
10757,spot,482,cultural_context,去金沙古镇的门票多少钱一张？老人和小孩有优惠吗？
10758,spot,482,cultural_context,从成都市区怎么坐车去金沙古镇？地铁能到吗？
10759,spot,482,cultural_context,金沙古镇里面好玩吗？大概能逛多久？有没有什么特色表演？
10760,spot,482,cultural_context,带5岁的小朋友去金沙古镇合适吗？有没有适合亲子的互动项目？
10761,spot,482,travel_tips,这个古镇几点开门，白天去逛的话一般要玩多久？
10762,spot,482,travel_tips,进去耍要门票不，还是免费随便逛？
10763,spot,482,travel_tips,这个古镇在成都哪个位置，坐地铁或者公交咋个去方便？
10764,spot,482,travel_tips,里面是不是就是那种老街道，主要看啥子，好不好耍？
10765,spot,482,travel_tips,带起娃儿去逛这个古镇合适不，路好不好走，安不安全？
10766,spot,482,description,成都那些风景名胜一般几点开门关门啊？
10767,spot,482,description,去这些景点玩一圈大概要花多少钱，门票贵不贵？
10768,spot,482,description,这些地方都在成都哪个位置，怎么坐车过去最方便？
10769,spot,482,description,带家里老人和小孩去这些风景名胜合适吗，有没有轻松点的玩法？
10770,spot,482,description,这些景点到底好不好玩，值不值得专门跑一趟，有没有推荐路线？
10771,spot,484,description,成都那些著名景点一般早上几点开门啊？
10772,spot,484,description,去武侯祠和宽窄巷子门票大概多少钱，有没有联票？
10773,spot,484,description,从春熙路怎么坐车去都江堰，大概要多久？
10774,spot,484,description,带5岁小孩去成都玩，哪些景点比较轻松不累人？
10775,spot,484,description,青城山和峨眉山哪个更适合一天来回，风景更好玩吗？
10776,spot,484,cultural_context,古黄鹤桥几点开放？需要买门票吗？
10777,spot,484,cultural_context,从成都市区怎么去泰安古镇的古黄鹤桥，坐车方便吗？
10778,spot,484,cultural_context,带小孩去古黄鹤桥玩合适吗？附近有没有安全的水边可以走走？
10779,spot,484,cultural_context,古黄鹤桥好玩吗？除了看桥，周边还有什么值得逛的？
10780,spot,484,cultural_context,古黄鹤桥离泰安古镇停车场远不远？走多久能到？
10781,spot,485,description,成都那些风景名胜的景点一般早上几点开门啊？
10782,spot,485,description,去青城山或者都江堰玩一趟，门票大概要多少钱？
10783,spot,485,description,从市区怎么坐车去西岭雪山最方便？
10784,spot,485,description,带小孩去成都的旅游景点，像武侯祠或者熊猫基地，合适吗？
10785,spot,485,description,成都周边哪个风景名胜区最好玩，值不值得专门跑一趟？
10786,spot,484,travel_tips,请问这个景点早上几点开门啊？我打算上午去拍照，光线好不好？
10787,spot,484,travel_tips,这里门票好多钱哦？是免费随便进吗，还是要预约？
10788,spot,484,travel_tips,这个古桥具体在哪儿啊？坐公交或者地铁怎么过去方便？
10789,spot,484,travel_tips,里面好玩不？大概逛多久合适？周边路窄不窄，带娃推婴儿车方便不？
10790,spot,484,travel_tips,带老人小孩去安全不？附近好停车吗？大概能玩个把小时不？
10791,spot,485,travel_tips,海窝子古镇那个牌坊是免费随便进的吗？白天大概几点开放呢？
10792,spot,485,travel_tips,去海窝子古镇的牌坊要门票不，大概多少钱一个人？
10793,spot,485,travel_tips,从成都市区怎么坐车去海窝子古镇那个牌坊，有直达公交或者地铁吗？
10794,spot,485,travel_tips,那个牌坊附近除了拍照还有啥好玩的？跟古镇一起逛大概要留多长时间？
10795,spot,485,travel_tips,带五岁小孩去海窝子牌坊那边玩合适吗？周围路好不好推婴儿车？
10796,spot,485,cultural_context,金牌坊几点开门啊？需要买门票不？
10797,spot,485,cultural_context,海窝子古镇的金牌坊具体在哪个位置，从成都坐车怎么去方便？
10798,spot,485,cultural_context,带家里老人小孩去海窝子古镇看金牌坊，路好不好走，里面好玩吗？
10799,spot,485,cultural_context,金牌坊周边除了看牌坊，还有啥子吃的耍的？大概能逛多久？
10800,spot,485,cultural_context,想拍点古风照片，金牌坊那边人多不多，值不值得专门跑一趟？
10801,spot,486,travel_tips,这个景点几点开门？需要买门票吗？
10802,spot,486,travel_tips,请问这个地方具体怎么去？是免费的吗？
10803,spot,486,travel_tips,带小孩去玩合适吗？大概能逛多久？
10804,spot,486,travel_tips,这里好玩吗？和海窝子古镇其他景点离得远不远？
10805,spot,486,travel_tips,那里有没有遮阴的地方？夏天去会不会很晒？
10806,spot,486,description,成都那些风景名胜一般几点开门啊？
10807,spot,486,description,去成都玩，这些风景名胜的门票大概多少钱一张？
10808,spot,486,description,成都的风景名胜怎么去最方便，坐地铁能到吗？
10809,spot,486,description,带小孩去成都的风景名胜逛，合适吗？有没有适合亲子玩的？
10810,spot,486,description,成都的风景名胜到底好不好玩？值不值得专门花一天去逛？
10811,spot,486,cultural_context,瞿上古都牌坊和海窝子那边几点开门啊？想早点去人少点
10812,spot,486,cultural_context,去瞿上古都牌坊和海窝子要门票不？大概好多钱一个人？
10813,spot,486,cultural_context,从成都市区咋个坐车去海窝子那边喃？有直达的公交或地铁吗？
10814,spot,486,cultural_context,瞿上古都牌坊附近除了看牌坊，还有啥子好耍的？带娃儿去能玩大半天不？
10815,spot,486,cultural_context,海窝子那个古蜀王故都遗址好玩吗？值不值得专门跑一趟？适合老年人慢慢逛不？
10816,spot,489,description,成都的城市广场一般几点开放，晚上去会不会关门？
10817,spot,489,description,去天府广场那边坐地铁几号线能到，具体哪个站下？
10818,spot,489,description,成都的城市广场逛一圈大概要多久，适合带小孩去玩吗？
10819,spot,489,description,成都除了天府广场，还有哪些值得逛的城市广场，门票贵不贵？
10820,spot,489,description,春熙路那个广场和天府广场比，哪个更好玩，拍照出片吗？
10821,spot,489,travel_tips,建川博物馆聚落那边几点开门关门啊？红色广场下午去会不会关门？
10822,spot,489,travel_tips,进建川博物馆聚落要不要买门票？听说外面区域免费，是只有博物馆里面才收费吗？
10823,spot,489,travel_tips,建川聚落具体在成都哪个位置？坐地铁或者公交怎么过去方便？
10824,spot,489,travel_tips,红色广场那边拍照好看不？大概能逛多久，值不值得专门跑一趟？
10825,spot,489,travel_tips,带5岁小孩去建川聚落合适吗？里面有没有休息或者吃饭的地方？
10826,spot,489,cultural_context,建川聚落红色广场早上几点开门？需要买门票吗？
10827,spot,489,cultural_context,从安仁古镇走路到建川聚落红色广场大概多远？打车方便不？
10828,spot,489,cultural_context,带家里老人去建川聚落红色广场逛，会不会太累？里面台阶多不多？
10829,spot,489,cultural_context,建川聚落红色广场除了看雕塑和展览，有没有什么互动体验或演出？适合小孩子吗？
10830,spot,489,cultural_context,网上都说建川聚落红色广场很震撼，实际去玩大概要预留多长时间？值不值得专门跑一趟？
10831,spot,497,description,成都那些公园广场一般早上几点开门，晚上几点关门啊？
10832,spot,497,description,带小孩去成都的公园广场玩，有没有什么推荐的项目或者需要注意的？
10833,spot,497,description,成都市区哪个公园广场交通最方便，坐地铁能直接到吗？
10834,spot,497,description,去成都的公园广场逛一圈大概要花多少钱，门票和里面的游乐设施贵不贵？
10835,spot,497,description,成都的公园广场除了散步拍照，还有没有其他好玩的，比如划船或者看表演？
10836,spot,497,cultural_context,糖果乐园早上几点开门，晚上营业到好久哦？
10837,spot,497,cultural_context,去糖果乐园耍一圈大概要花多少钱，门票咋算的？
10838,spot,497,cultural_context,糖果乐园在锦江区哪个位置，坐地铁咋个过去方便不？
10839,spot,497,cultural_context,带三岁多的小娃娃去糖果乐园合适不，里面有没有啥子限制？
10840,spot,497,cultural_context,糖果乐园里面好不好耍，大人陪到耍会不会觉得无聊？
10841,spot,497,travel_tips,请问这个景点几点开门，我们想带娃去玩半天，时间够不够？
10842,spot,497,travel_tips,门票多少钱一张？大人小孩都要买吗，现场能直接买不？
10843,spot,497,travel_tips,我们坐地铁过去方便吗？具体在哪个站下，出站后怎么走？
10844,spot,497,travel_tips,里面游乐设施好玩不？有没有身高限制，四岁的小朋友能玩哪些项目？
10845,spot,497,travel_tips,周末人多不多？工作日去是不是要排队很久，适合带小宝宝去吗？
10846,spot,500,description,成都的旅游景点一般几点开门，关门时间是多久？
10847,spot,500,description,去成都那些热门景点玩一圈大概要花多少钱，门票贵不贵？
10848,spot,500,description,从春熙路怎么坐车去都江堰或者青城山，大概要多久？
10849,spot,500,description,带小孩去成都玩，哪些景点比较合适，有没有亲子友好的项目？
10850,spot,500,description,成都的景点好不好玩，值不值得专门跑一趟，有没有推荐路线？
10851,spot,500,travel_tips,这个公园几点开门啊？早上带娃去会不会太晒？
10852,spot,500,travel_tips,去这里玩要门票不？里面那些滑梯设施是免费随便玩吗？
10853,spot,500,travel_tips,这地方具体在哪儿啊？坐地铁方便吗，还是得开车过去？
10854,spot,500,travel_tips,听说那边有个新修的儿童游乐区，周末带5岁小孩去玩怎么样？人多不多？
10855,spot,500,travel_tips,这个地方到底好不好耍？适合带小娃娃去耍半天不，安全方面有啥要注意的？
10856,spot,502,travel_tips,请问这个地方几点开门，晚上到几点关门？
10857,spot,502,travel_tips,这里要收门票吗，大概多少钱一个人？
10858,spot,502,travel_tips,这个街边游园具体在哪儿，坐地铁或公交怎么过去方便？
10859,spot,502,travel_tips,这个地方好玩吗，值不值得专门跑一趟？
10860,spot,502,travel_tips,带小孩去这里合适吗，有没有什么要注意的？
10861,spot,502,description,成都的公园一般早上几点开门，晚上几点关门啊？
10862,spot,502,description,去人民公园喝茶掏耳朵大概要花多少钱？
10863,spot,502,description,从春熙路怎么坐地铁去浣花溪公园？
10864,spot,502,description,带5岁小孩去成都的公园玩，哪个最适合？有游乐设施吗？
10865,spot,502,description,望江楼公园好玩吗？主要是看竹子还是看古建筑，值不值得专门跑一趟？
10866,spot,500,cultural_context,桂溪公园东区那个儿童滑梯早上几点开门，晚上关门到几点？
10867,spot,500,cultural_context,这个儿童滑梯要门票不，还是免费随便耍？
10868,spot,500,cultural_context,桂溪公园东区的儿童滑梯具体在哪个位置，坐地铁几号线哪个站下最近？
10869,spot,500,cultural_context,带三岁多的小孩去玩那个滑梯合适不，有没有适合小娃娃的低矮滑梯？
10870,spot,500,cultural_context,周末去桂溪公园东区耍滑梯人多不多，排队久不久，值不值得专门跑一趟？
10871,spot,504,description,成都的公园一般早上几点开门，晚上几点关门啊？
10872,spot,504,description,去成都的公园玩要买门票吗，大概多少钱一个人？
10873,spot,504,description,从春熙路怎么坐车去人民公园，大概要多久？
10874,spot,504,description,带5岁小孩去成都哪个公园比较合适，有儿童游乐设施吗？
10875,spot,504,description,成都的公园里能划船或者喝茶吗，周末去会不会很挤？
10876,spot,502,cultural_context,天府立交西游园几点开门关门呢？晚上去亮灯好看不？
10877,spot,502,cultural_context,这个西游园要门票不，还是免费随便逛？
10878,spot,502,cultural_context,坐地铁或者公交咋个去天府立交西游园啊？具体在哪个位置？
10879,spot,502,cultural_context,带五岁娃儿去耍合适不？里面有没得啥子可以互动或者拍照的孙悟空那些？
10880,spot,502,cultural_context,这个地方好玩吗？大概逛多久能耍完，值不值得专门跑一趟？
10881,spot,504,travel_tips,这儿是全天都能进吗？进去踢球或者打篮球要不要另外收钱？
10882,spot,504,travel_tips,请问具体位置在哪儿，坐地铁或者公交怎么过去方便？
10883,spot,504,travel_tips,下午去玩的话人多不多？场地要不要提前预约？
10884,spot,504,travel_tips,带小孩子去合适吗？有没有适合小朋友玩的项目？
10885,spot,504,travel_tips,这个地方好玩吗？周末去的话大概能玩多久？
10886,spot,513,description,成都的公园一般早上几点开门，晚上几点关门？
10887,spot,513,description,成都公园里的游乐设施要单独收费吗，大概多少钱一次？
10888,spot,513,description,带小孩去成都的公园玩，有没有适合亲子活动的项目？
10889,spot,513,description,成都市区哪个公园交通最方便，坐地铁能直接到吗？
10890,spot,513,description,最近去成都公园逛，里面花开了吗，值不值得专门跑一趟？
10891,spot,513,travel_tips,早上几点开门？晚上会不会关门？
10892,spot,513,travel_tips,这个地方要门票吗？大概多少钱一个人？
10893,spot,513,travel_tips,坐地铁或者公交过去方便吗？具体怎么走？
10894,spot,513,travel_tips,里面能骑车或者跑步吗？有没有推荐的游玩路线？
10895,spot,513,travel_tips,带小孩去合适吗？里面有没有卖吃的的地方？
10896,spot,504,cultural_context,美洲时尚体育公园早上几点开门，晚上营业到好久哦？
10897,spot,504,cultural_context,去那儿耍一次大概要花好多钱，门票咋算的？
10898,spot,504,cultural_context,这个公园在成都哪个位置，坐地铁或者公交咋个去方便？
10899,spot,504,cultural_context,里面除了运动还有啥好耍的，适合和朋友去拍照打卡不？
10900,spot,504,cultural_context,带五岁的小娃娃去玩合适不，有没有儿童能耍的项目？
10901,spot,513,cultural_context,瞪羚谷公园早上几点开门，晚上几点关门？
10902,spot,513,cultural_context,去瞪羚谷公园要门票不，大概多少钱一个人？
10903,spot,513,cultural_context,从春熙路坐地铁怎么到瞪羚谷公园，大概要多久？
10904,spot,513,cultural_context,这个公园好玩吗，里面有没有适合拍照或者跑步的地方？
10905,spot,513,cultural_context,带5岁小孩去瞪羚谷公园合适吗，有儿童游乐设施没？
10906,spot,514,description,成都的公园广场一般几点开门关门啊？
10907,spot,514,description,去成都的公园广场要门票吗，大概多少钱一个人？
10908,spot,514,description,从春熙路怎么坐公交或地铁到那个公园广场？
10909,spot,514,description,带小孩去成都的公园广场玩合适吗，有没有儿童设施？
10910,spot,514,description,成都的公园广场好不好玩，本地人推荐去哪个？
10911,spot,514,travel_tips,这个公园几点开门关门呢？晚上能进去逛不？
10912,spot,514,travel_tips,进去耍要门票不？大概逛一圈要花好多时间？
10913,spot,514,travel_tips,这个公园在哪儿哦？坐地铁或者公交咋个去方便？
10914,spot,514,travel_tips,带三岁多的小娃娃去耍合适不？有没有啥子儿童设施？
10915,spot,514,travel_tips,周末去人会不会多得打挤？平时去是不是清静些？
10916,spot,515,description,成都的公园一般早上几点开门，晚上几点关门呢？
10917,spot,515,description,去成都的公园玩要买门票吗，大概多少钱一张？
10918,spot,515,description,从春熙路坐地铁去人民公园应该怎么走，要换乘吗？
10919,spot,515,description,带三岁的小孩去成都的公园玩合适吗，有没有专门的儿童游乐区？
10920,spot,515,description,成都哪个公园最值得逛，是免费的吗，里面能划船或者喝茶吗？
10921,spot,514,cultural_context,市政公园一般早上几点开门，晚上几点关门啊？
10922,spot,514,cultural_context,去市政公园要买门票不，大概多少钱一个人？
10923,spot,514,cultural_context,从春熙路坐地铁怎么到市政公园，哪个站下最近？
10924,spot,514,cultural_context,市政公园里面好玩吗，有没有适合带小孩玩的地方？
10925,spot,514,cultural_context,市政公园适合老年人散步或者跳广场舞吗，人多不？
10926,spot,515,travel_tips,请问这个公园几点开门关门呢？早上和下午去有啥区别吗？
10927,spot,515,travel_tips,这里门票收多少钱？是免费随便进的吗？
10928,spot,515,travel_tips,这个园子在成都哪个位置？坐地铁或者公交怎么过去方便？
10929,spot,515,travel_tips,里面好玩不？大概逛一圈要多久，有没有啥特色步道或者休息亭？
10930,spot,515,travel_tips,带5岁小孩去合适吗？夏天去会不会太晒，需要准备啥？
10931,spot,515,cultural_context,汇尚公园早上几点开门？晚上关门吗？
10932,spot,515,cultural_context,去汇尚公园要买门票不？大概多少钱一个人？
10933,spot,515,cultural_context,这个公园具体在成都哪个位置？坐地铁或者公交怎么过去方便？
10934,spot,515,cultural_context,汇尚公园里面好玩吗？主要是看啥子风景或者有没有啥子特色？
10935,spot,515,cultural_context,带小朋友去汇尚公园耍合适不？有没有儿童游乐设施或者安全的活动区域？
10936,spot,517,description,成都的公园一般早上几点开门，晚上几点关门呢？
10937,spot,517,description,去人民公园喝茶掏耳朵大概要花多少钱？
10938,spot,517,description,从春熙路怎么坐地铁去浣花溪公园？
10939,spot,517,description,带5岁小孩去青龙湖湿地公园玩，有儿童游乐设施吗？
10940,spot,517,description,兴隆湖公园除了散步，还有哪些好玩的，适合情侣去吗？
10941,spot,517,cultural_context,这个乐园是免费的吗？需要买门票不？
10942,spot,517,cultural_context,请问这个儿童乐园几点开门，晚上开到几点呀？
10943,spot,517,cultural_context,这个乐园具体在哪个公园里头？坐地铁或者公交怎么过去方便？
10944,spot,517,cultural_context,里面都有啥玩的？滑梯秋千这些多不多，适合多大岁数的小孩？
10945,spot,517,cultural_context,带两岁半的娃去合适不？环境安不安全，有没有树荫可以歇脚？
10946,spot,517,travel_tips,周末上午去大概几点开门啊？我们想带娃去玩两三个小时。
10947,spot,517,travel_tips,这个地方是免费的吗？进去玩要不要提前预约或者买票？
10948,spot,517,travel_tips,请问具体在成都哪个位置？地铁能到吗，或者开车方便停车不？
10949,spot,517,travel_tips,里面有哪些适合5岁小孩玩的设施？好玩不，值不值得专门跑一趟？
10950,spot,517,travel_tips,带3岁多的孩子去合适吗？那些游乐设施安全不，大人能不能全程陪着？
10951,spot,520,description,成都的公园一般早上几点开门，晚上几点关门啊？
10952,spot,520,description,去成都的公园玩要门票吗，大概多少钱一个人？
10953,spot,520,description,从春熙路怎么坐车去人民公园？打车方便吗？
10954,spot,520,description,成都哪个公园最好玩，适合带小孩去野餐或者看花？
10955,spot,520,description,带老人去逛公园，有没有那种步道平缓、树荫多、能喝茶的推荐？
10956,spot,520,travel_tips,这个公园几点开门关门呢？上午去还是下午去人少一点？
10957,spot,520,travel_tips,进去要门票吗，还是完全免费的？
10958,spot,520,travel_tips,这个公园具体在哪儿啊，坐地铁或者公交怎么过去方便？
10959,spot,520,travel_tips,里面除了看湖和散步，还有没有其他好玩的，值不值得专门跑一趟？
10960,spot,520,travel_tips,带两岁多的小孩去推婴儿车方便吗？夏天这个点去会不会太晒？
10961,spot,520,cultural_context,琉璃公园几点开门关门呢？需要买门票吗？
10962,spot,520,cultural_context,琉璃公园在锦江区哪个位置啊，坐地铁或者公交怎么过去方便？
10963,spot,520,cultural_context,这个公园是不是就是以前那个琉璃厂改造的？里面好玩吗，大概能逛多久？
10964,spot,520,cultural_context,想周末带小孩去琉璃公园野餐或者放风筝，里面有没有大草坪和儿童设施？
10965,spot,520,cultural_context,网上看照片感觉挺有工业风，实际去过的朋友觉得值得专程跑一趟吗，环境怎么样？
10966,spot,522,description,成都的公园一般早上几点开门，晚上几点关门啊？
10967,spot,522,description,去成都的公园玩要买门票吗，大概多少钱一个人？
10968,spot,522,description,请问人民公园怎么去，坐地铁哪条线能到？
10969,spot,522,description,带三岁小孩去成都的公园合适吗，有儿童游乐设施吗？
10970,spot,522,description,成都哪个公园最好玩，适合逛大半天那种，有评价推荐吗？
10971,spot,522,travel_tips,这个公园几点开门关门呢？是全天都能进吗？
10972,spot,522,travel_tips,去这个公园要不要门票，还是免费随便进？
10973,spot,522,travel_tips,请问这个公园具体在哪儿，坐地铁或者公交怎么过去方便？
10974,spot,522,travel_tips,里面除了散步，有没有小孩玩的滑梯或者秋千？带两岁娃去合适不？
10975,spot,522,travel_tips,这公园好玩吗？夏天傍晚去会不会被蚊子咬得厉害，要不要喷驱蚊水？
10976,spot,523,description,成都的公园一般早上几点开门？晚上几点关门？
10977,spot,523,description,去人民公园逛一圈要买门票吗？大概多少钱？
10978,spot,523,description,带小孩去成都哪个公园玩比较合适？里面有游乐设施吗？
10979,spot,523,description,从春熙路坐地铁去浣花溪公园怎么走？要换乘几号线？
10980,spot,523,description,望江楼公园好不好玩？主要能看些什么，逛下来大概要多久？
10981,spot,522,cultural_context,会龙公园早上几点开门，晚上关门吗？
10982,spot,522,cultural_context,去会龙公园要门票不，大概多少钱一个人？
10983,spot,522,cultural_context,这个公园具体在双流哪个位置，坐地铁或者公交怎么过去方便？
10984,spot,522,cultural_context,会龙公园里面好玩吗，大概能逛多久，有没有啥特色景观？
10985,spot,522,cultural_context,带娃去会龙公园耍合适不，有没有儿童游乐设施或者草坪可以跑？
10986,spot,523,travel_tips,请问早上几点去人少一点？大概逛多久比较合适？
10987,spot,523,travel_tips,这个地方现在还要收门票不？是免费随便进吗？
10988,spot,523,travel_tips,下了雨之后去会不会很滑？带老人去安全吗？
10989,spot,523,travel_tips,坐地铁或者公交怎么到那边？下车后要走很远吗？
10990,spot,523,travel_tips,带三岁小孩去玩有地方耍吗？里面有没有儿童设施？
10991,spot,523,cultural_context,新怡公园早上几点开门，晚上几点关门哇？
10992,spot,523,cultural_context,这个公园收门票不，还是免费随便进？
10993,spot,523,cultural_context,新怡公园在双流哪个位置哦，坐地铁或者公交咋个去方便？
10994,spot,523,cultural_context,里面好不好耍，有没有啥子健身器材或者跑步的绿道？
10995,spot,523,cultural_context,带小娃娃去耍合适不，有没有儿童游乐区或者沙坑这些？
10996,spot,527,travel_tips,这个公园几点开门关门呢？晚上去会不会关门？
10997,spot,527,travel_tips,请问进去要门票吗？还是免费随便逛？
10998,spot,527,travel_tips,带5岁的小孩去玩合适不？有没有啥儿童设施？
10999,spot,527,travel_tips,那边好停车不？坐地铁或者公交怎么过去方便？
11000,spot,527,travel_tips,傍晚去是不是光线正好？大概逛多久能走完一圈？
11001,spot,527,description,成都那些体育休闲公园一般早上几点开门？
11002,spot,527,description,去这种带体育设施的公园玩要收费吗，还是免费进？
11003,spot,527,description,离地铁站近的体育休闲公园有哪些，怎么坐车过去方便？
11004,spot,527,description,带小孩去体育休闲公园合适吗，有没有儿童游乐区？
11005,spot,527,description,成都哪个体育休闲公园最好玩，适合年轻人打球跑步的？
11006,spot,527,cultural_context,这个熊猫主题的体育休闲公园早上几点开门，晚上几点关门呀？
11007,spot,527,cultural_context,进去玩要门票吗，大概多少钱一张？
11008,spot,527,cultural_context,这个公园具体在成都哪个位置，坐地铁或者公交怎么去方便？
11009,spot,527,cultural_context,里面除了看熊猫雕塑，还有哪些好玩的运动设施？带小孩去合适不？
11010,spot,527,cultural_context,网上评价怎么样，周末去人多不多，值不值得专门跑一趟？
11011,spot,530,description,成都那些公园广场一般几点开门关门呢？
11012,spot,530,description,去成都的公园广场玩要买门票吗，大概多少钱一个人？
11013,spot,530,description,从春熙路怎么坐车去人民公园或者天府广场那边方便？
11014,spot,530,description,带三岁小孩去成都的公园广场合适吗，有没有啥好玩的设施？
11015,spot,530,description,成都哪个公园广场口碑最好，值不值得专门去逛一圈？
11016,spot,530,travel_tips,下午去大概要逛多久啊？
11017,spot,530,travel_tips,这个地方免费进去吗，要不要买门票？
11018,spot,530,travel_tips,从春熙路坐地铁怎么过去方便？
11019,spot,530,travel_tips,里面好玩吗，值不值得专门跑一趟？
11020,spot,530,travel_tips,带5岁小孩去逛合适不，会不会太无聊？
11021,spot,530,cultural_context,沃顿公园几点开门关门啊？晚上能进去散步吗？
11022,spot,530,cultural_context,这个公园要门票不？还是免费随便进？
11023,spot,530,cultural_context,沃顿公园在武侯区哪个位置？坐地铁几号线能到？
11024,spot,530,cultural_context,里面好玩吗？有没有草坪可以野餐或者跑步的步道？
11025,spot,530,cultural_context,带5岁小孩去合适不？有没有儿童游乐设施或者沙坑？
11026,spot,533,description,成都的公园一般早上几点开门，晚上几点关门？
11027,spot,533,description,去成都的公园玩要买门票吗，大概多少钱一张？
11028,spot,533,description,从春熙路怎么坐车去人民公园，方便吗？
11029,spot,533,description,带5岁小孩去成都的公园玩，有没有适合亲子的项目？
11030,spot,533,description,成都哪个公园最好玩，值得专门去逛一天？
11031,spot,533,cultural_context,这个新北社区体育公园早上几点开门，晚上到几点关门啊？
11032,spot,533,cultural_context,去新北社区体育公园要门票不，还是免费随便进？
11033,spot,533,cultural_context,从市里坐地铁或者公交怎么去新北社区体育公园，下车后好找吗？
11034,spot,533,cultural_context,带五六岁的小孩去新北社区体育公园玩合适不，里面有小朋友能玩的设施吗？
11035,spot,533,cultural_context,新北社区体育公园里面都有啥好玩的，除了跑步打球还有别的不，值不值得专门跑一趟？
11036,spot,533,travel_tips,这个公园晚上开到几点啊？我想傍晚去运动一下，大概能玩多久？
11037,spot,533,travel_tips,进去要不要门票？里面打篮球是免费的吗？
11038,spot,533,travel_tips,这个地方在成都哪个位置哦？坐地铁方便不，怎么走最近？
11039,spot,533,travel_tips,带小孩去合适不？除了篮球场还有没有别的可以耍的？
11040,spot,533,travel_tips,穿普通运动鞋就行哇？里面运动设施多不多，值不值得专门跑一趟？
11041,spot,536,description,成都那些著名景点一般早上几点开门？我想早点去避开人流。
11042,spot,536,description,去都江堰和青城山玩一天，门票加起来大概要多少钱？有没有学生票优惠？
11043,spot,536,description,从春熙路怎么坐地铁或公交去熊猫基地？大概要多久？
11044,spot,536,description,宽窄巷子和锦里哪个更适合晚上去逛？有什么好玩的特色？
11045,spot,536,description,带5岁小孩去成都科技馆和动物园，哪个更合适？会不会太累？
11046,spot,536,travel_tips,请问这个地方几点开门关门呢，晚上去散步到几点合适？
11047,spot,536,travel_tips,这个景点要门票吗，还是免费随便进的？
11048,spot,536,travel_tips,这个地方具体在成都哪个位置啊，坐地铁或者公交怎么过去方便？
11049,spot,536,travel_tips,那边好不好玩啊，就是个小水景绿地的话，值不值得专门跑一趟？
11050,spot,536,travel_tips,带5岁的小孩去玩水安不安全，有没有深水区围栏这些防护措施？
11051,spot,536,cultural_context,翠湖栖早上几点开门？晚上关门吗？
11052,spot,536,cultural_context,去翠湖栖要门票不？大概多少钱一张？
11053,spot,536,cultural_context,翠湖栖在锦江区哪个位置啊？坐地铁怎么过去方便？
11054,spot,536,cultural_context,翠湖栖里面主要看啥子？就围着湖转一圈吗，好玩不？
11055,spot,536,cultural_context,带5岁娃儿去翠湖栖耍合适不？有没有啥子亲子设施？
11056,spot,538,description,成都的公园广场一般早上几点开门，晚上关门吗？
11057,spot,538,description,去天府广场或者人民公园玩，需要买门票吗？
11058,spot,538,description,带小孩去成都的公园广场，有什么适合孩子玩的项目吗？
11059,spot,538,description,从春熙路坐地铁怎么去人民公园，大概要多久？
11060,spot,538,description,成都哪个公园广场夜景最好看，适合晚上散步拍照？
11061,spot,538,travel_tips,周末下午去逛那个公园大概要多久啊，一个小时够不够？
11062,spot,538,travel_tips,这个公园免费进吗？需不需要提前预约或者买门票？
11063,spot,538,travel_tips,坐地铁或者公交怎么到这个公园？附近有停车场吗？
11064,spot,538,travel_tips,里面主要是草坪和步道吗？可以带狗进去遛吗？有没有规定要清理狗屎？
11065,spot,538,travel_tips,带5岁小孩去玩合适不？有没有儿童设施或者适合野餐的地方？
11066,spot,538,cultural_context,CITYPARK早上几点开门，晚上开到几点关？
11067,spot,538,cultural_context,去CITYPARK要门票吗，还是免费随便进？
11068,spot,538,cultural_context,从成都市中心坐地铁或者公交怎么到CITYPARK？
11069,spot,538,cultural_context,CITYPARK里面有什么好玩的，适合带小孩去耍不？
11070,spot,538,cultural_context,CITYPARK那边环境咋样，平时人多不多，值不值得专门跑一趟？
11071,spot,542,description,成都那些公园广场一般早上几点开门？
11072,spot,542,description,去成都的风景名胜玩一圈大概要花多少钱门票？
11073,spot,542,description,从春熙路怎么坐车去这些公园广场方便？
11074,spot,542,description,带小孩去成都的公园广场玩合适吗？有没有什么好玩的？
11075,spot,542,description,成都的风景名胜和公园广场哪个更值得逛？网上评价怎么样？
11076,spot,542,travel_tips,公园几点开门关门？是免费进的吗？
11077,spot,542,travel_tips,这个公园要门票不？大概逛多久比较合适？
11078,spot,542,travel_tips,请问坐地铁或者公交怎么去那个公园？
11079,spot,542,travel_tips,带5岁小孩去玩合适吗？里面有没有什么好玩的？
11080,spot,542,travel_tips,夏天去会不会被蚊子咬惨？早上和傍晚哪个时段人少点？
11081,spot,542,cultural_context,这个花荫公园早上几点开门啊？我想去晨练，太早去会不会吃闭门羹？
11082,spot,542,cultural_context,武侯区的花荫公园要门票吗？还是免费随便进？
11083,spot,542,cultural_context,请问花荫公园具体在哪个位置？坐地铁几号线能到，出站后怎么走？
11084,spot,542,cultural_context,花荫公园里面好玩吗？除了散步遛弯，有没有健身器材或者小广场可以打太极？
11085,spot,542,cultural_context,带家里老人和小孩去花荫公园逛，环境安不安静？有没有树荫和坐的地方？
11086,spot,544,travel_tips,这个游园早上几点开门，晚上开到几点啊？
11087,spot,544,travel_tips,进去耍要门票不，大概多少钱一个人？
11088,spot,544,travel_tips,这个街头小游园具体在成都哪个位置，坐地铁咋个过去？
11089,spot,544,travel_tips,里面好不好耍，适合带娃儿去耍不，能玩多久？
11090,spot,544,travel_tips,那边好停车不，还是坐公交更方便？
11091,spot,544,cultural_context,成都那些街角的口袋公园一般几点开门关门啊？
11092,spot,544,cultural_context,去这种口袋公园玩要买门票吗，大概多少钱一个人？
11093,spot,544,cultural_context,请问离春熙路最近的口袋公园怎么走，坐地铁几号线能到？
11094,spot,544,cultural_context,这种小公园里有没有啥好玩的，适合带娃去遛一下午不？
11095,spot,544,cultural_context,网上说的‘推窗见绿’那种口袋公园，实际逛起来感觉咋样，值不值得专门跑一趟？
11096,spot,544,description,成都的公园一般早上几点开门，晚上几点关门啊？
11097,spot,544,description,去成都的公园玩要门票吗，大概多少钱一个人？
11098,spot,544,description,从春熙路怎么坐车去人民公园，方便吗？
11099,spot,544,description,带5岁的小孩去成都哪个公园最合适，有游乐设施吗？
11100,spot,544,description,成都的望江楼公园好玩吗，主要看什么，值不值得专门跑一趟？
11101,spot,548,description,成都的公园一般几点开门关门呢？
11102,spot,548,description,去成都的公园玩要买门票吗，大概多少钱一张？
11103,spot,548,description,从春熙路怎么坐车去人民公园或者望江楼公园？
11104,spot,548,description,带5岁小孩去成都哪个公园最合适，有游乐设施吗？
11105,spot,548,description,成都的公园除了散步拍照，还有啥好玩的特色活动？
11106,spot,548,travel_tips,这个公园几点开门关门啊？早上太早去会不会不让进？
11107,spot,548,travel_tips,进去跑步或者骑车要收门票钱不？还是完全免费随便进？
11108,spot,548,travel_tips,这个公园具体在成都哪个位置？坐地铁或者公交怎么过去方便？
11109,spot,548,travel_tips,里面除了跑步骑车，还有没有其他好玩的？适合带小孩去耍不？
11110,spot,548,travel_tips,网评说这儿适合晨练，那傍晚去人多不多？有没有免费的运动器材可以用？
11111,spot,550,description,成都的公园一般早上几点开门？晚上关门吗？
11112,spot,550,description,去成都的公园玩要门票吗？大概多少钱一个人？
11113,spot,550,description,从春熙路怎么坐车去人民公园？大概要多久？
11114,spot,550,description,带三岁小孩去成都哪个公园最合适？有沙坑或游乐设施吗？
11115,spot,550,description,成都的公园里除了散步，还能喝茶打麻将吗？好玩不？
11116,spot,550,travel_tips,请问双流区滨河公园几点开门关门，晚上去散步安全不？
11117,spot,550,travel_tips,这个公园要门票不，带娃去野餐的话可以搭帐篷吗？
11118,spot,550,travel_tips,从地铁3号线双流广场站过去怎么走，走路远不远？
11119,spot,550,travel_tips,公园里除了散步还有啥好玩的，适合带小孩骑车或者放风筝吗？
11120,spot,550,travel_tips,夏天傍晚去逛的话蚊虫多不多，需要穿长裤或者带驱蚊水不？
11121,spot,548,cultural_context,这个公园几点开门关门呀？早上想去跑步的话，几点去合适？
11122,spot,548,cultural_context,进去要门票吗？还是免费随便逛？如果租自行车或者玩那些体育设施，大概多少钱？
11123,spot,548,cultural_context,这个绿道公园具体在成都哪个位置？坐地铁或者公交怎么过去方便？有停车场吗？
11124,spot,548,cultural_context,里面除了跑步和骑车，还有啥好玩的？有没有那种适合拍照的网红打卡点或者草坪可以野餐？
11125,spot,548,cultural_context,带5岁小孩去合适吗？有没有儿童游乐区或者适合亲子骑行的平坦路线？安全不？
11126,spot,550,cultural_context,这个公园几点开门关门呢？
11127,spot,550,cultural_context,去这里要门票不，大概多少钱一个人？
11128,spot,550,cultural_context,从市区坐地铁或者公交怎么过去方便？
11129,spot,550,cultural_context,带五岁的小孩去玩合适吗？有没有儿童设施？
11130,spot,550,cultural_context,里面主要能耍些啥子？就光是看水景还是可以露营野餐？
11131,spot,554,description,成都的公园一般早上几点开门，晚上几点关门呢？
11132,spot,554,description,去成都的公园玩要收门票吗，大概多少钱一张？
11133,spot,554,description,成都市区的公园坐地铁怎么去最方便？
11134,spot,554,description,带5岁小孩去成都的公园玩合适吗，有没有儿童游乐设施？
11135,spot,554,description,成都哪个公园风景最好，适合周末去拍照散步？
11136,spot,554,travel_tips,这个公园几点开门关门？晚上去遛弯行不行？
11137,spot,554,travel_tips,进去耍要买门票不？大概逛一圈要花好多钱？
11138,spot,554,travel_tips,这个口袋公园具体在哪个位置哦？坐地铁或公交咋个过去方便？
11139,spot,554,travel_tips,里面有好玩的景或拍照点吗？顺路歇个脚值不值得专门去一趟？
11140,spot,554,travel_tips,带三四岁的小娃娃去合适不？有没有啥子安全要注意的？
11141,spot,556,description,成都的公园一般早上几点开门，晚上几点关门呢？
11142,spot,556,description,去成都的公园玩要买门票不？大概多少钱一张？
11143,spot,556,description,从春熙路坐地铁怎么到人民公园或者望江楼公园？
11144,spot,556,description,带5岁的小朋友去成都哪个公园最合适，有儿童游乐设施吗？
11145,spot,556,description,成都的公园里除了散步，还有啥好玩的？比如划船、喝茶这些，值不值得专门去一趟？
11146,spot,554,cultural_context,这个地方几点开门关门呀？晚上去安全不？
11147,spot,554,cultural_context,进去要买门票不？大概多少钱一个人？
11148,spot,554,cultural_context,具体在成都哪个位置哦？坐地铁或者公交怎么过去方便？
11149,spot,554,cultural_context,这种小公园有啥好耍的嘛？除了看绿植有没有健身或休息的设施？
11150,spot,554,cultural_context,带5岁娃儿去这儿耍合适不？有没有啥子可以给娃娃玩的地方？
11151,spot,556,travel_tips,这个社区小游园早上几点开门啊？我想去晨练，太早会不会进不去？
11152,spot,556,travel_tips,去这个游园要买门票不？多少钱一个人？
11153,spot,556,travel_tips,这个游园具体在哪儿啊？坐地铁或者公交怎么过去方便？
11154,spot,556,travel_tips,这个游园好玩吗？里面有没有啥健身器材或者景观看？大概能逛多久？
11155,spot,556,travel_tips,我想带我家5岁娃去玩，里面有没有适合小孩的设施？安全方面要注意啥不？
11156,spot,556,cultural_context,这个彩蝶主题的社区绿地早上几点开门，晚上到几点关门呢？
11157,spot,556,cultural_context,去这个以彩蝶为主题的小公园要门票吗，大概多少钱一个人？
11158,spot,556,cultural_context,这个绿地具体在成都哪个位置，坐地铁或者公交怎么过去方便？
11159,spot,556,cultural_context,里面除了看蝴蝶主题的景观，有没有什么小朋友可以玩的设施，适合带娃去逛不？
11160,spot,556,cultural_context,这个地方周末人多不多，大概逛多久能逛完，值不值得专门跑一趟？
11161,spot,562,description,成都的公园一般几点开门关门啊？
11162,spot,562,description,去这些公园耍要门票不，大概好多钱一个人？
11163,spot,562,description,哪个公园坐地铁最方便，咋个过去哦？
11164,spot,562,description,带小娃娃去哪个公园最合适，有没有游乐设施？
11165,spot,562,description,成都这些公园里头哪个最好耍，值不值得专门跑一趟？
11166,spot,562,cultural_context,云华谷公园几点开门关门啊？
11167,spot,562,cultural_context,这个公园要门票不，多少钱一张？
11168,spot,562,cultural_context,云华谷公园在成都哪个位置，坐地铁怎么过去？
11169,spot,562,cultural_context,云华谷公园里面好玩吗，有没有啥子特色景观？
11170,spot,562,cultural_context,带娃去云华谷公园耍一天合适不，有没有儿童设施？
11171,spot,565,description,成都的公园一般早上几点开门，晚上几点关门呢？
11172,spot,565,description,去成都的公园玩要买门票吗，大概多少钱一张？
11173,spot,565,description,从春熙路坐地铁怎么去人民公园，大概要多久？
11174,spot,565,description,带5岁的小孩去成都的公园耍，有哪些适合亲子玩的项目？
11175,spot,565,description,成都哪个公园最好耍，值不值得专门跑一趟去逛？
11176,spot,562,travel_tips,这个地方现在开放了没有哦？几点开门，门票好多钱喃？
11177,spot,562,travel_tips,请问这个景点具体在成都哪个位置，坐地铁或者公交怎么去最方便？
11178,spot,562,travel_tips,带5岁的小朋友去耍合适不？里面有没有啥子亲子项目或者草坪可以跑？
11179,spot,562,travel_tips,现在去是不是啥子都看不到？值不值得周末专门跑一趟，还是等修好了再去？
11180,spot,562,travel_tips,网上说还在修，那大概啥子时候能建好？有没有官方说预计好久开放，现在过去会不会白跑一趟？
11181,spot,565,cultural_context,蓝湾森林早上几点开门？晚上最晚几点关门？
11182,spot,565,cultural_context,去蓝湾森林要门票不？大概多少钱一个人？
11183,spot,565,cultural_context,蓝湾森林具体在双流区哪个位置？坐地铁或者公交怎么过去方便？
11184,spot,565,cultural_context,蓝湾森林里面好玩吗？主要能逛些什么，大概能玩多久？
11185,spot,565,cultural_context,带5岁的小孩去蓝湾森林合适吗？里面有儿童游乐设施或者适合小朋友的活动吗？
11186,spot,565,travel_tips,这个公园几点开门，晚上关门吗？
11187,spot,565,travel_tips,进去耍要门票不，大概好多钱一个人？
11188,spot,565,travel_tips,坐地铁或者公交咋个过去方便哦？
11189,spot,565,travel_tips,带5岁的小娃娃去耍，有没得啥子适合娃儿走的步道？
11190,spot,565,travel_tips,里面森林步道好走不，夏天去真的凉快吗，大概能逛多久？
11191,spot,566,travel_tips,这个地方几点开门关门啊？
11192,spot,566,travel_tips,进去耍要买门票不？
11193,spot,566,travel_tips,具体在哪个位置哦，好不好找？
11194,spot,566,travel_tips,里面好不好耍，大概能逛多久？
11195,spot,566,travel_tips,带起小娃娃去合适不？
11196,spot,566,description,成都的公园一般几点开门关门呢？
11197,spot,566,description,去成都的公园玩要门票吗，大概多少钱一个人？
11198,spot,566,description,从春熙路怎么坐车去人民公园或者望江楼公园？
11199,spot,566,description,带小孩去成都哪个公园最合适，有没有游乐设施？
11200,spot,566,description,成都的公园除了散步喝茶，还有啥好玩的或者网红打卡点吗？
11201,spot,575,travel_tips,这个广场晚上几点去最好啊？大概能逛多久？
11202,spot,575,travel_tips,进去要门票吗？还是免费随便逛？
11203,spot,575,travel_tips,这个地方在哪儿啊？坐地铁或者公交怎么过去方便？
11204,spot,575,travel_tips,那里好玩吗？主要看什么，值不值得专门跑一趟？
11205,spot,575,travel_tips,带小孩去合适不？那边吃饭买东西方便吗？
11206,spot,566,cultural_context,磨子桥小游园早上几点开门，晚上开到几点？
11207,spot,566,cultural_context,去这个口袋公园要门票不，大概消费多少钱？
11208,spot,566,cultural_context,磨子桥小游园具体在哪个位置，坐地铁几号线能到？
11209,spot,566,cultural_context,这个游园大不大，带小孩去玩有滑梯或沙坑吗？
11210,spot,566,cultural_context,听说是边角料改的，里面到底好不好玩，值得专门跑一趟不？
11211,spot,575,description,成都的公园一般早上几点开门？晚上最晚几点关门？
11212,spot,575,description,去人民公园喝茶晒太阳要门票吗？大概多少钱一个人？
11213,spot,575,description,带三岁小孩去成都哪个公园玩比较合适？有没有儿童游乐设施？
11214,spot,575,description,从春熙路坐地铁怎么去浣花溪公园？大概要多久？
11215,spot,575,description,成都哪个公园最好玩？本地人常去的除了人民公园还有哪些推荐？
11216,spot,576,description,成都的体育休闲服务场所一般几点开门？晚上营业到好久？
11217,spot,576,description,去这种体育休闲场所耍一次大概要花好多钱？有没有团购或学生优惠？
11218,spot,576,description,这些体育休闲服务场所具体在成都哪里？坐地铁或公交咋个去方便？
11219,spot,576,description,里面主要能玩些啥子项目？适不适合带娃儿去耍？
11220,spot,576,description,这种体育休闲场所环境咋样？人多不多，值不值得专门跑一趟？
11221,spot,575,cultural_context,卓锦广场那边一般几点开门营业啊？晚上逛到几点关门？
11222,spot,575,cultural_context,从春熙路坐地铁或者打车过去卓锦广场方便吗？大概要多久？
11223,spot,575,cultural_context,带五岁小孩去卓锦广场玩，有没有适合亲子的地方或者儿童设施？
11224,spot,575,cultural_context,卓锦广场里面消费贵不贵？吃顿饭人均大概多少钱？
11225,spot,575,cultural_context,最近想去卓锦广场逛逛，里面除了吃饭购物，有没有什么好拍照或者散步的景观？
11226,spot,576,cultural_context,这个无人机主题公园几点开门啊？
11227,spot,576,cultural_context,门票多少钱一张？小孩有优惠吗？
11228,spot,576,cultural_context,具体在成都哪个位置？坐地铁或者公交怎么去？
11229,spot,576,cultural_context,里面除了看无人机表演，还有啥好玩的？带小孩去合适不？
11230,spot,576,cultural_context,去过的朋友觉得值不值得专门跑一趟？大概能玩多久？
11231,spot,576,travel_tips,这个地方几点开门关门？
11232,spot,576,travel_tips,去那儿要买门票不，大概多少钱一个人？
11233,spot,576,travel_tips,从春熙路怎么坐车过去方便？
11234,spot,576,travel_tips,带五岁娃去好玩吗，大概能逛多久？
11235,spot,576,travel_tips,那边能飞无人机吗，会不会被管？
11236,spot,578,description,成都的公园一般早上几点开门？晚上关门吗？
11237,spot,578,description,去成都这些公园逛要门票不？大概多少钱一个人？
11238,spot,578,description,带小孩去成都的公园玩合适不？有没有儿童游乐设施？
11239,spot,578,description,这些公园具体在哪儿？坐地铁或者公交怎么去方便？
11240,spot,578,description,成都的公园里哪个最好玩？适合散步拍照还是看风景？
11241,spot,578,travel_tips,这个公园早上几点开门？我想去晨练，太早了会不会进不去？
11242,spot,578,travel_tips,这里要收门票吗？还是免费随便进？
11243,spot,578,travel_tips,这个公园具体在哪条街啊？坐地铁或者公交怎么过去方便？
11244,spot,578,travel_tips,里面好玩吗？大概能逛多久，值不值得专门跑一趟？
11245,spot,578,travel_tips,带三岁小孩去合适吗？有没有儿童设施或者阴凉的地方可以坐？
11246,spot,578,cultural_context,经天公园早上几点开门，晚上开到几点关门呢？
11247,spot,578,cultural_context,去经天公园要买门票不，还是免费随便进？
11248,spot,578,cultural_context,这个公园具体在锦江区哪个位置，坐地铁或者公交怎么过去方便？
11249,spot,578,cultural_context,经天公园里面好不好耍，主要有些啥子设施和景观？
11250,spot,578,cultural_context,带小娃娃去经天公园玩合适不，有没有专门给娃儿耍的场地？
11251,spot,579,cultural_context,梅园几点开门关门？周末去人多不多？
11252,spot,579,cultural_context,去梅园要门票吗？大概多少钱一张？
11253,spot,579,cultural_context,梅园具体在武侯区哪个位置？坐地铁怎么过去方便？
11254,spot,579,cultural_context,现在这个季节去梅园还有花看吗？除了赏花里面还能玩啥？
11255,spot,579,cultural_context,带五岁小孩去梅园合适不？里面有地方推婴儿车或者休息吗？
11256,spot,579,description,成都的公园一般早上几点开门，晚上几点关门啊？
11257,spot,579,description,去成都的公园玩要买门票吗，大概多少钱一张？
11258,spot,579,description,成都市区的公园坐地铁怎么去最方便，哪一站下？
11259,spot,579,description,带娃去成都的公园耍，有没有适合小朋友的游乐设施？
11260,spot,579,description,成都哪个公园最好耍，有没有本地人推荐的，值不值得专门跑一趟？
11261,spot,579,travel_tips,请问这个赏梅的地方几点开门关门啊？
11262,spot,579,travel_tips,现在去要门票不，大概多少钱一个人？
11263,spot,579,travel_tips,这个地方具体在哪儿，坐地铁或者公交怎么过去方便？
11264,spot,579,travel_tips,里面除了看梅花，还有啥好玩的，大概能逛多久？
11265,spot,579,travel_tips,带着五六岁的小孩去合适吗，路好不好走，有没有什么要注意的？
11266,spot,582,description,成都的公园一般早上几点开门，晚上几点关门啊？
11267,spot,582,description,去成都的公园玩要买门票吗，大概多少钱一张？
11268,spot,582,description,从春熙路怎么坐车去人民公园，大概要多久？
11269,spot,582,description,带5岁小孩去成都哪个公园最合适，有没有儿童游乐设施？
11270,spot,582,description,成都的公园逛起来好玩吗，有没有那种本地人常去、风景又好的推荐？
11271,spot,582,travel_tips,这个公园早上几点开门？我想早点去遛弯。
11272,spot,582,travel_tips,这个社区公园要门票不？进去玩要花多少钱？
11273,spot,582,travel_tips,请问这个公园具体在哪个位置？坐地铁或者公交怎么过去方便？
11274,spot,582,travel_tips,里面好不好玩？大概能逛多久，值不值得专门跑一趟？
11275,spot,582,travel_tips,带三岁小孩去玩合适吗？有没有什么需要注意的安全问题？
11276,spot,584,description,成都的公园一般早上几点开门，晚上几点关门？
11277,spot,584,description,去成都的公园玩要买门票吗，大概多少钱一张？
11278,spot,584,description,从春熙路怎么坐车去人民公园，大概要多久？
11279,spot,584,description,带小孩去成都哪个公园最合适，有没有游乐设施？
11280,spot,584,description,成都的公园里面好玩吗，适合和朋友一起野餐或者散步吗？
11281,spot,584,cultural_context,这个公园几点开门关门啊？
11282,spot,584,cultural_context,门票要多少钱，需要提前预约吗？
11283,spot,584,cultural_context,坐地铁或者公交怎么去最方便？
11284,spot,584,cultural_context,里面除了看展，有没有互动游戏可以玩？
11285,spot,584,cultural_context,带5岁小孩去逛，大概能玩多久，会不会无聊？
11286,spot,585,description,成都的公园一般几点开门关门呢？
11287,spot,585,description,去公园玩要买门票吗，大概多少钱一张？
11288,spot,585,description,市区的公园坐地铁怎么去最方便？
11289,spot,585,description,带小孩去公园玩，有没有适合亲子活动的设施？
11290,spot,585,description,这个公园值得专门跑一趟吗，大概能逛几个小时？
11291,spot,582,cultural_context,这个双祥绿地公园早上几点开门，晚上开到几点关门呢？
11292,spot,582,cultural_context,去双祥绿地公园要门票不，还是免费随便进？
11293,spot,582,cultural_context,请问双祥绿地公园具体在武侯区哪个位置，坐地铁或公交怎么过去方便？
11294,spot,582,cultural_context,双祥绿地公园里面好玩吗，有没有什么健身器材或者儿童游乐区？
11295,spot,582,cultural_context,带三岁小孩去双祥绿地公园玩合适不，有没有适合小娃娃的安全设施？
11296,spot,584,travel_tips,这个公园几点开门关门呢？
11297,spot,584,travel_tips,进去耍要买门票不？大概好多钱一个人？
11298,spot,584,travel_tips,请问咋个坐地铁或者公交过去方便些？
11299,spot,584,travel_tips,带5岁娃娃去逛一圈大概要耍好久？有没有啥子亲子活动可以参加？
11300,spot,584,travel_tips,里面蚊子多不多？夏天去需要准备些啥子？值不值得专门跑一趟？
11301,spot,585,cultural_context,盛泰社区文化主题公园早上几点开门，晚上几点关门呀？
11302,spot,585,cultural_context,去这个公园要买门票不，大概多少钱一个人？
11303,spot,585,cultural_context,这个公园在成都哪个位置，坐地铁或者公交怎么过去方便？
11304,spot,585,cultural_context,带5岁的小朋友去盛泰社区文化主题公园玩，有没有适合孩子的设施或者活动？
11305,spot,585,cultural_context,这个公园平时人多不，里面主要能逛什么，值不值得专门跑一趟？
11306,spot,585,travel_tips,这个社区文化公园几点开门，晚上开到几点关门呢？
11307,spot,585,travel_tips,这个公园要收门票不，还是说免费随便进？
11308,spot,585,travel_tips,这个公园具体在哪儿，坐地铁或者公交怎么过去方便？
11309,spot,585,travel_tips,里面主要能耍些啥子，就光是散步看绿化吗，有没有啥子特色？
11310,spot,585,travel_tips,带3岁的小娃娃去耍合适不，有没有啥子儿童设施或者安全风险？
11311,spot,590,cultural_context,武侯区那个主打生态绿化的社区公园，早上几点开门？晚上到几点关门呀？
11312,spot,590,cultural_context,这个公园进去要收门票吗？还是免费随便逛？
11313,spot,590,cultural_context,从地铁3号线高升桥站走过去要多久？或者坐哪路公交能直接到门口？
11314,spot,590,cultural_context,里面除了看树和散步，有没有儿童游乐设施？带5岁小孩去能玩大半天吗？
11315,spot,590,cultural_context,这公园平时人多不？周末去会不会很挤？值不值得专门跑一趟？
11316,spot,590,travel_tips,这个公园几点开门关门呢？我打算傍晚去散步来得及不？
11317,spot,590,travel_tips,进去耍要不要门票哦，是免费随便进吗？
11318,spot,590,travel_tips,这个公园在成都哪个位置啊，坐地铁或者公交怎么过去方便？
11319,spot,590,travel_tips,里面好不好耍哦，就是纯走路看风景吗，有没有啥子特别的打卡点？
11320,spot,590,travel_tips,带5岁的小孩去合适不，路平不平好推婴儿车，夏天蚊子凶不凶需要带驱蚊水不？
11321,spot,590,description,成都那些热门景点一般几点开门关门啊？我想安排一天逛两三个地方，怕时间来不及。
11322,spot,590,description,去青城山或者都江堰玩一趟，门票加索道大概要花多少钱？学生证有优惠吗？
11323,spot,590,description,从春熙路怎么坐车去大熊猫繁育研究基地？地铁能到吗，还是要转公交？
11324,spot,590,description,带5岁的小孩去成都科技馆或者动物园合适吗？里面有没有推婴儿车方便的路？
11325,spot,590,description,宽窄巷子和锦里哪个更好玩？晚上去是不是比白天更有意思，值不值得专门跑一趟？
11326,spot,592,travel_tips,请问这个公园早上几点开门？晚上几点关门啊？
11327,spot,592,travel_tips,这个公园收不收门票？进去耍要钱不？
11328,spot,592,travel_tips,这个公园在成都哪个位置？坐地铁或者公交咋个过去方便？
11329,spot,592,travel_tips,里面好不好耍？适合早上或者傍晚去散步锻炼不？大概能逛多久？
11330,spot,592,travel_tips,带娃儿去耍安不安全？那个儿童游乐区有没有啥子要注意的？
11331,spot,592,description,成都的公园广场一般几点开门关门呢？
11332,spot,592,description,去这些公园广场要门票吗，大概多少钱一个人？
11333,spot,592,description,从春熙路怎么坐车去人民公园或者浣花溪公园？
11334,spot,592,description,带三岁小孩去哪个公园广场玩最合适，有沙坑或者游乐设施吗？
11335,spot,592,description,最近哪个公园广场的花开得好，适合拍照打卡？有没有评价不错的推荐？
11336,spot,592,cultural_context,红牌楼公园早上几点开门，晚上几点关门哇？
11337,spot,592,cultural_context,去红牌楼公园耍要门票不，大概好多钱一个人？
11338,spot,592,cultural_context,我从春熙路出发，坐好多路公交或者地铁能到红牌楼公园？
11339,spot,592,cultural_context,红牌楼公园里头好不好耍，带五岁的小娃娃去有没得啥子玩的？
11340,spot,592,cultural_context,红牌楼公园跟武侯祠挨得近不近，值不值得专门跑一趟去逛？
11341,spot,594,description,成都的公园一般早上几点开门，晚上几点关门啊？
11342,spot,594,description,去成都的公园耍要买门票不，大概好多钱一个人？
11343,spot,594,description,请问人民公园咋个去啊，坐地铁几号线到哪个站？
11344,spot,594,description,带5岁的小娃娃去哪个公园最合适，有没有儿童游乐设施？
11345,spot,594,description,成都哪个公园最好耍，适合逛半天那种，值不值得专门跑一趟？
11346,spot,594,travel_tips,请问这个地方几点开门呢？是全天免费随便进吗？
11347,spot,594,travel_tips,那边要门票不？大概逛多久比较合适？
11348,spot,594,travel_tips,这个河边公园具体在哪儿啊？坐地铁或者公交怎么过去方便？
11349,spot,594,travel_tips,带小孩去玩安全吗？有没有什么要注意的，比如下雨天能不能去？
11350,spot,594,travel_tips,听说那里是沿府河建的，早上或者傍晚去散步风景怎么样？值得专门跑一趟吗？
11351,spot,594,cultural_context,府河公园早上几点开门，晚上几点关门哇？
11352,spot,594,cultural_context,去府河公园耍要门票不，大概多少钱一个人？
11353,spot,594,cultural_context,从春熙路坐地铁咋个到府河公园喃，下车还要走好久？
11354,spot,594,cultural_context,府河公园好不好耍，主要看些啥子风景，值不值得专门跑一趟？
11355,spot,594,cultural_context,带5岁的小娃儿去府河公园合不合适，有没有专门的儿童游乐区？
11356,spot,597,travel_tips,樱花季去那边大概几点去人比较少？
11357,spot,597,travel_tips,这个地方现在去要门票吗？还是免费进的？
11358,spot,597,travel_tips,从春熙路坐地铁或者公交怎么过去方便？
11359,spot,597,travel_tips,带5岁小孩去逛合适吗？里面有没有什么好玩的？
11360,spot,597,travel_tips,网上都说花期很短，具体几号到几号开得最好？
11361,spot,597,description,成都那些有名的景点一般几点开门关门啊？
11362,spot,597,description,去武侯祠或者熊猫基地门票要多少钱，有没有学生票？
11363,spot,597,description,从春熙路怎么坐车去都江堰景区最方便？
11364,spot,597,description,带五岁小孩去成都玩，哪些景点比较适合亲子游？
11365,spot,597,description,宽窄巷子和锦里哪个更好玩，本地人更推荐去哪个？
11366,spot,597,cultural_context,这个以樱花为主题的社区公园几点开门关门喃？门票收不收钱哦？
11367,spot,597,cultural_context,请问这个公园具体在成都哪个位置，坐地铁或者公交咋个去方便？
11368,spot,597,cultural_context,周末带家里小孩去耍合适不？里面有没有专门给娃娃玩的地方？
11369,spot,597,cultural_context,除了赏樱花，公园里还有没有其他好耍的？大概逛一圈要多久？
11370,spot,597,cultural_context,最近看到好多人发这个公园，现在这个季节去能看到樱花不？人多不多值得专门跑一趟吗？
11371,spot,598,description,成都的公园一般早上几点开门，晚上几点关门啊？
11372,spot,598,description,去成都的公园玩要门票不，大概多少钱一个人？
11373,spot,598,description,从春熙路坐地铁怎么去人民公园，大概要多久？
11374,spot,598,description,带三岁的小孩去成都哪个公园最合适，有没有游乐设施？
11375,spot,598,description,成都的公园里除了散步，有没有划船或者喝茶的地方，好玩吗？
11376,spot,598,cultural_context,这个公园几点开门关门？要收门票吗？
11377,spot,598,cultural_context,这个珠江路沿线的小游园具体怎么去？坐地铁几号线能到？
11378,spot,598,cultural_context,带家里老人和小孩去玩合适吗？里面有没有健身器材和儿童设施？
11379,spot,598,cultural_context,这个新修的社区公园除了散步，还有啥好玩的？值不值得专门跑一趟？
11380,spot,598,cultural_context,周末去人多不多？环境清不清静，适合去拍照或者野餐不？
11381,spot,602,description,成都的公园一般早上几点开门，晚上几点关门？
11382,spot,602,description,去成都的公园玩要买门票吗，大概多少钱一个人？
11383,spot,602,description,请问成都哪个公园适合带小孩去耍，有没有游乐设施？
11384,spot,602,description,成都的公园里可以搭帐篷野餐不，周末人多不多？
11385,spot,602,description,想去成都的公园逛逛，坐地铁怎么去最方便，附近好停车不？
11386,spot,602,cultural_context,这个滨水公园几点开门关门呢？
11387,spot,602,cultural_context,进去要门票不，大概多少钱一个人？
11388,spot,602,cultural_context,从地铁站怎么过去方便，有公交直达吗？
11389,spot,602,cultural_context,里面好不好玩，适合带小孩去遛弯吗？
11390,spot,602,cultural_context,这公园主打“和贵”社区理念，实际逛起来有啥特色活动或设施吗？
11391,spot,598,travel_tips,这个公园几点开门关门呢？傍晚去大概能逛多久？
11392,spot,598,travel_tips,进去耍要给门票不？还是免费随便进？
11393,spot,598,travel_tips,这个地方具体在哪儿哦？坐地铁或者公交咋个去方便？
11394,spot,598,travel_tips,里面好不好耍？就是散散步嘛，还是有啥子特色可以看？
11395,spot,598,travel_tips,带起小娃娃去合适不？园子里头有没得啥子娃儿耍的，或者坐的地方多不多？
11396,spot,602,travel_tips,请问这个地方几点开门呀？是全天免费随便进吗？
11397,spot,602,travel_tips,那边需要门票不？大概玩下来要花多少钱？
11398,spot,602,travel_tips,这个滨河步道具体在成都哪个位置？坐地铁或者公交怎么过去方便？
11399,spot,602,travel_tips,听说是免费的河边步道，那适合带小孩去骑平衡车或者散步吗？会不会不安全？
11400,spot,602,travel_tips,这个地方好玩吗？清晨去跑步的话人多不多，大概能逛多久？
11401,spot,605,description,成都的公园一般早上几点开门，晚上几点关门啊？
11402,spot,605,description,去成都的公园玩要收门票吗，大概多少钱一个人？
11403,spot,605,description,成都市区哪个公园交通最方便，坐地铁几号线能到？
11404,spot,605,description,带5岁小孩去成都的公园玩，有没有适合亲子活动的推荐？
11405,spot,605,description,成都的公园里有没有什么特色玩法，比如划船、看熊猫之类的，值得专门去逛吗？
11406,spot,605,travel_tips,这个公园几点开门关门啊？晚上去散步安全不？
11407,spot,605,travel_tips,进去耍要不要门票哦？是免费随便进吗？
11408,spot,605,travel_tips,这个公园在哪儿哦？坐地铁或者公交咋个过去方便？
11409,spot,605,travel_tips,里面有没有啥子好耍的？就是纯走路看树子哇，还是有点健身器材那些？
11410,spot,605,travel_tips,带三岁多的小娃娃去合适不？有没有娃儿耍的滑梯那些，还是就适合大人散步？
11411,spot,605,cultural_context,紫瑞公园早上几点开门喃？晚上好久关门？
11412,spot,605,cultural_context,这个公园要买门票不，还是免费随便进？
11413,spot,605,cultural_context,从地铁3号线武侯立交站咋个走到紫瑞公园，大概要走几分钟？
11414,spot,605,cultural_context,带5岁娃娃去紫瑞公园耍，有没有沙坑或者滑梯这些儿童设施哦？
11415,spot,605,cultural_context,紫瑞公园里头除了看紫薇花，还有没有其他好耍的，比如跑步或者打太极的坝子？
11416,spot,607,travel_tips,请问这个地方现在到底开没开啊？如果开了的话，每天几点开门、几点关门？
11417,spot,607,travel_tips,现在去那里要收门票吗？大概多少钱一个人？还是说目前是免费随便进？
11418,spot,607,travel_tips,这个景点具体在成都哪个位置？坐地铁或者公交怎么过去最方便？
11419,spot,607,travel_tips,里面现在有什么好玩的吗？是纯看建筑还是能拍照打卡？带5岁小孩去合适不？
11420,spot,607,travel_tips,我看网上说还没修完，那现在去会不会白跑一趟？值不值得专门跑过去看？
11421,spot,607,description,成都那些有名的风景名胜一般几点开门关门啊？
11422,spot,607,description,去成都玩，这些景点的门票大概多少钱一张？
11423,spot,607,description,从春熙路怎么坐车去青城山或者都江堰这些风景名胜？
11424,spot,607,description,带5岁小孩去成都的风景名胜逛，有没有特别适合亲子游的地方？
11425,spot,607,description,成都的宽窄巷子和锦里到底哪个更好玩？值不值得专门跑一趟？
11426,spot,607,cultural_context,双流三江公园几点开门关门？要门票不？
11427,spot,607,cultural_context,这个公园修好了没？现在去能玩什么，还是只是个规划？
11428,spot,607,cultural_context,带小孩去双流三江公园方便吗？有没有儿童游乐设施和厕所？
11429,spot,607,cultural_context,从成都市区坐地铁怎么去双流三江公园？附近好停车不？
11430,spot,607,cultural_context,双流三江公园现在值得专门跑一趟吗？听说还在规划，会不会白跑？
11431,spot,609,travel_tips,这个地方几点开门，晚上去能看到夜景不？
11432,spot,609,travel_tips,进去要买门票吗，大概逛多久比较合适？
11433,spot,609,travel_tips,银杏黄的时候是不是最好看，具体在哪个位置啊？
11434,spot,609,travel_tips,带家里老人和小孩去方便吗，路好不好走？
11435,spot,609,travel_tips,这地方到底好不好耍，值不值得专门跑一趟？
11436,spot,609,description,成都那些有名的景点一般几点开门关门啊？
11437,spot,609,description,去都江堰或者青城山玩一趟，门票大概要多少钱？
11438,spot,609,description,从市区怎么坐车去熊猫基地最方便？
11439,spot,609,description,带五岁的小孩去宽窄巷子或者人民公园逛，合适吗？
11440,spot,609,description,武侯祠和锦里大概能玩多久，值不值得专门跑一趟？
11441,spot,609,cultural_context,银杏廊几点开门关门？晚上去拍夜景行不行？
11442,spot,609,cultural_context,去银杏廊要门票不？大概多少钱一个人？
11443,spot,609,cultural_context,银杏廊具体在武侯区哪个位置？坐地铁或者公交怎么过去最方便？
11444,spot,609,cultural_context,现在这个季节去银杏廊叶子黄了吗？除了拍照还有啥好玩的？
11445,spot,609,cultural_context,带五岁小孩去银杏廊散步合适吗？那边路平不平、有没有休息的地方？
11446,spot,614,description,成都的公园一般早上几点开门，晚上几点关门呢？
11447,spot,614,description,去成都的公园玩要门票吗，大概多少钱一个人？
11448,spot,614,description,带小孩去成都的公园合适吗，有没有儿童游乐设施？
11449,spot,614,description,从春熙路怎么坐车去人民公园，大概要多久？
11450,spot,614,description,成都哪个公园最好玩，适合和朋友一起逛大半天的那种？
11451,spot,614,cultural_context,河池乐活公园早上几点开门，晚上几点关门？
11452,spot,614,cultural_context,去河池乐活公园要门票不，停车方便吗，收费咋样？
11453,spot,614,cultural_context,河池乐活公园在双流哪个位置，坐地铁或者公交怎么过去？
11454,spot,614,cultural_context,带小孩去河池乐活公园好玩吗，有没有专门给娃儿耍的设施？
11455,spot,614,cultural_context,河池乐活公园里面能骑车或者跑步不，适合周末去放松一天不？
11456,spot,619,description,成都的公园一般早上几点开门，晚上几点关门呢？
11457,spot,619,description,去成都的公园玩要买门票吗，大概多少钱一张？
11458,spot,619,description,从春熙路怎么坐车去人民公园，大概要多久？
11459,spot,619,description,带5岁小孩去成都的公园玩，有哪些适合亲子活动的项目？
11460,spot,619,description,成都哪个公园最好逛，本地人推荐去打卡还是更推荐去周边郊野公园？
11461,spot,614,travel_tips,请问这个公园几点开门关门啊？是全天都能进吗？
11462,spot,614,travel_tips,这里要门票不？还是免费随便进？
11463,spot,614,travel_tips,这个地方具体在哪儿啊，坐地铁或者公交怎么过去方便？
11464,spot,614,travel_tips,里面好玩吗？大概能逛多久，有没有啥推荐的玩法？
11465,spot,614,travel_tips,带小孩去露营或者骑车合适不？周末去会不会人特别多？
11466,spot,619,travel_tips,这个景点下午几点开门，逛一圈大概要多久啊？
11467,spot,619,travel_tips,请问现在门票多少钱一张，是免费随便进吗？
11468,spot,619,travel_tips,这个地方在武侯区具体哪个位置，坐地铁或者公交怎么过去方便？
11469,spot,619,travel_tips,带五岁小孩去玩合适吗，里面有没有什么小孩子能玩的项目？
11470,spot,619,travel_tips,春秋天下午去的话，里面蚊子多不多，需要提前喷驱蚊水吗？
11471,spot,619,cultural_context,科苑早上几点开门？晚上开到几点关？
11472,spot,619,cultural_context,去科苑要买门票吗，还是免费随便进？
11473,spot,619,cultural_context,科苑具体在成都哪个位置，坐地铁怎么过去方便？
11474,spot,619,cultural_context,科苑里面好玩吗？主要能看些啥，逛一圈要多久？
11475,spot,619,cultural_context,带6岁小孩去科苑合适不？有没有草坪可以跑或者适合野餐的地方？
11476,spot,627,description,成都那些有名的景点一般几点开门？我想早点去避开人流。
11477,spot,627,description,去都江堰或者青城山门票多少钱一张？有没有学生票或者联票优惠？
11478,spot,627,description,从春熙路怎么坐车去大熊猫繁育研究基地？大概要多久？
11479,spot,627,description,带5岁小孩去成都玩，宽窄巷子和锦里哪个更适合？会不会太挤？
11480,spot,627,description,武侯祠和杜甫草堂哪个更好玩？值得花一整天慢慢逛吗？
11481,spot,627,travel_tips,望池台晚上几点去最合适？大概能逛多久？
11482,spot,627,travel_tips,这个望池台要门票不？大概多少钱一个人？
11483,spot,627,travel_tips,武侯区的望池台具体在哪个位置？坐地铁或者公交怎么过去方便？
11484,spot,627,travel_tips,带五岁的小孩去望池台玩合适吗？有没有什么要注意的？
11485,spot,627,travel_tips,望池台那边好玩吗？蚊子是不是特别多，需不需要带驱蚊水？
11486,spot,627,cultural_context,望池台几点开门关门呢？晚上去散步让进吗？
11487,spot,627,cultural_context,去望池台要门票不？还是免费随便逛？
11488,spot,627,cultural_context,望池台具体在成都哪个位置？坐地铁几号线能到，出站后咋走？
11489,spot,627,cultural_context,望池台里面好玩吗？主要能看啥风景，大概逛多久合适？
11490,spot,627,cultural_context,带5岁小孩去望池台耍方便不？有没有适合小朋友玩的地方或安全设施？
11491,spot,628,description,成都那些著名的风景名胜一般早上几点开门？去晚了会不会不让进？
11492,spot,628,description,武侯祠、杜甫草堂这些景点门票多少钱一张？学生或者老人有优惠吗？
11493,spot,628,description,从春熙路怎么坐地铁或者公交去青城山？大概要花多长时间？
11494,spot,628,description,带5岁小孩去都江堰玩合适吗？有没有推婴儿车方便的路？
11495,spot,628,description,成都周边哪个风景名胜最值得玩？网上评价怎么样，会不会人挤人？
11496,spot,628,travel_tips,听风廊几点开门关门啊？下午去会不会太晒？
11497,spot,628,travel_tips,这个地方要门票吗？还是免费随便进？
11498,spot,628,travel_tips,听风廊在双流区哪个位置哦？坐地铁或者公交怎么过去方便？
11499,spot,628,travel_tips,带五岁小孩去听风廊玩合适不？有没有地方坐着休息？
11500,spot,628,travel_tips,听风廊到底好不好耍？值不值得专门跑一趟？
11501,spot,628,cultural_context,听风廊早上几点开门，晚上会不会关门？
11502,spot,628,cultural_context,去听风廊要买门票不，大概多少钱一个人？
11503,spot,628,cultural_context,听风廊具体在公园哪个位置，从哪个门进去最近？
11504,spot,628,cultural_context,听风廊那里好玩吗，适合带小孩去溜达不？
11505,spot,628,cultural_context,听风廊离地铁站远不远，坐公交怎么过去方便？
11506,spot,630,description,成都的公园一般几点开门关门呢？
11507,spot,630,description,去成都的公园耍要买门票不，大概好多钱一个人？
11508,spot,630,description,请问人民公园咋个去哦，坐地铁几号线哪个站下？
11509,spot,630,description,带三岁多的小娃娃去哪个公园最合适，有没有儿童游乐设施？
11510,spot,630,description,最近天气好，想找个清静点的公园喝茶晒太阳，有啥推荐不？
11511,spot,630,travel_tips,这个芳草盛泰游园几点开门关门啊？晚上去会不会太晚？
11512,spot,630,travel_tips,去武侯区那个芳草盛泰游园要门票不？免费的话停车方便吗？
11513,spot,630,travel_tips,芳草盛泰游园具体在武侯区哪个位置？坐地铁几号线能到，下车怎么走？
11514,spot,630,travel_tips,那个小游园好玩吗？主要看啥风景，大概逛多久合适？
11515,spot,630,travel_tips,带三岁小孩去芳草盛泰游园遛弯行不行？里面有没有儿童设施，草坪能坐吗？
11516,spot,634,description,成都那些有名的景点一般几点开门关门啊？
11517,spot,634,description,去成都旅游，热门景点门票大概多少钱一张？
11518,spot,634,description,从春熙路怎么坐车去都江堰景区？
11519,spot,634,description,带5岁小孩去成都，哪些景点比较合适不累人？
11520,spot,634,description,成都宽窄巷子和锦里哪个更好玩？值不值得专门去一趟？
11521,spot,630,cultural_context,芳草盛泰游园几点开门关门啊？晚上去散步方便不？
11522,spot,630,cultural_context,这个口袋公园要门票吗？大概逛一圈要花多少钱？
11523,spot,630,cultural_context,芳草盛泰游园具体在哪儿？坐地铁或者公交怎么过去？
11524,spot,630,cultural_context,带三岁小孩去芳草盛泰玩合适不？里面有啥儿童设施或空地吗？
11525,spot,630,cultural_context,芳草盛泰游园好不好玩？值不值得专门跑一趟，还是顺路看看就行？
11526,spot,634,travel_tips,请问这个地方几点开门？是全天开放还是分时段？
11527,spot,634,travel_tips,去那边玩要门票不？大概多少钱一个人？
11528,spot,634,travel_tips,这个湖具体在哪儿啊？坐地铁或者公交怎么过去方便？
11529,spot,634,travel_tips,那边好不好耍？傍晚去走一圈大概要逛多久？
11530,spot,634,travel_tips,带五岁的小孩去合适不？有没有什么要注意的，比如蚊子多不多？
11531,spot,634,cultural_context,白鹭洲湿地公园早上几点开门？晚上几点关门？
11532,spot,634,cultural_context,去白鹭洲湿地公园要门票吗？大概多少钱一个人？
11533,spot,634,cultural_context,从春熙路坐地铁或者公交怎么去白鹭洲湿地公园？
11534,spot,634,cultural_context,白鹭洲湿地公园里面好玩吗？主要能看些什么？
11535,spot,634,cultural_context,带5岁小孩去白鹭洲湿地公园玩合适吗？有没有儿童设施？
11536,spot,638,description,成都的公园一般早上几点开门，晚上几点关门呢？
11537,spot,638,description,去成都的公园玩要收门票吗，大概多少钱一张？
11538,spot,638,description,从春熙路坐地铁怎么去人民公园，要换乘吗？
11539,spot,638,description,带三岁的小朋友去成都的公园玩，有没有适合的游乐设施或者草坪？
11540,spot,638,description,成都哪个公园拍照好看又清静，值不值得专门去逛一下？
11541,spot,638,cultural_context,双桂公园早上几点开门，晚上几点关门哦？
11542,spot,638,cultural_context,去双桂公园要门票不，大概多少钱一个人？
11543,spot,638,cultural_context,双桂公园在成都哪个位置，坐地铁咋个去方便？
11544,spot,638,cultural_context,双桂公园里面好不好耍，桂花开了是不是很香，适合散步拍照不？
11545,spot,638,cultural_context,带娃儿去双桂公园耍合适不，有没有啥子儿童设施或者宽敞的草坪？
11546,spot,639,description,成都的公园一般早上几点开门，晚上几点关门啊？
11547,spot,639,description,去成都的公园玩要买门票吗，大概多少钱一张？
11548,spot,639,description,请问人民公园怎么去，坐地铁几号线能到？
11549,spot,639,description,带家里小孩去成都哪个公园比较合适，有游乐设施吗？
11550,spot,639,description,成都的公园除了散步喝茶，还有啥好玩的，值不值得专门去逛一圈？
11551,spot,638,travel_tips,这个公园一般几点开门，逛一圈要多久？
11552,spot,638,travel_tips,进去耍要买门票不，还是免费随便进？
11553,spot,638,travel_tips,这个地方在哪个位置，坐地铁或者公交咋个过去方便？
11554,spot,638,travel_tips,带5岁的小娃娃去耍合不合适，有没有啥子亲子项目？
11555,spot,638,travel_tips,上午去还是下午去好耍些？夏天去会不会很晒，需要咋个防暑？
11556,spot,639,travel_tips,请问这边几点开门呀？要不要门票？
11557,spot,639,travel_tips,这个地方在哪儿哦，坐地铁能到不？
11558,spot,639,travel_tips,带5岁娃去耍一圈大概要多久？里面好不好玩？
11559,spot,639,travel_tips,夏天去热不热？需不需要自己带水进去？
11560,spot,639,travel_tips,消防设施那些是不是只能看不能碰？适合一家人去逛不？
11561,spot,639,cultural_context,这个公园几点开门关门啊？晚上去遛弯行不行？
11562,spot,639,cultural_context,进去耍要买门票不？还是免费随便进？
11563,spot,639,cultural_context,这个消防主题公园在哪儿哦？坐地铁咋个过去方便？
11564,spot,639,cultural_context,里面除了看消防知识，有没有啥子好耍的设施？带娃娃去能玩大半天不？
11565,spot,639,cultural_context,带小孩去合适不？有没有那种互动体验或者消防演练可以参加？
11566,spot,644,description,成都那些风景名胜一般早上几点开门？
11567,spot,644,description,去成都的风景名胜区门票大概多少钱一张？
11568,spot,644,description,这些风景名胜都在成都哪个位置，怎么坐车过去方便？
11569,spot,644,description,带小孩去这些风景名胜玩合适吗，有没有亲子路线推荐？
11570,spot,644,description,成都的风景名胜到底好不好玩，值不值得专门去一趟？
11571,spot,643,description,成都的公园一般几点开门关门？晚上能进去散步吗？
11572,spot,643,description,成都市区有哪些不收门票、适合带小孩玩的公园？有没有沙池或游乐设施？
11573,spot,643,description,从春熙路坐地铁去人民公园怎么走？大概要多久？
11574,spot,643,description,成都哪个公园可以划船或者看荷花？门票大概多少钱？
11575,spot,643,description,带外地朋友去成都公园喝盖碗茶、掏耳朵，哪个公园体验最正宗？现在还有吗？
11576,spot,643,cultural_context,谷底公园几点开门关门呢？
11577,spot,643,cultural_context,去谷底公园要门票吗，大概多少钱一个人？
11578,spot,643,cultural_context,这个下沉式公园在锦江区哪个位置，坐地铁怎么过去方便？
11579,spot,643,cultural_context,谷底公园里面好玩吗，主要能看啥或者玩啥？
11580,spot,643,cultural_context,带小孩去谷底公园合适吗，有没有适合孩子跑耍的地方？
11581,spot,643,travel_tips,这个公园几点开门关门啊？下午去逛一个小时够不够？
11582,spot,643,travel_tips,进去要买门票不？是免费随便进吗？
11583,spot,643,travel_tips,这个地方在成都哪儿啊？坐地铁或者公交怎么过去方便？
11584,spot,643,travel_tips,里面好玩吗？就是散散步拍拍照那种，还是有点啥子景观？
11585,spot,643,travel_tips,带五岁娃儿去合适不？路好不好走，推婴儿车方便吗？
11586,spot,644,travel_tips,芙蓉花上午去是不是最好看？一般要逛多久啊？
11587,spot,644,travel_tips,这个公园现在门票好多钱？是免费随便进不？
11588,spot,644,travel_tips,坐地铁或者公交怎么到那边啊？下车后要走很远不？
11589,spot,644,travel_tips,带五岁娃去耍合适不？除了看花还有没有其他好玩的？
11590,spot,644,travel_tips,网上说花粉过敏要小心，我有点鼻炎，去的话需要戴口罩不？
11591,spot,644,cultural_context,芙蓉花海景区早上几点开门？门票多少钱一张？
11592,spot,644,cultural_context,从成都市区坐地铁或者公交怎么去芙蓉花海景区？大概要多久？
11593,spot,644,cultural_context,带五岁的小孩去芙蓉花海玩合适吗？里面有没有适合小朋友的活动？
11594,spot,644,cultural_context,芙蓉花海景区现在这个季节去好玩吗？能看到成片的芙蓉花吗？
11595,spot,644,cultural_context,去芙蓉花海景区大概要逛多久？里面有没有吃饭或者休息的地方？
11596,spot,645,description,成都的公园一般早上几点开门啊？
11597,spot,645,description,去成都的公园玩要收门票吗，大概多少钱一个人？
11598,spot,645,description,带小孩去成都哪个公园比较合适，有游乐设施吗？
11599,spot,645,description,成都的公园怎么去方便，坐地铁能到吗？
11600,spot,645,description,成都的公园好玩吗，主要能逛些什么？
11601,spot,645,travel_tips,这个公园是几点开门关门啊？要门票不？
11602,spot,645,travel_tips,里面打篮球和足球怎么收费，需要提前预约吗？
11603,spot,645,travel_tips,从春熙路坐地铁怎么过去方便？附近有停车场吗？
11604,spot,645,travel_tips,傍晚去那边锻炼人多不多？有没有灯光照明？
11605,spot,645,travel_tips,带5岁小孩去玩合适吗？除了球场还有儿童设施吗？
11606,spot,645,cultural_context,蓝牌体育公园早上几点开门，晚上开到几点关门？
11607,spot,645,cultural_context,进去耍要门票不，还是免费随便进？
11608,spot,645,cultural_context,蓝牌体育公园在双流哪个位置，坐地铁咋个过去方便？
11609,spot,645,cultural_context,里面都有哪些运动场地，适不适合带小娃娃去耍？
11610,spot,645,cultural_context,这个公园平时人多不多，周末去好停车吗，环境咋样？
11611,spot,648,description,成都的公园一般早上几点开门，晚上几点关门啊？
11612,spot,648,description,去成都的公园玩要买门票吗，大概多少钱一个人？
11613,spot,648,description,从春熙路怎么坐车去人民公园，方便吗？
11614,spot,648,description,带5岁的小孩去成都哪个公园最合适，有游乐设施吗？
11615,spot,648,description,成都的公园里除了散步，有没有划船或者喝茶的地方，好玩不？
11616,spot,648,travel_tips,这个公园几点开门关门啊？晚上去散步方便吗？
11617,spot,648,travel_tips,进去耍要买门票不？还是免费随便进？
11618,spot,648,travel_tips,这边坐地铁或者公交咋个去哦？附近好找不？
11619,spot,648,travel_tips,这个公园好不好耍？大概逛多久能逛完？
11620,spot,648,travel_tips,带娃儿过来耍合适不？有没有啥子要注意的？
11621,spot,648,cultural_context,顺江社区公园早上几点开门，晚上到几点关门呢？
11622,spot,648,cultural_context,这个公园要买门票不，还是免费随便进？
11623,spot,648,cultural_context,从地铁3号线武侯立交站走过去怎么走，大概要多久？
11624,spot,648,cultural_context,公园里面有没有小孩玩的滑梯和沙坑，周末带娃去合适不？
11625,spot,648,cultural_context,顺江社区公园里面好耍不，就是散散步、拍拍照值不值得专门跑一趟？
11626,spot,649,description,成都那些有名的景点一般早上几点开门啊？
11627,spot,649,description,去都江堰或者青城山门票多少钱一张，有没有学生票？
11628,spot,649,description,从春熙路怎么坐车去熊猫基地，大概要多久？
11629,spot,649,description,带5岁小孩去宽窄巷子和锦里玩合适吗，会不会太挤？
11630,spot,649,description,武侯祠和杜甫草堂哪个更值得逛，大概能玩几个小时？
11631,spot,649,cultural_context,华姿园早上几点开门，晚上几点关门？
11632,spot,649,cultural_context,去华姿园要门票不，大概多少钱一个人？
11633,spot,649,cultural_context,从春熙路坐地铁或者公交怎么去华姿园方便？
11634,spot,649,cultural_context,华姿园里面除了看花，还有啥好玩的，适合带小孩去耍不？
11635,spot,649,cultural_context,最近去华姿园值不值得，花都开了吗，人多不？
11636,spot,649,travel_tips,请问这个园子早上几点开门，逛一圈大概要多久啊？
11637,spot,649,travel_tips,这里免费进去耍，要不要提前预约或者拿身份证啥子的？
11638,spot,649,travel_tips,这个地方在成都哪个位置哦，坐地铁或者公交咋个过去方便？
11639,spot,649,travel_tips,里面蚊虫多不多，带小娃娃去耍安不安全，有啥要注意的没？
11640,spot,649,travel_tips,这个园子好不好玩，值不值得专门跑一趟，大概能逛些啥子？
11641,spot,653,travel_tips,这个公园几点开门关门喃？
11642,spot,653,travel_tips,进去耍要不要买门票哦？
11643,spot,653,travel_tips,坐地铁咋个过去方便不？
11644,spot,653,travel_tips,里面好不好耍，适合带娃儿去野餐不？
11645,spot,653,travel_tips,秋天去走一圈大概要逛好久？
11646,spot,653,description,成都的公园一般几点开门关门呢？
11647,spot,653,description,去这些公园逛要收门票吗，大概多少钱一个人？
11648,spot,653,description,从春熙路出发怎么坐公交或地铁到那边的公园？
11649,spot,653,description,带五岁的小孩去这些公园玩合适吗，有没有儿童设施？
11650,spot,653,description,这些公园哪个最好玩，适合拍照或者散步半天？
11651,spot,653,cultural_context,卧龙园早上几点开门，晚上到几点关门啊？
11652,spot,653,cultural_context,去卧龙园要买门票吗，大概多少钱一张？
11653,spot,653,cultural_context,这个公园在武侯区哪个位置，坐地铁或者公交怎么过去方便？
11654,spot,653,cultural_context,里面就只看熊猫雕塑吗，有没有其他好玩的，值不值得专门跑一趟？
11655,spot,653,cultural_context,带三岁小孩去卧龙园耍合适不，有没有能跑跳的草坪或者儿童设施？
11656,food,43,description,这家店几点开门？我想中午去吃，怕跑空。
11657,food,43,description,一份烤茄子大概多少钱？两个人点几样合适？
11658,food,43,description,这家店在成都哪个位置？坐地铁怎么去方便？
11659,food,43,description,除了烤茄子，这家店还有啥推荐的川菜？适合带小孩去吃吗？
11660,food,43,description,这家店味道到底咋样？本地人常去不，排队久吗？
11661,food,41,description,成都哪家烧烤店的锡纸烤猪脑最正宗？一般晚上几点开门营业？
11662,food,41,description,一份锡纸烤猪脑大概多少钱？两个人吃的话点几份合适？
11663,food,41,description,这家店在成都哪个区？坐地铁几号线能到，出站后怎么走？
11664,food,41,description,带小孩去能点锡纸烤猪脑吗？会不会太辣，有没有不辣的做法？
11665,food,41,description,这家店除了烤猪脑还有啥招牌菜？周末去要不要排队，环境吵不吵？
11666,food,42,description,成都哪家烧烤店是这种炭火烤的肥瘦相间五花肉，裹生菜吃那种？大概几点开门营业？
11667,food,42,description,这种烤五花肉一般多少钱一串或一份？两个人去吃大概要花多少钱？
11668,food,42,description,你说的这个吃法在成都哪个片区能吃到？坐地铁怎么去最方便？
11669,food,42,description,这种炭火烤的五花肉会不会很腻？适合带小孩一起去吃吗？
11670,food,42,description,这家店味道到底咋样？晚上去要不要排队？一般几点去不用等位？
11671,food,44,description,这个烤鸡胗大概几点出摊啊？去晚了会不会卖光？
11672,food,44,description,一串烤鸡胗卖多少钱？是按串卖还是按把卖？
11673,food,44,description,这家卖鸡胗的摊子具体在成都哪个位置？怎么坐地铁过去？
11674,food,44,description,除了鸡胗还有啥其他串串？带小孩去吃合适吗，辣不辣？
11675,food,44,description,这家鸡胗好吃吗？平时排队人多不多，大概要等多久？
11676,food,45,description,成都那种烤得外皮微焦、辣中带甜的宵夜一般几点开门？
11677,food,45,description,这种秘制川味酱料烤的宵夜大概多少钱一份？
11678,food,45,description,你说的这个成都人宵夜首选具体在哪条街，怎么坐地铁过去？
11679,food,45,description,带小孩去合适吗，会不会太辣或者等位太久？
11680,food,45,description,这种烤串是只有晚上有吗，中午去能吃到吗？
11681,food,46,description,这个烤苕皮一般几点开门卖啊？
11682,food,46,description,一份烤苕皮大概多少钱？
11683,food,46,description,你们店在哪条街？怎么走最近？
11684,food,46,description,带小孩来吃这个合适吗，辣不辣？
11685,food,46,description,这个苕皮吃起来好玩吗？里面包的是啥？
11686,food,47,description,成都晚上吃烧烤一般几点开门？这家店是夜市才营业吗？
11687,food,47,description,烤韭菜一份大概多少钱？两个人吃点多少合适？
11688,food,47,description,你说的这个烤韭菜在成都哪家店能吃到？具体位置怎么走？
11689,food,47,description,除了烤韭菜，这家店还有其他推荐的素菜吗？晚上去要排队很久吗？
11690,food,47,description,带小孩去吃这种烧烤方便吗？环境吵不吵，有没有不辣的选择？
11691,food,48,description,这家店几点开门啊？我想中午去吃，怕扑空。
11692,food,48,description,一份这个烤鱼大概多少钱？两个人吃够不够？
11693,food,48,description,这家店在成都哪儿？坐地铁怎么去最方便？
11694,food,48,description,这个鱼辣不辣？带小孩去吃合适吗，有没有不辣的菜？
11695,food,48,description,这家店好玩吗？环境怎么样，值不值得专门跑一趟去打卡？
11696,food,50,description,这家店的仔姜泡椒双椒爆炒牛蛙一般几点开门营业？
11697,food,50,description,一份仔姜泡椒双椒爆炒牛蛙大概多少钱？
11698,food,50,description,这家店在成都哪个位置，坐地铁怎么去？
11699,food,50,description,带小孩去吃这个牛蛙合适吗，会不会太辣？
11700,food,50,description,这家店的牛蛙味道到底咋样，值不值得专门跑一趟？
11701,food,49,description,自贡的冷吃兔在成都哪家店最正宗？一般几点开门，晚上去还有卖吗？
11702,food,49,description,那种兔丁一份大概多少钱？能不能只买半份尝尝？
11703,food,49,description,这家店在成都哪个区？坐地铁几号线能到，下车后好找吗？
11704,food,49,description,冷吃兔除了直接吃，有没有推荐配啤酒的吃法？店里能堂食吗，还是只能打包带走？
11705,food,49,description,带小孩去合适吗？兔丁会不会很辣，有没有不辣的选择或者能调整辣度？
11706,food,51,description,这家店的土鳝鱼一般几点开门？想中午去尝尝
11707,food,51,description,干煸土鳝鱼一份大概多少钱？两个人点几个菜合适？
11708,food,51,description,这家店在成都哪个位置？坐地铁怎么去方便？
11709,food,51,description,带小孩去能点这道菜吗？会不会太辣，有微辣版吗？
11710,food,51,description,这家店除了下酒，配米饭吃怎么样？晚上去氛围好吗？
11711,food,52,description,这家店几点开门？中午去要不要排队？
11712,food,52,description,人均大概多少钱一份？两个人点一锅够吃吗？
11713,food,52,description,这家店具体在成都哪个位置？坐地铁怎么过去？
11714,food,52,description,带小孩去吃这个芋儿鸡合适吗？辣不辣？有没有不辣的选项？
11715,food,52,description,这家江湖菜味道怎么样？本地人推荐的多不多，值不值得专程跑一趟？
11716,food,53,description,这家店几点开门啊，中午去会不会排队？
11717,food,53,description,藿香鲫鱼一份大概多少钱，两个人吃合适吗？
11718,food,53,description,这家店在成都哪个位置，坐地铁怎么去方便？
11719,food,53,description,带小孩去这家吃藿香鲫鱼合适吗，有没有不辣的菜？
11720,food,53,description,这家店的藿香鲫鱼好吃吗，值不值得专门跑一趟去尝？
11721,food,54,description,这家店几点开门？我想中午去吃，怕跑空了。
11722,food,54,description,人均大概多少钱啊？两个人吃一份够不够？
11723,food,54,description,这家店在成都哪个位置？坐地铁方便吗？
11724,food,54,description,带小孩去吃合适吗？辣不辣，有没有不辣的锅底？
11725,food,54,description,网上评价咋样？是不是真的越吃越上瘾，值得专门跑一趟吗？
11726,food,56,description,这家店几点开门啊？想中午去尝尝那个黄油鸡肉
11727,food,56,description,人均多少钱一位？两个人吃大概要花多少？
11728,food,56,description,这个店在成都哪里？坐地铁方便吗，具体怎么走？
11729,food,56,description,周末去好玩吗？环境怎么样，适合拍照打卡不？
11730,food,56,description,带小孩去合适吗？有没有不辣的馕饼或者儿童能吃的菜？
11731,food,58,description,这家卖韩式辣酱配郫县豆瓣的炒年糕摊，一般几点开门啊？
11732,food,58,description,一份加了麻辣香肠和鱼饼的炒年糕大概多少钱？
11733,food,58,description,这个卖甜辣川香年糕的小吃摊具体在成都哪个位置，怎么坐地铁过去？
11734,food,58,description,带孩子去吃这个街头年糕合适吗，辣不辣，有没有不辣的选择？
11735,food,58,description,这家网红年糕摊排队凶不凶，好不好吃，值不值得专门跑一趟？
11736,food,59,description,这家店几点开门？我想中午去人会不会少点？
11737,food,59,description,一碗这个越南河粉大概多少钱？加虾和鱿鱼要另外收费吗？
11738,food,59,description,这家店在成都哪个位置？坐地铁几号线能到，出站后好找吗？
11739,food,59,description,带小孩去吃合适吗？有没有不辣的选项，或者儿童座椅？
11740,food,59,description,这家店评价怎么样？周末去要不要排队，大概等多久？
11741,food,55,description,这家店几点开门？我想中午去试试那个泰式加麻辣的汤底。
11742,food,55,description,人均大概多少钱啊？两个人吃一顿那个嫩牛肉和鲜蔬的锅要花多少？
11743,food,55,description,店在成都哪个位置？坐地铁方便吗，怎么过去最近？
11744,food,55,description,这个酸辣鲜香的锅底吃起来辣不辣？适合带小孩一起去吃吗？
11745,food,55,description,这种泰式加成都风味的汤底煮久了会变咸吗？网上评价说越煮越香是真的假的？
11746,food,57,description,这家店几点开门？我想错开饭点去，免得排队太久。
11747,food,57,description,一碗大概多少钱？两个人吃的话人均消费高不高？
11748,food,57,description,具体位置在哪儿？坐地铁或者打车方便吗，从春熙路过去大概要多久？
11749,food,57,description,这家拉面除了麻辣口味，有没有不辣的选项？带老人小孩去合适吗？
11750,food,57,description,你们说的这个成都风味拉面，和普通日式拉面比，辣度会不会很夸张？第一次尝试的话推荐加什么配料？
11751,food,60,description,这家店几点开门？想中午去吃怕排队等太久。
11752,food,60,description,一份这样的薄底披萨大概多少钱？两个人点一份够不够吃？
11753,food,60,description,这家披萨店具体在成都哪个位置？坐地铁怎么过去方便？
11754,food,60,description,这个川味红油腊肉披萨吃起来辣不辣？外地人第一次吃能接受吗？
11755,food,60,description,带小孩去这家店吃合适吗？有没有不辣的选项或者儿童座椅？
11756,food,62,description,这家店几点开门？我想中午去吃，需要排队很久吗？
11757,food,62,description,一份菠萝炒饭大概多少钱？两个人点一份够不够？
11758,food,62,description,这家店在成都哪个位置？坐地铁几号线能到，具体哪站下？
11759,food,62,description,带小孩去吃这个菠萝炒饭合适吗？有没有不辣的选择？
11760,food,62,description,这家店除了菠萝炒饭还有啥推荐的？味道到底怎么样，值不值得专门跑一趟？
11761,food,61,description,这家店几点开门？想中午去尝尝那个玉米脆饼夹烤肉，怕跑空了。
11762,food,61,description,一份玉米脆饼夹烤肉和牛油果大概多少钱？两个人吃的话人均贵不贵？
11763,food,61,description,这家店在成都哪个位置？坐地铁怎么去最方便？
11764,food,61,description,那个川式莎莎酱辣不辣？带小孩去的话，有适合孩子吃的不辣版本吗？
11765,food,61,description,这家店适合拍照打卡吗？周末去要排队很久吗？味道到底咋样，值不值得专程跑一趟？
11766,food,64,description,这家店几点开门？我想去试试那个汉源花椒冰美式，怕去早了扑空。
11767,food,64,description,加汉源花椒的冰美式一杯多少钱啊？比普通美式贵很多吗？
11768,food,64,description,这家店在成都哪个位置？从春熙路过去坐地铁方便吗？
11769,food,64,description,那个花椒咖啡喝起来到底啥感觉？会不会很怪？适合第一次去的游客打卡吗？
11770,food,64,description,带小朋友去喝这个麻辣咖啡合适吗？还是说更适合大人自己去尝鲜？
11771,food,63,description,这家用盖碗茶装拿铁的店几点开门啊？我想早上过去人少点。
11772,food,63,description,喝一杯这种盖碗咖啡大概多少钱？配花生酥要另外加钱不？
11773,food,63,description,这个店具体在成都哪个位置？坐地铁几号线能到，出站后好找吗？
11774,food,63,description,用盖碗喝咖啡会不会很奇怪？实际喝起来是什么味道，适合第一次去成都的游客打卡吗？
11775,food,63,description,带家里老人和小孩一起去合适吗？店里有没有不辣的甜点或者座位舒服吗？
11776,food,66,description,这家店的熊猫拉花咖啡几点开门营业啊？
11777,food,66,description,一杯这种熊猫咖啡要多少钱？
11778,food,66,description,这个熊猫拉花咖啡店具体在哪个位置，怎么去方便？
11779,food,66,description,除了拍照打卡，这个咖啡喝起来味道咋样，好玩吗？
11780,food,66,description,带小孩去喝这个熊猫咖啡合适吗？
11781,food,65,description,这家店几点开门呀？我想早上去吃那个热拿铁配糍粑，怕扑空。
11782,food,65,description,那个热拿铁上浮着糍粑的饮料多少钱一杯？加红糖浆要另外收费吗？
11783,food,65,description,这个店具体在成都哪个位置？坐地铁几号线能到，出站后好找吗？
11784,food,65,description,带小孩去合适吗？小朋友能喝这种带咖啡的饮料吗，有没有不含咖啡的版本？
11785,food,65,description,这个甜水面味道的热拿铁好玩吗？吃起来会不会很怪，值不值得专门跑一趟？
11786,food,69,description,这家店的鸭舌一般几点开门卖？去晚了会不会就没了？
11787,food,69,description,一份鸭舌大概多少钱？是按份卖还是称斤的？
11788,food,69,description,你说的这个成都卤味店具体在哪个位置？坐地铁怎么去方便？
11789,food,69,description,带小孩去吃合适吗？有没有不辣的选项给孩子？
11790,food,69,description,这家鸭舌配威士忌吃真的搭吗？晚上去当夜宵氛围怎么样？
11791,food,67,description,这家店的冷萃咖啡气泡水是几点开门供应？下午去会不会卖完？
11792,food,67,description,喝一杯这种藤椒油冷萃咖啡要多少钱？有团购或者优惠吗？
11793,food,67,description,这家店在成都哪个位置？坐地铁怎么去最方便？
11794,food,67,description,这个咖啡加藤椒油和椒盐的味道会不会很奇怪？外地人喝得惯吗？
11795,food,67,description,带小孩去喝这个合适吗？有没有不含咖啡因的版本？
11796,food,68,description,这个油炸土豆条拌折耳根的小吃一般几点出摊啊？晚上去能吃到吗？
11797,food,68,description,一份大概多少钱？分量足不足，两个人点一份够不够？
11798,food,68,description,成都哪条夜市或酒吧街能吃到这个？离春熙路远不远，坐地铁怎么去？
11799,food,68,description,这个折耳根味道重不重？外地人第一次吃会不会不习惯，适合带孩子一起尝尝吗？
11800,food,68,description,这家店口碑怎么样？是那种网红打卡店还是本地人常去的小摊，晚上去要排队很久吗？
11801,food,70,description,成都哪家店的现磨豆浆和油条最正宗？一般早上几点开门？
11802,food,70,description,这种豆浆配油条大概多少钱一份？两个人吃够不够？
11803,food,70,description,除了市中心，南边或者西边有没有推荐的老店？坐地铁怎么去方便？
11804,food,70,description,带孩子去吃这种早餐合适吗？店里有没有不辣的或者适合小孩的吃法？
11805,food,70,description,你们说的蘸着吃泡着吃具体怎么操作？第一次去怕吃法不对，老板会不会笑话？
11806,food,71,description,成都那个豆腐脑一般几点开门卖啊？早上当早饭去能吃到不？
11807,food,71,description,一碗成都版的麻辣豆花大概多少钱？分量足不足？
11808,food,71,description,这家豆花店在成都哪个位置？坐地铁怎么过去方便？
11809,food,71,description,除了豆花，店里还有啥子配起吃的一起点？两个人去咋个点才划算？
11810,food,71,description,带家里老人和小孩去吃这个麻辣豆花合适不？有没有不辣的选择？
11811,food,72,description,这家店早上几点开门？我想去吃碗热乎的醪糟圆子当早饭。
11812,food,72,description,一碗醪糟蛋花小圆子大概多少钱？分量够不够两个人分？
11813,food,72,description,这家店具体在成都哪个位置？坐地铁几号线能到，出站后好找吗？
11814,food,72,description,带5岁小孩去合适吗？有没有不辣又适合小朋友吃的其他搭配？
11815,food,72,description,这家店的醪糟圆子网上评价怎么样？周末去会不会排队很久？
11816,food,73,description,成都晚上吃卤菜配冰啤那种摊摊一般几点开门营业哦？
11817,food,73,description,这种卤菜凉菜拼盘大概好多钱一份，两个人吃得起不？
11818,food,73,description,这种市井烟火气的摊摊一般藏在哪些位置，咋个找得到？
11819,food,73,description,边吃卤菜边摆龙门阵是不是很安逸，外地人去体验好玩吗？
11820,food,73,description,带起娃儿去这种夜宵摊摊合适不，有没有不辣的选择？
11821,food,74,description,这家店几点开门？晚上去的话人多不多，要排队吗？
11822,food,74,description,人均大概多少钱？炭火烤五花肉和鼻筋单点还是按份算？
11823,food,74,description,具体位置在哪？坐地铁几号线能到，下车后好找吗？
11824,food,74,description,除了烧烤，店里还有啥好玩的？适合带小孩一起去吃吗？
11825,food,74,description,辣度能不能选？不喝唯怡豆奶的话，有没有其他解辣的选择？
11826,food,75,description,这家店是几点开门呀？我凌晨两点去能吃到吗？
11827,food,75,description,一碗干拌红油抄手大概多少钱？分量足不足？
11828,food,75,description,这家店具体在成都哪个位置？坐地铁或者打车怎么去方便？
11829,food,75,description,除了抄手还有别的吃的吗？适不适合带小孩一起去吃夜宵？
11830,food,75,description,网上都说这家凌晨两三点还排队，味道真有那么神吗？值不值得专门跑一趟？
11831,food,76,description,这家店几点开门啊？我想赶早去，怕人多排队。
11832,food,76,description,一份猪脑面大概多少钱？两个人吃的话人均要准备多少？
11833,food,76,description,这家店具体在成都哪个位置？坐地铁几号线能到，下来还要走多远？
11834,food,76,description,听说这家猪脑是整副现煮的，带小孩去合适吗？有没有不辣的选择？
11835,food,76,description,这家店口碑到底怎么样？有没有本地人推荐说值得专门跑一趟去打卡的？
11836,food,78,description,早上几点开始卖这个红油抄手？去晚了会不会卖完？
11837,food,78,description,一碗红油抄手大概多少钱？加蛋或者加份面要另加钱不？
11838,food,78,description,这家店在成都哪个位置？从春熙路坐地铁怎么过去方便？
11839,food,78,description,除了当早餐吃，中午去能点得到吗？有没有不辣的口味给外地人？
11840,food,78,description,带五岁小孩去吃合适吗？店里有没有小份或者儿童能吃的清淡款？
11841,food,77,description,这家店几点开门？早上想去吃碗面当早饭，怕跑空。
11842,food,77,description,一碗大概多少钱？两个人吃，再加个臊子蒸蛋，人均能控制在30以内不？
11843,food,77,description,具体位置在哪儿？我从春熙路过去，坐地铁几号线哪站下，出站后好找吗？
11844,food,77,description,除了吃面，附近有啥好逛的？吃完想顺路遛达遛达，值不值得专门跑一趟？
11845,food,77,description,带5岁小孩去方便吗？有没有不辣的选择，或者能不能让师傅少放花椒？
11846,food,79,description,这家店几点开门？早上过去吃会不会排队很久？
11847,food,79,description,一碗干拌面大概多少钱？加豇豆和青菜要另外收费吗？
11848,food,79,description,这家店具体在成都哪个位置？坐地铁几号线能到，下车后怎么走？
11849,food,79,description,这个干拌面辣不辣？带家里老人和小孩去吃合适吗，有没有不辣的选项？
11850,food,79,description,除了味道好，店里环境怎么样？值不值得专门打车过去打卡？
11851,food,80,description,这家面馆几点开门？去晚了会不会卖完？
11852,food,80,description,一碗大概多少钱？加臊子要另外加钱不？
11853,food,80,description,这家店具体在崇州哪个位置？从成都市区开车过去方便吗？
11854,food,80,description,带小孩去吃合适吗？有没有不辣的选择或者小椅子？
11855,food,80,description,网上评价咋样？外地游客第一次去点啥子最不容易踩雷？
11856,avoid_rule,101,content,师傅，成都那些地道苍蝇馆子一般几点开门？我怕去太早扑个空。
11857,avoid_rule,101,content,宽窄巷子那边喝茶掏耳朵大概要好多钱嘛？怕被宰。
11858,avoid_rule,101,content,从春熙路咋个切大熊猫基地喃？坐地铁方便不？
11859,avoid_rule,101,content,青城山后山带6岁娃儿去耍得动不？有没有轻松点的路线？
11860,avoid_rule,101,content,晚上九点过才到成都，还有啥子地方好耍又巴适得很的？
11861,avoid_rule,102,content,成都茶馆里那个茶盖斜着放是啥意思啊？是不是叫服务员续水？
11862,avoid_rule,102,content,去人民公园鹤鸣茶社喝盖碗茶，一般一个人要花多少钱？
11863,avoid_rule,102,content,如果我想体验成都本地人喝茶摆龙门阵，几点去茶馆比较合适？
11864,avoid_rule,102,content,带家里老人和小孩去那种老茶馆喝茶，茶盖翻扣在桌上是不是真的会惹事？
11865,avoid_rule,102,content,从春熙路打车去一个能看变脸表演的茶馆，大概要多久，车费贵不贵？
11866,avoid_rule,103,content,喝茶时别人给我倒茶，我是不是必须敲桌子？不敲会不会显得很没礼貌？
11867,avoid_rule,103,content,在成都茶馆喝茶，要是忘了叩指感谢，主人会不会不高兴？大概要敲几下才合适？
11868,avoid_rule,103,content,带爸妈去成都旅游，人家倒茶时我该教他们怎么叩指？用两根手指敲桌面就行了吗？
11869,avoid_rule,103,content,我在成都餐厅吃饭，服务员倒茶我也要叩指吗？还是只对长辈或主人这样？敲错手指会不会闹笑话？
11870,avoid_rule,103,content,去成都体验盖碗茶，倒茶时用食指中指轻叩桌面两下，这个规矩具体咋做的？要是手忙脚乱忘了，有啥补救办法没？
11871,avoid_rule,105,content,成都吃火锅那个蘸碟到底咋个调才正宗嘛？
11872,avoid_rule,105,content,火锅店那个油碟和干碟一般要加钱不？
11873,avoid_rule,105,content,春熙路附近哪家火锅店有原汤碟，离地铁站近不？
11874,avoid_rule,105,content,带娃儿去吃火锅，蘸碟选哪种娃娃能吃不辣？
11875,avoid_rule,105,content,下午几点去火锅店人少点，蘸碟台会不会收得早？
11876,avoid_rule,104,content,成都茶馆一般几点开门喃？早上想赶早去喝茶要等好久？
11877,avoid_rule,104,content,去人民公园那种老茶馆喝盖碗茶大概好多钱一位？贵不贵？
11878,avoid_rule,104,content,第一次去成都茶馆，咋个找那种本地人多的坝坝茶？坐地铁哪站下方便？
11879,avoid_rule,104,content,带起5岁娃儿去茶馆喝茶耍，有没有啥子要注意的？娃儿可以到处跑不？
11880,avoid_rule,104,content,我看他们打麻将打得火热，我就在旁边看哈，能不能拍照？问人家赢好多钱是不是要挨骂？
11881,avoid_rule,106,content,这家火锅店几点开门？中午去要排队吗？
11882,avoid_rule,106,content,人均消费大概多少钱？锅底和油碟另算吗？
11883,avoid_rule,106,content,店具体在春熙路哪个位置？地铁几号线能到？
11884,avoid_rule,106,content,毛肚鸭肠要涮多久才熟？自己动手涮好玩吗？
11885,avoid_rule,106,content,带6岁小孩去吃合适吗？有没有不辣的锅底和儿童椅？
11886,avoid_rule,108,content,川剧变脸表演一般几点开始啊？
11887,avoid_rule,108,content,看一场变脸演出大概要多少钱？
11888,avoid_rule,108,content,在成都哪里能看变脸，怎么坐车过去方便？
11889,avoid_rule,108,content,带五岁小孩去看变脸合适吗，会不会吓到孩子？
11890,avoid_rule,108,content,变脸表演好玩吗？能近距离看吗，还是只能远远坐着？
11891,avoid_rule,107,content,红汤锅底能直接喝汤吗？我怕辣但又想尝尝味道，会不会伤胃？
11892,avoid_rule,107,content,鸳鸯锅的白汤部分要额外加钱吗？大概多少钱一位？
11893,avoid_rule,107,content,你们店几点开门？中午去需不需要排队？
11894,avoid_rule,107,content,带小孩去的话，点红汤会不会太辣？有没有不辣又适合小朋友的锅底？
11895,avoid_rule,107,content,店在春熙路那个位置怎么走？地铁哪一站下最近？
11896,avoid_rule,110,content,蜀绣馆早上几点开门？去之前要不要预约？
11897,avoid_rule,110,content,看蜀绣展门票多少钱一张？学生或者老人有优惠吗？
11898,avoid_rule,110,content,从春熙路怎么坐车去蜀绣博物馆？大概要多久？
11899,avoid_rule,110,content,带五岁小孩去看蜀绣合适吗？她会不会觉得无聊？
11900,avoid_rule,110,content,都说蜀绣针脚比头发丝细，现场看真有那么神吗？值得专门跑一趟不？
11901,avoid_rule,109,content,看川剧的时候，演员在台上亮相，我能不能鼓掌叫好？会不会不礼貌？
11902,avoid_rule,109,content,川剧表演一般几点开场？门票多少钱一张？
11903,avoid_rule,109,content,看川剧的地方在成都哪里？坐地铁怎么去方便？
11904,avoid_rule,109,content,带小孩去看川剧合适吗？孩子乱鼓掌会不会被骂？
11905,avoid_rule,109,content,第一次看川剧，看到精彩处想喊好，但又怕喊错时机，到底什么时候能喊？
11906,avoid_rule,111,content,蜀锦织绣博物馆几点开门？我想周末去逛一下。
11907,avoid_rule,111,content,买一条真丝手工蜀锦大概要多少钱？怕被坑。
11908,avoid_rule,111,content,从春熙路怎么去蜀锦织绣博物馆？坐地铁方便吗？
11909,avoid_rule,111,content,带6岁小孩去蜀锦博物馆合适吗？会不会太无聊？
11910,avoid_rule,111,content,蜀锦博物馆除了看织机，有没有可以亲手体验织布的活动？好玩吗？
11911,avoid_rule,112,content,成都漆器博物馆几点开门？去之前需要预约吗？
11912,avoid_rule,112,content,看成都漆器展门票多少钱一张？学生有优惠不？
11913,avoid_rule,112,content,从春熙路怎么坐车去成都漆器厂那边？大概要多久？
11914,avoid_rule,112,content,带小孩去看漆器展合适吗？孩子会不会觉得无聊？
11915,avoid_rule,112,content,成都漆器到底好玩在哪？值得专门跑一趟去看吗？
11916,avoid_rule,113,content,武侯祠早上几点开门？逛完大概要多久？
11917,avoid_rule,113,content,门票多少钱一张？小孩或者老人有优惠吗？
11918,avoid_rule,113,content,武侯祠离锦里近不近？从地铁站怎么走过去方便？
11919,avoid_rule,113,content,听说里面要先拜刘备再拜诸葛亮，带爸妈去逛有什么讲究吗？
11920,avoid_rule,113,content,带5岁小朋友去武侯祠合适吗？会不会太无聊，有没有互动或者好玩的地方？
11921,avoid_rule,114,content,锦里早上几点开门？晚上开到几点？
11922,avoid_rule,114,content,去锦里逛要门票不？大概玩一圈得花多少钱？
11923,avoid_rule,114,content,从春熙路坐地铁怎么去锦里？下车后要走多久？
11924,avoid_rule,114,content,带小孩去锦里合适吗？里面有没有适合小朋友玩的东西？
11925,avoid_rule,114,content,锦里好玩吗？主要看什么，大概逛两个小时够不够？
11926,avoid_rule,116,content,坝坝宴一般几点开席？是不是中午晚上都有？
11927,avoid_rule,116,content,吃坝坝宴人均大概多少钱？需要提前订吗？
11928,avoid_rule,116,content,坝坝宴在成都哪里能体验到？坐地铁方便吗？
11929,avoid_rule,116,content,带小孩去坝坝宴合适吗？有没有儿童座椅或清淡的菜？
11930,avoid_rule,116,content,坝坝宴好玩吗？除了吃饭还有啥子活动，能打包剩菜不？
11931,avoid_rule,115,content,成都周边赶场一般几点开始几点结束啊？我怕去太晚收摊了，早上六点去会不会太早？
11932,avoid_rule,115,content,赶场上的东西是不是都特别便宜？跟老板砍价的话一般能砍多少合适，听说农民实诚不好意思狠砍？
11933,avoid_rule,115,content,从成都市区坐地铁或者公交去周边这些赶场的乡镇方便吗？有没有推荐离得近又热闹的场镇？
11934,avoid_rule,115,content,带五岁小孩去赶场有意思吗？有没有啥好吃的好玩的能让孩子也开心？
11935,avoid_rule,115,content,赶场除了买菜买土特产，有没有那种手工竹编、老字号小吃之类的特色摊位值得专门跑一趟？
11936,avoid_rule,117,content,成都吃饭是不是真的都很慢啊？我赶时间的话大概几点去能避开高峰？
11937,avoid_rule,117,content,在成都茶馆坐一下午大概要花多少钱？包括茶水和点心的话。
11938,avoid_rule,117,content,你们说的那种慢悠悠的苍蝇馆子一般藏在哪儿？怎么从春熙路过去方便？
11939,avoid_rule,117,content,带5岁小孩去人民公园喝茶掏耳朵合适吗？有没有儿童能玩的？
11940,avoid_rule,117,content,成都人是不是都不着急上菜？如果我想催一下，说“麻烦你空了帮我上”真的有用吗？
11941,avoid_rule,118,content,去成都人家里做客，续茶的时候我要双手接杯子，那要是没喝完，把杯盖斜放是啥意思？
11942,avoid_rule,118,content,这个续茶的规矩，一般去朋友家几点去比较合适，会不会太早或太晚？
11943,avoid_rule,118,content,如果去成都人家里做客，要不要带点礼物，大概多少钱的合适？
11944,avoid_rule,118,content,这个杯盖斜放的动作，在茶馆里也管用吗，还是只有去家里才行？
11945,avoid_rule,118,content,带小孩去成都人家里做客，孩子乱动杯盖会不会不礼貌，有啥要注意的？
11946,avoid_rule,119,content,龙门阵是啥子意思哦？我听到成都本地人老在说，是摆摊的地方还是啥子活动？
11947,avoid_rule,119,content,想体验下成都人的摆龙门阵，一般茶馆里几点开始有人摆哦？去晚了是不是就没得气氛了？
11948,avoid_rule,119,content,找个地方听当地人摆龙门阵要不要钱哦？比如人民公园那种茶馆，一杯茶大概好多钱？
11949,avoid_rule,119,content,带起娃娃去听龙门阵合适不？娃娃听不懂四川话，会不会坐不住，有没有那种能一起耍的坝坝茶？
11950,avoid_rule,119,content,从春熙路咋个去最地道的老茶馆摆龙门阵？坐地铁还是打个车更方便，大概要花好久？
11951,avoid_rule,120,content,兔头一般几点开门能买到啊？早上会不会卖光？
11952,avoid_rule,120,content,一个兔头大概多少钱？两个人吃五个够不够？
11953,avoid_rule,120,content,春熙路附近哪家兔头好吃？怎么走过去最方便？
11954,avoid_rule,120,content,带我妈去成都玩，她不敢吃兔头，但看别人吃得很香，会不会很尴尬？
11955,avoid_rule,120,content,兔头这玩意儿到底好玩在哪？是啃着玩还是当正餐吃？
11956,avoid_rule,121,content,甜水面一般几点开门卖啊？去晚了会不会卖光？
11957,avoid_rule,121,content,一份甜水面大概多少钱？两个人吃要买几份？
11958,avoid_rule,121,content,甜水面在成都哪条街能吃到？离宽窄巷子远不远？
11959,avoid_rule,121,content,甜水面适合带小孩一起吃吗？辣不辣，有没有不辣的版本？
11960,avoid_rule,121,content,甜水面怎么吃才正宗？我看网上说要马上拌开，用筷子卷，是真的吗？
11961,avoid_rule,122,content,公园里掏耳朵一般多少钱一次啊？
11962,avoid_rule,122,content,掏耳朵的师傅几点出摊，下午去还在吗？
11963,avoid_rule,122,content,在人民公园里面哪个位置能找到掏耳朵的？
11964,avoid_rule,122,content,带小孩去体验掏耳朵安全吗，师傅会不会给小孩掏？
11965,avoid_rule,122,content,公园里掏耳朵舒服吗，有没有人试过说下体验？
11966,avoid_rule,123,content,茶馆一般几点开门啊？去晚了是不是就没位置了？
11967,avoid_rule,123,content,在成都茶馆喝茶大概多少钱一位？必须点茶才能坐吗？
11968,avoid_rule,123,content,人民公园那个鹤鸣茶社怎么去？坐地铁哪站下最近？
11969,avoid_rule,123,content,带小孩去茶馆合适吗？有没有什么要注意的规矩？
11970,avoid_rule,123,content,成都茶馆除了喝茶聊天，还有没有掏耳朵或者看变脸的玩法？
11971,avoid_rule,124,content,武侯祠和锦里几点开门关门啊？我想安排一天行程，怕时间不够。
11972,avoid_rule,124,content,去武侯祠和锦里门票多少钱？是分开买还是联票？学生证有优惠吗？
11973,avoid_rule,124,content,从春熙路怎么去武侯祠和锦里最方便？坐地铁还是公交？打车大概多少钱？
11974,avoid_rule,124,content,带6岁小孩去武侯祠和锦里合适吗？会不会太枯燥？有没有小孩感兴趣的点？
11975,avoid_rule,124,content,锦里和武侯祠到底好不好玩？逛一圈大概要多久？有没有什么特别值得看的？
11976,avoid_rule,125,content,成都这边点菜说少辣会不会被老板觉得我太怂了啊？
11977,avoid_rule,125,content,一般让老板做微辣的话，要不要额外加钱哦？
11978,avoid_rule,125,content,川菜馆子点菜时直接跟服务员讲“少辣”他们听得懂不，还是得用四川话？
11979,avoid_rule,125,content,带娃去成都吃饭，跟老板说“娃娃吃，少放点海椒”这种说法地道不？
11980,avoid_rule,125,content,如果我在春熙路那边随便找家店，说“微辣”和“少辣”到底哪个更不容易被做成重辣？
11981,avoid_rule,126,content,总府路那家夫妻肺片总店几点开门啊？我怕去晚了排队太久。
11982,avoid_rule,126,content,夫妻肺片在景区卖68一份，总府路总店小份才38，这价格差这么多，味道区别大吗？
11983,avoid_rule,126,content,从春熙路走路到总府路夫妻肺片总店大概多远？坐公交方便吗？
11984,avoid_rule,126,content,带爸妈去成都玩，他们能吃得惯夫妻肺片吗？听说很辣，有没有不辣的选择？
11985,avoid_rule,126,content,总府路总店的夫妻肺片小份够两个人吃吗？我看网上说牛肉牛肚各半，是现拌的还是提前拌好的？
11986,avoid_rule,127,content,这家担担面总店早上几点开门啊？我怕去太早扑个空。
11987,avoid_rule,127,content,正宗担担面一碗12块，够不够两个人吃啊？还是要另外加点啥？
11988,avoid_rule,127,content,人民公园旁边的担担面总店具体咋走？坐地铁哪一站下最近？
11989,avoid_rule,127,content,带外地爸妈去尝正宗担担面，这家店环境咋样，适不适合老年人坐？
11990,avoid_rule,127,content,网上说景区那种汤面是坑游客的，那这家总店的面到底好不好吃，值不值得专门跑一趟？
11991,avoid_rule,128,content,荔枝巷钟水饺总店早上几点开门？去晚了会不会卖完？
11992,avoid_rule,128,content,总店的水饺现在还是10块钱6个吗？跟景区15块加青菜的比，哪个更划算？
11993,avoid_rule,128,content,从春熙路步行到荔枝巷钟水饺总店怎么走？大概要多久？
11994,avoid_rule,128,content,这家总店除了水饺还有啥招牌可以点？两个人去大概人均多少钱能吃饱？
11995,avoid_rule,128,content,带5岁小孩去吃方便吗？店里有没得儿童椅，环境吵不吵？
11996,avoid_rule,130,content,陈麻婆豆腐总店早上几点开门啊？
11997,avoid_rule,130,content,这家店麻婆豆腐一份多少钱？分量够两个人吃吗？
11998,avoid_rule,130,content,从春熙路怎么坐车去陈麻婆豆腐总店？
11999,avoid_rule,130,content,总店那边排队凶不凶，带小孩去方便吗？
12000,avoid_rule,130,content,除了麻婆豆腐，店里还有啥子适合外地游客尝的？
12001,avoid_rule,131,content,明婷饭店几点开门？中午去要不要排队等很久？
12002,avoid_rule,131,content,明婷饭店一份回锅肉28块钱，两个人点几个菜大概人均多少钱？
12003,avoid_rule,131,content,明婷饭店具体在成都哪个位置？坐地铁几号线能到，出站后怎么走？
12004,avoid_rule,131,content,带小孩去明婷饭店吃饭合适吗？有没有不辣的菜或者宝宝椅？
12005,avoid_rule,131,content,网上说景区里的回锅肉用二刀肉不煸干、豆瓣酱发苦，那明婷饭店的回锅肉和景区那种比，到底好吃在哪？值不值得专门跑一趟？
12006,avoid_rule,129,content,龙抄手总店早上几点开门？去晚了会不会卖光？
12007,avoid_rule,129,content,总店的原汤抄手现在还是15块一碗吗？景区里那个28的双拼为啥贵这么多？
12008,avoid_rule,129,content,从春熙路地铁站出来怎么走到龙抄手总店？大概要走几分钟？
12009,avoid_rule,129,content,带5岁小孩去吃龙抄手方便吗？有没有不辣的口味适合小朋友？
12010,avoid_rule,129,content,春熙路那家总店和景区店味道差别大吗？本地人更推荐去哪家？
12011,avoid_rule,132,content,玉林那家王妈手撕烤兔旁边的口水鸡，一般几点开门啊？去早了怕扑空。
12012,avoid_rule,132,content,王妈手撕烤兔旁那个口水鸡真的只要20块半只吗？跟景区35的比，味道差得多不？
12013,avoid_rule,132,content,从地铁站咋个走到王妈手撕烤兔那边？顺便问下口水鸡是现场斩了就能带走吃哇？
12014,avoid_rule,132,content,带娃去玉林逛，顺便买点那个20块的口水鸡，小朋友能吃辣不？有没有不辣的选项？
12015,avoid_rule,132,content,网上说景区35那个是白砍鸡淋辣油，跟玉林20的口水鸡到底啥区别？哪个更值得专门跑一趟？
12016,avoid_rule,133,content,乐山鲜知味钵钵鸡几点开门啊？早上想去吃会不会太早没营业？
12017,avoid_rule,133,content,这家钵钵鸡荤素怎么收费的？我看有人说景区里5块一串，是真的坑吗？
12018,avoid_rule,133,content,从成都怎么去乐山鲜知味钵钵鸡最方便？坐高铁还是大巴？下了车好找吗？
12019,avoid_rule,133,content,带小孩去乐山吃这家钵钵鸡合适吗？有没有不辣的选项，环境吵不吵？
12020,avoid_rule,133,content,藤椒味和红油味哪个更值得点？两个人大概吃多少串能饱，人均多少钱？
12021,avoid_rule,134,content,洞子口张老二凉粉早上几点开门？去晚了会不会卖光？
12022,avoid_rule,134,content,他家甜水面现在还是8块钱一碗吗？分量足不足？
12023,avoid_rule,134,content,洞子口张老二凉粉具体在哪个位置？坐地铁怎么过去方便？
12024,avoid_rule,134,content,除了甜水面，他家还有啥子必点的？两个人去咋个点菜合适？
12025,avoid_rule,134,content,带外地朋友去洞子口吃张老二凉粉，环境咋样？会不会太挤不适合带小孩？
12026,avoid_rule,135,content,贺记蛋烘糕早上几点开门？去晚了会不会卖完？
12027,avoid_rule,135,content,贺记蛋烘糕的奶油肉松真的只要5块钱一个吗？跟景区那种3块的冷蛋烘糕比，哪个划算？
12028,avoid_rule,135,content,这家贺记蛋烘糕在成都哪个位置？坐地铁几号线能到，下车后好找吗？
12029,avoid_rule,135,content,除了奶油肉松，他家还有啥口味推荐？带外地朋友去尝鲜，值不值得专程跑一趟？
12030,avoid_rule,135,content,带5岁小孩去吃贺记蛋烘糕方便吗？店里有没有座位，还是要站着路边吃？
12031,avoid_rule,136,content,锦里那家三大炮一般几点开门啊？去早了会不会还没开始现打？
12032,avoid_rule,136,content,锦里三大炮景区里卖20元一份，跟外面10元3个的比是不是就是坑游客的？到底值不值？
12033,avoid_rule,136,content,从春熙路走路去锦里看三大炮表演大概多远？坐地铁的话到哪个站下最近？
12034,avoid_rule,136,content,带5岁小孩去锦里看三大炮好玩吗？除了吃这个还有啥适合孩子玩的？
12035,avoid_rule,136,content,网上说锦里三大炮凉了硬邦邦的，是不是只有刚打出来热乎的才好吃？下午去会不会买到凉的？
12036,avoid_rule,137,content,白家肥肠粉总店一般几点开门啊？我想赶早去吃，怕跑空了。
12037,avoid_rule,137,content,这家总店的小份肥肠粉现在还是12块钱吗？加个结子大概多少钱？
12038,avoid_rule,137,content,白家肥肠粉总店具体在哪个位置？从春熙路坐地铁怎么过去方便？
12039,avoid_rule,137,content,这家总店和景区里那种用干粉泡的肥肠粉比，吃起来差别大不大？值不值得专门跑一趟？
12040,avoid_rule,137,content,带家里老人和小孩去这家吃合适吗？环境会不会很挤，有没有不辣的选项？
12041,avoid_rule,138,content,王记特色锅盔早上几点开门啊？去晚了会不会卖光？
12042,avoid_rule,138,content,猪肉锅盔现在还是8块钱一个吗？涨价了没有？
12043,avoid_rule,138,content,这家王记锅盔具体在成都哪个位置？坐地铁几号线能到？
12044,avoid_rule,138,content,军屯锅盔和景区那种厚饼夹凉菜到底啥区别？哪种更适合当特产带回去？
12045,avoid_rule,138,content,带娃去尝这个锅盔方便吗？附近有没有停车或者坐着吃的地方？
12046,avoid_rule,140,content,赖汤圆总店早上几点开门？去晚了会不会卖完？
12047,avoid_rule,140,content,总府路那家赖汤圆6个才8块钱，是黑芝麻猪油芯的吗？
12048,avoid_rule,140,content,从春熙路步行到总府路赖汤圆总店大概要多久？怎么走最近？
12049,avoid_rule,140,content,带小孩去总府路赖汤圆总店吃汤圆合适吗？店里有没有其他小吃？
12050,avoid_rule,140,content,景区卖的赖汤圆和总府路总店味道差别大不大？值不值得专门跑一趟？
12051,avoid_rule,139,content,叶儿粑世家早上几点开门啊？我打算一早就去新都吃
12052,avoid_rule,139,content,他家咸味和甜味分别是多少钱一个？我看网上说景区里要卖5块，是真的吗？
12053,avoid_rule,139,content,从成都市区坐地铁或者公交到新都叶儿粑世家方便吗？具体怎么走？
12054,avoid_rule,139,content,这家除了卖叶儿粑，现场有没有座位可以坐着吃？带小朋友去合适不？
12055,avoid_rule,139,content,新都这家叶儿粑世家和景区里卖的5块钱那种，味道差别大不大？值不值得专门跑一趟？
12056,avoid_rule,142,content,曹家巷那家冒烤鸭一般几点开门啊？去晚了会不会卖光？
12057,avoid_rule,142,content,半只冒烤鸭加素菜才30块钱，是两个人吃的量吗？性价比咋样？
12058,avoid_rule,142,content,这家冒烤鸭具体在曹家巷哪个位置？从地铁站过去怎么走方便？
12059,avoid_rule,142,content,带家里老人和小孩去吃冒烤鸭合适吗？辣不辣，环境吵不吵？
12060,avoid_rule,142,content,跟景区那种加热的烤鸭比，这家现冒的真的好吃很多吗？值得专门跑一趟不？
12061,avoid_rule,141,content,乐山纪六孃甜皮鸭几点开门？去晚了会不会卖光？
12062,avoid_rule,141,content,纪六孃甜皮鸭半只35块，大概有多少斤啊？够两个人吃不？
12063,avoid_rule,141,content,从成都怎么去乐山买纪六孃甜皮鸭？坐高铁还是自驾方便？
12064,avoid_rule,141,content,纪六孃甜皮鸭和成都景区48块那种，吃起来差别大吗？值不值得专门跑一趟？
12065,avoid_rule,141,content,带小孩去乐山玩，顺便买甜皮鸭，纪六孃那边排队久不久？孩子能吃辣吗？
12066,avoid_rule,143,content,自贡冷吃兔在景区买那种散装的划不划算哦？我看网上说18块钱一袋但全是骨头，是不是真的？
12067,avoid_rule,143,content,我想买点冷吃兔当伴手礼，那种25块一袋的真空包装在成都哪个超市或者特产店能买到？
12068,avoid_rule,143,content,带小孩去自贡玩，景区里卖的那种散装冷吃兔辣不辣？小朋友能吃吗？
12069,avoid_rule,143,content,自驾去自贡看恐龙博物馆，顺便想买冷吃兔，景区门口和市区里哪个地方买更值？
12070,avoid_rule,143,content,冷吃兔这种真空装的能放多久啊？我打算带回去送人，怕路上坏掉，需要冷藏吗？
12071,avoid_rule,144,content,小谭豆花早上几点开门啊？我想赶早去当早饭吃。
12072,avoid_rule,144,content,酸辣豆花现在还是7块钱一碗吗？景区里卖10块还加榨菜丁，是不是不正宗？
12073,avoid_rule,144,content,小谭豆花具体在成都哪个位置？坐地铁几号线能到，出站后好找吗？
12074,avoid_rule,144,content,带五岁的小孩去吃酸辣豆花合适吗？会不会太辣，店里有没有不辣的选择？
12075,avoid_rule,144,content,除了酸辣豆花，他家还有什么招牌值得点？两个人去大概要点几样才够吃？
12076,avoid_rule,145,content,奎星楼街和建设路的小吃一般几点开门啊？想避开中午最挤的时候去。
12077,avoid_rule,145,content,景区里同款蛋烘糕卖5块，建设路真的只要3块吗？还有没有其他价格坑要注意的？
12078,avoid_rule,145,content,从宽窄巷子怎么去奎星楼街最方便？走路要多久，还是坐公交更近？
12079,avoid_rule,145,content,带5岁小孩去建设路小吃街合适吗？那边有没有不辣、适合孩子吃的东西？
12080,avoid_rule,145,content,本地人说的奎星楼街和建设路，周末晚上去好玩吗？会不会也像锦里那样人挤人？
12081,avoid_rule,147,content,我们打算明天去春熙路那边吃陈麻婆，大概几点到能不用排队啊？听说11点前到比较好？
12082,avoid_rule,147,content,陈麻婆和龙抄手总店的人均消费大概多少钱一份？两个人点几个菜合适？
12083,avoid_rule,147,content,从宽窄巷子打车去陈麻婆总店方便吗？大概要多久？还是坐地铁更划算？
12084,avoid_rule,147,content,带5岁小孩去龙抄手总店吃午饭合适吗？有没有不辣的儿童餐或者座位环境怎么样？
12085,avoid_rule,147,content,网上说陈麻婆总店12点后出菜快但是全是预制菜，是真的吗？那到底值不值得专门去打卡一次？
12086,avoid_rule,146,content,你们店几点开门？我看网上说有些老馆子要中午才开，怕跑空了。
12087,avoid_rule,146,content,听说你们这儿有两张菜单，本地人一张游客一张，那到底咋个点菜才不会被烧？直接问‘本地价好多’管用不？
12088,avoid_rule,146,content,这家店在哪个巷巷头哦？从春熙路过去坐地铁几号线，下来还要走好久？
12089,avoid_rule,146,content,带5岁娃儿来吃合适不？有没有不辣的小朋友能吃的，座位挤不挤？
12090,avoid_rule,146,content,你们墙上手写那个价是不是才是真的？我看菜单上标的贵好多，能不能照墙上的算？
12091,avoid_rule,148,content,成都小吃那个小份和大份，到底差多少钱啊？是不是小份就够吃了？
12092,avoid_rule,148,content,去成都吃小吃，一般几点开门啊？早上想去吃个早午饭来得及不？
12093,avoid_rule,148,content,那些小吃店都在哪儿啊？是集中在某个区还是到处都有，坐地铁方便到吗？
12094,avoid_rule,148,content,带五岁小孩去吃成都小吃合适吗？有没有不辣又适合小朋友的小份选择？
12095,avoid_rule,148,content,网上都说小份才是标准份，那游客点大份是不是亏了？小份真的更好吃吗？
12096,avoid_rule,149,content,成都那些满街都是老字号总店，到底咋分辨哪家才是正宗的哦？景区门口挂百年老店的靠谱不？
12097,avoid_rule,149,content,带娃去逛宽窄巷子，那些挂‘百年老店’牌子的店适合进去吃吗？会不会是坑人的新店？
12098,avoid_rule,149,content,春熙路附近有家门头写‘总府路店’的老字号，一般早上几点开门哦？想赶早去人少点。
12099,avoid_rule,149,content,去成都玩，想买点特产带回去，满街老字号总店价格是不是都差不多？怕被景区门口那种新开的‘百年老店’宰。
12100,avoid_rule,149,content,坐地铁怎么到你们说的那种正宗老字号总店？导航上搜‘总府路店’就能找到吗？还是得看大众点评评分高的那几家？
12101,avoid_rule,150,content,成都那些老店一般几点开门啊？想赶早去不用排队。
12102,avoid_rule,150,content,酸辣粉老店现在一份大概多少钱？听说找零都是硬币，是不是只能付现金？
12103,avoid_rule,150,content,那些藏在巷子里的老店怎么去方便？坐地铁到哪站下，还是打车直接说店名？
12104,avoid_rule,150,content,景区里那种强制卖2元纸巾的店是不是坑？本地人能退纸巾钱，我这种游客去能不能也退？
12105,avoid_rule,150,content,带小孩去成都吃老店合适吗？怕店里没儿童椅，而且不送纸巾的话是不是得自己带一包？
12106,avoid_rule,151,content,请问金沙遗址博物馆几点开门？周末去的话需要提前多久到？
12107,avoid_rule,151,content,那个青铜馆的讲解器租一次多少钱？要押金不？
12108,avoid_rule,151,content,如果只留两个小时逛金沙遗址，是不是完全不够？你们建议至少玩多久？
12109,avoid_rule,151,content,带六岁娃去金沙遗址合适吗？有没有啥互动项目或者儿童讲解？
12110,avoid_rule,151,content,金沙遗址博物馆怎么去最方便？坐地铁哪条线能到？现场能买票不？
12111,avoid_rule,152,content,周末去西岭雪山滑雪是不是人特别多？几点到能避开排队？
12112,avoid_rule,152,content,滑雪季的索道票往返多少钱？单程和往返价格差很多吗？
12113,avoid_rule,152,content,从成都市区怎么去西岭雪山最方便？有直达大巴吗？
12114,avoid_rule,152,content,非雪季去西岭雪山值不值得？山上是不是真的只有光秃秃的山？
12115,avoid_rule,152,content,带5岁小孩去滑雪合适吗？周末去会不会太挤，平日去体验会不会好点？
12116,avoid_rule,153,content,请问去峨眉山看日出的话，大概几点就要起床啊？
12117,avoid_rule,153,content,雷洞坪那边住一晚大概多少钱？
12118,avoid_rule,153,content,从成都市区怎么去雷洞坪最方便？
12119,avoid_rule,153,content,金顶上面租大衣要多少钱一件？
12120,avoid_rule,153,content,带6岁的小孩去金顶看日出合适吗，会不会太累？
12121,avoid_rule,154,content,峨眉山猴区早上几点开门啊，去早了会不会没猴子看？
12122,avoid_rule,154,content,在猴区被猴子抢了东西真的只能认栽吗，有没有啥办法要回来？
12123,avoid_rule,154,content,带五岁小孩去猴区安全不，推婴儿车方便吗？
12124,avoid_rule,154,content,猴区那边停车方便不，打车过去定位到哪个门最近？
12125,avoid_rule,154,content,听说猴区现在门票涨到一百多了，进去看猴子值不值这个价？
12126,avoid_rule,156,content,请问这个景区几点开门关门呀？如果下午去来得及逛完吗？
12127,avoid_rule,156,content,自驾过去方便吗？山路是不是特别难开？新手司机会不会有危险？
12128,avoid_rule,156,content,门票多少钱一张？有没有学生票或者老人票优惠？
12129,avoid_rule,156,content,带6岁小孩去玩合适吗？夏天去是不是蚊子特别多，需要准备什么？
12130,avoid_rule,156,content,这个景区大概要玩多久？4月和10月去哪个季节景色更好？
12131,avoid_rule,155,content,带老人和小孩去的话，坐那个1小时的游船大概多少钱一个人？
12132,avoid_rule,155,content,如果我想爬山，下栈道那边排队真的要一个半小时吗？几点去能少排点队？
12133,avoid_rule,155,content,从市区怎么去北门方便？打车还是坐地铁？
12134,avoid_rule,155,content,那个游船好玩吗？一个小时能看到哪些主要景点？值不值得坐？
12135,avoid_rule,155,content,我打算节假日带5岁小孩去，早上8点前到北门来得及吗？进去后先玩什么路线比较轻松？
12136,avoid_rule,157,content,请问红景天要提前多久开始喝才有效果？
12137,avoid_rule,157,content,去冰川玩的话，门票加观光车大概多少钱一个人？
12138,avoid_rule,157,content,从成都市区怎么坐车去这个冰川景区，要几个小时？
12139,avoid_rule,157,content,冰川步道走起来危险不？带六岁小孩去合适吗？
12140,avoid_rule,157,content,二号营地温泉几点开门？泡完温泉再上冰川来得及吗？
12141,avoid_rule,158,content,十月中旬去那边看红叶，早上几点到才能不堵车？
12142,avoid_rule,158,content,景区里的电瓶车票多少钱一张？不坐的话走路要多久？
12143,avoid_rule,158,content,从成都市区怎么去这个红叶景区最方便？自驾还是坐大巴？
12144,avoid_rule,158,content,带五岁小孩去合适吗？里面徒步路线累不累，需不需要背氧气瓶？
12145,avoid_rule,158,content,十一月初去红叶还多不多？周末去是不是人挤人，值不值得专门跑一趟？
12146,avoid_rule,159,content,牛奶海那条线一般几点开门？我想早点去避开人流。
12147,avoid_rule,159,content,从景区门口到牛奶海，骑马和徒步分别多少钱？
12148,avoid_rule,159,content,珍珠海和牛奶海离得远吗？如果只有一天时间，怎么安排路线比较好？
12149,avoid_rule,159,content,带7岁小孩去，走短线珍珠海累不累？需要提前买氧气瓶吗？
12150,avoid_rule,159,content,晚上住香格里拉镇方便吗？第二天再进景区要重新买门票不？
12151,avoid_rule,161,content,请问二仙桥和古戏台几点开门？早上过去会不会太早？
12152,avoid_rule,161,content,那边门票多少钱一张？老人和小孩有优惠吗？
12153,avoid_rule,161,content,从成都市区怎么去最方便？坐地铁还是打车？
12154,avoid_rule,161,content,带小孩去玩合适吗？有没有什么要注意的，比如河边安全？
12155,avoid_rule,161,content,那里好玩吗？比平乐安静的话，住一晚大概什么价位？
12156,avoid_rule,162,content,安仁有轨电车大概多久一班啊？会不会等很久？
12157,avoid_rule,162,content,建川博物馆和刘氏庄园的门票是分开买的吗？大概多少钱一张？
12158,avoid_rule,162,content,从成都市区怎么去安仁古镇最方便？有直达的公交或大巴吗？
12159,avoid_rule,162,content,带小孩去建川博物馆合适吗？有没有哪个馆比较适合孩子看？
12160,avoid_rule,162,content,安仁有轨电车好玩吗？值不值得专门去坐一趟？
12161,avoid_rule,160,content,平乐古镇停车到底有多难？我打算国庆第三天去，早上几点到才能找到车位？
12162,avoid_rule,160,content,古镇本身免费，但里面坐船或者看那些小景点是不是还要单独收钱？大概人均多少？
12163,avoid_rule,160,content,从成都坐高铁到邛崃站之后，换什么公交或者打车去平乐古镇最方便？大概要多久？
12164,avoid_rule,160,content,都说核心区太商业，如果带五岁小孩去，沿白沫江那条外围路线推婴儿车好走吗？有适合孩子玩水的地方吗？
12165,avoid_rule,160,content,网上有人推荐奶汤面，但怕被拉客的坑，你知道哪家是本地人常去的老店吗？一般几点开门，去晚了会不会卖完？
12166,avoid_rule,165,content,白鲸和海豚表演一般几点开始？要提前多久去占座？
12167,avoid_rule,165,content,周末去人多吗？工作日和周末体验差别大不大？
12168,avoid_rule,165,content,门口的黄牛票能买吗？正规门票多少钱一张？
12169,avoid_rule,165,content,带5岁小孩去看白鲸和海豚合适吗？有没有互动项目？
12170,avoid_rule,165,content,坐地铁或者公交去方便吗？具体在哪个站下？
12171,avoid_rule,163,content,成都那些场馆是不是周一都关门啊？下午最晚几点能进去？
12172,avoid_rule,163,content,这些场馆门票大概多少钱一张？有没有免费或者半价的时候？
12173,avoid_rule,163,content,从春熙路坐地铁去哪个场馆最方便？具体到哪一站下？
12174,avoid_rule,163,content,带5岁小孩去的话，推荐哪几个场馆比较有意思？会不会走太多路？
12175,avoid_rule,163,content,听说一天逛不完所有场馆，如果只挑4个，你们觉得哪几个最值得去？
12176,avoid_rule,166,content,周末去成都那个热门玩水的地方，排队真的要排两个小时吗？几点开门去能避开人流？
12177,avoid_rule,166,content,那个水上乐园存包要多少钱啊？自己带换洗衣服的话，现场有地方换吗？
12178,avoid_rule,166,content,从春熙路怎么坐车去那个玩水的地方？地铁能到不，还是得打车？
12179,avoid_rule,166,content,带5岁小孩去玩水合适吗？有没有儿童区，还是说全是刺激项目？
12180,avoid_rule,166,content,那个地方到底好不好玩？平时工作日去的话，热门项目大概要排多久队？
12181,avoid_rule,164,content,大邑收租院那边几点开门哦？我想跟建川博物馆安排在同一天逛，时间上来得及不？
12182,avoid_rule,164,content,去收租院请个讲解要80块钱哇？这个钱花得值不值哦，不听讲解是不是真的就是干看房子？
12183,avoid_rule,164,content,收租院具体在哪个位置喃？从成都市区开车过去要好久？跟建川博物馆离得近不近，走路能到不？
12184,avoid_rule,164,content,带家里老人和小学娃儿去收租院合适不？会不会太沉重或者娃儿听不懂，大概要逛两个小时哇？
12185,avoid_rule,164,content,收租院和建川博物馆一天耍得完不？门票咋算的，讲解是只讲收租院还是连博物馆一起讲？
12186,avoid_rule,167,content,成都那个乐园是分陆地和水上两个园区吗？我想带娃去，是不是买陆地票就够了？
12187,avoid_rule,167,content,水上乐园一般夏天几月份才开啊？现在这个季节去能玩水不？
12188,avoid_rule,167,content,夜场票几点开始进园？便宜是便宜，但听说项目少，值不值得买？
12189,avoid_rule,167,content,从市中心坐地铁或者公交怎么去那个乐园？大概要多久？
12190,avoid_rule,167,content,陆地乐园适合多大的小孩玩？有没有身高限制或者比较温和的项目？
12191,avoid_rule,169,content,早上几点开门最合适？是不是要一开门就冲进去看熊猫？
12192,avoid_rule,169,content,月亮产房的门票多少钱一张？小孩要买票不？
12193,avoid_rule,169,content,请问月亮产房具体在成都哪个位置？坐地铁或者公交怎么过去方便？
12194,avoid_rule,169,content,带两岁半的小孩去月亮产房玩合适吗？里面推婴儿车方便不？
12195,avoid_rule,169,content,节假日去人会不会多到爆炸？听说要住附近才能抢到早上的位置，是真的吗？
12196,avoid_rule,168,content,都江堰和青城山一天玩得完吗？我看网上说分两天，是不是真的特别赶？
12197,avoid_rule,168,content,都江堰离堆公园早上几点开门？我想早点去避开人流，安澜索桥是不是也在里面？
12198,avoid_rule,168,content,从成都市区去都江堰和青城山，坐高铁方便还是景区直通车划算？大概多少钱一个人？
12199,avoid_rule,168,content,带5岁小孩去青城山，走前山还是后山更合适？后山自然风光好但会不会台阶太多不好走？
12200,avoid_rule,168,content,都江堰离堆公园进去以后，安澜索桥要不要另外买票？听说走上去很晃，好玩吗值得排队吗？
12201,avoid_rule,171,content,几点去人民公园最合适？听说晚上人特别多，早上是不是清静点？
12202,avoid_rule,171,content,里面掏耳朵具体多少钱一次？体验值不值？
12203,avoid_rule,171,content,人民公园里的茶馆和小吃摊价格贵不贵？有没有什么坑要避开？
12204,avoid_rule,171,content,带小孩去人民公园玩合适吗？里面除了喝茶还有啥可逛的？
12205,avoid_rule,171,content,去人民公园坐地铁几号线到哪个站？从哪个门进离鹤鸣茶社最近？
12206,avoid_rule,170,content,小龙坎一般几点去能少排队？听说要排3小时，是真的吗？
12207,avoid_rule,170,content,骡马市附近那种社区老店人均大概多少钱？两个人吃划算不？
12208,avoid_rule,170,content,从春熙路怎么去骡马市那边找这些老火锅店？坐地铁方便吗？
12209,avoid_rule,170,content,带5岁小孩去吃社区老店合适吗？有没有不辣的锅底或者儿童能吃的菜？
12210,avoid_rule,170,content,微辣到底有多辣？外地人第一次去成都，点鸳鸯锅会不会被本地人笑话？
12211,avoid_rule,173,content,双桥沟早上几点开门？观光车是随时都有还是要等很久？
12212,avoid_rule,173,content,去双桥沟玩一趟大概要花多少钱？门票加观光车分别多少钱？
12213,avoid_rule,173,content,双桥沟离成都市区远不远？自己坐车过去方便吗，还是要包车？
12214,avoid_rule,173,content,双桥沟里面好玩吗？全程坐观光车会不会很走马观花，值不值得去？
12215,avoid_rule,173,content,带五岁小孩去双桥沟合适吗？会不会高反很严重，需要提前准备什么？
12216,avoid_rule,172,content,黄龙景区早上几点开门？我想早点进去避开人流，大概几点到门口比较合适？
12217,avoid_rule,172,content,去黄龙和九寨沟玩一趟，门票加观光车大概要准备多少钱？两个人预算多少够？
12218,avoid_rule,172,content,从九寨沟怎么去黄龙最方便？有没有直达的班车或者拼车？大概要坐多久？
12219,avoid_rule,172,content,带6岁的小孩去黄龙合适吗？怕他高反，有没有什么要注意的？
12220,avoid_rule,172,content,黄龙到底好不好玩？跟九寨沟比会不会很累？我看攻略说海拔高，是不是走几步就要歇一下？
12221,avoid_rule,174,content,西岭雪山滑雪住哪里比较方便？是住山脚还是山顶好？
12222,avoid_rule,174,content,花水湾到滑雪场坐车要多久？早上几点开门，去晚了会不会排很久队？
12223,avoid_rule,174,content,带五岁小孩去滑雪，住花水湾泡温泉方便吗？山顶住宿太贵的话有没有别的选择？
12224,avoid_rule,174,content,如果不住山顶，想看日出是不是必须凌晨坐索道上去？索道一般几点停运，错过末班车咋办？
12225,avoid_rule,174,content,半山腰的酒店便宜些，但听说索道一停就下不来，是真的吗？住那儿到底划算不划算？
12226,avoid_rule,177,content,宽窄巷子附近的民宿晚上会不会很吵？大概几点以后才安静下来？
12227,avoid_rule,177,content,奎星楼街那边的住宿比宽窄巷子便宜多少？条件差很多吗？
12228,avoid_rule,177,content,从宽窄巷子怎么走到奎星楼街？步行要几分钟？
12229,avoid_rule,177,content,带小孩去成都住宽窄巷子周边方便吗？还是选奎星楼街更合适？
12230,avoid_rule,177,content,宽窄巷子那些网红民宿真的值400到800一晚吗？住过的评价怎么样？
12231,avoid_rule,178,content,天府广场附近住，赶早上7点的高铁来得及吗？地铁站几点能进？
12232,avoid_rule,178,content,那边酒店大概多少钱一晚？300到500能住到什么样的？
12233,avoid_rule,178,content,带小孩去天府广场玩，除了坐地铁，附近有啥适合遛娃的地方不？
12234,avoid_rule,178,content,早晚高峰电梯要等很久是真的吗？住低楼层会不会好一点？
12235,avoid_rule,178,content,天府广场到底有啥好逛的？值不值得专门去打卡一次？
12236,avoid_rule,175,content,从宽窄巷子出发去都江堰的旅游直通车最早几点发车？票价大概多少？
12237,avoid_rule,175,content,周末去青城山，自己开车和坐直通车哪个更划算？会不会堵在路上？
12238,avoid_rule,175,content,带5岁小孩去熊猫基地，坐地铁方便吗？还是打车更省事？
12239,avoid_rule,175,content,想一天玩完都江堰和青城山，跟直通车走时间够不够？会不会太赶？
12240,avoid_rule,175,content,周五晚上从市区去乐山大佛，自驾是不是特别堵？有没有推荐的替代交通？
12241,avoid_rule,176,content,春熙路太古里那边的酒店是不是普遍都比较贵，大概多少钱一晚上？
12242,avoid_rule,176,content,住春熙路附近晚上会不会很吵啊，临街的房间凌晨两点还能听到酒吧声音吗？
12243,avoid_rule,176,content,带小孩去成都玩，住春熙路太古里那边合适吗，还是应该避开这块？
12244,avoid_rule,176,content,春熙路太古里周围那些酒店，选内侧房是不是就能避开夜店的噪音？
12245,avoid_rule,176,content,如果不想住得太吵，在春熙路附近订酒店时怎么选房型或者位置比较好？
12246,avoid_rule,179,content,骡马市地铁站附近200到350元的准四星酒店，晚上真的安静吗？会不会吵到睡不着？
12247,avoid_rule,179,content,从骡马市坐地铁去春熙路要坐几站？大概几分钟能到？
12248,avoid_rule,179,content,带娃住骡马市那边的准四星，房间够大吗？附近有没有适合小孩玩的地方？
12249,avoid_rule,179,content,这家骡马市附近的酒店，去宽窄巷子或者锦里方便吗？打车还是坐地铁好？
12250,avoid_rule,179,content,预算300块住骡马市准四星，含早餐不？性价比跟春熙路那边的比咋样？
12251,avoid_rule,180,content,牛王庙2号线附近那家酒店，人均150到300是含早餐吗？几点能办理入住？
12252,avoid_rule,180,content,楼下那些苍蝇馆子一般几点开门营业？晚上去的话还开着吗？
12253,avoid_rule,180,content,从牛王庙地铁站哪个出口出来到这家酒店最近？步行大概要几分钟？
12254,avoid_rule,180,content,带家里老人小孩住这方便吗？听说老楼没电梯，我们带婴儿车会不会很恼火？
12255,avoid_rule,180,content,住这儿晚上会不会吵？楼下馆子人多的时候会不会有油烟味飘上来？
12256,avoid_rule,181,content,玉林路小酒馆附近那几家民宿，大概多少钱一晚？我看网上说300到500，是真的吗？
12257,avoid_rule,181,content,我想去玉林路小酒馆打卡，早上几点开门？还是说晚上才营业？
12258,avoid_rule,181,content,从春熙路坐地铁到玉林路小酒馆方便吗？具体应该坐到哪一站再走过去？
12259,avoid_rule,181,content,带爸妈去玉林路小酒馆那边逛，除了喝酒拍照，白天有什么适合中老年人的玩法吗？
12260,avoid_rule,181,content,玉林路小酒馆周边那些文艺民宿，洗澡水真的像评论里说的要放5分钟才热吗？冬天去会不会冷？
12261,avoid_rule,182,content,抚琴那边100多块的招待所，晚上几点能入住啊？会不会太吵？
12262,avoid_rule,182,content,抚琴片区那种一两百的招待所，空调真的能制冷吗？夏天去会不会热死？
12263,avoid_rule,182,content,从春熙路怎么坐车去抚琴找这种便宜的住处？大概要多久？
12264,avoid_rule,182,content,抚琴那些便宜招待所带小孩住合适不？卫生到底有多差，自带床单够用吗？
12265,avoid_rule,182,content,抚琴片区的烟火气具体指啥？晚上有啥好逛的，值不值得专门去住一晚体验下？
12266,avoid_rule,183,content,火车北站附近那些拉客的旅馆到底能不能住啊？听说又便宜但是很坑？
12267,avoid_rule,183,content,太升南路那边晚上治安到底咋样？带小孩过去安全不？
12268,avoid_rule,183,content,从火车北站到太升南路怎么走最方便？打车大概多少钱？
12269,avoid_rule,183,content,太升南路那些几十块一晚的房子靠谱吗？是不是都是隔断间，东西容易丢？
12270,avoid_rule,183,content,火车北站周边有没有正规点的住宿推荐？大概几点去办入住比较稳妥？
12271,avoid_rule,184,content,太升南路那边修手机一般几点开门啊？我想上午去换个屏幕，怕跑空。
12272,avoid_rule,184,content,在太升南路找个住的地方，一晚上大概多少钱？是不是真的像网上说的那么乱？
12273,avoid_rule,184,content,从春熙路怎么去太升南路？打车方便还是坐地铁几号线？
12274,avoid_rule,184,content,太升南路除了修手机，有没有啥好逛的或者吃小吃的地方？带娃去合适不？
12275,avoid_rule,184,content,网上说太升南路酒店又老又杂，房价再低也别订，是真的吗？还是说只是个别店？
12276,avoid_rule,185,content,成都的酒店几点能办理入住啊？我看网上有人说可以提前放行李，是真的吗？
12277,avoid_rule,185,content,同一家酒店在携程和飞猪上价格差50块，是不是有坑？怎么选才划算？
12278,avoid_rule,185,content,这家民宿评价里全是夸位置好的，但没一张实拍图，是不是刷的？靠谱吗？
12279,avoid_rule,185,content,带五岁娃去成都住春熙路附近方便吗？有没有亲子房推荐？
12280,avoid_rule,185,content,从机场怎么去宽窄巷子那边的酒店？打车大概多少钱，还是坐地铁快？
12281,avoid_rule,188,content,订春熙路附近的酒店，电话里问靠马路还是小区，一般选几层以上才不吵？
12282,avoid_rule,188,content,宽窄巷子旁边的民宿，那种双层玻璃的房子会不会贵很多？大概多少钱一晚？
12283,avoid_rule,188,content,带小孩去成都住春熙路，订房时选靠小区的会不会安静点，适合孩子休息？
12284,avoid_rule,188,content,从机场去春熙路那边住，电话订房时问“靠马路还是小区”，选5层以上真的有用吗？
12285,avoid_rule,188,content,想晚上逛完宽窄巷子回去睡觉，订房时选临街但高层的房间，双层玻璃隔音效果好不好？
12286,avoid_rule,189,content,成都那些老旅馆的空调是不是真的另外收钱啊？大概一晚要加多少？
12287,avoid_rule,189,content,老旅馆的空调费是入住的时候交还是退房算？如果遥控器是坏的能换吗？
12288,avoid_rule,189,content,这种老旅馆一般在成都哪个片区比较多？离宽窄巷子近不近？
12289,avoid_rule,189,content,带爸妈去住这种老旅馆合适不？夏天晚上不开空调会不会热得睡不着？
12290,avoid_rule,189,content,网上订老旅馆时怎么看‘费用说明’？是不是不写就默认免费开空调？
12291,avoid_rule,186,content,成都的酒店照片是不是都p得特别狠啊？我订之前想避雷，除了看评价还能咋办？
12292,avoid_rule,186,content,想问下，成都那些网红酒店的实际房间跟宣传图差别大吗？有没有啥办法能提前看到真实样子？
12293,avoid_rule,186,content,带爸妈去成都玩，订酒店最怕照骗，有啥靠谱的招儿能确认房间光线和窗户是不是真的？
12294,avoid_rule,186,content,成都酒店照片打光那么夸张，如果我现场不满意，能直接退房或者换吗？一般怎么处理？
12295,avoid_rule,186,content,周末去成都出差，想订个拍照好看的酒店，但又怕被滤镜坑，有没有啥快速鉴别的小技巧？
12296,avoid_rule,187,content,成都最近潮得遭不住，订酒店时特意勾了有窗房，结果到店给我个没窗户的，味道大得很，这种情况能直接喊退款不？
12297,avoid_rule,187,content,在成都住酒店，如果网上标的带窗房比不带窗的贵好多？我怕被坑，一般贵个几十块算正常？
12298,avoid_rule,187,content,我打算带娃去成都耍，订房时看到有些便宜房间没得窗子，这种房是不是特别闷，娃儿住起容易遭感冒或者不舒服？
12299,avoid_rule,187,content,春熙路附近那些老宾馆，说是有窗房，结果窗户打开是对着过道那种，算不算虚假宣传？能不能到了现场发现不对就现场退钱走人？
12300,avoid_rule,187,content,成都冬天那种阴冷天，住无窗房是不是墙上都起霉点？如果我已经住进去了，半夜闻到霉味，第二天早上退房能免扣费不？
12301,avoid_rule,190,content,酒店说房间有损坏要扣押金，可我明明没弄坏，这种情况该怎么维权啊？
12302,avoid_rule,190,content,退房时店家非要收现金押金，还硬说我有损，不给退钱，我该打哪个电话投诉？
12303,avoid_rule,190,content,如果提前拍视频证明房间没问题，但酒店还是扣我押金，这招管用吗？
12304,avoid_rule,190,content,在成都住这种小酒店，押金一般收多少？是必须现金吗，还是可以刷卡？
12305,avoid_rule,190,content,带小孩住这种小酒店，退房时会不会容易被挑刺扣钱？有没有避坑的办法？
12306,avoid_rule,191,content,从地图上看那个酒店离地铁站只有200米，走过去大概要几分钟啊？不会要绕一大圈吧？
12307,avoid_rule,191,content,标着距地铁200米，但带老人小孩拖着行李走，实际得花多久？有没有更省力的路线？
12308,avoid_rule,191,content,这个景点写着离地铁200米，但导航说要绕行，那打车过去大概多少钱？比走路划算吗？
12309,avoid_rule,191,content,网上说离地铁200米，实际走过去要10分钟，那玩完出来晚上走这段路安不安全？路上有路灯吗？
12310,avoid_rule,191,content,带5岁孩子去这个博物馆，写着距地铁200米，实际绕行那段路好走吗？有台阶或斜坡吗？推婴儿车方便不？
12311,avoid_rule,192,content,我凌晨两点到成都，订酒店是不是必须找24小时前台的那种？民宿会不会没人给我开门？
12312,avoid_rule,192,content,半夜落地成都，那种带24小时前台的酒店一般多少钱一晚？比普通民宿贵很多吗？
12313,avoid_rule,192,content,我坐红眼航班到成都，住酒店的话怎么确认前台半夜有人？打电话问还是看平台标注？
12314,avoid_rule,192,content,带小孩凌晨到成都，住民宿安全吗？是不是选有24小时前台的酒店更踏实？
12315,avoid_rule,192,content,成都凌晨入住，如果订了没前台的民宿，到了没人接待怎么办？有没有办法提前跟老板约好？
12316,avoid_rule,193,content,国庆节去成都住酒店，房价是不是真的会翻倍啊？大概贵多少？
12317,avoid_rule,193,content,我订了糖酒会期间的房间，如果临时有事想改行程，提前三天退房能免费吗？当天退是不是就扣全款了？
12318,avoid_rule,193,content,从春熙路打车到熊猫基地大概要多久，堵不堵？节假日人多不多，带小孩去方便吗？
12319,avoid_rule,193,content,成都周边有没有适合带爸妈去的冷门景点？国庆去人会不会少点，门票大概多少钱？
12320,avoid_rule,193,content,宽窄巷子早上几点开门？逛完再去锦里，一天时间够不够，带娃推婴儿车方便吗？
12321,avoid_rule,194,content,成都快捷酒店毛巾真的消毒不干净吗？我自带一次性压缩毛巾够用不？
12322,avoid_rule,194,content,住成都酒店，房间里的水杯有茶渍是不是说明没洗干净？要不要自己带杯子？
12323,avoid_rule,194,content,成都旅游住快捷酒店，一次性压缩毛巾在哪儿能买到？大概多少钱一包？
12324,avoid_rule,194,content,带小孩去成都住快捷酒店，房间水杯有茶渍，跟前台说换一个麻烦不？多久能送来？
12325,avoid_rule,194,content,成都快捷酒店查房时会不会检查水杯有没有茶渍？退房时会不会因为这个扣钱？
12326,avoid_rule,196,content,成都自然博物馆几点开门？工作日早场人多不多？
12327,avoid_rule,196,content,带小孩去成都自然博物馆门票多少钱？恐龙厅好玩吗？
12328,avoid_rule,196,content,成都自然博物馆在哪个位置？坐地铁怎么去方便？
12329,avoid_rule,196,content,成都自然博物馆周一闭馆吗？需要提前多久预约？
12330,avoid_rule,196,content,想带孩子去自然博物馆看恐龙，选什么时间去人少不排队？
12331,avoid_rule,195,content,成都酒店退房时，迷你吧没喝却被扣钱，这种情况怎么避免啊？
12332,avoid_rule,195,content,入住的时候让前台清点迷你吧并签字，一般要花多长时间？
12333,avoid_rule,195,content,如果退房时因为迷你吧扯皮，酒店通常会怎么处理，会不会多收钱？
12334,avoid_rule,195,content,带小孩入住，迷你吧里的东西小孩不小心拆了但没喝，退房时会被算账吗？
12335,avoid_rule,195,content,成都这边酒店退房查迷你吧严不严？有没有什么办法提前确认清楚，免得最后说不清？
12336,avoid_rule,197,content,四川科技馆几点开门？听说要提前三天抢票，是凌晨十二点准时放票吗？
12337,avoid_rule,197,content,科技馆门票多少钱一张？现场能买吗，还是必须网上抢？
12338,avoid_rule,197,content,带5岁娃去科技馆合适吗？一楼航天区人多不多，大概要排多久？
12339,avoid_rule,197,content,从春熙路坐地铁去四川科技馆怎么走？哪个站下最近？
12340,avoid_rule,197,content,科技馆里好玩吗？除了航天区，还有哪些适合大孩子玩的项目？
12341,avoid_rule,198,content,海昌极地海洋公园几点开门？上午10点到来得及看鲸豚表演不？
12342,avoid_rule,198,content,门票多少钱一张？小孩有没有优惠？
12343,avoid_rule,198,content,从春熙路坐地铁怎么去海昌极地海洋公园？大概要多久？
12344,avoid_rule,198,content,带5岁娃去玩合适吗？里面企鹅馆是不是特别冷，要带外套不？
12345,avoid_rule,198,content,海昌极地海洋公园好玩吗？值不值得专门跑一趟？
12346,avoid_rule,199,content,欢乐谷儿童区周末几点开门？人多不多，要不要赶早去？
12347,avoid_rule,199,content,带1米1的小孩去欢乐谷，儿童区单独收费吗？门票大概多少钱？
12348,avoid_rule,199,content,从春熙路坐地铁到欢乐谷怎么走？下车后还要走多远？
12349,avoid_rule,199,content,欢乐谷那个儿童区的旋转木马和迷你过山车好玩吗？适合几岁的小朋友？
12350,avoid_rule,199,content,带三岁娃去欢乐谷玩水项目，是不是一定要自带防水围兜和替换衣？现场有卖吗？
12351,avoid_rule,200,content,宽窄巷子带娃去方便吗？推婴儿车会不会很恼火？
12352,avoid_rule,200,content,从春熙路打车到宽窄巷子大概要多少钱？大概多久能到？
12353,avoid_rule,200,content,宽窄巷子早上几点开门？晚上逛到几点比较合适？
12354,avoid_rule,200,content,除了逛巷子，宽窄巷子有啥适合小孩玩的地方吗？还是直接去人民公园更安逸？
12355,avoid_rule,200,content,宽窄巷子和人民公园哪个更适合带小娃娃？石板路是不是真的很难推车？
12356,avoid_rule,201,content,锦里几点开门？带娃推车进去方便吗？
12357,avoid_rule,201,content,锦里和武侯祠西侧园林哪个更适合带小孩玩？门票各是多少？
12358,avoid_rule,201,content,从武侯祠正门怎么走到西侧那个有锦鲤的园林？大概要走多久？
12359,avoid_rule,201,content,锦里人太多的话，武侯祠西侧园林具体在哪块？有树荫能看鱼对吧？
12360,avoid_rule,201,content,武侯祠西侧那个园林好玩吗？孩子能玩多久，要不要另外买票？
12361,avoid_rule,203,content,柴门饭儿几点开门？我们想带娃去，是不是得提前去排队？
12362,avoid_rule,203,content,这家餐厅有儿童座椅吗？带两岁小孩去方便不？
12363,avoid_rule,203,content,柴门饭儿在哪个位置？坐地铁或者打车怎么走？
12364,avoid_rule,203,content,带小孩去柴门饭儿吃饭，人均大概多少钱？值不值？
12365,avoid_rule,203,content,柴门饭儿除了儿童座椅，有没有包间适合家庭聚餐？去那儿吃好玩吗？
12366,avoid_rule,204,content,带娃去成都，中午必须回酒店午睡吗？下午几点出门逛博物馆比较合适？
12367,avoid_rule,204,content,成都那些博物馆和商场下午开门到几点？午睡醒了过去来得及吗？
12368,avoid_rule,204,content,在成都带小孩玩，中午回酒店休息的话，打车或者地铁过去方便吗？大概要花多少钱？
12369,avoid_rule,204,content,成都的博物馆和商场下午去好玩吗？有没有适合小孩的互动项目，能玩到几点？
12370,avoid_rule,204,content,带三岁小孩去成都，中午不午睡硬逛景点行不行？还是说必须按这个12-14点回酒店的节奏来安排？
12371,avoid_rule,202,content,带两岁娃去成都吃川菜馆，点蒸蛋和白灼虾是不是就够清淡了？要不要再跟服务员强调一下免辣？
12372,avoid_rule,202,content,成都那些火锅店的儿童套餐大概多少钱一份？分量够不够一个五六岁的小孩吃？
12373,avoid_rule,202,content,我打算带孩子去春熙路附近找家川菜馆，像能点番茄丸子汤这种不辣菜的店，一般几点开门营业啊？中午去要不要排队？
12374,avoid_rule,202,content,带着辅食剪去成都的餐馆用会不会被服务员说？还是说本地人也都自带这个剪面条和肉？
12375,avoid_rule,202,content,我们一家三口想体验地道川菜但又怕辣到孩子，去那种老字号川菜馆点免辣的蒸蛋和白灼虾，孩子能吃饱吗？环境适合带小孩坐得住吗？
12376,avoid_rule,206,content,带娃去成都玩，怕人多走丢，给孩子穿亮黄色外套管用吗？
12377,avoid_rule,206,content,熊猫基地几点开门？带小孩去的话，穿荧光绿衣服是不是更容易被找到？
12378,avoid_rule,206,content,去宽窄巷子这种人多的地方，给孩子穿亮色衣服拍照记衣服，具体咋操作啊？
12379,avoid_rule,206,content,成都哪个景点适合带小孩玩，但又怕挤丢？穿亮黄外套能有多大帮助？
12380,avoid_rule,206,content,带孩子去春熙路逛街，人多怕走散，除了穿亮色衣服，还有啥办法？
12381,avoid_rule,207,content,带娃去成都玩，锦里和宽窄巷子那边是不是信号特别差？儿童电话手表定位会不会不准啊？
12382,avoid_rule,207,content,请问锦里和宽窄巷子几点开门？早上带小孩去是不是人少点，信号能好一些？
12383,avoid_rule,207,content,去锦里和宽窄巷子玩，给小孩戴电话手表有必要吗？还是说直接手拉着就行？
12384,avoid_rule,207,content,从地铁站到宽窄巷子大概要走多久？那边人多路窄，带5岁小孩方便吗？
12385,avoid_rule,207,content,锦里和宽窄巷子适合几岁的小孩去玩？怕走丢的话，除了电话手表还有什么防丢办法？
12386,avoid_rule,205,content,上午逛熊猫基地，下午去人民公园喝茶，中间找个商场休息，娃儿走不动咋办？车程超40分钟有没得近点的替代方案？
12387,avoid_rule,205,content,带5岁娃去成都，上午大景点下午小景点，中间必须歇脚，有没有推荐的茶馆或商场，人均消费大概好多钱？
12388,avoid_rule,205,content,杜甫草堂和武侯祠哪个更适合上午带娃去？下午想就近找个室内小景点，坐地铁或打车咋个走最方便？
12389,avoid_rule,205,content,金沙遗址博物馆上午去人多不多？带3岁娃逛两个小时够不够？中午想找个能吃饭又能让娃耍的商场，离那儿近的有没得？
12390,avoid_rule,205,content,青城山上午去太累，下午想去都江堰景区周边的小景点，门票贵不贵？中间坐观光车还是打车，娃会不会闹？
12391,avoid_rule,209,content,成都冬天去玩，穿啥衣服合适？我看有人说要穿三层，具体是啥？
12392,avoid_rule,209,content,12月去成都，室内暖和吗？穿厚羽绒服会不会热得没法脱？
12393,avoid_rule,209,content,成都冬天带小孩去，穿三层够不够？帽子围巾是必须的吗？
12394,avoid_rule,209,content,我怕冷，冬天去成都除了穿三层，还需要带暖宝宝或者雪地靴吗？
12395,avoid_rule,209,content,成都冬天室内空调都开得足吗？穿抓绒+羽绒会不会太厚，脱了又冷？
12396,avoid_rule,208,content,成都7-8月白天热不热？带娃去户外景点玩，有没有啥避暑的招儿？
12397,avoid_rule,208,content,去成都玩几天，那种小风扇和冰袖是必须带的吗？景区里面买贵不贵？
12398,avoid_rule,208,content,成都夏天下午两三点是不是最晒？一般几点出门逛比较合适，能避开高温？
12399,avoid_rule,208,content,带老人小孩去都江堰或者熊猫基地，是不是得一直找室内歇脚的地方？门票大概多少钱？
12400,avoid_rule,208,content,我打算坐地铁去宽窄巷子，那边人多不多？夏天去好玩吗，还是晚上去更好？
12401,avoid_rule,210,content,春熙路那边坐地铁2号线是不是直达？带婴儿车方便吗？
12402,avoid_rule,210,content,春熙路附近景点几点开门？早上几点去人少不堵？
12403,avoid_rule,210,content,从市区去春熙路打车大概多少钱？还是坐地铁更划算？
12404,avoid_rule,210,content,带两岁小孩去春熙路逛，推婴儿车走无障碍电梯方便吗？有没有适合娃玩的地方？
12405,avoid_rule,210,content,春熙路好玩吗？周末去会不会挤爆？听说打车容易堵，是不是坐地铁更好？
12406,avoid_rule,211,content,去看花花大概几点到门口比较合适？听说去晚了要排好久队，是真的吗？
12407,avoid_rule,211,content,大熊猫基地门票多少钱一张？小孩和老人有优惠不？
12408,avoid_rule,211,content,从市区怎么去熊猫基地最方便？打车大概多久？
12409,avoid_rule,211,content,带三岁小孩去看花花好玩吗？里面推车方便不，还是得全程抱着？
12410,avoid_rule,211,content,走哪个门进人少一点？西大门那边进去会不会绕路？
12411,avoid_rule,212,content,成都的商场和博物馆都有母婴室吗？景区是不是基本没有？
12412,avoid_rule,212,content,带一岁半的娃逛成都，哪些地方换尿布方便？有没有母婴室地图可以提前查？
12413,avoid_rule,212,content,请问成都景区里给娃换尿布是不是很麻烦？包里必须带折叠尿垫和湿巾才行吗？
12414,avoid_rule,212,content,成都的母婴室分布咋样？商场和博物馆一定有，景区很少，这个说法靠谱不？
12415,avoid_rule,212,content,去成都旅游带小宝宝，除了查母婴室地图，还得自备哪些东西才不抓瞎？
12416,avoid_rule,214,content,成都最近老是下雨，带娃出门玩是不是特麻烦？有没有啥室内地方推荐，比如科技馆？
12417,avoid_rule,214,content,去成都科技馆坐地铁方便吗，具体在哪个站下？
12418,avoid_rule,214,content,科技馆门票多少钱一张，需要提前在网上买不？
12419,avoid_rule,214,content,下雨天带小孩去科技馆合适不，里面大概能玩几个小时？
12420,avoid_rule,214,content,成都这几天雨大不大？如果去科技馆，是打伞还是穿雨衣更省事？
12421,avoid_rule,215,content,我们带娃去成都，一天安排两个景点会不会太赶？想参考下你说的那种上下午各一个的节奏。
12422,avoid_rule,215,content,熊猫基地早上几点开门？我们想赶第一波进去，下午再去三星堆，中间来得及吃午饭吗？
12423,avoid_rule,215,content,从春熙路打车去都江堰大概多少钱？带5岁小孩坐公共交通方便还是直接打车省事？
12424,avoid_rule,215,content,宽窄巷子和锦里哪个更适合下午带娃慢慢逛？有没有那种走累了能坐下休息的茶馆？
12425,avoid_rule,215,content,武侯祠门票多少钱一张？里面台阶多不多，推婴儿车方便吗？孩子走不动的话会不会很累？
12426,avoid_rule,213,content,带娃去成都熊猫基地，包里要备点啥零食不？我看攻略说山楂棒、小饼干这些可以，是真的吗？
12427,avoid_rule,213,content,去都江堰玩，带三岁娃去合适不？听说要备点果泥防哭闹，那景区里东西贵不贵，大概多少钱能搞定一顿？
12428,avoid_rule,213,content,从春熙路打车去杜甫草堂大概多久？路上娃闹的话，我兜里揣点小饼干行不行，还是说景区门口有卖的？
12429,avoid_rule,213,content,宽窄巷子早上几点开门？我想趁人少带娃去，包里塞点山楂棒当应急，但怕安检不让带吃的进去，有这说法吗？
12430,avoid_rule,213,content,青城山前山带娃爬累不累？要是娃走不动了，我拿果泥哄着管用吗，还是说干脆坐索道，索道票价多少钱一个人？
12431,avoid_rule,218,content,蜀锦织绣博物馆几点开门？去之前需要预约吗？
12432,avoid_rule,218,content,我想买真蜀绣送人，大概多少钱能买到正品？路边摊那种是不是都是假的？
12433,avoid_rule,218,content,从春熙路怎么去蜀锦织绣博物馆方便？坐地铁能到吗？
12434,avoid_rule,218,content,带小孩去蜀锦织绣博物馆好玩吗？里面有没有可以动手体验的互动项目？
12435,avoid_rule,218,content,蜀锦织绣博物馆适合老人参观吗？会不会太累，逛一圈大概要多久？
12436,avoid_rule,216,content,张飞牛肉和灯影牛肉大概多少钱一斤啊？街边那种散装的能买吗？
12437,avoid_rule,216,content,去宽窄巷子买牛肉的话，那些老字号店几点开门？早上过去会不会扑空？
12438,avoid_rule,216,content,带小孩去逛锦里，想顺便买点牛肉当伴手礼，散装的和包装的哪种更适合孩子吃？
12439,avoid_rule,216,content,我想买正宗牛肉干，怎么辨别真假？是不是一定要找张飞、灯影这种老字号才靠谱？
12440,avoid_rule,216,content,从春熙路怎么去卖张飞牛肉的店？坐地铁方便吗，大概要多久能到？
12441,avoid_rule,217,content,成都买火锅底料，超市和景区店哪个更靠谱？我怕买到那种三无的透明袋装料。
12442,avoid_rule,217,content,请问成都买火锅底料大概多少钱一袋？超市里那种海底捞、桥头的会不会比景区贵很多？
12443,avoid_rule,217,content,成都哪家超市能买到正规的火锅底料？最好离宽窄巷子近一点，怎么坐车过去？
12444,avoid_rule,217,content,想给家里带点成都特产，那种散装的透明袋火锅料能买吗？还是说必须认准牌子？带小孩一起去买，超市会不会比景区方便？
12445,avoid_rule,217,content,成都景区里卖的火锅底料是不是都是坑？我看网上说别买三无的，那景区里有没有正规牌子的店，好玩吗？值得专门去逛吗？
12446,avoid_rule,219,content,宽窄巷子和锦里那边穿古装拍照大概多少钱一套啊？会不会拍完才加钱？
12447,avoid_rule,219,content,带小孩去锦里玩，想跟铜人合影，怎么避免被坑？要先问清楚啥？
12448,avoid_rule,219,content,宽窄巷子几点开门？早上几点去人少适合拍照？
12449,avoid_rule,219,content,从春熙路坐地铁去宽窄巷子怎么走？出站后还要走多远？
12450,avoid_rule,219,content,锦里和宽窄巷子哪个更适合带老人小孩逛？穿古装拍照值不值？
12451,avoid_rule,220,content,成都的富侨按摩店一般几点开门啊？想晚上去，怕去太晚了没位置。
12452,avoid_rule,220,content,去那种正规的富侨足疗，按一次脚大概多少钱？会不会有额外收费？
12453,avoid_rule,220,content,我住在春熙路，附近有没有靠谱的富侨分店？怎么坐地铁过去方便？
12454,avoid_rule,220,content,带爸妈去成都旅游，想体验一下足疗，富侨这种店适合带老人进去吗？环境吵不吵？
12455,avoid_rule,220,content,网上有人说路边拉客的保健店不能进，那在成都怎么一眼认出正规的足浴店？有没有什么标志或者评价可以看？
12456,avoid_rule,221,content,成都那些网红火锅店几点开门啊？去晚了是不是要排很久？
12457,avoid_rule,221,content,在成都吃顿饭大概人均多少钱？有没有那种便宜又好吃的苍蝇馆子推荐？
12458,avoid_rule,221,content,宽窄巷子和锦里哪个更好玩？第一次去成都选哪个？
12459,avoid_rule,221,content,带小孩去成都大熊猫基地方便吗？里面推婴儿车好走不？
12460,avoid_rule,221,content,从春熙路怎么去都江堰？坐地铁还是大巴方便？
12461,avoid_rule,222,content,锦里和宽窄巷子一般几点开门？晚上去会不会更热闹？
12462,avoid_rule,222,content,在锦里或宽窄巷子吃一顿饭大概人均多少钱？有没有什么坑要避开？
12463,avoid_rule,222,content,带5岁小孩去宽窄巷子玩方便吗？有没有适合孩子吃的清淡小吃？
12464,avoid_rule,222,content,锦里和宽窄巷子哪个更好玩？如果只有半天时间先去哪个？
12465,avoid_rule,222,content,从春熙路坐地铁去宽窄巷子怎么走？出站后要步行多久？
12466,avoid_rule,223,content,在成都打网约车，司机非要加钱走什么快速通道，我该怎么办？
12467,avoid_rule,223,content,从春熙路打车去熊猫基地大概要多少钱啊？怕被绕路。
12468,avoid_rule,223,content,成都滴滴上车后怎么核对车牌和路线最保险？有没有什么要注意的？
12469,avoid_rule,223,content,带着老人小孩在成都坐网约车，遇到司机要求加价能直接投诉吗？
12470,avoid_rule,223,content,晚上十一点在成都机场叫车，司机要额外收夜间费合理吗？
12471,avoid_rule,224,content,川剧变脸演出一般几点开始？需要提前多久到场？
12472,avoid_rule,224,content,想看变脸或者演唱会，门票大概多少钱一张？在哪儿买最靠谱？
12473,avoid_rule,224,content,宽窄巷子附近看变脸的地方怎么走？坐地铁到哪一站下？
12474,avoid_rule,224,content,带6岁小孩去看川剧变脸合适吗？孩子会不会觉得无聊或者害怕？
12475,avoid_rule,224,content,听说黄牛票不靠谱，那临时想买当天的演出票，除了大麦和猫眼还有啥官方渠道能碰碰运气？
12476,avoid_rule,225,content,在成都买特产工艺品，商家不给开发票只有收据，这样靠谱吗？
12477,avoid_rule,225,content,去成都旅游买纪念品，一般几点开门营业啊，太早去会不会扑空？
12478,avoid_rule,225,content,成都景区里那些特产店，价格会不会比外面贵很多，大概要多少钱？
12479,avoid_rule,225,content,在成都买蜀绣、银器这些，带小孩一起去逛合适吗，孩子会不会觉得无聊？
12480,avoid_rule,225,content,如果买的特产回去发现是坏的，人在外地怎么投诉？打12315管用吗，要准备啥凭证？
12481,avoid_rule,226,content,坐成都地铁用天府通App扫码，是不是余额不足就进不了站？
12482,avoid_rule,226,content,天府通App扫码乘车进出站都要扫吗？
12483,avoid_rule,226,content,在天府通上充钱方便不？可以随时在线充吗？
12484,avoid_rule,226,content,用天府通坐地铁，要是卡里没钱了能先欠着出来再充吗？
12485,avoid_rule,226,content,带孩子坐成都地铁，用天府通App扫码是不是每个人都要单独扫一次？
12486,avoid_rule,228,content,在成都坐公交和地铁，用天府通卡是不是都能打九折？
12487,avoid_rule,228,content,天府通卡除了坐地铁公交，换乘的话是不是两小时内免费？
12488,avoid_rule,228,content,去成都玩，买天府通实体卡还是直接手机NFC更方便？
12489,avoid_rule,228,content,带小孩坐成都的公交地铁，用天府通卡划算吗？
12490,avoid_rule,228,content,天府通卡在哪些公交线路上能享受两小时免费换乘？
12491,avoid_rule,227,content,熊猫基地早上几点开门？坐3号线到熊猫大道站下，出站还要走多远？
12492,avoid_rule,227,content,去宽窄巷子坐4号线到哪个站下？巷子里逛一圈大概要花多少钱？
12493,avoid_rule,227,content,带5岁小孩去文殊院合适吗？坐1号线过去，附近有没有能歇脚喝茶的地方？
12494,avoid_rule,227,content,人民公园坐2号线到哪个站？里面那个鹤鸣茶社几点开始营业，喝茶贵不贵？
12495,avoid_rule,227,content,春熙路和宽窄巷子哪个更好玩？坐2号线和4号线分别到，一天能都逛完吗？
12496,avoid_rule,229,content,从宽窄巷子去熊猫基地的直通车最早几点发车？
12497,avoid_rule,229,content,武侯祠到熊猫基地坐这个直通车要多少钱一个人？
12498,avoid_rule,229,content,熊猫基地直通车大概多久一班？会不会等很久？
12499,avoid_rule,229,content,带5岁小孩去熊猫基地，坐这个直通车方便吗？
12500,avoid_rule,229,content,这个直通车末班车是几点返程？我怕玩太晚赶不上回来。
12501,avoid_rule,231,content,从成都东站坐高铁去乐山大概要多久啊？
12502,avoid_rule,231,content,去峨眉山的高铁票多少钱一张？
12503,avoid_rule,231,content,成都东站去乐山是在哪个口进站坐车？
12504,avoid_rule,231,content,带爸妈去峨眉山坐高铁方便吗？
12505,avoid_rule,231,content,节假日去乐山的高铁票好抢吗？需要提前几天买？
12506,avoid_rule,232,content,从双流机场到春熙路坐地铁大概要多久啊？
12507,avoid_rule,232,content,天府机场那个18号线是直达市区的吗，大概多少钱一张票？
12508,avoid_rule,232,content,我订的机票写的是T2航站楼，从双流机场下飞机后怎么去地铁10号线呀？
12509,avoid_rule,232,content,带老人小孩去成都玩，降落天府机场会不会太折腾，值不值得为了近一点选双流？
12510,avoid_rule,232,content,听说天府机场特别远，早上8点的航班几点从市区出发坐地铁才来得及？
12511,avoid_rule,230,content,从犀浦到都江堰坐那个C字头的城际列车大概要多久啊？
12512,avoid_rule,230,content,犀浦站到都江堰的城际火车票价是多少，能刷天府通直接上车吗？
12513,avoid_rule,230,content,去都江堰玩，在犀浦站坐车方便吗，是不是不用提前买票？
12514,avoid_rule,230,content,带老人小孩去都江堰，坐这个C字头列车合适吗，班次多不多？
12515,avoid_rule,230,content,犀浦站到都江堰的城际列车最早几点开，当天来回来得及吗？
12516,avoid_rule,233,content,地铁停运后，除了打车还有啥办法回酒店啊？夜班公交大概多久一班？
12517,avoid_rule,233,content,晚上11点过后从春熙路回宽窄巷子，坐夜1路要等很久吗？在哪站上车？
12518,avoid_rule,233,content,夜间的公交到凌晨几点结束？票价是跟白天一样刷天府通吗？
12519,avoid_rule,233,content,带着小孩玩到深夜，坐那种夜间公交安全吗？车上人多不多？
12520,avoid_rule,233,content,我看攻略说地铁停了可以坐夜路公交，但实时到站怎么查？准不准啊？
12521,avoid_rule,234,content,天府广场附近骑共享单车，停到春熙路那边会不会收调度费啊？
12522,avoid_rule,234,content,我想从春熙路骑车去天府广场，大概要骑多久？路上好停不？
12523,avoid_rule,234,content,带小孩在市中心逛，骑共享单车方便吗？怕骑到禁停区被多扣钱。
12524,avoid_rule,234,content,晚上去天府广场玩，共享单车还能随便停吗？听说超出运营区要收额外费用？
12525,avoid_rule,234,content,骑共享单车到春熙路核心商圈，哪里能还车不扣调度费？有没有便宜点的停车点？
12526,avoid_rule,235,content,我周四早上8点开车去春熙路，外地牌照会不会被拍啊？
12527,avoid_rule,235,content,周末去熊猫基地的话，限行规定是不是就不管了？
12528,avoid_rule,235,content,我周五下午5点从机场打车去市区，走绕城高速会被限行拦下来吗？
12529,avoid_rule,235,content,带着老人小孩想避开限行，是不是只能坐地铁去武侯祠最稳当？
12530,avoid_rule,235,content,外地车周二想自驾去都江堰，但看导航要上绕城，这个时间段能走吗？
12531,avoid_rule,236,content,请问早上几点去熊猫基地人最少？大概几点开门？
12532,avoid_rule,236,content,现在看熊猫门票多少钱一张？网上买便宜些吗？
12533,avoid_rule,236,content,从春熙路怎么坐车过去方便？要坐几号线？
12534,avoid_rule,236,content,下午去排队要排两个小时，那到底几点去能避开人流？
12535,avoid_rule,236,content,带两岁的小孩去方便吗？园区里推婴儿车好走不？
12536,avoid_rule,237,content,我想拍大慈寺和那个LED屏同框，大概几点去最合适啊？
12537,avoid_rule,237,content,去大慈寺那边拍照要门票不？大概多少钱一个人？
12538,avoid_rule,237,content,大慈寺具体在成都哪个位置？坐地铁怎么过去方便？
12539,avoid_rule,237,content,晚上去大慈寺看LED屏有啥讲究吗？是不是要等天黑了再去？
12540,avoid_rule,237,content,带家里老人和小孩去大慈寺那边逛，晚上拍那个屏幕会不会太挤或太吵？
12541,avoid_rule,238,content,都江堰鱼嘴分水堤几点开门？我想赶在日出前到，来得及不？
12542,avoid_rule,238,content,去鱼嘴分水堤看日出要门票吗？大概多少钱一个人？
12543,avoid_rule,238,content,请问鱼嘴分水堤具体在都江堰景区哪个位置？从大门走过去要多久？
12544,avoid_rule,238,content,枯水期去鱼嘴分水堤是不是没啥看头？几月份去水最大、最壮观？
12545,avoid_rule,238,content,带6岁小孩去鱼嘴分水堤看日出方便吗？路好走不？有没有危险？
12546,avoid_rule,239,content,上清宫早上几点开门？我想赶在6点前到看云海，来得及不？
12547,avoid_rule,239,content,去上清宫看云海要门票不？大概多少钱一个人？
12548,avoid_rule,239,content,从成都市区怎么去上清宫最方便？有直达的班车或者地铁吗？
12549,avoid_rule,239,content,上清宫好玩吗？除了看云海，里面还有啥值得逛的？
12550,avoid_rule,239,content,带8岁小孩去上清宫看云海合适不？山路会不会太难走？
12551,avoid_rule,241,content,晚上去猛追湾那边拍电视塔，大概几点去比较合适啊？
12552,avoid_rule,241,content,去猛追湾河对岸看电视塔要门票不，还是免费随便逛？
12553,avoid_rule,241,content,从春熙路怎么坐车到猛追湾河对岸那个拍电视塔的位置？
12554,avoid_rule,241,content,带小孩去猛追湾看夜景拍电视塔好玩吗，有没有啥要注意的？
12555,avoid_rule,241,content,听说晚上电视塔会变光污染，用手机拍的话怎么避免过曝啊？
12556,avoid_rule,240,content,请问去九眼桥拍那个廊桥倒影，用手机行不行？还是必须带那种长焦镜头啊？
12557,avoid_rule,240,content,九眼桥那边几点过去光线最好？晚上亮灯了再去拍倒影效果咋样？
12558,avoid_rule,240,content,从春熙路坐地铁到九眼桥怎么走？出站后要走多久才能到东侧那个人行道？
12559,avoid_rule,240,content,带小孩去九眼桥看夜景方便吗？那边人多不多，有没有地方让娃儿跑一跑？
12560,avoid_rule,240,content,九眼桥拍廊桥和倒影那个机位要收费不？是不是就在路边随便拍，不用进景区？
12561,avoid_rule,242,content,去成都周边拍雪山，听说要选西北风后的晴天，能见度15公里以上才行，那一般几点开门上山比较合适？
12562,avoid_rule,242,content,这个地方门票多少钱一张？学生或者老人有优惠吗？
12563,avoid_rule,242,content,从成都市区怎么过去方便？是坐大巴还是包车，大概要开多久？
12564,avoid_rule,242,content,山顶风真的很大吗？我这种业余摄影爱好者，只带普通三脚架行不行，还是非得买重的？
12565,avoid_rule,242,content,带6岁小孩去玩合适吗？会不会太累或者有危险，有没有轻松点的玩法？
12566,avoid_rule,243,content,金顶日出一般早上几点能看到啊？如果天气不好等不到日出，还有啥好玩的？
12567,avoid_rule,243,content,去峨眉山金顶看日出，门票加索道大概多少钱一个人？
12568,avoid_rule,243,content,我想问下，从山脚到金顶怎么走最方便？是坐观光车还是直接缆车上去？
12569,avoid_rule,243,content,带小孩去金顶看日出合适吗？怕孩子太小爬不动，有没有省力的路线？
12570,avoid_rule,243,content,听说金顶经常多云，如果看不到日出，拍云海和佛光大概在哪个位置比较好？
12571,avoid_rule,245,content,青城山景区几点开门？我想早点去人少一点。
12572,avoid_rule,245,content,去青城山玩一趟大概要花多少钱？门票和索道是分开算的吗？
12573,avoid_rule,245,content,从成都市区怎么去青城山最方便？坐地铁还是大巴？
12574,avoid_rule,245,content,青城山主要是看什么呀？爬山累不累，半天能逛完吗？
12575,avoid_rule,245,content,带5岁小孩去青城山合适吗？会不会太陡不好走？
12576,avoid_rule,244,content,我想在成都市中心用无人机拍个视频，是不是必须提前去报备？报备要花多少钱啊？
12577,avoid_rule,244,content,带小孩去宽窄巷子玩，能不能在那边飞那种小型的玩具无人机？会被没收罚款吗？
12578,avoid_rule,244,content,如果我想去青城山航拍，需要提前多久到景区管理处申请？周末去办手续来得及吗？
12579,avoid_rule,244,content,双流机场净空区具体是哪些地方？我住春熙路附近，早上六点想飞无人机拍日出，这个时间点有没有人管？
12580,avoid_rule,244,content,成都市区有没有那种不用报备就能随便飞无人机的地方？打车过去远不远，门票贵不贵？
12581,avoid_rule,247,content,晚上在太古里拍夜景，相机参数怎么调才好看？我听说ISO不能开太高，是真的吗？
12582,avoid_rule,247,content,太古里和锦里晚上几点亮灯啊？想趁着人少去拍那种灯光大片，大概几点去合适？
12583,avoid_rule,247,content,去锦里拍夜景要门票不？如果只是随便逛逛拍拍照，大概要花多少钱？
12584,avoid_rule,247,content,太古里和锦里离得远不远？我打算一个晚上两个地方都逛，坐地铁方便还是打车方便？
12585,avoid_rule,247,content,带家里老人和小孩去太古里看夜景，除了拍照还有啥好玩的？会不会走很多路，孩子能坚持住吗？
12586,avoid_rule,249,content,锦里一般几点开门关门呢？早上几点去人少一点？
12587,avoid_rule,249,content,去锦里逛一圈大概要花多少钱？门票免费吗，里面吃东西贵不贵？
12588,avoid_rule,249,content,从春熙路怎么坐地铁或公交去锦里？打车大概多少钱？
12589,avoid_rule,249,content,锦里晚上去好玩还是白天去好玩？灯笼亮起来大概几点？
12590,avoid_rule,249,content,带5岁小孩去锦里合适吗？里面推婴儿车方便不？
12591,avoid_rule,250,content,熊猫基地几点开门？早上几点去人少不用排队？
12592,avoid_rule,250,content,去熊猫基地的室内馆看熊猫，门票多少钱一张？小孩要买票不？
12593,avoid_rule,250,content,熊猫基地的室内馆具体在哪个位置？从南大门进去怎么走最近？
12594,avoid_rule,250,content,我想拍玻璃后面的熊猫，但总是反光拍不清，有没有什么手机拍照技巧？
12595,avoid_rule,250,content,带3岁小孩去熊猫基地室内馆合适吗？推婴儿车方便不？
12596,avoid_rule,248,content,周末去宽窄巷子拍照，听说用1/15秒快门能把人流拍虚，具体机位是不是在窄巷子的砖墙旁边？要避开灯笼的直射光吗？
12597,avoid_rule,248,content,请问宽窄巷子几点开门关门？我想周末早上人少一点去拍那种背景模糊、人清楚的照片，会不会太早没光线？
12598,avoid_rule,248,content,在窄巷子拍那种人流拉丝效果，需要额外花钱找摄影师或者占机位吗？还是自己随便找个砖墙就能拍？
12599,avoid_rule,248,content,我带着爸妈和小孩去，周末人多，就想拍个背景虚化的合影，用1/15秒慢门小孩能保持不动吗？会不会拍糊了？
12600,avoid_rule,248,content,宽窄巷子周末去交通方便吗？坐地铁到哪个站下最近？另外进去拍照免费还是要门票？想按你说的那个机位拍，不买灯笼那边的商业区能拍到吗？
12601,avoid_rule,246,content,在成都拍九眼桥或者天府广场，用手机直接拍是不是特别容易糊？我看有人说地铁开过时震动很大，得把手机放路边石墩上才稳，是真的吗？
12602,avoid_rule,246,content,去天府广场和九眼桥拍照，除了用延时和加重物，还有没有更省事的办法？比如带个轻便三脚架行不行，大概得花多少钱才能买个够用的？
12603,avoid_rule,246,content,带着小孩去九眼桥和天府广场玩，顺便想拍点夜景，这两个地方几点开灯、几点关灯？小孩晚上去安全吗，有没有适合孩子坐着等的地方？
12604,avoid_rule,246,content,从春熙路坐地铁去九眼桥拍夜景，具体在哪个站下离桥最近？出站后往哪边走才能找到那种路边的石墩，不会挡到行人？
12605,avoid_rule,246,content,九眼桥和天府广场哪个更适合新手拍夜景？如果不想带重东西，光靠手机靠在栏杆上拍，效果能接受吗，还是说必须得用脚架加延时才行？
